"Код поста","Дата","Значение","Условный знак"
"14002","2001-01-01","58","*"
"14002","2001-01-02","58","*"
"14002","2001-01-03","58","*"
"14002","2001-01-04","58","*"
"14002","2001-01-05","59",""
"14002","2001-01-06","60","*"
"14002","2001-01-07","59","*"
"14002","2001-01-08","59","*"
"14002","2001-01-09","59","*"
"14002","2001-01-10","58","I"
"14002","2001-01-11","75","I"
"14002","2001-01-12","108","I"
"14002","2001-01-13","145","I"
"14002","2001-01-14","140","I"
"14002","2001-01-15","134","I"
"14002","2001-01-16","146","I"
"14002","2001-01-17","149","I"
"14002","2001-01-18","146","I"
"14002","2001-01-19","144","I"
"14002","2001-01-20","139","I"
"14002","2001-01-21","134","I"
"14002","2001-01-22","140","I"
"14002","2001-01-23","148","I"
"14002","2001-01-24","155","I"
"14002","2001-01-25","150","I"
"14002","2001-01-26","139","I"
"14002","2001-01-27","125","I"
"14002","2001-01-28","126","I"
"14002","2001-01-29","123","I"
"14002","2001-01-30","122","I"
"14002","2001-01-31","126","I"
"14002","2001-02-01","133","I"
"14002","2001-02-02","135","I"
"14002","2001-02-03","140","I"
"14002","2001-02-04","138","I"
"14002","2001-02-05","139","I"
"14002","2001-02-06","146","I"
"14002","2001-02-07","150","I"
"14002","2001-02-08","153","I"
"14002","2001-02-09","157","I"
"14002","2001-02-10","156","I"
"14002","2001-02-11","152","I"
"14002","2001-02-12","150","I"
"14002","2001-02-13","150","I"
"14002","2001-02-14","148","I"
"14002","2001-02-15","142","I"
"14002","2001-02-16","148","I"
"14002","2001-02-17","148","I"
"14002","2001-02-18","145","I"
"14002","2001-02-19","151","I"
"14002","2001-02-20","154","I"
"14002","2001-02-21","153","I"
"14002","2001-02-22","154","I"
"14002","2001-02-23","154","I"
"14002","2001-02-24","154","I"
"14002","2001-02-25","166","I"
"14002","2001-02-26","170","I"
"14002","2001-02-27","174","I"
"14002","2001-02-28","172","I"
"14002","2001-03-01","190","I"
"14002","2001-03-02","188","Л"
"14002","2001-03-03","158","N"
"14002","2001-03-04","91","N"
"14002","2001-03-05","84",""
"14002","2001-03-06","82",""
"14002","2001-03-07","80",""
"14002","2001-03-08","78",""
"14002","2001-03-09","80",""
"14002","2001-03-10","82",""
"14002","2001-03-11","82",""
"14002","2001-03-12","84",""
"14002","2001-03-13","90",""
"14002","2001-03-14","93",""
"14002","2001-03-15","90",""
"14002","2001-03-16","86",""
"14002","2001-03-17","84",""
"14002","2001-03-18","83",""
"14002","2001-03-19","82",""
"14002","2001-03-20","80",""
"14002","2001-03-21","82",""
"14002","2001-03-22","86",""
"14002","2001-03-23","86",""
"14002","2001-03-24","90",""
"14002","2001-03-25","94",""
"14002","2001-03-26","100",""
"14002","2001-03-27","108",""
"14002","2001-03-28","110",""
"14002","2001-03-29","118",""
"14002","2001-03-30","126",""
"14002","2001-03-31","126",""
"14002","2001-04-01","129",""
"14002","2001-04-02","135",""
"14002","2001-04-03","150",""
"14002","2001-04-04","154",""
"14002","2001-04-05","123",""
"14002","2001-04-06","97",""
"14002","2001-04-07","84",""
"14002","2001-04-08","83",""
"14002","2001-04-09","76",""
"14002","2001-04-10","72",""
"14002","2001-04-11","59",""
"14002","2001-04-12","53",""
"14002","2001-04-13","55",""
"14002","2001-04-14","75",""
"14002","2001-04-15","53",""
"14002","2001-04-16","118",""
"14002","2001-04-17","142",""
"14002","2001-04-18","160",""
"14002","2001-04-19","141",""
"14002","2001-04-20","130",""
"14002","2001-04-21","124",""
"14002","2001-04-22","136",""
"14002","2001-04-23","127",""
"14002","2001-04-24","119",""
"14002","2001-04-25","116",""
"14002","2001-04-26","126",""
"14002","2001-04-27","139",""
"14002","2001-04-28","131",""
"14002","2001-04-29","123",""
"14002","2001-04-30","120",""
"14002","2001-05-01","117",""
"14002","2001-05-02","116",""
"14002","2001-05-03","122",""
"14002","2001-05-04","128",""
"14002","2001-05-05","131",""
"14002","2001-05-06","151",""
"14002","2001-05-07","147",""
"14002","2001-05-08","142",""
"14002","2001-05-09","145",""
"14002","2001-05-10","162",""
"14002","2001-05-11","188",""
"14002","2001-05-12","208",""
"14002","2001-05-13","230",""
"14002","2001-05-14","234",""
"14002","2001-05-15","231",""
"14002","2001-05-16","227",""
"14002","2001-05-17","217",""
"14002","2001-05-18","209",""
"14002","2001-05-19","217",""
"14002","2001-05-20","250",""
"14002","2001-05-21","272",""
"14002","2001-05-22","277",""
"14002","2001-05-23","234",""
"14002","2001-05-24","210",""
"14002","2001-05-25","213",""
"14002","2001-05-26","223",""
"14002","2001-05-27","216",""
"14002","2001-05-28","221",""
"14002","2001-05-29","220",""
"14002","2001-05-30","239",""
"14002","2001-05-31","251",""
"14002","2001-06-01","266",""
"14002","2001-06-02","254",""
"14002","2001-06-03","265",""
"14002","2001-06-04","292",""
"14002","2001-06-05","294",""
"14002","2001-06-06","253",""
"14002","2001-06-07","258",""
"14002","2001-06-08","256",""
"14002","2001-06-09","239",""
"14002","2001-06-10","238",""
"14002","2001-06-11","194",""
"14002","2001-06-12","188",""
"14002","2001-06-13","191",""
"14002","2001-06-14","222",""
"14002","2001-06-15","249",""
"14002","2001-06-16","258",""
"14002","2001-06-17","236",""
"14002","2001-06-18","225",""
"14002","2001-06-19","218",""
"14002","2001-06-20","208",""
"14002","2001-06-21","232",""
"14002","2001-06-22","240",""
"14002","2001-06-23","245",""
"14002","2001-06-24","248",""
"14002","2001-06-25","283",""
"14002","2001-06-26","243",""
"14002","2001-06-27","212",""
"14002","2001-06-28","204",""
"14002","2001-06-29","196",""
"14002","2001-06-30","209",""
"14002","2001-07-01","218",""
"14002","2001-07-02","222",""
"14002","2001-07-03","240",""
"14002","2001-07-04","265",""
"14002","2001-07-05","250",""
"14002","2001-07-06","245",""
"14002","2001-07-07","249",""
"14002","2001-07-08","204",""
"14002","2001-07-09","192",""
"14002","2001-07-10","179",""
"14002","2001-07-11","171",""
"14002","2001-07-12","175",""
"14002","2001-07-13","189",""
"14002","2001-07-14","220",""
"14002","2001-07-15","233",""
"14002","2001-07-16","214",""
"14002","2001-07-17","194",""
"14002","2001-07-18","169",""
"14002","2001-07-19","169",""
"14002","2001-07-20","176",""
"14002","2001-07-21","179",""
"14002","2001-07-22","190",""
"14002","2001-07-23","215",""
"14002","2001-07-24","215",""
"14002","2001-07-25","218",""
"14002","2001-07-26","211",""
"14002","2001-07-27","212",""
"14002","2001-07-28","201",""
"14002","2001-07-29","189",""
"14002","2001-07-30","198",""
"14002","2001-07-31","232",""
"14002","2001-08-01","275",""
"14002","2001-08-02","298",""
"14002","2001-08-03","287",""
"14002","2001-08-04","268",""
"14002","2001-08-05","273",""
"14002","2001-08-06","268",""
"14002","2001-08-07","266",""
"14002","2001-08-08","264",""
"14002","2001-08-09","276",""
"14002","2001-08-10","272",""
"14002","2001-08-11","275",""
"14002","2001-08-12","252",""
"14002","2001-08-13","237",""
"14002","2001-08-14","235",""
"14002","2001-08-15","252",""
"14002","2001-08-16","239",""
"14002","2001-08-17","228",""
"14002","2001-08-18","249",""
"14002","2001-08-19","269",""
"14002","2001-08-20","266",""
"14002","2001-08-21","269",""
"14002","2001-08-22","279",""
"14002","2001-08-23","254",""
"14002","2001-08-24","249",""
"14002","2001-08-25","241",""
"14002","2001-08-26","216",""
"14002","2001-08-27","213",""
"14002","2001-08-28","216",""
"14002","2001-08-29","225",""
"14002","2001-08-30","214",""
"14002","2001-08-31","213",""
"14002","2001-09-01","223",""
"14002","2001-09-02","215",""
"14002","2001-09-03","202",""
"14002","2001-09-04","195",""
"14002","2001-09-05","191",""
"14002","2001-09-06","192",""
"14002","2001-09-07","195",""
"14002","2001-09-08","192",""
"14002","2001-09-09","178",""
"14002","2001-09-10","175",""
"14002","2001-09-11","171",""
"14002","2001-09-12","171",""
"14002","2001-09-13","169",""
"14002","2001-09-14","164",""
"14002","2001-09-15","166",""
"14002","2001-09-16","159",""
"14002","2001-09-17","154",""
"14002","2001-09-18","149",""
"14002","2001-09-19","144",""
"14002","2001-09-20","140",""
"14002","2001-09-21","145",""
"14002","2001-09-22","150",""
"14002","2001-09-23","146",""
"14002","2001-09-24","139",""
"14002","2001-09-25","141",""
"14002","2001-09-26","135",""
"14002","2001-09-27","135",""
"14002","2001-09-28","139",""
"14002","2001-09-29","134",""
"14002","2001-09-30","129",""
"14002","2001-10-01","125",""
"14002","2001-10-02","120",""
"14002","2001-10-03","117",""
"14002","2001-10-04","117",""
"14002","2001-10-05","116",""
"14002","2001-10-06","118",""
"14002","2001-10-07","120",""
"14002","2001-10-08","128",""
"14002","2001-10-09","126",""
"14002","2001-10-10","127",""
"14002","2001-10-11","127",""
"14002","2001-10-12","130",""
"14002","2001-10-13","129",""
"14002","2001-10-14","126",""
"14002","2001-10-15","124",""
"14002","2001-10-16","121",""
"14002","2001-10-17","124",""
"14002","2001-10-18","126",""
"14002","2001-10-19","126",""
"14002","2001-10-20","130",""
"14002","2001-10-21","127",""
"14002","2001-10-22","128",""
"14002","2001-10-23","128",""
"14002","2001-10-24","131",""
"14002","2001-10-25","129",""
"14002","2001-10-26","126",""
"14002","2001-10-27","126",""
"14002","2001-10-28","127",""
"14002","2001-10-29","115",""
"14002","2001-10-30","114",""
"14002","2001-10-31","111",""
"14002","2001-11-01","110",""
"14002","2001-11-02","108",""
"14002","2001-11-03","106",""
"14002","2001-11-04","105",""
"14002","2001-11-05","104",""
"14002","2001-11-06","98",""
"14002","2001-11-07","98",""
"14002","2001-11-08","98",""
"14002","2001-11-09","98",""
"14002","2001-11-10","96",""
"14002","2001-11-11","97",""
"14002","2001-11-12","98",""
"14002","2001-11-13","97",""
"14002","2001-11-14","96",""
"14002","2001-11-15","92",""
"14002","2001-11-16","90",""
"14002","2001-11-17","90",""
"14002","2001-11-18","88",""
"14002","2001-11-19","86",""
"14002","2001-11-20","84",""
"14002","2001-11-21","82",""
"14002","2001-11-22","79",""
"14002","2001-11-23","77",""
"14002","2001-11-24","76",""
"14002","2001-11-25","74",""
"14002","2001-11-26","75",""
"14002","2001-11-27","75",""
"14002","2001-11-28","72",""
"14002","2001-11-29","70",""
"14002","2001-11-30","69",""
"14002","2001-12-01","64",""
"14002","2001-12-02","65","*"
"14002","2001-12-03","65",")*"
"14002","2001-12-04","65",")*"
"14002","2001-12-05","64",")*"
"14002","2001-12-06","64",")*"
"14002","2001-12-07","63","Z"
"14002","2001-12-08","60","Z"
"14002","2001-12-09","59","Z"
"14002","2001-12-10","62","Z"
"14002","2001-12-11","115","I"
"14002","2001-12-12","105","I"
"14002","2001-12-13","100","I"
"14002","2001-12-14","108","I"
"14002","2001-12-15","116","I"
"14002","2001-12-16","141","I"
"14002","2001-12-17","165","I"
"14002","2001-12-18","178","I"
"14002","2001-12-19","175","I"
"14002","2001-12-20","156","I"
"14002","2001-12-21","148","I"
"14002","2001-12-22","147","I"
"14002","2001-12-23","154","I"
"14002","2001-12-24","159","I"
"14002","2001-12-25","164","I"
"14002","2001-12-26","161","I"
"14002","2001-12-27","161","I"
"14002","2001-12-28","159","I"
"14002","2001-12-29","158","I"
"14002","2001-12-30","155","I"
"14002","2001-12-31","155","I"
"14002","2002-01-01","154",""
"14002","2002-01-02","155",""
"14002","2002-01-03","162",""
"14002","2002-01-04","166",""
"14002","2002-01-05","167",""
"14002","2002-01-06","163",""
"14002","2002-01-07","163",""
"14002","2002-01-08","162",""
"14002","2002-01-09","160",""
"14002","2002-01-10","161",""
"14002","2002-01-11","165",""
"14002","2002-01-12","166",""
"14002","2002-01-13","167",""
"14002","2002-01-14","165",""
"14002","2002-01-15","161",""
"14002","2002-01-16","124",""
"14002","2002-01-17","102",""
"14002","2002-01-18","103",""
"14002","2002-01-19","98",""
"14002","2002-01-20","93",""
"14002","2002-01-21","84",""
"14002","2002-01-22","76",""
"14002","2002-01-23","73",""
"14002","2002-01-24","82",""
"14002","2002-01-25","96",""
"14002","2002-01-26","103",""
"14002","2002-01-27","100",""
"14002","2002-01-28","103",""
"14002","2002-01-29","100",""
"14002","2002-01-30","100",""
"14002","2002-01-31","100",""
"14002","2002-02-01","100",""
"14002","2002-02-02","100",""
"14002","2002-02-03","103",""
"14002","2002-02-04","106",""
"14002","2002-02-05","105",""
"14002","2002-02-06","107",""
"14002","2002-02-07","109",""
"14002","2002-02-08","105",""
"14002","2002-02-09","105",""
"14002","2002-02-10","105",""
"14002","2002-02-11","101",""
"14002","2002-02-12","104",""
"14002","2002-02-13","105",""
"14002","2002-02-14","108",""
"14002","2002-02-15","115",""
"14002","2002-02-16","116",""
"14002","2002-02-17","122",""
"14002","2002-02-18","130",""
"14002","2002-02-19","140",""
"14002","2002-02-20","144",""
"14002","2002-02-21","148",""
"14002","2002-02-22","146",""
"14002","2002-02-23","131",""
"14002","2002-02-24","81",""
"14002","2002-02-25","58",""
"14002","2002-02-26","48",""
"14002","2002-02-27","46",""
"14002","2002-02-28","50",""
"14002","2002-03-01","55",""
"14002","2002-03-02","62",""
"14002","2002-03-03","66",""
"14002","2002-03-04","73",""
"14002","2002-03-05","74",""
"14002","2002-03-06","75",""
"14002","2002-03-07","72",""
"14002","2002-03-08","72",""
"14002","2002-03-09","64",""
"14002","2002-03-10","61",""
"14002","2002-03-11","64",""
"14002","2002-03-12","65",""
"14002","2002-03-13","62",""
"14002","2002-03-14","64",""
"14002","2002-03-15","60",""
"14002","2002-03-16","56",""
"14002","2002-03-17","57",""
"14002","2002-03-18","56",""
"14002","2002-03-19","58",""
"14002","2002-03-20","67",""
"14002","2002-03-21","69",""
"14002","2002-03-22","58",""
"14002","2002-03-23","56",""
"14002","2002-03-24","56",""
"14002","2002-03-25","61",""
"14002","2002-03-26","72",""
"14002","2002-03-27","87",""
"14002","2002-03-28","105",""
"14002","2002-03-29","115",""
"14002","2002-03-30","121",""
"14002","2002-03-31","110",""
"14002","2002-04-01","102",""
"14002","2002-04-02","95",""
"14002","2002-04-03","99",""
"14002","2002-04-04","95",""
"14002","2002-04-05","87",""
"14002","2002-04-06","82",""
"14002","2002-04-07","67",""
"14002","2002-04-08","66",""
"14002","2002-04-09","59",""
"14002","2002-04-10","55",""
"14002","2002-04-11","55",""
"14002","2002-04-12","59",""
"14002","2002-04-13","77",""
"14002","2002-04-14","98",""
"14002","2002-04-15","110",""
"14002","2002-04-16","87",""
"14002","2002-04-17","67",""
"14002","2002-04-18","53",""
"14002","2002-04-19","59",""
"14002","2002-04-20","79",""
"14002","2002-04-21","128",""
"14002","2002-04-22","161",""
"14002","2002-04-23","133",""
"14002","2002-04-24","133",""
"14002","2002-04-25","163",""
"14002","2002-04-26","193",""
"14002","2002-04-27","190",""
"14002","2002-04-28","187",""
"14002","2002-04-29","197",""
"14002","2002-04-30","220",""
"14002","2002-05-01","190",""
"14002","2002-05-02","187",""
"14002","2002-05-03","180",""
"14002","2002-05-04","164",""
"14002","2002-05-05","158",""
"14002","2002-05-06","155",""
"14002","2002-05-07","151",""
"14002","2002-05-08","153",""
"14002","2002-05-09","174",""
"14002","2002-05-10","192",""
"14002","2002-05-11","211",""
"14002","2002-05-12","230",""
"14002","2002-05-13","214",""
"14002","2002-05-14","210",""
"14002","2002-05-15","243",""
"14002","2002-05-16","284",""
"14002","2002-05-17","306",""
"14002","2002-05-18","310",""
"14002","2002-05-19","283",""
"14002","2002-05-20","251",""
"14002","2002-05-21","237",""
"14002","2002-05-22","230",""
"14002","2002-05-23","224",""
"14002","2002-05-24","214",""
"14002","2002-05-25","219",""
"14002","2002-05-26","283",""
"14002","2002-05-27","244",""
"14002","2002-05-28","246",""
"14002","2002-05-29","278",""
"14002","2002-05-30","298",""
"14002","2002-05-31","306",""
"14002","2002-06-01","320",""
"14002","2002-06-02","336",""
"14002","2002-06-03","344",""
"14002","2002-06-04","342",""
"14002","2002-06-05","340",""
"14002","2002-06-06","336",""
"14002","2002-06-07","328",""
"14002","2002-06-08","321",""
"14002","2002-06-09","308",""
"14002","2002-06-10","293",""
"14002","2002-06-11","293",""
"14002","2002-06-12","251",""
"14002","2002-06-13","284",""
"14002","2002-06-14","292",""
"14002","2002-06-15","295",""
"14002","2002-06-16","307",""
"14002","2002-06-17","309",""
"14002","2002-06-18","325",""
"14002","2002-06-19","314",""
"14002","2002-06-20","288",""
"14002","2002-06-21","209",""
"14002","2002-06-22","236",""
"14002","2002-06-23","220",""
"14002","2002-06-24","226",""
"14002","2002-06-25","259",""
"14002","2002-06-26","265",""
"14002","2002-06-27","252",""
"14002","2002-06-28","239",""
"14002","2002-06-29","254",""
"14002","2002-06-30","266",""
"14002","2002-07-01","285",""
"14002","2002-07-02","288",""
"14002","2002-07-03","231",""
"14002","2002-07-04","284",""
"14002","2002-07-05","268",""
"14002","2002-07-06","240",""
"14002","2002-07-07","221",""
"14002","2002-07-08","213",""
"14002","2002-07-09","207",""
"14002","2002-07-10","206",""
"14002","2002-07-11","202",""
"14002","2002-07-12","225",""
"14002","2002-07-13","280",""
"14002","2002-07-14","254",""
"14002","2002-07-15","236",""
"14002","2002-07-16","238",""
"14002","2002-07-17","263",""
"14002","2002-07-18","216",""
"14002","2002-07-19","238",""
"14002","2002-07-20","240",""
"14002","2002-07-21","246",""
"14002","2002-07-22","259",""
"14002","2002-07-23","271",""
"14002","2002-07-24","335",""
"14002","2002-07-25","335",""
"14002","2002-07-26","347",""
"14002","2002-07-27","355",""
"14002","2002-07-28","347",""
"14002","2002-07-29","331",""
"14002","2002-07-30","328",""
"14002","2002-07-31","328",""
"14002","2002-08-01","300",""
"14002","2002-08-02","290",""
"14002","2002-08-03","311",""
"14002","2002-08-04","318",""
"14002","2002-08-05","307",""
"14002","2002-08-06","307",""
"14002","2002-08-07","328",""
"14002","2002-08-08","310",""
"14002","2002-08-09","294",""
"14002","2002-08-10","288",""
"14002","2002-08-11","288",""
"14002","2002-08-12","276",""
"14002","2002-08-13","278",""
"14002","2002-08-14","270",""
"14002","2002-08-15","276",""
"14002","2002-08-16","278",""
"14002","2002-08-17","264",""
"14002","2002-08-18","253",""
"14002","2002-08-19","246",""
"14002","2002-08-20","236",""
"14002","2002-08-21","240",""
"14002","2002-08-22","235",""
"14002","2002-08-23","239",""
"14002","2002-08-24","237",""
"14002","2002-08-25","226",""
"14002","2002-08-26","222",""
"14002","2002-08-27","219",""
"14002","2002-08-28","216",""
"14002","2002-08-29","207",""
"14002","2002-08-30","204",""
"14002","2002-08-31","209",""
"14002","2002-09-01","215",""
"14002","2002-09-02","208",""
"14002","2002-09-03","191",""
"14002","2002-09-04","173",""
"14002","2002-09-05","165",""
"14002","2002-09-06","157",""
"14002","2002-09-07","154",""
"14002","2002-09-08","153",""
"14002","2002-09-09","155",""
"14002","2002-09-10","148",""
"14002","2002-09-11","141",""
"14002","2002-09-12","134",""
"14002","2002-09-13","130",""
"14002","2002-09-14","128",""
"14002","2002-09-15","124",""
"14002","2002-09-16","123",""
"14002","2002-09-17","122",""
"14002","2002-09-18","129",""
"14002","2002-09-19","127",""
"14002","2002-09-20","124",""
"14002","2002-09-21","114",""
"14002","2002-09-22","111",""
"14002","2002-09-23","111",""
"14002","2002-09-24","108",""
"14002","2002-09-25","108",""
"14002","2002-09-26","102",""
"14002","2002-09-27","101",""
"14002","2002-09-28","100",""
"14002","2002-09-29","96",""
"14002","2002-09-30","94",""
"14002","2002-10-01","93",""
"14002","2002-10-02","92",""
"14002","2002-10-03","92",""
"14002","2002-10-04","94",""
"14002","2002-10-05","89",""
"14002","2002-10-06","88",""
"14002","2002-10-07","87",""
"14002","2002-10-08","82",""
"14002","2002-10-09","82",""
"14002","2002-10-10","92",""
"14002","2002-10-11","100",""
"14002","2002-10-12","99",""
"14002","2002-10-13","94",""
"14002","2002-10-14","93",""
"14002","2002-10-15","95",""
"14002","2002-10-16","96",""
"14002","2002-10-17","94",""
"14002","2002-10-18","97",""
"14002","2002-10-19","98",""
"14002","2002-10-20","102",""
"14002","2002-10-21","101",""
"14002","2002-10-22","102",""
"14002","2002-10-23","103",""
"14002","2002-10-24","98",""
"14002","2002-10-25","97",""
"14002","2002-10-26","94",""
"14002","2002-10-27","94",""
"14002","2002-10-28","94",""
"14002","2002-10-29","93",""
"14002","2002-10-30","92",""
"14002","2002-10-31","92",""
"14002","2002-11-01","92",""
"14002","2002-11-02","87",""
"14002","2002-11-03","86",""
"14002","2002-11-04","83",""
"14002","2002-11-05","80",""
"14002","2002-11-06","79",""
"14002","2002-11-07","78",""
"14002","2002-11-08","76",""
"14002","2002-11-09","77",""
"14002","2002-11-10","76",""
"14002","2002-11-11","76",""
"14002","2002-11-12","75",""
"14002","2002-11-13","73",""
"14002","2002-11-14","72",""
"14002","2002-11-15","69",""
"14002","2002-11-16","65",""
"14002","2002-11-17","65",""
"14002","2002-11-18","66",""
"14002","2002-11-19","66",""
"14002","2002-11-20","64",""
"14002","2002-11-21","63",""
"14002","2002-11-22","63",""
"14002","2002-11-23","67",""
"14002","2002-11-24","69",""
"14002","2002-11-25","58",""
"14002","2002-11-26","56",""
"14002","2002-11-27","53",""
"14002","2002-11-28","52",""
"14002","2002-11-29","53",""
"14002","2002-11-30","56",""
"14002","2002-12-01","57",""
"14002","2002-12-02","55",""
"14002","2002-12-03","51",""
"14002","2002-12-04","50",""
"14002","2002-12-05","53",""
"14002","2002-12-06","56",""
"14002","2002-12-07","57",""
"14002","2002-12-08","54",""
"14002","2002-12-09","42",""
"14002","2002-12-10","36",""
"14002","2002-12-11","43",""
"14002","2002-12-12","46",""
"14002","2002-12-13","54",""
"14002","2002-12-14","46",""
"14002","2002-12-15","49",""
"14002","2002-12-16","48",""
"14002","2002-12-17","46",""
"14002","2002-12-18","45",""
"14002","2002-12-19","43",""
"14002","2002-12-20","47",""
"14002","2002-12-21","98",""
"14002","2002-12-22","97",""
"14002","2002-12-23","113",""
"14002","2002-12-24","117",""
"14002","2002-12-25","142",""
"14002","2002-12-26","145",""
"14002","2002-12-27","144",""
"14002","2002-12-28","136",""
"14002","2002-12-29","137",""
"14002","2002-12-30","123",""
"14002","2002-12-31","114",""
"14002","2003-01-01","-",""
"14002","2003-01-02","-",""
"14002","2003-01-03","-",""
"14002","2003-01-04","-",""
"14002","2003-01-05","-",""
"14002","2003-01-06","-",""
"14002","2003-01-07","-",""
"14002","2003-01-08","-",""
"14002","2003-01-09","-",""
"14002","2003-01-10","-",""
"14002","2003-01-11","-",""
"14002","2003-01-12","-",""
"14002","2003-01-13","-",""
"14002","2003-01-14","-",""
"14002","2003-01-15","-",""
"14002","2003-01-16","-",""
"14002","2003-01-17","-",""
"14002","2003-01-18","114","I"
"14002","2003-01-19","115","I"
"14002","2003-01-20","103","I"
"14002","2003-01-21","104","I"
"14002","2003-01-22","103","I"
"14002","2003-01-23","103","I"
"14002","2003-01-24","100","I"
"14002","2003-01-25","108","I"
"14002","2003-01-26","98","I"
"14002","2003-01-27","82","I"
"14002","2003-01-28","66","I"
"14002","2003-01-29","65","I"
"14002","2003-01-30","63","I"
"14002","2003-01-31","67","I"
"14002","2003-02-01","73","I"
"14002","2003-02-02","76","I"
"14002","2003-02-03","84","I"
"14002","2003-02-04","86","I"
"14002","2003-02-05","88","I"
"14002","2003-02-06","89","I"
"14002","2003-02-07","92","I"
"14002","2003-02-08","87","I"
"14002","2003-02-09","82","I"
"14002","2003-02-10","83","I"
"14002","2003-02-11","84","I"
"14002","2003-02-12","84","I"
"14002","2003-02-13","78","I"
"14002","2003-02-14","81","I"
"14002","2003-02-15","81","I"
"14002","2003-02-16","83","I"
"14002","2003-02-17","89","I"
"14002","2003-02-18","90","I"
"14002","2003-02-19","89","I"
"14002","2003-02-20","88","I"
"14002","2003-02-21","90","I"
"14002","2003-02-22","91","I"
"14002","2003-02-23","93","I"
"14002","2003-02-24","92","I"
"14002","2003-02-25","95","I"
"14002","2003-02-26","98","I"
"14002","2003-02-27","99","I"
"14002","2003-02-28","99","I"
"14002","2003-03-01","100","I"
"14002","2003-03-02","100","I"
"14002","2003-03-03","78","I"
"14002","2003-03-04","54","I"
"14002","2003-03-05","49","I"
"14002","2003-03-06","47","I"
"14002","2003-03-07","46",""
"14002","2003-03-08","42",""
"14002","2003-03-09","36",""
"14002","2003-03-10","30",""
"14002","2003-03-11","33",""
"14002","2003-03-12","36",""
"14002","2003-03-13","38",""
"14002","2003-03-14","39",""
"14002","2003-03-15","39",""
"14002","2003-03-16","38",""
"14002","2003-03-17","37",""
"14002","2003-03-18","38",""
"14002","2003-03-19","43",""
"14002","2003-03-20","52",""
"14002","2003-03-21","63",""
"14002","2003-03-22","78",""
"14002","2003-03-23","88",""
"14002","2003-03-24","97",""
"14002","2003-03-25","101",""
"14002","2003-03-26","105",""
"14002","2003-03-27","104",""
"14002","2003-03-28","109",""
"14002","2003-03-29","110",""
"14002","2003-03-30","118",""
"14002","2003-03-31","123",""
"14002","2003-04-01","127",""
"14002","2003-04-02","116",""
"14002","2003-04-03","116",""
"14002","2003-04-04","98",""
"14002","2003-04-05","90",""
"14002","2003-04-06","89",""
"14002","2003-04-07","92",""
"14002","2003-04-08","83",""
"14002","2003-04-09","75",""
"14002","2003-04-10","73",""
"14002","2003-04-11","72",""
"14002","2003-04-12","73",""
"14002","2003-04-13","73",""
"14002","2003-04-14","73",""
"14002","2003-04-15","82",""
"14002","2003-04-16","88",""
"14002","2003-04-17","93",""
"14002","2003-04-18","106",""
"14002","2003-04-19","92",""
"14002","2003-04-20","79",""
"14002","2003-04-21","78",""
"14002","2003-04-22","79",""
"14002","2003-04-23","74",""
"14002","2003-04-24","71",""
"14002","2003-04-25","75",""
"14002","2003-04-26","102",""
"14002","2003-04-27","159",""
"14002","2003-04-28","164",""
"14002","2003-04-29","145",""
"14002","2003-04-30","150",""
"14002","2003-05-01","183",""
"14002","2003-05-02","202",""
"14002","2003-05-03","195",""
"14002","2003-05-04","179",""
"14002","2003-05-05","169",""
"14002","2003-05-06","149",""
"14002","2003-05-07","142",""
"14002","2003-05-08","132",""
"14002","2003-05-09","120",""
"14002","2003-05-10","108",""
"14002","2003-05-11","117",""
"14002","2003-05-12","120",""
"14002","2003-05-13","122",""
"14002","2003-05-14","125",""
"14002","2003-05-15","130",""
"14002","2003-05-16","137",""
"14002","2003-05-17","141",""
"14002","2003-05-18","144",""
"14002","2003-05-19","151",""
"14002","2003-05-20","155",""
"14002","2003-05-21","155",""
"14002","2003-05-22","148",""
"14002","2003-05-23","156",""
"14002","2003-05-24","165",""
"14002","2003-05-25","183",""
"14002","2003-05-26","200",""
"14002","2003-05-27","195",""
"14002","2003-05-28","181",""
"14002","2003-05-29","189",""
"14002","2003-05-30","206",""
"14002","2003-05-31","218",""
"14002","2003-06-01","227",""
"14002","2003-06-02","227",""
"14002","2003-06-03","249",""
"14002","2003-06-04","233",""
"14002","2003-06-05","277",""
"14002","2003-06-06","291",""
"14002","2003-06-07","307",""
"14002","2003-06-08","316",""
"14002","2003-06-09","322",""
"14002","2003-06-10","321",""
"14002","2003-06-11","310",""
"14002","2003-06-12","301",""
"14002","2003-06-13","279",""
"14002","2003-06-14","288",""
"14002","2003-06-15","299",""
"14002","2003-06-16","295",""
"14002","2003-06-17","281",""
"14002","2003-06-18","278",""
"14002","2003-06-19","290",""
"14002","2003-06-20","300",""
"14002","2003-06-21","299",""
"14002","2003-06-22","285",""
"14002","2003-06-23","274",""
"14002","2003-06-24","287",""
"14002","2003-06-25","298",""
"14002","2003-06-26","277",""
"14002","2003-06-27","269",""
"14002","2003-06-28","249",""
"14002","2003-06-29","233",""
"14002","2003-06-30","221",""
"14002","2003-07-01","222",""
"14002","2003-07-02","214",""
"14002","2003-07-03","193",""
"14002","2003-07-04","183",""
"14002","2003-07-05","191",""
"14002","2003-07-06","201",""
"14002","2003-07-07","207",""
"14002","2003-07-08","217",""
"14002","2003-07-09","236",""
"14002","2003-07-10","221",""
"14002","2003-07-11","217",""
"14002","2003-07-12","223",""
"14002","2003-07-13","218",""
"14002","2003-07-14","223",""
"14002","2003-07-15","247",""
"14002","2003-07-16","252",""
"14002","2003-07-17","256",""
"14002","2003-07-18","263",""
"14002","2003-07-19","275",""
"14002","2003-07-20","276",""
"14002","2003-07-21","283",""
"14002","2003-07-22","287",""
"14002","2003-07-23","336",""
"14002","2003-07-24","327",""
"14002","2003-07-25","342",""
"14002","2003-07-26","346",""
"14002","2003-07-27","332",""
"14002","2003-07-28","306",""
"14002","2003-07-29","295",""
"14002","2003-07-30","288",""
"14002","2003-07-31","272",""
"14002","2003-08-01","251",""
"14002","2003-08-02","232",""
"14002","2003-08-03","217",""
"14002","2003-08-04","216",""
"14002","2003-08-05","213",""
"14002","2003-08-06","211",""
"14002","2003-08-07","228",""
"14002","2003-08-08","233",""
"14002","2003-08-09","209",""
"14002","2003-08-10","201",""
"14002","2003-08-11","179",""
"14002","2003-08-12","178",""
"14002","2003-08-13","176",""
"14002","2003-08-14","174",""
"14002","2003-08-15","173",""
"14002","2003-08-16","167",""
"14002","2003-08-17","162",""
"14002","2003-08-18","159",""
"14002","2003-08-19","155",""
"14002","2003-08-20","154",""
"14002","2003-08-21","165",""
"14002","2003-08-22","180",""
"14002","2003-08-23","186",""
"14002","2003-08-24","193",""
"14002","2003-08-25","196",""
"14002","2003-08-26","193",""
"14002","2003-08-27","193",""
"14002","2003-08-28","195",""
"14002","2003-08-29","197",""
"14002","2003-08-30","193",""
"14002","2003-08-31","166",""
"14002","2003-09-01","149",""
"14002","2003-09-02","142",""
"14002","2003-09-03","140",""
"14002","2003-09-04","132",""
"14002","2003-09-05","132",""
"14002","2003-09-06","150",""
"14002","2003-09-07","150",""
"14002","2003-09-08","146",""
"14002","2003-09-09","144",""
"14002","2003-09-10","140",""
"14002","2003-09-11","141",""
"14002","2003-09-12","153",""
"14002","2003-09-13","158",""
"14002","2003-09-14","167",""
"14002","2003-09-15","171",""
"14002","2003-09-16","174",""
"14002","2003-09-17","174",""
"14002","2003-09-18","167",""
"14002","2003-09-19","146",""
"14002","2003-09-20","141",""
"14002","2003-09-21","146",""
"14002","2003-09-22","142",""
"14002","2003-09-23","143",""
"14002","2003-09-24","139",""
"14002","2003-09-25","146",""
"14002","2003-09-26","142",""
"14002","2003-09-27","136",""
"14002","2003-09-28","128",""
"14002","2003-09-29","124",""
"14002","2003-09-30","122",""
"14002","2003-10-01","119",""
"14002","2003-10-02","117",""
"14002","2003-10-03","114",""
"14002","2003-10-04","115",""
"14002","2003-10-05","118",""
"14002","2003-10-06","121",""
"14002","2003-10-07","124",""
"14002","2003-10-08","128",""
"14002","2003-10-09","132",""
"14002","2003-10-10","131",""
"14002","2003-10-11","131",""
"14002","2003-10-12","134",""
"14002","2003-10-13","131",""
"14002","2003-10-14","126",""
"14002","2003-10-15","116",""
"14002","2003-10-16","110",""
"14002","2003-10-17","109",""
"14002","2003-10-18","103",""
"14002","2003-10-19","104",""
"14002","2003-10-20","103",""
"14002","2003-10-21","102",""
"14002","2003-10-22","101",""
"14002","2003-10-23","103",""
"14002","2003-10-24","104",""
"14002","2003-10-25","100",""
"14002","2003-10-26","97",""
"14002","2003-10-27","98",""
"14002","2003-10-28","99",""
"14002","2003-10-29","97",""
"14002","2003-10-30","96",""
"14002","2003-10-31","97",""
"14002","2003-11-01","99",""
"14002","2003-11-02","104",""
"14002","2003-11-03","115",""
"14002","2003-11-04","117",""
"14002","2003-11-05","124",""
"14002","2003-11-06","136",""
"14002","2003-11-07","130",""
"14002","2003-11-08","120",""
"14002","2003-11-09","102",""
"14002","2003-11-10","98",""
"14002","2003-11-11","97",""
"14002","2003-11-12","101",""
"14002","2003-11-13","100",""
"14002","2003-11-14","99",""
"14002","2003-11-15","97",""
"14002","2003-11-16","100",""
"14002","2003-11-17","101",""
"14002","2003-11-18","98",""
"14002","2003-11-19","94",""
"14002","2003-11-20","85",""
"14002","2003-11-21","83",""
"14002","2003-11-22","81",""
"14002","2003-11-23","79",""
"14002","2003-11-24","77",""
"14002","2003-11-25","74",""
"14002","2003-11-26","74",""
"14002","2003-11-27","67",""
"14002","2003-11-28","65",""
"14002","2003-11-29","61",""
"14002","2003-11-30","54",")*"
"14002","2003-12-01","49",")*"
"14002","2003-12-02","49",")*"
"14002","2003-12-03","49",")*"
"14002","2003-12-04","47",")"
"14002","2003-12-05","47",")"
"14002","2003-12-06","51",")"
"14002","2003-12-07","53",")Ш"
"14002","2003-12-08","54",")Ш"
"14002","2003-12-09","50",")Ш"
"14002","2003-12-10","48",")*"
"14002","2003-12-11","49",")*"
"14002","2003-12-12","47",")"
"14002","2003-12-13","47",")"
"14002","2003-12-14","58",")Ш"
"14002","2003-12-15","62",")Ш"
"14002","2003-12-16","51",")Ш"
"14002","2003-12-17","42",")*"
"14002","2003-12-18","41",")*"
"14002","2003-12-19","39",")"
"14002","2003-12-20","38",")"
"14002","2003-12-21","39",")"
"14002","2003-12-22","45",")*"
"14002","2003-12-23","53",")Ш"
"14002","2003-12-24","80",")Ш"
"14002","2003-12-25","90",")Ш"
"14002","2003-12-26","89",")Ш"
"14002","2003-12-27","76",")Ш"
"14002","2003-12-28","69",")*"
"14002","2003-12-29","66",")*"
"14002","2003-12-30","74",")Ш"
"14002","2003-12-31","79",")Ш"
"14002","2004-01-01","78",")*"
"14002","2004-01-02","76",")*"
"14002","2004-01-03","73",")*"
"14002","2004-01-04","67",")*"
"14002","2004-01-05","52",")*"
"14002","2004-01-06","49",")*"
"14002","2004-01-07","77",")*"
"14002","2004-01-08","132",")"
"14002","2004-01-09","171","I"
"14002","2004-01-10","171","I"
"14002","2004-01-11","178","I"
"14002","2004-01-12","188","I"
"14002","2004-01-13","183","I"
"14002","2004-01-14","175","I"
"14002","2004-01-15","169","I"
"14002","2004-01-16","162","I"
"14002","2004-01-17","163","I"
"14002","2004-01-18","157","I"
"14002","2004-01-19","154","I"
"14002","2004-01-20","149","I"
"14002","2004-01-21","150","I"
"14002","2004-01-22","151","I"
"14002","2004-01-23","150","I"
"14002","2004-01-24","142","I"
"14002","2004-01-25","123","I"
"14002","2004-01-26","123","I"
"14002","2004-01-27","129","I"
"14002","2004-01-28","134","I"
"14002","2004-01-29","137","I"
"14002","2004-01-30","140","I"
"14002","2004-01-31","150","I"
"14002","2004-02-01","152","I"
"14002","2004-02-02","154","I"
"14002","2004-02-03","154","I"
"14002","2004-02-04","152","I"
"14002","2004-02-05","151","I"
"14002","2004-02-06","149","I"
"14002","2004-02-07","143","I"
"14002","2004-02-08","133","I"
"14002","2004-02-09","142","I"
"14002","2004-02-10","144","I"
"14002","2004-02-11","147","I"
"14002","2004-02-12","150","I"
"14002","2004-02-13","151","I"
"14002","2004-02-14","153","I"
"14002","2004-02-15","156","I"
"14002","2004-02-16","160","I"
"14002","2004-02-17","161","I"
"14002","2004-02-18","164","I"
"14002","2004-02-19","178","I"
"14002","2004-02-20","186","I"
"14002","2004-02-21","196","Л"
"14002","2004-02-22","179",""
"14002","2004-02-23","120",""
"14002","2004-02-24","77",""
"14002","2004-02-25","79",""
"14002","2004-02-26","75",""
"14002","2004-02-27","65",""
"14002","2004-02-28","71",""
"14002","2004-02-29","69",""
"14002","2004-03-01","67",""
"14002","2004-03-02","69",""
"14002","2004-03-03","70",""
"14002","2004-03-04","71",""
"14002","2004-03-05","72",""
"14002","2004-03-06","76",""
"14002","2004-03-07","79",""
"14002","2004-03-08","78",""
"14002","2004-03-09","85",""
"14002","2004-03-10","85",""
"14002","2004-03-11","87",""
"14002","2004-03-12","85",""
"14002","2004-03-13","84",""
"14002","2004-03-14","78",""
"14002","2004-03-15","81",""
"14002","2004-03-16","78",""
"14002","2004-03-17","72",""
"14002","2004-03-18","77",""
"14002","2004-03-19","76",""
"14002","2004-03-20","74",""
"14002","2004-03-21","75",""
"14002","2004-03-22","71",""
"14002","2004-03-23","74",""
"14002","2004-03-24","74",""
"14002","2004-03-25","75",""
"14002","2004-03-26","75",""
"14002","2004-03-27","76",""
"14002","2004-03-28","72",""
"14002","2004-03-29","70",""
"14002","2004-03-30","71",""
"14002","2004-03-31","72",""
"14002","2004-04-01","72",""
"14002","2004-04-02","74",""
"14002","2004-04-03","82",""
"14002","2004-04-04","100",""
"14002","2004-04-05","142",""
"14002","2004-04-06","158",""
"14002","2004-04-07","177",""
"14002","2004-04-08","186",""
"14002","2004-04-09","183",""
"14002","2004-04-10","172",""
"14002","2004-04-11","167",""
"14002","2004-04-12","158",""
"14002","2004-04-13","137",""
"14002","2004-04-14","116",""
"14002","2004-04-15","99",""
"14002","2004-04-16","92",""
"14002","2004-04-17","74",""
"14002","2004-04-18","95",""
"14002","2004-04-19","117",""
"14002","2004-04-20","125",""
"14002","2004-04-21","125",""
"14002","2004-04-22","125",""
"14002","2004-04-23","133",""
"14002","2004-04-24","138",""
"14002","2004-04-25","141",""
"14002","2004-04-26","146",""
"14002","2004-04-27","150",""
"14002","2004-04-28","185",""
"14002","2004-04-29","197",""
"14002","2004-04-30","180",""
"14002","2004-05-01","162",""
"14002","2004-05-02","150",""
"14002","2004-05-03","135",""
"14002","2004-05-04","124",""
"14002","2004-05-05","122",""
"14002","2004-05-06","120",""
"14002","2004-05-07","119",""
"14002","2004-05-08","123",""
"14002","2004-05-09","150",""
"14002","2004-05-10","179",""
"14002","2004-05-11","169",""
"14002","2004-05-12","171",""
"14002","2004-05-13","174",""
"14002","2004-05-14","173",""
"14002","2004-05-15","157",""
"14002","2004-05-16","154",""
"14002","2004-05-17","153",""
"14002","2004-05-18","152",""
"14002","2004-05-19","159",""
"14002","2004-05-20","178",""
"14002","2004-05-21","190",""
"14002","2004-05-22","210",""
"14002","2004-05-23","222",""
"14002","2004-05-24","200",""
"14002","2004-05-25","183",""
"14002","2004-05-26","178",""
"14002","2004-05-27","172",""
"14002","2004-05-28","160",""
"14002","2004-05-29","155",""
"14002","2004-05-30","147",""
"14002","2004-05-31","143",""
"14002","2004-06-01","140",""
"14002","2004-06-02","138",""
"14002","2004-06-03","153",""
"14002","2004-06-04","155",""
"14002","2004-06-05","159",""
"14002","2004-06-06","165",""
"14002","2004-06-07","183",""
"14002","2004-06-08","197",""
"14002","2004-06-09","226",""
"14002","2004-06-10","234",""
"14002","2004-06-11","218",""
"14002","2004-06-12","195",""
"14002","2004-06-13","198",""
"14002","2004-06-14","207",""
"14002","2004-06-15","210",""
"14002","2004-06-16","214",""
"14002","2004-06-17","200",""
"14002","2004-06-18","189",""
"14002","2004-06-19","185",""
"14002","2004-06-20","191",""
"14002","2004-06-21","196",""
"14002","2004-06-22","195",""
"14002","2004-06-23","182",""
"14002","2004-06-24","177",""
"14002","2004-06-25","173",""
"14002","2004-06-26","168",""
"14002","2004-06-27","157",""
"14002","2004-06-28","148",""
"14002","2004-06-29","139",""
"14002","2004-06-30","125",""
"14002","2004-07-01","124",""
"14002","2004-07-02","122",""
"14002","2004-07-03","120",""
"14002","2004-07-04","129",""
"14002","2004-07-05","156",""
"14002","2004-07-06","171",""
"14002","2004-07-07","179",""
"14002","2004-07-08","178",""
"14002","2004-07-09","169",""
"14002","2004-07-10","167",""
"14002","2004-07-11","184",""
"14002","2004-07-12","172",""
"14002","2004-07-13","171",""
"14002","2004-07-14","181",""
"14002","2004-07-15","192",""
"14002","2004-07-16","199",""
"14002","2004-07-17","204",""
"14002","2004-07-18","212",""
"14002","2004-07-19","227",""
"14002","2004-07-20","265",""
"14002","2004-07-21","295",""
"14002","2004-07-22","290",""
"14002","2004-07-23","266",""
"14002","2004-07-24","247",""
"14002","2004-07-25","241",""
"14002","2004-07-26","254",""
"14002","2004-07-27","266",""
"14002","2004-07-28","267",""
"14002","2004-07-29","256",""
"14002","2004-07-30","252",""
"14002","2004-07-31","252",""
"14002","2004-08-01","255",""
"14002","2004-08-02","251",""
"14002","2004-08-03","250",""
"14002","2004-08-04","242",""
"14002","2004-08-05","250",""
"14002","2004-08-06","252",""
"14002","2004-08-07","236",""
"14002","2004-08-08","232",""
"14002","2004-08-09","233",""
"14002","2004-08-10","206",""
"14002","2004-08-11","181",""
"14002","2004-08-12","170",""
"14002","2004-08-13","152",""
"14002","2004-08-14","146",""
"14002","2004-08-15","142",""
"14002","2004-08-16","140",""
"14002","2004-08-17","151",""
"14002","2004-08-18","157",""
"14002","2004-08-19","166",""
"14002","2004-08-20","166",""
"14002","2004-08-21","158",""
"14002","2004-08-22","162",""
"14002","2004-08-23","159",""
"14002","2004-08-24","151",""
"14002","2004-08-25","147",""
"14002","2004-08-26","138",""
"14002","2004-08-27","135",""
"14002","2004-08-28","130",""
"14002","2004-08-29","134",""
"14002","2004-08-30","146",""
"14002","2004-08-31","139",""
"14002","2004-09-01","134",""
"14002","2004-09-02","134",""
"14002","2004-09-03","133",""
"14002","2004-09-04","125",""
"14002","2004-09-05","125",""
"14002","2004-09-06","123",""
"14002","2004-09-07","124",""
"14002","2004-09-08","123",""
"14002","2004-09-09","128",""
"14002","2004-09-10","138",""
"14002","2004-09-11","137",""
"14002","2004-09-12","137",""
"14002","2004-09-13","139",""
"14002","2004-09-14","141",""
"14002","2004-09-15","139",""
"14002","2004-09-16","141",""
"14002","2004-09-17","144",""
"14002","2004-09-18","141",""
"14002","2004-09-19","133",""
"14002","2004-09-20","130",""
"14002","2004-09-21","125",""
"14002","2004-09-22","121",""
"14002","2004-09-23","117",""
"14002","2004-09-24","116",""
"14002","2004-09-25","121",""
"14002","2004-09-26","118",""
"14002","2004-09-27","112",""
"14002","2004-09-28","107",""
"14002","2004-09-29","102",""
"14002","2004-09-30","98",""
"14002","2004-10-01","101",""
"14002","2004-10-02","102",""
"14002","2004-10-03","102",""
"14002","2004-10-04","96",""
"14002","2004-10-05","95",""
"14002","2004-10-06","94",""
"14002","2004-10-07","92",""
"14002","2004-10-08","92",""
"14002","2004-10-09","92",""
"14002","2004-10-10","96",""
"14002","2004-10-11","98",""
"14002","2004-10-12","96",""
"14002","2004-10-13","96",""
"14002","2004-10-14","97",""
"14002","2004-10-15","96",""
"14002","2004-10-16","92",""
"14002","2004-10-17","82",""
"14002","2004-10-18","79",""
"14002","2004-10-19","77",""
"14002","2004-10-20","76",""
"14002","2004-10-21","80",""
"14002","2004-10-22","84",""
"14002","2004-10-23","84",""
"14002","2004-10-24","76",""
"14002","2004-10-25","77",""
"14002","2004-10-26","77",""
"14002","2004-10-27","74",""
"14002","2004-10-28","74",""
"14002","2004-10-29","74",""
"14002","2004-10-30","78",""
"14002","2004-10-31","79",""
"14002","2004-11-01","76",""
"14002","2004-11-02","82",""
"14002","2004-11-03","95",""
"14002","2004-11-04","96",""
"14002","2004-11-05","89",""
"14002","2004-11-06","85",""
"14002","2004-11-07","89",""
"14002","2004-11-08","94",""
"14002","2004-11-09","92",""
"14002","2004-11-10","88",""
"14002","2004-11-11","86",""
"14002","2004-11-12","84",""
"14002","2004-11-13","81",""
"14002","2004-11-14","77",""
"14002","2004-11-15","74",""
"14002","2004-11-16","70",""
"14002","2004-11-17","68",""
"14002","2004-11-18","68",""
"14002","2004-11-19","72",""
"14002","2004-11-20","76",""
"14002","2004-11-21","73",""
"14002","2004-11-22","75",""
"14002","2004-11-23","69",""
"14002","2004-11-24","66",""
"14002","2004-11-25","63",""
"14002","2004-11-26","60",""
"14002","2004-11-27","60",""
"14002","2004-11-28","57",""
"14002","2004-11-29","58",""
"14002","2004-11-30","54",""
"14002","2004-12-01","58",""
"14002","2004-12-02","62",""
"14002","2004-12-03","67",""
"14002","2004-12-04","63",""
"14002","2004-12-05","61",""
"14002","2004-12-06","59",""
"14002","2004-12-07","58",""
"14002","2004-12-08","59",""
"14002","2004-12-09","61",""
"14002","2004-12-10","61",""
"14002","2004-12-11","58",""
"14002","2004-12-12","58",""
"14002","2004-12-13","61",""
"14002","2004-12-14","63",""
"14002","2004-12-15","65",""
"14002","2004-12-16","70",""
"14002","2004-12-17","67",""
"14002","2004-12-18","65",""
"14002","2004-12-19","67",""
"14002","2004-12-20","67",""
"14002","2004-12-21","67",""
"14002","2004-12-22","65",""
"14002","2004-12-23","61",")Ш"
"14002","2004-12-24","56",")Ш"
"14002","2004-12-25","47",")Ш"
"14002","2004-12-26","42",")Ш"
"14002","2004-12-27","40",")Ш"
"14002","2004-12-28","41",")Ш"
"14002","2004-12-29","38",")Ш"
"14002","2004-12-30","36",")Ш"
"14002","2004-12-31","42",")Ш"
"14002","2006-01-01","171",""
"14002","2006-01-02","182",")"
"14002","2006-01-03","247",")"
"14002","2006-01-04","215","I"
"14002","2006-01-05","179","I"
"14002","2006-01-06","168","I"
"14002","2006-01-07","180","I"
"14002","2006-01-08","201","I"
"14002","2006-01-09","197","I"
"14002","2006-01-10","238","I"
"14002","2006-01-11","258","I"
"14002","2006-01-12","265","I"
"14002","2006-01-13","255","I"
"14002","2006-01-14","242","I"
"14002","2006-01-15","235","I"
"14002","2006-01-16","238","I"
"14002","2006-01-17","294","I"
"14002","2006-01-18","236","I"
"14002","2006-01-19","237","I"
"14002","2006-01-20","237","I"
"14002","2006-01-21","229","I"
"14002","2006-01-22","217","I"
"14002","2006-01-23","204","I"
"14002","2006-01-24","196","I"
"14002","2006-01-25","193","I"
"14002","2006-01-26","195","I"
"14002","2006-01-27","197","I"
"14002","2006-01-28","209","I"
"14002","2006-01-29","215","I"
"14002","2006-01-30","202","I"
"14002","2006-01-31","298","I"
"14002","2006-02-01","234","I"
"14002","2006-02-02","226","I"
"14002","2006-02-03","229","I"
"14002","2006-02-04","228","I"
"14002","2006-02-05","231","I"
"14002","2006-02-06","233","I"
"14002","2006-02-07","235","I"
"14002","2006-02-08","243","I"
"14002","2006-02-09","249","I"
"14002","2006-02-10","246","I"
"14002","2006-02-11","252","I"
"14002","2006-02-12","257","I"
"14002","2006-02-13","257","I"
"14002","2006-02-14","254","I"
"14002","2006-02-15","249","I"
"14002","2006-02-16","245","I"
"14002","2006-02-17","235","I"
"14002","2006-02-18","221","I"
"14002","2006-02-19","175",""
"14002","2006-02-20","134",""
"14002","2006-02-21","117",""
"14002","2006-02-22","108",""
"14002","2006-02-23","102",""
"14002","2006-02-24","97",""
"14002","2006-02-25","100",""
"14002","2006-02-26","101",""
"14002","2006-02-27","98",""
"14002","2006-02-28","97",""
"14002","2006-03-01","98",""
"14002","2006-03-02","101",""
"14002","2006-03-03","103",""
"14002","2006-03-04","90",""
"14002","2006-03-05","78",""
"14002","2006-03-06","77",""
"14002","2006-03-07","75",""
"14002","2006-03-08","76",""
"14002","2006-03-09","74",""
"14002","2006-03-10","71",""
"14002","2006-03-11","68",""
"14002","2006-03-12","66",""
"14002","2006-03-13","59",""
"14002","2006-03-14","55",""
"14002","2006-03-15","59",""
"14002","2006-03-16","54",""
"14002","2006-03-17","54",""
"14002","2006-03-18","57",""
"14002","2006-03-19","56",""
"14002","2006-03-20","56",""
"14002","2006-03-21","61",""
"14002","2006-03-22","59",""
"14002","2006-03-23","59",""
"14002","2006-03-24","59",""
"14002","2006-03-25","59",""
"14002","2006-03-26","57",""
"14002","2006-03-27","40",""
"14002","2006-03-28","50",""
"14002","2006-03-29","46",""
"14002","2006-03-30","49",""
"14002","2006-03-31","54",""
"14002","2006-04-01","50",""
"14002","2006-04-02","65",""
"14002","2006-04-03","74",""
"14002","2006-04-04","69",""
"14002","2006-04-05","68",""
"14002","2006-04-06","67",""
"14002","2006-04-07","57",""
"14002","2006-04-08","56",""
"14002","2006-04-09","61",""
"14002","2006-04-10","86",""
"14002","2006-04-11","70",""
"14002","2006-04-12","67",""
"14002","2006-04-13","61",""
"14002","2006-04-14","51",""
"14002","2006-04-15","41",""
"14002","2006-04-16","31",""
"14002","2006-04-17","25",""
"14002","2006-04-18","25",""
"14002","2006-04-19","34",""
"14002","2006-04-20","66",""
"14002","2006-04-21","66",""
"14002","2006-04-22","61",""
"14002","2006-04-23","76",""
"14002","2006-04-24","74",""
"14002","2006-04-25","62",""
"14002","2006-04-26","54",""
"14002","2006-04-27","69",""
"14002","2006-04-28","65",""
"14002","2006-04-29","68",""
"14002","2006-04-30","78",""
"14002","2006-05-01","96",""
"14002","2006-05-02","103",""
"14002","2006-05-03","123",""
"14002","2006-05-04","156",""
"14002","2006-05-05","172",""
"14002","2006-05-06","165",""
"14002","2006-05-07","180",""
"14002","2006-05-08","172",""
"14002","2006-05-09","175",""
"14002","2006-05-10","173",""
"14002","2006-05-11","173",""
"14002","2006-05-12","161",""
"14002","2006-05-13","146",""
"14002","2006-05-14","160",""
"14002","2006-05-15","144",""
"14002","2006-05-16","147",""
"14002","2006-05-17","159",""
"14002","2006-05-18","175",""
"14002","2006-05-19","186",""
"14002","2006-05-20","177",""
"14002","2006-05-21","166",""
"14002","2006-05-22","177",""
"14002","2006-05-23","186",""
"14002","2006-05-24","194",""
"14002","2006-05-25","200",""
"14002","2006-05-26","201",""
"14002","2006-05-27","212",""
"14002","2006-05-28","215",""
"14002","2006-05-29","219",""
"14002","2006-05-30","219",""
"14002","2006-05-31","216",""
"14002","2006-06-01","214",""
"14002","2006-06-02","251",""
"14002","2006-06-03","257",""
"14002","2006-06-04","257",""
"14002","2006-06-05","247",""
"14002","2006-06-06","233",""
"14002","2006-06-07","227",""
"14002","2006-06-08","226",""
"14002","2006-06-09","222",""
"14002","2006-06-10","219",""
"14002","2006-06-11","222",""
"14002","2006-06-12","228",""
"14002","2006-06-13","225",""
"14002","2006-06-14","221",""
"14002","2006-06-15","234",""
"14002","2006-06-16","254",""
"14002","2006-06-17","254",""
"14002","2006-06-18","239",""
"14002","2006-06-19","234",""
"14002","2006-06-20","223",""
"14002","2006-06-21","215",""
"14002","2006-06-22","210",""
"14002","2006-06-23","194",""
"14002","2006-06-24","191",""
"14002","2006-06-25","190",""
"14002","2006-06-26","195",""
"14002","2006-06-27","221",""
"14002","2006-06-28","223",""
"14002","2006-06-29","223",""
"14002","2006-06-30","219",""
"14002","2006-07-01","211",""
"14002","2006-07-02","207",""
"14002","2006-07-03","204",""
"14002","2006-07-04","193",""
"14002","2006-07-05","197",""
"14002","2006-07-06","198",""
"14002","2006-07-07","200",""
"14002","2006-07-08","200",""
"14002","2006-07-09","227",""
"14002","2006-07-10","220",""
"14002","2006-07-11","235",""
"14002","2006-07-12","221",""
"14002","2006-07-13","214",""
"14002","2006-07-14","223",""
"14002","2006-07-15","225",""
"14002","2006-07-16","221",""
"14002","2006-07-17","211",""
"14002","2006-07-18","209",""
"14002","2006-07-19","207",""
"14002","2006-07-20","197",""
"14002","2006-07-21","210",""
"14002","2006-07-22","221",""
"14002","2006-07-23","218",""
"14002","2006-07-24","216",""
"14002","2006-07-25","208",""
"14002","2006-07-26","207",""
"14002","2006-07-27","205",""
"14002","2006-07-28","208",""
"14002","2006-07-29","205",""
"14002","2006-07-30","205",""
"14002","2006-07-31","203",""
"14002","2006-08-01","199",""
"14002","2006-08-02","197",""
"14002","2006-08-03","204",""
"14002","2006-08-04","216",""
"14002","2006-08-05","248",""
"14002","2006-08-06","266",""
"14002","2006-08-07","288",""
"14002","2006-08-08","255",""
"14002","2006-08-09","252",""
"14002","2006-08-10","215",""
"14002","2006-08-11","219",""
"14002","2006-08-12","216",""
"14002","2006-08-13","216",""
"14002","2006-08-14","177",""
"14002","2006-08-15","169",""
"14002","2006-08-16","165",""
"14002","2006-08-17","164",""
"14002","2006-08-18","152",""
"14002","2006-08-19","153",""
"14002","2006-08-20","152",""
"14002","2006-08-21","162",""
"14002","2006-08-22","160",""
"14002","2006-08-23","159",""
"14002","2006-08-24","158",""
"14002","2006-08-25","152",""
"14002","2006-08-26","151",""
"14002","2006-08-27","140",""
"14002","2006-08-28","155",""
"14002","2006-08-29","159",""
"14002","2006-08-30","159",""
"14002","2006-08-31","136",""
"14002","2006-09-01","126",""
"14002","2006-09-02","126",""
"14002","2006-09-03","115",""
"14002","2006-09-04","105",""
"14002","2006-09-05","98",""
"14002","2006-09-06","107",""
"14002","2006-09-07","119",""
"14002","2006-09-08","123",""
"14002","2006-09-09","119",""
"14002","2006-09-10","118",""
"14002","2006-09-11","120",""
"14002","2006-09-12","119",""
"14002","2006-09-13","118",""
"14002","2006-09-14","117",""
"14002","2006-09-15","120",""
"14002","2006-09-16","121",""
"14002","2006-09-17","128",""
"14002","2006-09-18","133",""
"14002","2006-09-19","135",""
"14002","2006-09-20","132",""
"14002","2006-09-21","131",""
"14002","2006-09-22","117",""
"14002","2006-09-23","122",""
"14002","2006-09-24","127",""
"14002","2006-09-25","124",""
"14002","2006-09-26","125",""
"14002","2006-09-27","117",""
"14002","2006-09-28","114",""
"14002","2006-09-29","125",""
"14002","2006-09-30","125",""
"14002","2006-10-01","121",""
"14002","2006-10-02","112",""
"14002","2006-10-03","104",""
"14002","2006-10-04","104",""
"14002","2006-10-05","112",""
"14002","2006-10-06","114",""
"14002","2006-10-07","120",""
"14002","2006-10-08","114",""
"14002","2006-10-09","115",""
"14002","2006-10-10","128",""
"14002","2006-10-11","133",""
"14002","2006-10-12","130",""
"14002","2006-10-13","126",""
"14002","2006-10-14","125",""
"14002","2006-10-15","124",""
"14002","2006-10-16","110",""
"14002","2006-10-17","107",""
"14002","2006-10-18","115",""
"14002","2006-10-19","123",""
"14002","2006-10-20","123",""
"14002","2006-10-21","119",""
"14002","2006-10-22","102",""
"14002","2006-10-23","97",""
"14002","2006-10-24","96",""
"14002","2006-10-25","126",""
"14002","2006-10-26","127",""
"14002","2006-10-27","122",""
"14002","2006-10-28","127",""
"14002","2006-10-29","125",""
"14002","2006-10-30","124",""
"14002","2006-10-31","120",""
"14002","2006-11-01","115",""
"14002","2006-11-02","115",""
"14002","2006-11-03","120",""
"14002","2006-11-04","118",""
"14002","2006-11-05","105",""
"14002","2006-11-06","93",""
"14002","2006-11-07","98",""
"14002","2006-11-08","103",""
"14002","2006-11-09","102",""
"14002","2006-11-10","105",""
"14002","2006-11-11","109",""
"14002","2006-11-12","115",""
"14002","2006-11-13","102",""
"14002","2006-11-14","105",""
"14002","2006-11-15","101",""
"14002","2006-11-16","106",""
"14002","2006-11-17","105",""
"14002","2006-11-18","102",""
"14002","2006-11-19","85",""
"14002","2006-11-20","75",""
"14002","2006-11-21","72",""
"14002","2006-11-22","71",""
"14002","2006-11-23","71",""
"14002","2006-11-24","69",""
"14002","2006-11-25","66",""
"14002","2006-11-26","65",""
"14002","2006-11-27","65",""
"14002","2006-11-28","59",""
"14002","2006-11-29","61",""
"14002","2006-11-30","66",""
"14002","2006-12-01","57",")"
"14002","2006-12-02","55",")"
"14002","2006-12-03","53",")"
"14002","2006-12-04","70",")"
"14002","2006-12-05","79",")"
"14002","2006-12-06","70",")"
"14002","2006-12-07","62",")"
"14002","2006-12-08","64",")"
"14002","2006-12-09","64",")Ш"
"14002","2006-12-10","60",")Ш"
"14002","2006-12-11","69",")"
"14002","2006-12-12","73",")Ш"
"14002","2006-12-13","78",")Ш"
"14002","2006-12-14","73",")Ш"
"14002","2006-12-15","73",")Ш"
"14002","2006-12-16","74",")Ш"
"14002","2006-12-17","72",")Ш"
"14002","2006-12-18","60",")Ш"
"14002","2006-12-19","55",")Ш"
"14002","2006-12-20","46",")Ш"
"14002","2006-12-21","44",")Ш"
"14002","2006-12-22","48",")Ш"
"14002","2006-12-23","51",")Ш"
"14002","2006-12-24","43",")Ш"
"14002","2006-12-25","46",")Ш"
"14002","2006-12-26","50",")Ш"
"14002","2006-12-27","49",")Ш"
"14002","2006-12-28","51",")Ш"
"14002","2006-12-29","41",")"
"14002","2006-12-30","38",")"
"14002","2006-12-31","42",")"
"14002","2007-01-01","40",")"
"14002","2007-01-02","39",")"
"14002","2007-01-03","40",")*"
"14002","2007-01-04","42",")*"
"14002","2007-01-05","47",")*"
"14002","2007-01-06","169","Z"
"14002","2007-01-07","143","Z"
"14002","2007-01-08","146","Z"
"14002","2007-01-09","150","Z"
"14002","2007-01-10","155","Z"
"14002","2007-01-11","160","Z"
"14002","2007-01-12","150","Z"
"14002","2007-01-13","153","Z"
"14002","2007-01-14","142","Z"
"14002","2007-01-15","138","Z"
"14002","2007-01-16","138","Z"
"14002","2007-01-17","139","Z"
"14002","2007-01-18","138","Z"
"14002","2007-01-19","142","Z"
"14002","2007-01-20","143","Z"
"14002","2007-01-21","144","Z"
"14002","2007-01-22","144","Z"
"14002","2007-01-23","133","Z"
"14002","2007-01-24","129","Z"
"14002","2007-01-25","139","Z"
"14002","2007-01-26","149","Z"
"14002","2007-01-27","151","Z"
"14002","2007-01-28","146","Z"
"14002","2007-01-29","148","Z"
"14002","2007-01-30","145","Z"
"14002","2007-01-31","146","Z"
"14002","2007-02-01","147","Z"
"14002","2007-02-02","146","Z"
"14002","2007-02-03","145","Z"
"14002","2007-02-04","147","Z"
"14002","2007-02-05","153","Z"
"14002","2007-02-06","152","Z"
"14002","2007-02-07","161","х"
"14002","2007-02-08","153","х"
"14002","2007-02-09","94",")"
"14002","2007-02-10","89",")"
"14002","2007-02-11","84",")"
"14002","2007-02-12","83",")"
"14002","2007-02-13","82",")"
"14002","2007-02-14","84",")"
"14002","2007-02-15","88",")"
"14002","2007-02-16","86",")"
"14002","2007-02-17","87",")"
"14002","2007-02-18","90",")"
"14002","2007-02-19","86",")"
"14002","2007-02-20","85",")"
"14002","2007-02-21","83",")"
"14002","2007-02-22","81",")"
"14002","2007-02-23","83",")"
"14002","2007-02-24","92",")"
"14002","2007-02-25","92",")"
"14002","2007-02-26","94",")"
"14002","2007-02-27","91",")"
"14002","2007-02-28","91",")"
"14002","2007-03-01","89",""
"14002","2007-03-02","89",""
"14002","2007-03-03","90",""
"14002","2007-03-04","88",""
"14002","2007-03-05","88",""
"14002","2007-03-06","87",""
"14002","2007-03-07","88",""
"14002","2007-03-08","96",""
"14002","2007-03-09","105",""
"14002","2007-03-10","101",""
"14002","2007-03-11","100",""
"14002","2007-03-12","100",""
"14002","2007-03-13","101",""
"14002","2007-03-14","96",""
"14002","2007-03-15","96",""
"14002","2007-03-16","97",""
"14002","2007-03-17","97",""
"14002","2007-03-18","94",""
"14002","2007-03-19","93",""
"14002","2007-03-20","95",""
"14002","2007-03-21","105",""
"14002","2007-03-22","109",""
"14002","2007-03-23","109",""
"14002","2007-03-24","105",""
"14002","2007-03-25","110",""
"14002","2007-03-26","110",""
"14002","2007-03-27","108",""
"14002","2007-03-28","95",""
"14002","2007-03-29","93",""
"14002","2007-03-30","98",""
"14002","2007-03-31","100",""
"14002","2007-04-01","101",""
"14002","2007-04-02","100",""
"14002","2007-04-03","104",""
"14002","2007-04-04","92",""
"14002","2007-04-05","96",""
"14002","2007-04-06","102",""
"14002","2007-04-07","111",""
"14002","2007-04-08","110",""
"14002","2007-04-09","114",""
"14002","2007-04-10","116",""
"14002","2007-04-11","120",""
"14002","2007-04-12","121",""
"14002","2007-04-13","129",""
"14002","2007-04-14","122",""
"14002","2007-04-15","113",""
"14002","2007-04-16","137",""
"14002","2007-04-17","128",""
"14002","2007-04-18","125",""
"14002","2007-04-19","156",""
"14002","2007-04-20","160",""
"14002","2007-04-21","140",""
"14002","2007-04-22","123",""
"14002","2007-04-23","117",""
"14002","2007-04-24","106",""
"14002","2007-04-25","106",""
"14002","2007-04-26","113",""
"14002","2007-04-27","102",""
"14002","2007-04-28","116",""
"14002","2007-04-29","116",""
"14002","2007-04-30","103",""
"14002","2007-05-01","114",""
"14002","2007-05-02","119",""
"14002","2007-05-03","122",""
"14002","2007-05-04","118",""
"14002","2007-05-05","113",""
"14002","2007-05-06","118",""
"14002","2007-05-07","124",""
"14002","2007-05-08","122",""
"14002","2007-05-09","163",""
"14002","2007-05-10","181",""
"14002","2007-05-11","155",""
"14002","2007-05-12","156",""
"14002","2007-05-13","151",""
"14002","2007-05-14","155",""
"14002","2007-05-15","150",""
"14002","2007-05-16","144",""
"14002","2007-05-17","139",""
"14002","2007-05-18","136",""
"14002","2007-05-19","157",""
"14002","2007-05-20","157",""
"14002","2007-05-21","175",""
"14002","2007-05-22","191",""
"14002","2007-05-23","186",""
"14002","2007-05-24","185",""
"14002","2007-05-25","172",""
"14002","2007-05-26","168",""
"14002","2007-05-27","164",""
"14002","2007-05-28","167",""
"14002","2007-05-29","168",""
"14002","2007-05-30","165",""
"14002","2007-05-31","157",""
"14002","2007-06-01","150",""
"14002","2007-06-02","142",""
"14002","2007-06-03","142",""
"14002","2007-06-04","159",""
"14002","2007-06-05","180",""
"14002","2007-06-06","179",""
"14002","2007-06-07","176",""
"14002","2007-06-08","182",""
"14002","2007-06-09","184",""
"14002","2007-06-10","189",""
"14002","2007-06-11","191",""
"14002","2007-06-12","176",""
"14002","2007-06-13","175",""
"14002","2007-06-14","175",""
"14002","2007-06-15","198",""
"14002","2007-06-16","195",""
"14002","2007-06-17","170",""
"14002","2007-06-18","168",""
"14002","2007-06-19","157",""
"14002","2007-06-20","152",""
"14002","2007-06-21","146",""
"14002","2007-06-22","140",""
"14002","2007-06-23","122",""
"14002","2007-06-24","97",""
"14002","2007-06-25","85",""
"14002","2007-06-26","79",""
"14002","2007-06-27","80",""
"14002","2007-06-28","84",""
"14002","2007-06-29","88",""
"14002","2007-06-30","93",""
"14002","2007-07-01","105",""
"14002","2007-07-02","108",""
"14002","2007-07-03","114",""
"14002","2007-07-04","128",""
"14002","2007-07-05","143",""
"14002","2007-07-06","128",""
"14002","2007-07-07","122",""
"14002","2007-07-08","127",""
"14002","2007-07-09","133",""
"14002","2007-07-10","161",""
"14002","2007-07-11","167",""
"14002","2007-07-12","181",""
"14002","2007-07-13","192",""
"14002","2007-07-14","199",""
"14002","2007-07-15","209",""
"14002","2007-07-16","215",""
"14002","2007-07-17","231",""
"14002","2007-07-18","251",""
"14002","2007-07-19","257",""
"14002","2007-07-20","231",""
"14002","2007-07-21","223",""
"14002","2007-07-22","234",""
"14002","2007-07-23","252",""
"14002","2007-07-24","253",""
"14002","2007-07-25","254",""
"14002","2007-07-26","261",""
"14002","2007-07-27","266",""
"14002","2007-07-28","280",""
"14002","2007-07-29","302",""
"14002","2007-07-30","295",""
"14002","2007-07-31","290",""
"14002","2007-08-01","273",""
"14002","2007-08-02","266",""
"14002","2007-08-03","270",""
"14002","2007-08-04","228",""
"14002","2007-08-05","273",""
"14002","2007-08-06","273",""
"14002","2007-08-07","270",""
"14002","2007-08-08","264",""
"14002","2007-08-09","261",""
"14002","2007-08-10","260",""
"14002","2007-08-11","261",""
"14002","2007-08-12","263",""
"14002","2007-08-13","270",""
"14002","2007-08-14","266",""
"14002","2007-08-15","268",""
"14002","2007-08-16","260",""
"14002","2007-08-17","250",""
"14002","2007-08-18","237",""
"14002","2007-08-19","216",""
"14002","2007-08-20","198",""
"14002","2007-08-21","186",""
"14002","2007-08-22","190",""
"14002","2007-08-23","179",""
"14002","2007-08-24","180",""
"14002","2007-08-25","183",""
"14002","2007-08-26","180",""
"14002","2007-08-27","189",""
"14002","2007-08-28","189",""
"14002","2007-08-29","189",""
"14002","2007-08-30","170",""
"14002","2007-08-31","164",""
"14002","2007-09-01","143",""
"14002","2007-09-02","107",""
"14002","2007-09-03","103",""
"14002","2007-09-04","91",""
"14002","2007-09-05","92",""
"14002","2007-09-06","102",""
"14002","2007-09-07","129",""
"14002","2007-09-08","159",""
"14002","2007-09-09","177",""
"14002","2007-09-10","180",""
"14002","2007-09-11","177",""
"14002","2007-09-12","171",""
"14002","2007-09-13","174",""
"14002","2007-09-14","137",""
"14002","2007-09-15","121",""
"14002","2007-09-16","118",""
"14002","2007-09-17","115",""
"14002","2007-09-18","107",""
"14002","2007-09-19","102",""
"14002","2007-09-20","115",""
"14002","2007-09-21","143",""
"14002","2007-09-22","152",""
"14002","2007-09-23","150",""
"14002","2007-09-24","155",""
"14002","2007-09-25","155",""
"14002","2007-09-26","155",""
"14002","2007-09-27","158",""
"14002","2007-09-28","157",""
"14002","2007-09-29","156",""
"14002","2007-09-30","154",""
"14002","2007-10-01","127",""
"14002","2007-10-02","111",""
"14002","2007-10-03","97",""
"14002","2007-10-04","96",""
"14002","2007-10-05","99",""
"14002","2007-10-06","98",""
"14002","2007-10-07","121",""
"14002","2007-10-08","143",""
"14002","2007-10-09","140",""
"14002","2007-10-10","132",""
"14002","2007-10-11","103",""
"14002","2007-10-12","107",""
"14002","2007-10-13","101",""
"14002","2007-10-14","94",""
"14002","2007-10-15","92",""
"14002","2007-10-16","91",""
"14002","2007-10-17","89",""
"14002","2007-10-18","87",""
"14002","2007-10-19","87",""
"14002","2007-10-20","84",""
"14002","2007-10-21","82",""
"14002","2007-10-22","83",""
"14002","2007-10-23","89",""
"14002","2007-10-24","88",""
"14002","2007-10-25","97",""
"14002","2007-10-26","95",""
"14002","2007-10-27","117",""
"14002","2007-10-28","164",""
"14002","2007-10-29","115",""
"14002","2007-10-30","102",""
"14002","2007-10-31","101",""
"14002","2007-11-01","95",""
"14002","2007-11-02","100",""
"14002","2007-11-03","98",""
"14002","2007-11-04","114",""
"14002","2007-11-05","109",""
"14002","2007-11-06","103",""
"14002","2007-11-07","106",""
"14002","2007-11-08","110",""
"14002","2007-11-09","109",""
"14002","2007-11-10","95",""
"14002","2007-11-11","99",""
"14002","2007-11-12","104",""
"14002","2007-11-13","99",""
"14002","2007-11-14","95",""
"14002","2007-11-15","93",""
"14002","2007-11-16","96",""
"14002","2007-11-17","115",""
"14002","2007-11-18","113",""
"14002","2007-11-19","113",""
"14002","2007-11-20","101",""
"14002","2007-11-21","85",""
"14002","2007-11-22","82",""
"14002","2007-11-23","76",""
"14002","2007-11-24","66",""
"14002","2007-11-25","79",""
"14002","2007-11-26","87",""
"14002","2007-11-27","88",""
"14002","2007-11-28","81",""
"14002","2007-11-29","88",""
"14002","2007-11-30","89",""
"14002","2007-12-01","91",""
"14002","2007-12-02","89",""
"14002","2007-12-03","75",""
"14002","2007-12-04","94",""
"14002","2007-12-05","84",""
"14002","2007-12-06","80",""
"14002","2007-12-07","95",""
"14002","2007-12-08","96",""
"14002","2007-12-09","96",""
"14002","2007-12-10","95",""
"14002","2007-12-11","88",""
"14002","2007-12-12","94",""
"14002","2007-12-13","93",""
"14002","2007-12-14","92",""
"14002","2007-12-15","88",""
"14002","2007-12-16","93",")Ш"
"14002","2007-12-17","92",")Ш"
"14002","2007-12-18","73",")Ш"
"14002","2007-12-19","60",")"
"14002","2007-12-20","72",")"
"14002","2007-12-21","69",")"
"14002","2007-12-22","63",")"
"14002","2007-12-23","54",")"
"14002","2007-12-24","60",")"
"14002","2007-12-25","72",")"
"14002","2007-12-26","81",")Ш"
"14002","2007-12-27","91",")Ш"
"14002","2007-12-28","91",")Ш"
"14002","2007-12-29","97",")Ш"
"14002","2007-12-30","121","I"
"14002","2007-12-31","139","I"
"14002","2008-01-01","143","┴"
"14002","2008-01-02","169","┴"
"14002","2008-01-03","199","┴"
"14002","2008-01-04","200","┴"
"14002","2008-01-05","219","┴"
"14002","2008-01-06","229","┴"
"14002","2008-01-07","241","┴"
"14002","2008-01-08","243","┴"
"14002","2008-01-09","235","┴"
"14002","2008-01-10","246","┴"
"14002","2008-01-11","247","┴"
"14002","2008-01-12","239","┴"
"14002","2008-01-13","238","┴"
"14002","2008-01-14","239","┴"
"14002","2008-01-15","239","┴"
"14002","2008-01-16","239","┴"
"14002","2008-01-17","237","┴"
"14002","2008-01-18","236","┴"
"14002","2008-01-19","218","┴"
"14002","2008-01-20","109","┴"
"14002","2008-01-21","132","┴"
"14002","2008-01-22","148","┴"
"14002","2008-01-23","151","┴"
"14002","2008-01-24","150","┴"
"14002","2008-01-25","149","┴"
"14002","2008-01-26","150","┴"
"14002","2008-01-27","150","┴"
"14002","2008-01-28","146","┴"
"14002","2008-01-29","142","┴"
"14002","2008-01-30","138","┴"
"14002","2008-01-31","134","┴"
"14002","2008-02-01","136","┴"
"14002","2008-02-02","139","┴"
"14002","2008-02-03","138","┴"
"14002","2008-02-04","140","┴"
"14002","2008-02-05","140","┴"
"14002","2008-02-06","139","┴"
"14002","2008-02-07","191","┴"
"14002","2008-02-08","212","┴"
"14002","2008-02-09","148","┴"
"14002","2008-02-10","138","┴"
"14002","2008-02-11","138","┴"
"14002","2008-02-12","133","┴"
"14002","2008-02-13","133","┴"
"14002","2008-02-14","131","┴"
"14002","2008-02-15","131","┴"
"14002","2008-02-16","137","┴"
"14002","2008-02-17","147","┴"
"14002","2008-02-18","147","┴"
"14002","2008-02-19","150","┴"
"14002","2008-02-20","155","┴"
"14002","2008-02-21","158","┴"
"14002","2008-02-22","162","┴"
"14002","2008-02-23","178","┴"
"14002","2008-02-24","199","┴"
"14002","2008-02-25","201","┴"
"14002","2008-02-26","200","┴"
"14002","2008-02-27","196","┴"
"14002","2008-02-28","188","┴"
"14002","2008-02-29","172","┴"
"14002","2008-03-01","225","I"
"14002","2008-03-02","241","I"
"14002","2008-03-03","248","I"
"14002","2008-03-04","245","I"
"14002","2008-03-05","263","I"
"14002","2008-03-06","270","I"
"14002","2008-03-07","269","Л"
"14002","2008-03-08","145","N"
"14002","2008-03-09","139","N"
"14002","2008-03-10","140","N"
"14002","2008-03-11","151",")"
"14002","2008-03-12","149",")"
"14002","2008-03-13","149",")"
"14002","2008-03-14","142",")"
"14002","2008-03-15","148",")"
"14002","2008-03-16","152",")"
"14002","2008-03-17","145",""
"14002","2008-03-18","145",""
"14002","2008-03-19","143",""
"14002","2008-03-20","141",""
"14002","2008-03-21","140",""
"14002","2008-03-22","142",""
"14002","2008-03-23","123",""
"14002","2008-03-24","136",""
"14002","2008-03-25","140",""
"14002","2008-03-26","150",""
"14002","2008-03-27","145",""
"14002","2008-03-28","133",""
"14002","2008-03-29","125",""
"14002","2008-03-30","120",""
"14002","2008-03-31","121",""
"14002","2008-04-01","121",""
"14002","2008-04-02","118",""
"14002","2008-04-03","113",""
"14002","2008-04-04","111",""
"14002","2008-04-05","112",""
"14002","2008-04-06","119",""
"14002","2008-04-07","118",""
"14002","2008-04-08","112",""
"14002","2008-04-09","106",""
"14002","2008-04-10","92",""
"14002","2008-04-11","81",""
"14002","2008-04-12","103",""
"14002","2008-04-13","112",""
"14002","2008-04-14","97",""
"14002","2008-04-15","91",""
"14002","2008-04-16","99",""
"14002","2008-04-17","103",""
"14002","2008-04-18","82",""
"14002","2008-04-19","90",""
"14002","2008-04-20","119",""
"14002","2008-04-21","104",""
"14002","2008-04-22","93",""
"14002","2008-04-23","95",""
"14002","2008-04-24","118",""
"14002","2008-04-25","68",""
"14002","2008-04-26","74",""
"14002","2008-04-27","97",""
"14002","2008-04-28","73",""
"14002","2008-04-29","63",""
"14002","2008-04-30","83",""
"14002","2008-05-01","120",""
"14002","2008-05-02","145",""
"14002","2008-05-03","99",""
"14002","2008-05-04","120",""
"14002","2008-05-05","142",""
"14002","2008-05-06","145",""
"14002","2008-05-07","143",""
"14002","2008-05-08","152",""
"14002","2008-05-09","145",""
"14002","2008-05-10","150",""
"14002","2008-05-11","155",""
"14002","2008-05-12","175",""
"14002","2008-05-13","181",""
"14002","2008-05-14","178",""
"14002","2008-05-15","178",""
"14002","2008-05-16","182",""
"14002","2008-05-17","181",""
"14002","2008-05-18","213",""
"14002","2008-05-19","224",""
"14002","2008-05-20","209",""
"14002","2008-05-21","212",""
"14002","2008-05-22","213",""
"14002","2008-05-23","253",""
"14002","2008-05-24","185",""
"14002","2008-05-25","171",""
"14002","2008-05-26","159",""
"14002","2008-05-27","147",""
"14002","2008-05-28","136",""
"14002","2008-05-29","120",""
"14002","2008-05-30","115",""
"14002","2008-05-31","116",""
"14002","2008-06-01","141",""
"14002","2008-06-02","132",""
"14002","2008-06-03","132",""
"14002","2008-06-04","132",""
"14002","2008-06-05","117",""
"14002","2008-06-06","111",""
"14002","2008-06-07","104",""
"14002","2008-06-08","101",""
"14002","2008-06-09","178",""
"14002","2008-06-10","180",""
"14002","2008-06-11","182",""
"14002","2008-06-12","201",""
"14002","2008-06-13","169",""
"14002","2008-06-14","181",""
"14002","2008-06-15","177",""
"14002","2008-06-16","189",""
"14002","2008-06-17","160",""
"14002","2008-06-18","122",""
"14002","2008-06-19","83",""
"14002","2008-06-20","64",""
"14002","2008-06-21","111",""
"14002","2008-06-22","116",""
"14002","2008-06-23","127",""
"14002","2008-06-24","122",""
"14002","2008-06-25","126",""
"14002","2008-06-26","127",""
"14002","2008-06-27","127",""
"14002","2008-06-28","126",""
"14002","2008-06-29","125",""
"14002","2008-06-30","112",""
"14002","2008-07-01","108",""
"14002","2008-07-02","102",""
"14002","2008-07-03","101",""
"14002","2008-07-04","112",""
"14002","2008-07-05","121",""
"14002","2008-07-06","118",""
"14002","2008-07-07","122",""
"14002","2008-07-08","122",""
"14002","2008-07-09","115",""
"14002","2008-07-10","117",""
"14002","2008-07-11","131",""
"14002","2008-07-12","132",""
"14002","2008-07-13","136",""
"14002","2008-07-14","132",""
"14002","2008-07-15","116",""
"14002","2008-07-16","139",""
"14002","2008-07-17","146",""
"14002","2008-07-18","145",""
"14002","2008-07-19","152",""
"14002","2008-07-20","157",""
"14002","2008-07-21","149",""
"14002","2008-07-22","119",""
"14002","2008-07-23","119",""
"14002","2008-07-24","135",""
"14002","2008-07-25","143",""
"14002","2008-07-26","139",""
"14002","2008-07-27","126",""
"14002","2008-07-28","120",""
"14002","2008-07-29","116",""
"14002","2008-07-30","114",""
"14002","2008-07-31","123",""
"14002","2008-08-01","134",""
"14002","2008-08-02","138",""
"14002","2008-08-03","142",""
"14002","2008-08-04","142",""
"14002","2008-08-05","148",""
"14002","2008-08-06","131",""
"14002","2008-08-07","109",""
"14002","2008-08-08","102",""
"14002","2008-08-09","101",""
"14002","2008-08-10","109",""
"14002","2008-08-11","117",""
"14002","2008-08-12","111",""
"14002","2008-08-13","99",""
"14002","2008-08-14","103",""
"14002","2008-08-15","105",""
"14002","2008-08-16","99",""
"14002","2008-08-17","94",""
"14002","2008-08-18","104",""
"14002","2008-08-19","97",""
"14002","2008-08-20","99",""
"14002","2008-08-21","91",""
"14002","2008-08-22","77",""
"14002","2008-08-23","83",""
"14002","2008-08-24","92",""
"14002","2008-08-25","91",""
"14002","2008-08-26","89",""
"14002","2008-08-27","91",""
"14002","2008-08-28","75",""
"14002","2008-08-29","62",""
"14002","2008-08-30","50",""
"14002","2008-08-31","43",""
"14002","2008-09-01","43",""
"14002","2008-09-02","44",""
"14002","2008-09-03","50",""
"14002","2008-09-04","56",""
"14002","2008-09-05","68",""
"14002","2008-09-06","57",""
"14002","2008-09-07","47",""
"14002","2008-09-08","55",""
"14002","2008-09-09","53",""
"14002","2008-09-10","62",""
"14002","2008-09-11","68",""
"14002","2008-09-12","75",""
"14002","2008-09-13","81",""
"14002","2008-09-14","86",""
"14002","2008-09-15","123",""
"14002","2008-09-16","164",""
"14002","2008-09-17","163",""
"14002","2008-09-18","140",""
"14002","2008-09-19","115",""
"14002","2008-09-20","108",""
"14002","2008-09-21","118",""
"14002","2008-09-22","133",""
"14002","2008-09-23","147",""
"14002","2008-09-24","96",""
"14002","2008-09-25","95",""
"14002","2008-09-26","131",""
"14002","2008-09-27","131",""
"14002","2008-09-28","89",""
"14002","2008-09-29","64",""
"14002","2008-09-30","84",""
"14002","2008-10-01","96",""
"14002","2008-10-02","93",""
"14002","2008-10-03","78",""
"14002","2008-10-04","71",""
"14002","2008-10-05","89",""
"14002","2008-10-06","109",""
"14002","2008-10-07","110",""
"14002","2008-10-08","143",""
"14002","2008-10-09","123",""
"14002","2008-10-10","116",""
"14002","2008-10-11","120",""
"14002","2008-10-12","123",""
"14002","2008-10-13","127",""
"14002","2008-10-14","125",""
"14002","2008-10-15","121",""
"14002","2008-10-16","121",""
"14002","2008-10-17","124",""
"14002","2008-10-18","118",""
"14002","2008-10-19","120",""
"14002","2008-10-20","126",""
"14002","2008-10-21","121",""
"14002","2008-10-22","105",""
"14002","2008-10-23","111",""
"14002","2008-10-24","130",""
"14002","2008-10-25","122",""
"14002","2008-10-26","122",""
"14002","2008-10-27","113",""
"14002","2008-10-28","109",""
"14002","2008-10-29","104",""
"14002","2008-10-30","106",""
"14002","2008-10-31","106",""
"14002","2008-11-01","107",""
"14002","2008-11-02","103",""
"14002","2008-11-03","103",""
"14002","2008-11-04","102",""
"14002","2008-11-05","100",""
"14002","2008-11-06","104",""
"14002","2008-11-07","106",""
"14002","2008-11-08","102",""
"14002","2008-11-09","107",""
"14002","2008-11-10","101",""
"14002","2008-11-11","97",""
"14002","2008-11-12","95",""
"14002","2008-11-13","95",""
"14002","2008-11-14","93",""
"14002","2008-11-15","94",""
"14002","2008-11-16","89",""
"14002","2008-11-17","84",""
"14002","2008-11-18","95",""
"14002","2008-11-19","84",""
"14002","2008-11-20","88",""
"14002","2008-11-21","88",""
"14002","2008-11-22","88",""
"14002","2008-11-23","86",""
"14002","2008-11-24","82",""
"14002","2008-11-25","67",""
"14002","2008-11-26","59",""
"14002","2008-11-27","54",""
"14002","2008-11-28","53",""
"14002","2008-11-29","53",""
"14002","2008-11-30","56",""
"14002","2008-12-01","56",""
"14002","2008-12-02","56",""
"14002","2008-12-03","68",""
"14002","2008-12-04","63",""
"14002","2008-12-05","58",""
"14002","2008-12-06","53",""
"14002","2008-12-07","54",""
"14002","2008-12-08","56",""
"14002","2008-12-09","61",""
"14002","2008-12-10","60",""
"14002","2008-12-11","48",""
"14002","2008-12-12","49",""
"14002","2008-12-13","45",""
"14002","2008-12-14","37",""
"14002","2008-12-15","40",""
"14002","2008-12-16","39",""
"14002","2008-12-17","39",""
"14002","2008-12-18","41",""
"14002","2008-12-19","41",""
"14002","2008-12-20","42",""
"14002","2008-12-21","45",""
"14002","2008-12-22","52",""
"14002","2008-12-23","57",""
"14002","2008-12-24","61",""
"14002","2008-12-25","63",""
"14002","2008-12-26","66",")*"
"14002","2008-12-27","63",")*"
"14002","2008-12-28","55",")*"
"14002","2008-12-29","57",")*"
"14002","2008-12-30","59",")*"
"14002","2008-12-31","59",")*"
"14002","2009-01-01","62",")Ш"
"14002","2009-01-02","60",")Ш"
"14002","2009-01-03","59",")Ш"
"14002","2009-01-04","61",")Ш"
"14002","2009-01-05","59",")Ш"
"14002","2009-01-06","60",")Ш"
"14002","2009-01-07","62",")Ш"
"14002","2009-01-08","64",")Ш"
"14002","2009-01-09","62",")Ш"
"14002","2009-01-10","60",")Ш"
"14002","2009-01-11","61",")Ш"
"14002","2009-01-12","58",")Ш"
"14002","2009-01-13","56",")Ш"
"14002","2009-01-14","57",")Ш"
"14002","2009-01-15","54",")Ш"
"14002","2009-01-16","52",")Ш"
"14002","2009-01-17","53",")Ш"
"14002","2009-01-18","55",")Ш"
"14002","2009-01-19","53",")Ш"
"14002","2009-01-20","31",")Ш"
"14002","2009-01-21","30",")Ш"
"14002","2009-01-22","34",")Ш"
"14002","2009-01-23","22",")Ш"
"14002","2009-01-24","19",")Ш"
"14002","2009-01-25","14",")Ш"
"14002","2009-01-26","18",")Ш"
"14002","2009-01-27","17",")Ш"
"14002","2009-01-28","14",")Ш"
"14002","2009-01-29","13",")Ш"
"14002","2009-01-30","13",")Ш"
"14002","2009-01-31","15",")Ш"
"14002","2009-02-01","14",")"
"14002","2009-02-02","10",")"
"14002","2009-02-03","13",")"
"14002","2009-02-04","14",")"
"14002","2009-02-05","11",")"
"14002","2009-02-06","22",")"
"14002","2009-02-07","44",")"
"14002","2009-02-08","48",")"
"14002","2009-02-09","47",")"
"14002","2009-02-10","32",")"
"14002","2009-02-11","30",")"
"14002","2009-02-12","27",")"
"14002","2009-02-13","23",")"
"14002","2009-02-14","21",""
"14002","2009-02-15","14",""
"14002","2009-02-16","13",""
"14002","2009-02-17","17",""
"14002","2009-02-18","34",""
"14002","2009-02-19","57",""
"14002","2009-02-20","69",""
"14002","2009-02-21","72",""
"14002","2009-02-22","74",""
"14002","2009-02-23","73",""
"14002","2009-02-24","75",""
"14002","2009-02-25","77",""
"14002","2009-02-26","88",""
"14002","2009-02-27","102",""
"14002","2009-02-28","107",""
"14002","2009-03-01","105",""
"14002","2009-03-02","104",""
"14002","2009-03-03","105",""
"14002","2009-03-04","100",""
"14002","2009-03-05","97",""
"14002","2009-03-06","93",""
"14002","2009-03-07","91",""
"14002","2009-03-08","97",""
"14002","2009-03-09","103",""
"14002","2009-03-10","98",""
"14002","2009-03-11","85",""
"14002","2009-03-12","79",""
"14002","2009-03-13","77",""
"14002","2009-03-14","66",""
"14002","2009-03-15","57",""
"14002","2009-03-16","53",""
"14002","2009-03-17","71",""
"14002","2009-03-18","77",""
"14002","2009-03-19","78",""
"14002","2009-03-20","113",""
"14002","2009-03-21","136",""
"14002","2009-03-22","129",""
"14002","2009-03-23","123",""
"14002","2009-03-24","125",""
"14002","2009-03-25","131",""
"14002","2009-03-26","145",""
"14002","2009-03-27","146",""
"14002","2009-03-28","138",""
"14002","2009-03-29","137",""
"14002","2009-03-30","126",""
"14002","2009-03-31","134",""
"14002","2009-04-01","144",""
"14002","2009-04-02","145",""
"14002","2009-04-03","142",""
"14002","2009-04-04","132",""
"14002","2009-04-05","130",""
"14002","2009-04-06","122",""
"14002","2009-04-07","117",""
"14002","2009-04-08","116",""
"14002","2009-04-09","118",""
"14002","2009-04-10","119",""
"14002","2009-04-11","121",""
"14002","2009-04-12","112",""
"14002","2009-04-13","112",""
"14002","2009-04-14","115",""
"14002","2009-04-15","133",""
"14002","2009-04-16","139",""
"14002","2009-04-17","145",""
"14002","2009-04-18","133",""
"14002","2009-04-19","125",""
"14002","2009-04-20","114",""
"14002","2009-04-21","99",""
"14002","2009-04-22","111",""
"14002","2009-04-23","136",""
"14002","2009-04-24","138",""
"14002","2009-04-25","148",""
"14002","2009-04-26","164",""
"14002","2009-04-27","163",""
"14002","2009-04-28","153",""
"14002","2009-04-29","161",""
"14002","2009-04-30","163",""
"14002","2009-05-01","131",""
"14002","2009-05-02","139",""
"14002","2009-05-03","142",""
"14002","2009-05-04","107",""
"14002","2009-05-05","84",""
"14002","2009-05-06","77",""
"14002","2009-05-07","67",""
"14002","2009-05-08","160",""
"14002","2009-05-09","161",""
"14002","2009-05-10","161",""
"14002","2009-05-11","148",""
"14002","2009-05-12","166",""
"14002","2009-05-13","158",""
"14002","2009-05-14","122",""
"14002","2009-05-15","113",""
"14002","2009-05-16","177",""
"14002","2009-05-17","210",""
"14002","2009-05-18","228",""
"14002","2009-05-19","199",""
"14002","2009-05-20","198",""
"14002","2009-05-21","173",""
"14002","2009-05-22","162",""
"14002","2009-05-23","158",""
"14002","2009-05-24","144",""
"14002","2009-05-25","143",""
"14002","2009-05-26","145",""
"14002","2009-05-27","134",""
"14002","2009-05-28","123",""
"14002","2009-05-29","108",""
"14002","2009-05-30","93",""
"14002","2009-05-31","102",""
"14002","2009-06-01","114",""
"14002","2009-06-02","128",""
"14002","2009-06-03","141",""
"14002","2009-06-04","152",""
"14002","2009-06-05","168",""
"14002","2009-06-06","157",""
"14002","2009-06-07","144",""
"14002","2009-06-08","140",""
"14002","2009-06-09","142",""
"14002","2009-06-10","128",""
"14002","2009-06-11","128",""
"14002","2009-06-12","127",""
"14002","2009-06-13","133",""
"14002","2009-06-14","144",""
"14002","2009-06-15","149",""
"14002","2009-06-16","127",""
"14002","2009-06-17","119",""
"14002","2009-06-18","117",""
"14002","2009-06-19","105",""
"14002","2009-06-20","97",""
"14002","2009-06-21","94",""
"14002","2009-06-22","82",""
"14002","2009-06-23","81",""
"14002","2009-06-24","119",""
"14002","2009-06-25","198",""
"14002","2009-06-26","217",""
"14002","2009-06-27","225",""
"14002","2009-06-28","227",""
"14002","2009-06-29","230",""
"14002","2009-06-30","229",""
"14002","2009-07-01","232",""
"14002","2009-07-02","229",""
"14002","2009-07-03","194",""
"14002","2009-07-04","154",""
"14002","2009-07-05","198",""
"14002","2009-07-06","209",""
"14002","2009-07-07","200",""
"14002","2009-07-08","199",""
"14002","2009-07-09","168",""
"14002","2009-07-10","132",""
"14002","2009-07-11","130",""
"14002","2009-07-12","129",""
"14002","2009-07-13","127",""
"14002","2009-07-14","133",""
"14002","2009-07-15","119",""
"14002","2009-07-16","119",""
"14002","2009-07-17","126",""
"14002","2009-07-18","129",""
"14002","2009-07-19","132",""
"14002","2009-07-20","123",""
"14002","2009-07-21","118",""
"14002","2009-07-22","126",""
"14002","2009-07-23","168",""
"14002","2009-07-24","151",""
"14002","2009-07-25","174",""
"14002","2009-07-26","183",""
"14002","2009-07-27","186",""
"14002","2009-07-28","180",""
"14002","2009-07-29","181",""
"14002","2009-07-30","185",""
"14002","2009-07-31","175",""
"14002","2009-08-01","144",""
"14002","2009-08-02","141",""
"14002","2009-08-03","165",""
"14002","2009-08-04","183",""
"14002","2009-08-05","192",""
"14002","2009-08-06","197",""
"14002","2009-08-07","197",""
"14002","2009-08-08","183",""
"14002","2009-08-09","163",""
"14002","2009-08-10","168",""
"14002","2009-08-11","174",""
"14002","2009-08-12","182",""
"14002","2009-08-13","187",""
"14002","2009-08-14","187",""
"14002","2009-08-15","178",""
"14002","2009-08-16","169",""
"14002","2009-08-17","147",""
"14002","2009-08-18","127",""
"14002","2009-08-19","119",""
"14002","2009-08-20","92",""
"14002","2009-08-21","82",""
"14002","2009-08-22","83",""
"14002","2009-08-23","81",""
"14002","2009-08-24","82",""
"14002","2009-08-25","82",""
"14002","2009-08-26","67",""
"14002","2009-08-27","69",""
"14002","2009-08-28","67",""
"14002","2009-08-29","62",""
"14002","2009-08-30","52",""
"14002","2009-08-31","56",""
"14002","2009-09-01","68",""
"14002","2009-09-02","88",""
"14002","2009-09-03","82",""
"14002","2009-09-04","78",""
"14002","2009-09-05","75",""
"14002","2009-09-06","73",""
"14002","2009-09-07","107",""
"14002","2009-09-08","160",""
"14002","2009-09-09","178",""
"14002","2009-09-10","158",""
"14002","2009-09-11","155",""
"14002","2009-09-12","179",""
"14002","2009-09-13","197",""
"14002","2009-09-14","195",""
"14002","2009-09-15","204",""
"14002","2009-09-16","196",""
"14002","2009-09-17","175",""
"14002","2009-09-18","189",""
"14002","2009-09-19","198",""
"14002","2009-09-20","186",""
"14002","2009-09-21","182",""
"14002","2009-09-22","190",""
"14002","2009-09-23","202",""
"14002","2009-09-24","205",""
"14002","2009-09-25","203",""
"14002","2009-09-26","218",""
"14002","2009-09-27","237",""
"14002","2009-09-28","234",""
"14002","2009-09-29","208",""
"14002","2009-09-30","202",""
"14002","2009-10-01","200",""
"14002","2009-10-02","197",""
"14002","2009-10-03","190",""
"14002","2009-10-04","193",""
"14002","2009-10-05","182",""
"14002","2009-10-06","165",""
"14002","2009-10-07","191",""
"14002","2009-10-08","162",""
"14002","2009-10-09","171",""
"14002","2009-10-10","168",""
"14002","2009-10-11","171",""
"14002","2009-10-12","177",""
"14002","2009-10-13","174",""
"14002","2009-10-14","171",""
"14002","2009-10-15","154",""
"14002","2009-10-16","154",""
"14002","2009-10-17","116",""
"14002","2009-10-18","87",""
"14002","2009-10-19","86",""
"14002","2009-10-20","81",""
"14002","2009-10-21","83",""
"14002","2009-10-22","100",""
"14002","2009-10-23","111",""
"14002","2009-10-24","148",""
"14002","2009-10-25","164",""
"14002","2009-10-26","163",""
"14002","2009-10-27","158",""
"14002","2009-10-28","173",""
"14002","2009-10-29","107",""
"14002","2009-10-30","87",""
"14002","2009-10-31","84",""
"14002","2009-11-01","108",""
"14002","2009-11-02","139",""
"14002","2009-11-03","141",""
"14002","2009-11-04","143",""
"14002","2009-11-05","143",""
"14002","2009-11-06","146",""
"14002","2009-11-07","155",""
"14002","2009-11-08","163",""
"14002","2009-11-09","165",""
"14002","2009-11-10","161",""
"14002","2009-11-11","146",""
"14002","2009-11-12","124",""
"14002","2009-11-13","123",""
"14002","2009-11-14","123",""
"14002","2009-11-15","127",""
"14002","2009-11-16","135",""
"14002","2009-11-17","138",""
"14002","2009-11-18","139",""
"14002","2009-11-19","138",""
"14002","2009-11-20","136",""
"14002","2009-11-21","132",""
"14002","2009-11-22","131",""
"14002","2009-11-23","130",""
"14002","2009-11-24","116",""
"14002","2009-11-25","115",""
"14002","2009-11-26","116",""
"14002","2009-11-27","117",""
"14002","2009-11-28","118",""
"14002","2009-11-29","115",""
"14002","2009-11-30","112",""
"14002","2009-12-01","105",""
"14002","2009-12-02","84",""
"14002","2009-12-03","88",""
"14002","2009-12-04","93",""
"14002","2009-12-05","94",""
"14002","2009-12-06","93",""
"14002","2009-12-07","94",""
"14002","2009-12-08","94",""
"14002","2009-12-09","94",""
"14002","2009-12-10","90",")"
"14002","2009-12-11","87",")Ш"
"14002","2009-12-12","87",")Ш"
"14002","2009-12-13","94",")Ш"
"14002","2009-12-14","90",")Ш"
"14002","2009-12-15","87",")Ш"
"14002","2009-12-16","91",")Ш"
"14002","2009-12-17","90",")Ш"
"14002","2009-12-18","84",")Ш"
"14002","2009-12-19","81",")Ш"
"14002","2009-12-20","81",")Ш"
"14002","2009-12-21","83",")Ш"
"14002","2009-12-22","80",")Ш"
"14002","2009-12-23","82",")Ш"
"14002","2009-12-24","80",")Ш"
"14002","2009-12-25","80",")Ш"
"14002","2009-12-26","85",")Ш"
"14002","2009-12-27","87",")Ш"
"14002","2009-12-28","86",")Ш"
"14002","2009-12-29","90",")Ш"
"14002","2009-12-30","99",")Ш"
"14002","2009-12-31","95",")Ш"
"14002","2010-01-01","92",")Ш"
"14002","2010-01-02","91",")Ш"
"14002","2010-01-03","87",")Ш"
"14002","2010-01-04","82",")Ш"
"14002","2010-01-05","81",")Ш"
"14002","2010-01-06","82",")Ш"
"14002","2010-01-07","84",")Ш"
"14002","2010-01-08","86",")Ш"
"14002","2010-01-09","88",")Ш"
"14002","2010-01-10","87",")Ш"
"14002","2010-01-11","86",")Ш"
"14002","2010-01-12","83",")Ш"
"14002","2010-01-13","80",")Ш"
"14002","2010-01-14","77",")Ш"
"14002","2010-01-15","79",")Ш"
"14002","2010-01-16","80",")Ш"
"14002","2010-01-17","81",")Ш"
"14002","2010-01-18","82",")Ш"
"14002","2010-01-19","79",")Ш"
"14002","2010-01-20","82",")Ш"
"14002","2010-01-21","85","I"
"14002","2010-01-22","144","I"
"14002","2010-01-23","207","I"
"14002","2010-01-24","219","I"
"14002","2010-01-25","213","Z"
"14002","2010-01-26","214","Z"
"14002","2010-01-27","221","Z"
"14002","2010-01-28","230","Z"
"14002","2010-01-29","222","Z"
"14002","2010-01-30","225","Z"
"14002","2010-01-31","221","Z"
"14002","2010-02-01","213","Z"
"14002","2010-02-02","170","Z"
"14002","2010-02-03","131",")Ш"
"14002","2010-02-04","88",")Ш"
"14002","2010-02-05","78",")Ш"
"14002","2010-02-06","83",")Ш"
"14002","2010-02-07","86",")Ш"
"14002","2010-02-08","81",")Ш"
"14002","2010-02-09","79",")Ш"
"14002","2010-02-10","78",")Ш"
"14002","2010-02-11","121",")Ш"
"14002","2010-02-12","131",")Ш"
"14002","2010-02-13","137",")Ш"
"14002","2010-02-14","137","I"
"14002","2010-02-15","136","I"
"14002","2010-02-16","138","I"
"14002","2010-02-17","178","I"
"14002","2010-02-18","195","Z"
"14002","2010-02-19","197","Z"
"14002","2010-02-20","201","Z"
"14002","2010-02-21","206","Z"
"14002","2010-02-22","212","Z"
"14002","2010-02-23","228","Z"
"14002","2010-02-24","232","Z"
"14002","2010-02-25","241","Z"
"14002","2010-02-26","257","Z"
"14002","2010-02-27","133","Z"
"14002","2010-02-28","128","Z"
"14002","2010-03-01","125",")"
"14002","2010-03-02","127",")"
"14002","2010-03-03","123",""
"14002","2010-03-04","118",""
"14002","2010-03-05","120",""
"14002","2010-03-06","123",""
"14002","2010-03-07","133",""
"14002","2010-03-08","137",""
"14002","2010-03-09","130",""
"14002","2010-03-10","134",""
"14002","2010-03-11","138",""
"14002","2010-03-12","147",""
"14002","2010-03-13","140",""
"14002","2010-03-14","129",""
"14002","2010-03-15","127",""
"14002","2010-03-16","125",""
"14002","2010-03-17","123",""
"14002","2010-03-18","135",""
"14002","2010-03-19","142",""
"14002","2010-03-20","163",""
"14002","2010-03-21","158",""
"14002","2010-03-22","162",""
"14002","2010-03-23","148",""
"14002","2010-03-24","140",""
"14002","2010-03-25","139",""
"14002","2010-03-26","138",""
"14002","2010-03-27","138",""
"14002","2010-03-28","150",""
"14002","2010-03-29","154",""
"14002","2010-03-30","147",""
"14002","2010-03-31","147",""
"14002","2010-04-01","150",""
"14002","2010-04-02","145",""
"14002","2010-04-03","151",""
"14002","2010-04-04","167",""
"14002","2010-04-05","169",""
"14002","2010-04-06","165",""
"14002","2010-04-07","167",""
"14002","2010-04-08","170",""
"14002","2010-04-09","162",""
"14002","2010-04-10","135",""
"14002","2010-04-11","135",""
"14002","2010-04-12","134",""
"14002","2010-04-13","131",""
"14002","2010-04-14","129",""
"14002","2010-04-15","134",""
"14002","2010-04-16","134",""
"14002","2010-04-17","160",""
"14002","2010-04-18","182",""
"14002","2010-04-19","186",""
"14002","2010-04-20","181",""
"14002","2010-04-21","179",""
"14002","2010-04-22","181",""
"14002","2010-04-23","183",""
"14002","2010-04-24","182",""
"14002","2010-04-25","178",""
"14002","2010-04-26","184",""
"14002","2010-04-27","187",""
"14002","2010-04-28","185",""
"14002","2010-04-29","205",""
"14002","2010-04-30","220",""
"14002","2010-05-01","230",""
"14002","2010-05-02","242",""
"14002","2010-05-03","254",""
"14002","2010-05-04","267",""
"14002","2010-05-05","259",""
"14002","2010-05-06","260",""
"14002","2010-05-07","286",""
"14002","2010-05-08","285",""
"14002","2010-05-09","283",""
"14002","2010-05-10","260",""
"14002","2010-05-11","262",""
"14002","2010-05-12","273",""
"14002","2010-05-13","282",""
"14002","2010-05-14","285",""
"14002","2010-05-15","282",""
"14002","2010-05-16","258",""
"14002","2010-05-17","224",""
"14002","2010-05-18","230",""
"14002","2010-05-19","224",""
"14002","2010-05-20","211",""
"14002","2010-05-21","195",""
"14002","2010-05-22","204",""
"14002","2010-05-23","216",""
"14002","2010-05-24","227",""
"14002","2010-05-25","210",""
"14002","2010-05-26","211",""
"14002","2010-05-27","220",""
"14002","2010-05-28","239",""
"14002","2010-05-29","249",""
"14002","2010-05-30","238",""
"14002","2010-05-31","239",""
"14002","2010-06-01","239",""
"14002","2010-06-02","256",""
"14002","2010-06-03","263",""
"14002","2010-06-04","259",""
"14002","2010-06-05","260",""
"14002","2010-06-06","261",""
"14002","2010-06-07","260",""
"14002","2010-06-08","259",""
"14002","2010-06-09","274",""
"14002","2010-06-10","292",""
"14002","2010-06-11","292",""
"14002","2010-06-12","293",""
"14002","2010-06-13","286",""
"14002","2010-06-14","300",""
"14002","2010-06-15","318",""
"14002","2010-06-16","306",""
"14002","2010-06-17","291",""
"14002","2010-06-18","286",""
"14002","2010-06-19","294",""
"14002","2010-06-20","307",""
"14002","2010-06-21","317",""
"14002","2010-06-22","336",""
"14002","2010-06-23","351",""
"14002","2010-06-24","362",""
"14002","2010-06-25","366",""
"14002","2010-06-26","370",""
"14002","2010-06-27","374",""
"14002","2010-06-28","371",""
"14002","2010-06-29","368",""
"14002","2010-06-30","362",""
"14002","2010-07-01","357",""
"14002","2010-07-02","358",""
"14002","2010-07-03","327",""
"14002","2010-07-04","293",""
"14002","2010-07-05","280",""
"14002","2010-07-06","263",""
"14002","2010-07-07","246",""
"14002","2010-07-08","251",""
"14002","2010-07-09","250",""
"14002","2010-07-10","259",""
"14002","2010-07-11","270",""
"14002","2010-07-12","281",""
"14002","2010-07-13","288",""
"14002","2010-07-14","286",""
"14002","2010-07-15","279",""
"14002","2010-07-16","267",""
"14002","2010-07-17","269",""
"14002","2010-07-18","266",""
"14002","2010-07-19","260",""
"14002","2010-07-20","277",""
"14002","2010-07-21","286",""
"14002","2010-07-22","283",""
"14002","2010-07-23","286",""
"14002","2010-07-24","293",""
"14002","2010-07-25","285",""
"14002","2010-07-26","290",""
"14002","2010-07-27","293",""
"14002","2010-07-28","289",""
"14002","2010-07-29","289",""
"14002","2010-07-30","282",""
"14002","2010-07-31","281",""
"14002","2010-08-01","282",""
"14002","2010-08-02","305",""
"14002","2010-08-03","326",""
"14002","2010-08-04","325",""
"14002","2010-08-05","320",""
"14002","2010-08-06","320",""
"14002","2010-08-07","308",""
"14002","2010-08-08","315",""
"14002","2010-08-09","312",""
"14002","2010-08-10","300",""
"14002","2010-08-11","292",""
"14002","2010-08-12","287",""
"14002","2010-08-13","284",""
"14002","2010-08-14","300",""
"14002","2010-08-15","296",""
"14002","2010-08-16","292",""
"14002","2010-08-17","288",""
"14002","2010-08-18","288",""
"14002","2010-08-19","281",""
"14002","2010-08-20","277",""
"14002","2010-08-21","264",""
"14002","2010-08-22","263",""
"14002","2010-08-23","253",""
"14002","2010-08-24","233",""
"14002","2010-08-25","237",""
"14002","2010-08-26","259",""
"14002","2010-08-27","261",""
"14002","2010-08-28","258",""
"14002","2010-08-29","261",""
"14002","2010-08-30","262",""
"14002","2010-08-31","259",""
"14002","2010-09-01","227",""
"14002","2010-09-02","221",""
"14002","2010-09-03","171",""
"14002","2010-09-04","155",""
"14002","2010-09-05","154",""
"14002","2010-09-06","189",""
"14002","2010-09-07","196",""
"14002","2010-09-08","197",""
"14002","2010-09-09","195",""
"14002","2010-09-10","195",""
"14002","2010-09-11","183",""
"14002","2010-09-12","167",""
"14002","2010-09-13","178",""
"14002","2010-09-14","179",""
"14002","2010-09-15","166",""
"14002","2010-09-16","150",""
"14002","2010-09-17","134",""
"14002","2010-09-18","126",""
"14002","2010-09-19","115",""
"14002","2010-09-20","127",""
"14002","2010-09-21","131",""
"14002","2010-09-22","130",""
"14002","2010-09-23","136",""
"14002","2010-09-24","152",""
"14002","2010-09-25","160",""
"14002","2010-09-26","158",""
"14002","2010-09-27","153",""
"14002","2010-09-28","146",""
"14002","2010-09-29","143",""
"14002","2010-09-30","147",""
"14002","2010-10-01","150",""
"14002","2010-10-02","144",""
"14002","2010-10-03","148",""
"14002","2010-10-04","138",""
"14002","2010-10-05","132",""
"14002","2010-10-06","127",""
"14002","2010-10-07","142",""
"14002","2010-10-08","143",""
"14002","2010-10-09","151",""
"14002","2010-10-10","155",""
"14002","2010-10-11","159",""
"14002","2010-10-12","157",""
"14002","2010-10-13","154",""
"14002","2010-10-14","149",""
"14002","2010-10-15","145",""
"14002","2010-10-16","143",""
"14002","2010-10-17","143",""
"14002","2010-10-18","149",""
"14002","2010-10-19","147",""
"14002","2010-10-20","155",""
"14002","2010-10-21","182",""
"14002","2010-10-22","200",""
"14002","2010-10-23","170",""
"14002","2010-10-24","154",""
"14002","2010-10-25","159",""
"14002","2010-10-26","161",""
"14002","2010-10-27","143",""
"14002","2010-10-28","149",""
"14002","2010-10-29","144",""
"14002","2010-10-30","136",""
"14002","2010-10-31","141",""
"14002","2010-11-01","160",""
"14002","2010-11-02","138",""
"14002","2010-11-03","132",""
"14002","2010-11-04","143",""
"14002","2010-11-05","142",""
"14002","2010-11-06","130",""
"14002","2010-11-07","130",""
"14002","2010-11-08","133",""
"14002","2010-11-09","150",""
"14002","2010-11-10","164",""
"14002","2010-11-11","143",""
"14002","2010-11-12","131",""
"14002","2010-11-13","137",""
"14002","2010-11-14","143",""
"14002","2010-11-15","140",""
"14002","2010-11-16","124",""
"14002","2010-11-17","122",""
"14002","2010-11-18","129",""
"14002","2010-11-19","108",""
"14002","2010-11-20","114",""
"14002","2010-11-21","116",""
"14002","2010-11-22","117",""
"14002","2010-11-23","124",""
"14002","2010-11-24","116",""
"14002","2010-11-25","121",""
"14002","2010-11-26","121",""
"14002","2010-11-27","119",""
"14002","2010-11-28","116",""
"14002","2010-11-29","118",""
"14002","2010-11-30","124",""
"14002","2010-12-01","125",""
"14002","2010-12-02","111",""
"14002","2010-12-03","98",""
"14002","2010-12-04","99",""
"14002","2010-12-05","99",""
"14002","2010-12-06","94",""
"14002","2010-12-07","104",""
"14002","2010-12-08","100",""
"14002","2010-12-09","115",""
"14002","2010-12-10","124",""
"14002","2010-12-11","105",""
"14002","2010-12-12","101",""
"14002","2010-12-13","94",""
"14002","2010-12-14","102",""
"14002","2010-12-15","97",""
"14002","2010-12-16","97",""
"14002","2010-12-17","91",""
"14002","2010-12-18","90",""
"14002","2010-12-19","95",""
"14002","2010-12-20","105",""
"14002","2010-12-21","87",""
"14002","2010-12-22","90",""
"14002","2010-12-23","85",")Ш"
"14002","2010-12-24","87",")Ш"
"14002","2010-12-25","80",")Ш"
"14002","2010-12-26","79",")Ш"
"14002","2010-12-27","79",")Ш"
"14002","2010-12-28","82",")Ш"
"14002","2010-12-29","79",")Ш"
"14002","2010-12-30","88",")Ш"
"14002","2010-12-31","94",")Ш"
"14002","2011-01-01","108",")Ш"
"14002","2011-01-02","114",")Ш"
"14002","2011-01-03","94",")Ш"
"14002","2011-01-04","97",")Ш"
"14002","2011-01-05","145","Z"
"14002","2011-01-06","185","Z"
"14002","2011-01-07","189","Z"
"14002","2011-01-08","201","Z"
"14002","2011-01-09","192","Z"
"14002","2011-01-10","187","┴"
"14002","2011-01-11","197","┴"
"14002","2011-01-12","236","┴"
"14002","2011-01-13","235","┴"
"14002","2011-01-14","232","┴"
"14002","2011-01-15","230","┴"
"14002","2011-01-16","231","┴"
"14002","2011-01-17","229","┴"
"14002","2011-01-18","222","┴"
"14002","2011-01-19","221","┴"
"14002","2011-01-20","219","┴"
"14002","2011-01-21","209","┴"
"14002","2011-01-22","223","┴"
"14002","2011-01-23","211","┴"
"14002","2011-01-24","207","┴"
"14002","2011-01-25","208","┴"
"14002","2011-01-26","209","┴"
"14002","2011-01-27","207","┴"
"14002","2011-01-28","200","┴"
"14002","2011-01-29","201","┴"
"14002","2011-01-30","202","┴"
"14002","2011-01-31","203","┴"
"14002","2011-02-01","203","┴"
"14002","2011-02-02","200","┴"
"14002","2011-02-03","203","┴"
"14002","2011-02-04","208","┴"
"14002","2011-02-05","212","┴"
"14002","2011-02-06","214","┴"
"14002","2011-02-07","210","┴"
"14002","2011-02-08","209","┴"
"14002","2011-02-09","209","┴"
"14002","2011-02-10","192","┴"
"14002","2011-02-11","184","┴"
"14002","2011-02-12","179","┴"
"14002","2011-02-13","179","┴"
"14002","2011-02-14","176","┴"
"14002","2011-02-15","177","┴"
"14002","2011-02-16","181","┴"
"14002","2011-02-17","181","┴"
"14002","2011-02-18","180","┴"
"14002","2011-02-19","180","┴"
"14002","2011-02-20","180","┴"
"14002","2011-02-21","176","┴"
"14002","2011-02-22","175","┴"
"14002","2011-02-23","187","┴"
"14002","2011-02-24","187","┴"
"14002","2011-02-25","188","┴"
"14002","2011-02-26","162",")Ш"
"14002","2011-02-27","152",")Ш"
"14002","2011-02-28","137",")Ш"
"14002","2011-03-01","131",")Ш"
"14002","2011-03-02","128",")"
"14002","2011-03-03","102",")"
"14002","2011-03-04","90",")"
"14002","2011-03-05","80",")"
"14002","2011-03-06","85",")"
"14002","2011-03-07","96",")"
"14002","2011-03-08","97",")"
"14002","2011-03-09","98",")"
"14002","2011-03-10","98",")"
"14002","2011-03-11","109",")"
"14002","2011-03-12","110",")"
"14002","2011-03-13","109",")"
"14002","2011-03-14","107",")"
"14002","2011-03-15","114",")"
"14002","2011-03-16","120",")"
"14002","2011-03-17","119",")"
"14002","2011-03-18","110",")"
"14002","2011-03-19","112",")"
"14002","2011-03-20","116",")"
"14002","2011-03-21","116",")"
"14002","2011-03-22","115",")"
"14002","2011-03-23","125",")"
"14002","2011-03-24","117",")"
"14002","2011-03-25","126",")"
"14002","2011-03-26","127",")"
"14002","2011-03-27","126",")"
"14002","2011-03-28","129",")"
"14002","2011-03-29","133",")"
"14002","2011-03-30","137",")"
"14002","2011-03-31","137",")"
"14002","2011-04-01","129",""
"14002","2011-04-02","124",""
"14002","2011-04-03","131",""
"14002","2011-04-04","132",""
"14002","2011-04-05","126",""
"14002","2011-04-06","115",""
"14002","2011-04-07","117",""
"14002","2011-04-08","126",""
"14002","2011-04-09","132",""
"14002","2011-04-10","128",""
"14002","2011-04-11","133",""
"14002","2011-04-12","135",""
"14002","2011-04-13","137",""
"14002","2011-04-14","142",""
"14002","2011-04-15","151",""
"14002","2011-04-16","153",""
"14002","2011-04-17","147",""
"14002","2011-04-18","151",""
"14002","2011-04-19","146",""
"14002","2011-04-20","149",""
"14002","2011-04-21","141",""
"14002","2011-04-22","144",""
"14002","2011-04-23","151",""
"14002","2011-04-24","141",""
"14002","2011-04-25","154",""
"14002","2011-04-26","145",""
"14002","2011-04-27","159",""
"14002","2011-04-28","159",""
"14002","2011-04-29","174",""
"14002","2011-04-30","151",""
"14002","2011-05-01","161",""
"14002","2011-05-02","156",""
"14002","2011-05-03","153",""
"14002","2011-05-04","147",""
"14002","2011-05-05","143",""
"14002","2011-05-06","150",""
"14002","2011-05-07","185",""
"14002","2011-05-08","211",""
"14002","2011-05-09","203",""
"14002","2011-05-10","215",""
"14002","2011-05-11","206",""
"14002","2011-05-12","195",""
"14002","2011-05-13","195",""
"14002","2011-05-14","190",""
"14002","2011-05-15","196",""
"14002","2011-05-16","187",""
"14002","2011-05-17","183",""
"14002","2011-05-18","184",""
"14002","2011-05-19","184",""
"14002","2011-05-20","214",""
"14002","2011-05-21","205",""
"14002","2011-05-22","187",""
"14002","2011-05-23","192",""
"14002","2011-05-24","190",""
"14002","2011-05-25","187",""
"14002","2011-05-26","193",""
"14002","2011-05-27","188",""
"14002","2011-05-28","186",""
"14002","2011-05-29","185",""
"14002","2011-05-30","184",""
"14002","2011-05-31","184",""
"14002","2011-06-01","184",""
"14002","2011-06-02","184",""
"14002","2011-06-03","185",""
"14002","2011-06-04","186",""
"14002","2011-06-05","189",""
"14002","2011-06-06","187",""
"14002","2011-06-07","186",""
"14002","2011-06-08","187",""
"14002","2011-06-09","185",""
"14002","2011-06-10","187",""
"14002","2011-06-11","186",""
"14002","2011-06-12","183",""
"14002","2011-06-13","174",""
"14002","2011-06-14","172",""
"14002","2011-06-15","174",""
"14002","2011-06-16","193",""
"14002","2011-06-17","231",""
"14002","2011-06-18","233",""
"14002","2011-06-19","263",""
"14002","2011-06-20","271",""
"14002","2011-06-21","264",""
"14002","2011-06-22","264",""
"14002","2011-06-23","269",""
"14002","2011-06-24","269",""
"14002","2011-06-25","266",""
"14002","2011-06-26","260",""
"14002","2011-06-27","235",""
"14002","2011-06-28","228",""
"14002","2011-06-29","253",""
"14002","2011-06-30","259",""
"14002","2011-07-01","264",""
"14002","2011-07-02","267",""
"14002","2011-07-03","261",""
"14002","2011-07-04","223",""
"14002","2011-07-05","221",""
"14002","2011-07-06","211",""
"14002","2011-07-07","212",""
"14002","2011-07-08","191",""
"14002","2011-07-09","190",""
"14002","2011-07-10","177",""
"14002","2011-07-11","165",""
"14002","2011-07-12","159",""
"14002","2011-07-13","154",""
"14002","2011-07-14","147",""
"14002","2011-07-15","150",""
"14002","2011-07-16","189",""
"14002","2011-07-17","196",""
"14002","2011-07-18","204",""
"14002","2011-07-19","206",""
"14002","2011-07-20","220",""
"14002","2011-07-21","228",""
"14002","2011-07-22","225",""
"14002","2011-07-23","239",""
"14002","2011-07-24","250",""
"14002","2011-07-25","251",""
"14002","2011-07-26","228",""
"14002","2011-07-27","221",""
"14002","2011-07-28","212",""
"14002","2011-07-29","219",""
"14002","2011-07-30","195",""
"14002","2011-07-31","161",""
"14002","2011-08-01","154",""
"14002","2011-08-02","176",""
"14002","2011-08-03","202",""
"14002","2011-08-04","216",""
"14002","2011-08-05","212",""
"14002","2011-08-06","189",""
"14002","2011-08-07","187",""
"14002","2011-08-08","197",""
"14002","2011-08-09","223",""
"14002","2011-08-10","214",""
"14002","2011-08-11","217",""
"14002","2011-08-12","222",""
"14002","2011-08-13","216",""
"14002","2011-08-14","219",""
"14002","2011-08-15","211",""
"14002","2011-08-16","202",""
"14002","2011-08-17","188",""
"14002","2011-08-18","179",""
"14002","2011-08-19","174",""
"14002","2011-08-20","166",""
"14002","2011-08-21","158",""
"14002","2011-08-22","151",""
"14002","2011-08-23","147",""
"14002","2011-08-24","144",""
"14002","2011-08-25","142",""
"14002","2011-08-26","170",""
"14002","2011-08-27","194",""
"14002","2011-08-28","221",""
"14002","2011-08-29","247",""
"14002","2011-08-30","254",""
"14002","2011-08-31","234",""
"14002","2011-09-01","237",""
"14002","2011-09-02","204",""
"14002","2011-09-03","195",""
"14002","2011-09-04","191",""
"14002","2011-09-05","186",""
"14002","2011-09-06","174",""
"14002","2011-09-07","172",""
"14002","2011-09-08","179",""
"14002","2011-09-09","188",""
"14002","2011-09-10","184",""
"14002","2011-09-11","181",""
"14002","2011-09-12","182",""
"14002","2011-09-13","178",""
"14002","2011-09-14","172",""
"14002","2011-09-15","171",""
"14002","2011-09-16","181",""
"14002","2011-09-17","177",""
"14002","2011-09-18","187",""
"14002","2011-09-19","173",""
"14002","2011-09-20","167",""
"14002","2011-09-21","177",""
"14002","2011-09-22","170",""
"14002","2011-09-23","163",""
"14002","2011-09-24","155",""
"14002","2011-09-25","172",""
"14002","2011-09-26","178",""
"14002","2011-09-27","158",""
"14002","2011-09-28","143",""
"14002","2011-09-29","174",""
"14002","2011-09-30","170",""
"14002","2011-10-01","172",""
"14002","2011-10-02","194",""
"14002","2011-10-03","187",""
"14002","2011-10-04","183",""
"14002","2011-10-05","193",""
"14002","2011-10-06","184",""
"14002","2011-10-07","179",""
"14002","2011-10-08","177",""
"14002","2011-10-09","196",""
"14002","2011-10-10","195",""
"14002","2011-10-11","175",""
"14002","2011-10-12","161",""
"14002","2011-10-13","153",""
"14002","2011-10-14","144",""
"14002","2011-10-15","141",""
"14002","2011-10-16","143",""
"14002","2011-10-17","151",""
"14002","2011-10-18","146",""
"14002","2011-10-19","115",""
"14002","2011-10-20","104",""
"14002","2011-10-21","136",""
"14002","2011-10-22","137",""
"14002","2011-10-23","131",""
"14002","2011-10-24","123",""
"14002","2011-10-25","124",""
"14002","2011-10-26","136",""
"14002","2011-10-27","123",""
"14002","2011-10-28","110",""
"14002","2011-10-29","123",""
"14002","2011-10-30","123",""
"14002","2011-10-31","134",""
"14002","2011-11-01","138",""
"14002","2011-11-02","143",""
"14002","2011-11-03","126",""
"14002","2011-11-04","127",""
"14002","2011-11-05","132",""
"14002","2011-11-06","130",""
"14002","2011-11-07","140",""
"14002","2011-11-08","146",""
"14002","2011-11-09","146",""
"14002","2011-11-10","139",""
"14002","2011-11-11","134",""
"14002","2011-11-12","120",""
"14002","2011-11-13","118",""
"14002","2011-11-14","115",""
"14002","2011-11-15","119",""
"14002","2011-11-16","120",""
"14002","2011-11-17","116",""
"14002","2011-11-18","115",""
"14002","2011-11-19","109",""
"14002","2011-11-20","119",""
"14002","2011-11-21","113",""
"14002","2011-11-22","111",""
"14002","2011-11-23","117",""
"14002","2011-11-24","109",""
"14002","2011-11-25","116",""
"14002","2011-11-26","109",""
"14002","2011-11-27","102",""
"14002","2011-11-28","100",""
"14002","2011-11-29","97",""
"14002","2011-11-30","93",""
"14002","2011-12-01","88",""
"14002","2011-12-02","84",""
"14002","2011-12-03","88",""
"14002","2011-12-04","87",""
"14002","2011-12-05","89",""
"14002","2011-12-06","90",""
"14002","2011-12-07","85",""
"14002","2011-12-08","83",""
"14002","2011-12-09","78",""
"14002","2011-12-10","73",""
"14002","2011-12-11","74",""
"14002","2011-12-12","71",""
"14002","2011-12-13","70",""
"14002","2011-12-14","68",""
"14002","2011-12-15","70",""
"14002","2011-12-16","69",""
"14002","2011-12-17","71",""
"14002","2011-12-18","69",""
"14002","2011-12-19","72",""
"14002","2011-12-20","71",")Ш"
"14002","2011-12-21","72",")Ш"
"14002","2011-12-22","71",")Ш"
"14002","2011-12-23","76",")Ш"
"14002","2011-12-24","78",")Ш"
"14002","2011-12-25","79",")Ш"
"14002","2011-12-26","82",")Ш"
"14002","2011-12-27","88",")Ш"
"14002","2011-12-28","91",")Ш"
"14002","2011-12-29","89",")Ш"
"14002","2011-12-30","91",")Ш"
"14002","2011-12-31","87",")Ш"
"14002","2012-01-01","89","Ш)"
"14002","2012-01-02","85","_Ш)"
"14002","2012-01-03","87","_Ш)"
"14002","2012-01-04","93","Ш)"
"14002","2012-01-05","93","Ш)"
"14002","2012-01-06","114","Z"
"14002","2012-01-07","131","Z"
"14002","2012-01-08","129","Z"
"14002","2012-01-09","124","Z"
"14002","2012-01-10","144","Z"
"14002","2012-01-11","164","Z"
"14002","2012-01-12","156","Z"
"14002","2012-01-13","156","Z"
"14002","2012-01-14","179","Z"
"14002","2012-01-15","222","^Z"
"14002","2012-01-16","222","Z"
"14002","2012-01-17","217","Z"
"14002","2012-01-18","218","Z"
"14002","2012-01-19","217","Z"
"14002","2012-01-20","209","Z"
"14002","2012-01-21","200","Z"
"14002","2012-01-22","201","Z"
"14002","2012-01-23","202","Z"
"14002","2012-01-24","196","Z"
"14002","2012-01-25","161","Z"
"14002","2012-01-26","157","Z"
"14002","2012-01-27","160","Z"
"14002","2012-01-28","161","Z"
"14002","2012-01-29","162","Z"
"14002","2012-01-30","163","Z"
"14002","2012-01-31","163","Z"
"14002","2012-02-01","166","Z"
"14002","2012-02-02","186","^Z"
"14002","2012-02-03","176","Z"
"14002","2012-02-04","168","Z"
"14002","2012-02-05","168","Z"
"14002","2012-02-06","167","Z"
"14002","2012-02-07","161","Z"
"14002","2012-02-08","175","Z"
"14002","2012-02-09","191","Z"
"14002","2012-02-10","175","Z"
"14002","2012-02-11","161","Z"
"14002","2012-02-12","156","Z"
"14002","2012-02-13","162","Z"
"14002","2012-02-14","160","Z"
"14002","2012-02-15","167","Z"
"14002","2012-02-16","166","Z"
"14002","2012-02-17","161","Z"
"14002","2012-02-18","151","Z"
"14002","2012-02-19","152","Z"
"14002","2012-02-20","151","_Z"
"14002","2012-02-21","161","Z"
"14002","2012-02-22","175","Z"
"14002","2012-02-23","186","Z"
"14002","2012-02-24","188","Z"
"14002","2012-02-25","187","Z"
"14002","2012-02-26","180","Z"
"14002","2012-02-27","178","Z"
"14002","2012-02-28","180","Z"
"14002","2012-02-29","178","Z"
"14002","2012-03-01","181","Z"
"14002","2012-03-02","174","Z"
"14002","2012-03-03","181","Z"
"14002","2012-03-04","184","Z"
"14002","2012-03-05","185","Z"
"14002","2012-03-06","188","Z"
"14002","2012-03-07","193","Z"
"14002","2012-03-08","197","Z~"
"14002","2012-03-09","214","Z~"
"14002","2012-03-10","232","^Z~"
"14002","2012-03-11","195","Z~"
"14002","2012-03-12","132","Л)"
"14002","2012-03-13","111",")"
"14002","2012-03-14","98","_)"
"14002","2012-03-15","112",""
"14002","2012-03-16","137",""
"14002","2012-03-17","139",""
"14002","2012-03-18","147",""
"14002","2012-03-19","142",""
"14002","2012-03-20","145",""
"14002","2012-03-21","132",""
"14002","2012-03-22","126",""
"14002","2012-03-23","139",""
"14002","2012-03-24","168",""
"14002","2012-03-25","183",""
"14002","2012-03-26","166",""
"14002","2012-03-27","162",""
"14002","2012-03-28","155",""
"14002","2012-03-29","161",""
"14002","2012-03-30","168",""
"14002","2012-03-31","168",""
"14002","2012-04-01","143",""
"14002","2012-04-02","141",""
"14002","2012-04-03","147",""
"14002","2012-04-04","184",""
"14002","2012-04-05","184",""
"14002","2012-04-06","179",""
"14002","2012-04-07","199","^"
"14002","2012-04-08","195",""
"14002","2012-04-09","180",""
"14002","2012-04-10","173",""
"14002","2012-04-11","152",""
"14002","2012-04-12","159",""
"14002","2012-04-13","170",""
"14002","2012-04-14","133",""
"14002","2012-04-15","142","_"
"14002","2012-04-16","167",""
"14002","2012-04-17","160",""
"14002","2012-04-18","143",""
"14002","2012-04-19","139",""
"14002","2012-04-20","149",""
"14002","2012-04-21","153",""
"14002","2012-04-22","146",""
"14002","2012-04-23","143",""
"14002","2012-04-24","141",""
"14002","2012-04-25","142",""
"14002","2012-04-26","136",""
"14002","2012-04-27","132",""
"14002","2012-04-28","129",""
"14002","2012-04-29","134",""
"14002","2012-04-30","142",""
"14002","2012-05-01","138","^"
"14002","2012-05-02","127",""
"14002","2012-05-03","126",""
"14002","2012-05-04","131",""
"14002","2012-05-05","120",""
"14002","2012-05-06","111",""
"14002","2012-05-07","113",""
"14002","2012-05-08","106",""
"14002","2012-05-09","95",""
"14002","2012-05-10","88",""
"14002","2012-05-11","81",""
"14002","2012-05-12","73",""
"14002","2012-05-13","63",""
"14002","2012-05-14","59",""
"14002","2012-05-15","52",""
"14002","2012-05-16","63",""
"14002","2012-05-17","59",""
"14002","2012-05-18","51",""
"14002","2012-05-19","51",""
"14002","2012-05-20","63","_"
"14002","2012-05-21","67",""
"14002","2012-05-22","62",""
"14002","2012-05-23","77",""
"14002","2012-05-24","86",""
"14002","2012-05-25","80",""
"14002","2012-05-26","77",""
"14002","2012-05-27","68",""
"14002","2012-05-28","55",""
"14002","2012-05-29","57",""
"14002","2012-05-30","52",""
"14002","2012-05-31","60",""
"14002","2012-06-01","71",""
"14002","2012-06-02","62","_"
"14002","2012-06-03","77",""
"14002","2012-06-04","98","^"
"14002","2012-06-05","109",""
"14002","2012-06-06","98",""
"14002","2012-06-07","92",""
"14002","2012-06-08","97",""
"14002","2012-06-09","74",""
"14002","2012-06-10","71",""
"14002","2012-06-11","68",""
"14002","2012-06-12","73",""
"14002","2012-06-13","77",""
"14002","2012-06-14","76",""
"14002","2012-06-15","90",""
"14002","2012-06-16","86",""
"14002","2012-06-17","85",""
"14002","2012-06-18","112","^"
"14002","2012-06-19","102",""
"14002","2012-06-20","103",""
"14002","2012-06-21","105",""
"14002","2012-06-22","103",""
"14002","2012-06-23","98",""
"14002","2012-06-24","85",""
"14002","2012-06-25","77",""
"14002","2012-06-26","79",""
"14002","2012-06-27","84",""
"14002","2012-06-28","81",""
"14002","2012-06-29","75",""
"14002","2012-06-30","80",""
"14002","2012-07-01","76",""
"14002","2012-07-02","79",""
"14002","2012-07-03","86",""
"14002","2012-07-04","74",""
"14002","2012-07-05","77",""
"14002","2012-07-06","91",""
"14002","2012-07-07","115",""
"14002","2012-07-08","105",""
"14002","2012-07-09","109",""
"14002","2012-07-10","115",""
"14002","2012-07-11","113",""
"14002","2012-07-12","114",""
"14002","2012-07-13","118",""
"14002","2012-07-14","112",""
"14002","2012-07-15","116","^"
"14002","2012-07-16","114",""
"14002","2012-07-17","100",""
"14002","2012-07-18","107",""
"14002","2012-07-19","99",""
"14002","2012-07-20","93",""
"14002","2012-07-21","88",""
"14002","2012-07-22","88",""
"14002","2012-07-23","89",""
"14002","2012-07-24","88",""
"14002","2012-07-25","92",""
"14002","2012-07-26","79",""
"14002","2012-07-27","73",""
"14002","2012-07-28","85",""
"14002","2012-07-29","75",""
"14002","2012-07-30","70","_"
"14002","2012-07-31","81",""
"14002","2012-08-01","85",""
"14002","2012-08-02","76",""
"14002","2012-08-03","84","_"
"14002","2012-08-04","115",""
"14002","2012-08-05","111",""
"14002","2012-08-06","102",""
"14002","2012-08-07","96",""
"14002","2012-08-08","87",""
"14002","2012-08-09","83",""
"14002","2012-08-10","94",""
"14002","2012-08-11","91",""
"14002","2012-08-12","99",""
"14002","2012-08-13","91",""
"14002","2012-08-14","83",""
"14002","2012-08-15","78",""
"14002","2012-08-16","83",""
"14002","2012-08-17","71",""
"14002","2012-08-18","81",""
"14002","2012-08-19","99",""
"14002","2012-08-20","95",""
"14002","2012-08-21","104",""
"14002","2012-08-22","107",""
"14002","2012-08-23","107",""
"14002","2012-08-24","96",""
"14002","2012-08-25","98",""
"14002","2012-08-26","103",""
"14002","2012-08-27","99",""
"14002","2012-08-28","115",""
"14002","2012-08-29","117",""
"14002","2012-08-30","128","^"
"14002","2012-08-31","119",""
"14002","2012-09-01","120",""
"14002","2012-09-02","131",""
"14002","2012-09-03","118","_"
"14002","2012-09-04","168",""
"14002","2012-09-05","178","^"
"14002","2012-09-06","166",""
"14002","2012-09-07","170",""
"14002","2012-09-08","159",""
"14002","2012-09-09","165",""
"14002","2012-09-10","135",""
"14002","2012-09-11","139",""
"14002","2012-09-12","150",""
"14002","2012-09-13","146",""
"14002","2012-09-14","143",""
"14002","2012-09-15","143",""
"14002","2012-09-16","138",""
"14002","2012-09-17","140",""
"14002","2012-09-18","148",""
"14002","2012-09-19","141",""
"14002","2012-09-20","144",""
"14002","2012-09-21","141",""
"14002","2012-09-22","133",""
"14002","2012-09-23","137",""
"14002","2012-09-24","137",""
"14002","2012-09-25","140",""
"14002","2012-09-26","146",""
"14002","2012-09-27","144",""
"14002","2012-09-28","134",""
"14002","2012-09-29","131",""
"14002","2012-09-30","131",""
"14002","2012-10-01","139",""
"14002","2012-10-02","125",""
"14002","2012-10-03","124","_"
"14002","2012-10-04","137",""
"14002","2012-10-05","148",""
"14002","2012-10-06","162",""
"14002","2012-10-07","161",""
"14002","2012-10-08","137",""
"14002","2012-10-09","139",""
"14002","2012-10-10","164",""
"14002","2012-10-11","168",""
"14002","2012-10-12","158",""
"14002","2012-10-13","150",""
"14002","2012-10-14","153",""
"14002","2012-10-15","147",""
"14002","2012-10-16","145",""
"14002","2012-10-17","151",""
"14002","2012-10-18","175","^"
"14002","2012-10-19","175",""
"14002","2012-10-20","168",""
"14002","2012-10-21","160",""
"14002","2012-10-22","154",""
"14002","2012-10-23","162",""
"14002","2012-10-24","147",""
"14002","2012-10-25","149",""
"14002","2012-10-26","143",""
"14002","2012-10-27","136",""
"14002","2012-10-28","130",""
"14002","2012-10-29","129","_"
"14002","2012-10-30","140",""
"14002","2012-10-31","140",""
"14002","2012-11-01","129",""
"14002","2012-11-02","136","^"
"14002","2012-11-03","127",""
"14002","2012-11-04","121",""
"14002","2012-11-05","126",""
"14002","2012-11-06","112",""
"14002","2012-11-07","124",""
"14002","2012-11-08","110",""
"14002","2012-11-09","114",""
"14002","2012-11-10","106",""
"14002","2012-11-11","102",""
"14002","2012-11-12","103",""
"14002","2012-11-13","98",""
"14002","2012-11-14","93",""
"14002","2012-11-15","90",""
"14002","2012-11-16","96",""
"14002","2012-11-17","96",""
"14002","2012-11-18","89","Г)"
"14002","2012-11-19","103",""
"14002","2012-11-20","102",""
"14002","2012-11-21","97",""
"14002","2012-11-22","85",""
"14002","2012-11-23","83",""
"14002","2012-11-24","83",""
"14002","2012-11-25","84",""
"14002","2012-11-26","87",""
"14002","2012-11-27","82",""
"14002","2012-11-28","74","_"
"14002","2012-11-29","73","_>F"
"14002","2012-11-30","84",">Г"
"14002","2012-12-01","84",""
"14002","2012-12-02","84",""
"14002","2012-12-03","80",""
"14002","2012-12-04","75","_"
"14002","2012-12-05","94",""
"14002","2012-12-06","96",""
"14002","2012-12-07","94",")"
"14002","2012-12-08","106",")"
"14002","2012-12-09","115",")"
"14002","2012-12-10","115",")"
"14002","2012-12-11","117",")"
"14002","2012-12-12","119",")"
"14002","2012-12-13","127",")"
"14002","2012-12-14","119",")"
"14002","2012-12-15","124",")"
"14002","2012-12-16","127",")"
"14002","2012-12-17","127",")"
"14002","2012-12-18","127",")"
"14002","2012-12-19","133",")"
"14002","2012-12-20","212","^)"
"14002","2012-12-21","202","Z"
"14002","2012-12-22","195","Z"
"14002","2012-12-23","192","Z"
"14002","2012-12-24","191","Z"
"14002","2012-12-25","191","Z"
"14002","2012-12-26","196","Z"
"14002","2012-12-27","199","Z"
"14002","2012-12-28","192","Z"
"14002","2012-12-29","188","Z"
"14002","2012-12-30","182","&"
"14002","2012-12-31","181","&"
"14002","2014-01-01","251","_Ш)"
"14002","2014-01-02","255","Ш)"
"14002","2014-01-03","259","Ш)"
"14002","2014-01-04","266","Ш)"
"14002","2014-01-05","270","Ш)"
"14002","2014-01-06","261","Ш)"
"14002","2014-01-07","289","ЪШ"
"14002","2014-01-08","300","Z"
"14002","2014-01-09","280","Z"
"14002","2014-01-10","262","&"
"14002","2014-01-11","258","&"
"14002","2014-01-12","261","&"
"14002","2014-01-13","283","&~"
"14002","2014-01-14","349","&~"
"14002","2014-01-15","374","H&"
"14002","2014-01-16","376","H&"
"14002","2014-01-17","377","&"
"14002","2014-01-18","376","^&"
"14002","2014-01-19","374","&"
"14002","2014-01-20","361","&"
"14002","2014-01-21","350","&"
"14002","2014-01-22","350","&"
"14002","2014-01-23","350","&"
"14002","2014-01-24","355","&"
"14002","2014-01-25","352","&"
"14002","2014-01-26","351","&"
"14002","2014-01-27","351","&"
"14002","2014-01-28","346","&"
"14002","2014-01-29","346","&"
"14002","2014-01-30","347","&"
"14002","2014-01-31","348","&"
"14002","2014-02-01","349","^&"
"14002","2014-02-02","325","&"
"14002","2014-02-03","307","&"
"14002","2014-02-04","299","&"
"14002","2014-02-05","295","&"
"14002","2014-02-06","294","&"
"14002","2014-02-07","279","&"
"14002","2014-02-08","266","_&"
"14002","2014-02-09","282","&"
"14002","2014-02-10","293","&"
"14002","2014-02-11","299","&"
"14002","2014-02-12","303","&~"
"14002","2014-02-13","293","&H"
"14002","2014-02-14","285","&"
"14002","2014-02-15","275","&"
"14002","2014-02-16","275","&"
"14002","2014-02-17","305","&"
"14002","2014-02-18","336","&"
"14002","2014-02-19","325","&"
"14002","2014-02-20","321","&"
"14002","2014-02-21","331","&"
"14002","2014-02-22","333","&"
"14002","2014-02-23","330","&"
"14002","2014-02-24","327","&"
"14002","2014-02-25","327","&"
"14002","2014-02-26","323","&"
"14002","2014-02-27","311","&"
"14002","2014-02-28","302","&"
"14002","2014-03-01","311","&"
"14002","2014-03-02","318","&"
"14002","2014-03-03","318","^&"
"14002","2014-03-04","318","^&"
"14002","2014-03-05","319","&"
"14002","2014-03-06","315","^&"
"14002","2014-03-07","309","&"
"14002","2014-03-08","288","&"
"14002","2014-03-09","265","Г"
"14002","2014-03-10","246",")"
"14002","2014-03-11","235","_)"
"14002","2014-03-12","242",")"
"14002","2014-03-13","239",""
"14002","2014-03-14","242",""
"14002","2014-03-15","250",""
"14002","2014-03-16","258",""
"14002","2014-03-17","263",""
"14002","2014-03-18","282",""
"14002","2014-03-19","283",""
"14002","2014-03-20","284",""
"14002","2014-03-21","293",""
"14002","2014-03-22","292",""
"14002","2014-03-23","302",""
"14002","2014-03-24","299",""
"14002","2014-03-25","300",""
"14002","2014-03-26","292",""
"14002","2014-03-27","302",""
"14002","2014-03-28","304",""
"14002","2014-03-29","304",""
"14002","2014-03-30","298",""
"14002","2014-03-31","305",""
"14002","2014-04-01","309",""
"14002","2014-04-02","308",""
"14002","2014-04-03","304",""
"14002","2014-04-04","303",""
"14002","2014-04-05","308",""
"14002","2014-04-06","315",""
"14002","2014-04-07","303",""
"14002","2014-04-08","313",""
"14002","2014-04-09","312",""
"14002","2014-04-10","307",""
"14002","2014-04-11","314",""
"14002","2014-04-12","310",""
"14002","2014-04-13","313","^"
"14002","2014-04-14","312",""
"14002","2014-04-15","310",""
"14002","2014-04-16","307",""
"14002","2014-04-17","282",""
"14002","2014-04-18","273",""
"14002","2014-04-19","269",""
"14002","2014-04-20","272",""
"14002","2014-04-21","271",""
"14002","2014-04-22","265",""
"14002","2014-04-23","263",""
"14002","2014-04-24","253",""
"14002","2014-04-25","257",""
"14002","2014-04-26","244","_"
"14002","2014-04-27","257",""
"14002","2014-04-28","261",""
"14002","2014-04-29","268",""
"14002","2014-04-30","275",""
"14002","2014-05-01","252",""
"14002","2014-05-02","252",""
"14002","2014-05-03","264",""
"14002","2014-05-04","256",""
"14002","2014-05-05","267",""
"14002","2014-05-06","272",""
"14002","2014-05-07","270","^"
"14002","2014-05-08","253",""
"14002","2014-05-09","239",""
"14002","2014-05-10","220",""
"14002","2014-05-11","211",""
"14002","2014-05-12","203",""
"14002","2014-05-13","194",""
"14002","2014-05-14","193",""
"14002","2014-05-15","195",""
"14002","2014-05-16","195",""
"14002","2014-05-17","189",""
"14002","2014-05-18","176",""
"14002","2014-05-19","165","_"
"14002","2014-05-20","172",""
"14002","2014-05-21","179",""
"14002","2014-05-22","181",""
"14002","2014-05-23","184",""
"14002","2014-05-24","184",""
"14002","2014-05-25","182",""
"14002","2014-05-26","192",""
"14002","2014-05-27","185",""
"14002","2014-05-28","185",""
"14002","2014-05-29","181",""
"14002","2014-05-30","170",""
"14002","2014-05-31","181",""
"14002","2014-06-01","207",""
"14002","2014-06-02","206",""
"14002","2014-06-03","211","^"
"14002","2014-06-04","195",""
"14002","2014-06-05","184",""
"14002","2014-06-06","178",""
"14002","2014-06-07","174",""
"14002","2014-06-08","163",""
"14002","2014-06-09","164",""
"14002","2014-06-10","169",""
"14002","2014-06-11","170",""
"14002","2014-06-12","159",""
"14002","2014-06-13","151",""
"14002","2014-06-14","154",""
"14002","2014-06-15","142",""
"14002","2014-06-16","133",""
"14002","2014-06-17","133",""
"14002","2014-06-18","125",""
"14002","2014-06-19","127",""
"14002","2014-06-20","129",""
"14002","2014-06-21","137",""
"14002","2014-06-22","143",""
"14002","2014-06-23","141",""
"14002","2014-06-24","134",""
"14002","2014-06-25","127",""
"14002","2014-06-26","122",""
"14002","2014-06-27","118",""
"14002","2014-06-28","113",""
"14002","2014-06-29","106","_"
"14002","2014-06-30","123",""
"14002","2014-07-01","113",""
"14002","2014-07-02","127","_"
"14002","2014-07-03","184",""
"14002","2014-07-04","218",""
"14002","2014-07-05","238",""
"14002","2014-07-06","245",""
"14002","2014-07-07","251",""
"14002","2014-07-08","254",""
"14002","2014-07-09","258",""
"14002","2014-07-10","263","^"
"14002","2014-07-11","261",""
"14002","2014-07-12","259",""
"14002","2014-07-13","258",""
"14002","2014-07-14","259",""
"14002","2014-07-15","233",""
"14002","2014-07-16","200",""
"14002","2014-07-17","186",""
"14002","2014-07-18","184",""
"14002","2014-07-19","177",""
"14002","2014-07-20","172",""
"14002","2014-07-21","168",""
"14002","2014-07-22","166",""
"14002","2014-07-23","161",""
"14002","2014-07-24","156",""
"14002","2014-07-25","159",""
"14002","2014-07-26","165",""
"14002","2014-07-27","161",""
"14002","2014-07-28","164",""
"14002","2014-07-29","164",""
"14002","2014-07-30","174",""
"14002","2014-07-31","184",""
"14002","2014-08-01","182",""
"14002","2014-08-02","181",""
"14002","2014-08-03","174",""
"14002","2014-08-04","164",""
"14002","2014-08-05","158",""
"14002","2014-08-06","155",""
"14002","2014-08-07","147",""
"14002","2014-08-08","141",""
"14002","2014-08-09","141",""
"14002","2014-08-10","139",""
"14002","2014-08-11","135",""
"14002","2014-08-12","134","_"
"14002","2014-08-13","133","_"
"14002","2014-08-14","136",""
"14002","2014-08-15","138",""
"14002","2014-08-16","146",""
"14002","2014-08-17","144",""
"14002","2014-08-18","173",""
"14002","2014-08-19","193",""
"14002","2014-08-20","219","^"
"14002","2014-08-21","215",""
"14002","2014-08-22","205",""
"14002","2014-08-23","213",""
"14002","2014-08-24","206",""
"14002","2014-08-25","209",""
"14002","2014-08-26","198",""
"14002","2014-08-27","185",""
"14002","2014-08-28","177",""
"14002","2014-08-29","174",""
"14002","2014-08-30","166",""
"14002","2014-08-31","163",""
"14002","2014-09-01","159",""
"14002","2014-09-02","157",""
"14002","2014-09-03","160",""
"14002","2014-09-04","158",""
"14002","2014-09-05","162",""
"14002","2014-09-06","158","_"
"14002","2014-09-07","165",""
"14002","2014-09-08","180",""
"14002","2014-09-09","192",""
"14002","2014-09-10","193",""
"14002","2014-09-11","196",""
"14002","2014-09-12","197",""
"14002","2014-09-13","200",""
"14002","2014-09-14","204",""
"14002","2014-09-15","187",""
"14002","2014-09-16","189",""
"14002","2014-09-17","210",""
"14002","2014-09-18","230",""
"14002","2014-09-19","227",""
"14002","2014-09-20","251","^"
"14002","2014-09-21","242",""
"14002","2014-09-22","214",""
"14002","2014-09-23","222",""
"14002","2014-09-24","222",""
"14002","2014-09-25","226",""
"14002","2014-09-26","223",""
"14002","2014-09-27","232",""
"14002","2014-09-28","234",""
"14002","2014-09-29","241",""
"14002","2014-09-30","237",""
"14002","2014-10-01","252",""
"14002","2014-10-02","276",""
"14002","2014-10-03","274",""
"14002","2014-10-04","254",""
"14002","2014-10-05","261",""
"14002","2014-10-06","265",""
"14002","2014-10-07","263",""
"14002","2014-10-08","278",""
"14002","2014-10-09","282","^"
"14002","2014-10-10","268",""
"14002","2014-10-11","263",""
"14002","2014-10-12","270",""
"14002","2014-10-13","287","^"
"14002","2014-10-14","286","^"
"14002","2014-10-15","275",""
"14002","2014-10-16","274",""
"14002","2014-10-17","272",""
"14002","2014-10-18","265",""
"14002","2014-10-19","267",""
"14002","2014-10-20","265",""
"14002","2014-10-21","261",""
"14002","2014-10-22","270",""
"14002","2014-10-23","256",""
"14002","2014-10-24","247",""
"14002","2014-10-25","249",""
"14002","2014-10-26","249",""
"14002","2014-10-27","244",""
"14002","2014-10-28","241",""
"14002","2014-10-29","241",""
"14002","2014-10-30","237","_"
"14002","2014-10-31","239",""
"14002","2014-11-01","240",""
"14002","2014-11-02","239",""
"14002","2014-11-03","236",""
"14002","2014-11-04","233",""
"14002","2014-11-05","230","_"
"14002","2014-11-06","231",""
"14002","2014-11-07","235",""
"14002","2014-11-08","239",""
"14002","2014-11-09","240",""
"14002","2014-11-10","243",""
"14002","2014-11-11","243",""
"14002","2014-11-12","241",""
"14002","2014-11-13","242",""
"14002","2014-11-14","245","^"
"14002","2014-11-15","237",""
"14002","2014-11-16","237",""
"14002","2014-11-17","237",""
"14002","2014-11-18","236",""
"14002","2014-11-19","235",""
"14002","2014-11-20","233",""
"14002","2014-11-21","234",""
"14002","2014-11-22","240",""
"14002","2014-11-23","240",""
"14002","2014-11-24","239",""
"14002","2014-11-25","240",""
"14002","2014-11-26","244",""
"14002","2014-11-27","238",""
"14002","2014-11-28","236",""
"14002","2014-11-29","234",""
"14002","2014-11-30","232",""
"14002","2014-12-01","231",""
"14002","2014-12-02","233",""
"14002","2014-12-03","233",""
"14002","2014-12-04","233",""
"14002","2014-12-05","234",""
"14002","2014-12-06","237",""
"14002","2014-12-07","234",""
"14002","2014-12-08","237","):"
"14002","2014-12-09","240","Ш)"
"14002","2014-12-10","237","Ш)"
"14002","2014-12-11","237","Ш)"
"14002","2014-12-12","239","Ш)"
"14002","2014-12-13","238","Ш)"
"14002","2014-12-14","238","Ш)"
"14002","2014-12-15","240","Ш)"
"14002","2014-12-16","237","Ш)"
"14002","2014-12-17","238","Ш)"
"14002","2014-12-18","241","Ш)"
"14002","2014-12-19","240","Ш)"
"14002","2014-12-20","242","^Ш)"
"14002","2014-12-21","233","_Ш)"
"14002","2014-12-22","231","Ш)"
"14002","2014-12-23","233","Ш)"
"14002","2014-12-24","233","Ш)"
"14002","2014-12-25","232","Ш)"
"14002","2014-12-26","235","Ш)"
"14002","2014-12-27","231","Ш)"
"14002","2014-12-28","233","Ш)"
"14002","2014-12-29","233","Ш)"
"14002","2014-12-30","237","Ш)"
"14002","2014-12-31","236","Ш)"
"14002","2015-01-01","235","Ш)"
"14002","2015-01-02","236","Ш)"
"14002","2015-01-03","240","Ш)"
"14002","2015-01-04","239","Ш)"
"14002","2015-01-05","237","Ш)"
"14002","2015-01-06","237","Ш)"
"14002","2015-01-07","240","Ш)"
"14002","2015-01-08","240","Ш)"
"14002","2015-01-09","233","_Ш)"
"14002","2015-01-10","239","Ш)"
"14002","2015-01-11","240","Ш)"
"14002","2015-01-12","244","^Ш)"
"14002","2015-01-13","242","Ш)"
"14002","2015-01-14","240","Ш)"
"14002","2015-01-15","238","Ш)"
"14002","2015-01-16","241","Ш)"
"14002","2015-01-17","238","Ш)"
"14002","2015-01-18","235","Ш)"
"14002","2015-01-19","236","Ш)"
"14002","2015-01-20","235","Ш)"
"14002","2015-01-21","238","Ш)"
"14002","2015-01-22","237","Ш)"
"14002","2015-01-23","238","Ш)"
"14002","2015-01-24","236","Ш)"
"14002","2015-01-25","232","_Ш)"
"14002","2015-01-26","233","_Ш)"
"14002","2015-01-27","232","_Ш)"
"14002","2015-01-28","238","Ш)"
"14002","2015-01-29","241","Ш)"
"14002","2015-01-30","242","Ш)"
"14002","2015-01-31","241","Ш)"
"14002","2015-02-01","235","Ш)"
"14002","2015-02-02","232","Ш)"
"14002","2015-02-03","236","Ш)"
"14002","2015-02-04","238","^Ш)"
"14002","2015-02-05","237","Ш)"
"14002","2015-02-06","234","Ш)"
"14002","2015-02-07","232","Ш)"
"14002","2015-02-08","231","Ш)"
"14002","2015-02-09","229","Ш)"
"14002","2015-02-10","229","Ш)"
"14002","2015-02-11","231","Ш)"
"14002","2015-02-12","220","Ш)"
"14002","2015-02-13","197","_Ш)"
"14002","2015-02-14","205",")"
"14002","2015-02-15","217",")"
"14002","2015-02-16","223",")"
"14002","2015-02-17","225",")"
"14002","2015-02-18","228",")"
"14002","2015-02-19","227",")"
"14002","2015-02-20","227",")"
"14002","2015-02-21","227",")"
"14002","2015-02-22","231",""
"14002","2015-02-23","228",""
"14002","2015-02-24","228",""
"14002","2015-02-25","229",""
"14002","2015-02-26","231",""
"14002","2015-02-27","227",""
"14002","2015-02-28","229",""
"14002","2015-03-01","228",""
"14002","2015-03-02","229",""
"14002","2015-03-03","228",""
"14002","2015-03-04","226",""
"14002","2015-03-05","230",""
"14002","2015-03-06","231",""
"14002","2015-03-07","228",""
"14002","2015-03-08","223",""
"14002","2015-03-09","225",""
"14002","2015-03-10","227",""
"14002","2015-03-11","224",""
"14002","2015-03-12","222",""
"14002","2015-03-13","224",""
"14002","2015-03-14","219",""
"14002","2015-03-15","222",""
"14002","2015-03-16","218",""
"14002","2015-03-17","215",""
"14002","2015-03-18","210","_"
"14002","2015-03-19","211",""
"14002","2015-03-20","213",""
"14002","2015-03-21","212",""
"14002","2015-03-22","215",""
"14002","2015-03-23","215",""
"14002","2015-03-24","215",""
"14002","2015-03-25","212",""
"14002","2015-03-26","215",""
"14002","2015-03-27","220",""
"14002","2015-03-28","226",""
"14002","2015-03-29","235","^"
"14002","2015-03-30","230",""
"14002","2015-03-31","234",""
"14002","2015-04-01","234",""
"14002","2015-04-02","234",""
"14002","2015-04-03","229",""
"14002","2015-04-04","229",""
"14002","2015-04-05","223",""
"14002","2015-04-06","221",""
"14002","2015-04-07","217",""
"14002","2015-04-08","221",""
"14002","2015-04-09","217","_"
"14002","2015-04-10","221",""
"14002","2015-04-11","224",""
"14002","2015-04-12","230",""
"14002","2015-04-13","233",""
"14002","2015-04-14","235",""
"14002","2015-04-15","259",""
"14002","2015-04-16","270",""
"14002","2015-04-17","284","^"
"14002","2015-04-18","275",""
"14002","2015-04-19","265",""
"14002","2015-04-20","261",""
"14002","2015-04-21","258",""
"14002","2015-04-22","243",""
"14002","2015-04-23","249",""
"14002","2015-04-24","243",""
"14002","2015-04-25","245",""
"14002","2015-04-26","258",""
"14002","2015-04-27","263",""
"14002","2015-04-28","264",""
"14002","2015-04-29","262",""
"14002","2015-04-30","255",""
"14002","2015-05-01","243",""
"14002","2015-05-02","226",""
"14002","2015-05-03","209",""
"14002","2015-05-04","196","_"
"14002","2015-05-05","208",""
"14002","2015-05-06","211",""
"14002","2015-05-07","213",""
"14002","2015-05-08","213",""
"14002","2015-05-09","208",""
"14002","2015-05-10","222",""
"14002","2015-05-11","235",""
"14002","2015-05-12","244",""
"14002","2015-05-13","267",""
"14002","2015-05-14","287",""
"14002","2015-05-15","298",""
"14002","2015-05-16","320",""
"14002","2015-05-17","320",""
"14002","2015-05-18","340",""
"14002","2015-05-19","341",""
"14002","2015-05-20","331",""
"14002","2015-05-21","346",""
"14002","2015-05-22","350",""
"14002","2015-05-23","353","^"
"14002","2015-05-24","351",""
"14002","2015-05-25","347",""
"14002","2015-05-26","341",""
"14002","2015-05-27","338",""
"14002","2015-05-28","337",""
"14002","2015-05-29","331",""
"14002","2015-05-30","312",""
"14002","2015-05-31","283",""
"14002","2015-06-01","275",""
"14002","2015-06-02","283",""
"14002","2015-06-03","288",""
"14002","2015-06-04","286",""
"14002","2015-06-05","273",""
"14002","2015-06-06","287",""
"14002","2015-06-07","264","_"
"14002","2015-06-08","260",""
"14002","2015-06-09","260","_"
"14002","2015-06-10","289",""
"14002","2015-06-11","308",""
"14002","2015-06-12","312",""
"14002","2015-06-13","308",""
"14002","2015-06-14","313",""
"14002","2015-06-15","318",""
"14002","2015-06-16","324",""
"14002","2015-06-17","317",""
"14002","2015-06-18","295",""
"14002","2015-06-19","303",""
"14002","2015-06-20","295",""
"14002","2015-06-21","286",""
"14002","2015-06-22","283",""
"14002","2015-06-23","304",""
"14002","2015-06-24","325",""
"14002","2015-06-25","297",""
"14002","2015-06-26","297",""
"14002","2015-06-27","297",""
"14002","2015-06-28","357",""
"14002","2015-06-29","410",""
"14002","2015-06-30","418","^"
"14002","2015-07-01","402","^"
"14002","2015-07-02","389",""
"14002","2015-07-03","371",""
"14002","2015-07-04","346",""
"14002","2015-07-05","316",""
"14002","2015-07-06","342",""
"14002","2015-07-07","333",""
"14002","2015-07-08","324",""
"14002","2015-07-09","316",""
"14002","2015-07-10","302",""
"14002","2015-07-11","303",""
"14002","2015-07-12","298",""
"14002","2015-07-13","287",""
"14002","2015-07-14","274",""
"14002","2015-07-15","270","_"
"14002","2015-07-16","285",""
"14002","2015-07-17","271",""
"14002","2015-07-18","316",""
"14002","2015-07-19","358",""
"14002","2015-07-20","362",""
"14002","2015-07-21","356",""
"14002","2015-07-22","353",""
"14002","2015-07-23","343",""
"14002","2015-07-24","353",""
"14002","2015-07-25","355",""
"14002","2015-07-26","375",""
"14002","2015-07-27","396",""
"14002","2015-07-28","387",""
"14002","2015-07-29","383",""
"14002","2015-07-30","390",""
"14002","2015-07-31","397",""
"14002","2015-08-01","394",""
"14002","2015-08-02","390","^"
"14002","2015-08-03","367",""
"14002","2015-08-04","353",""
"14002","2015-08-05","350",""
"14002","2015-08-06","345",""
"14002","2015-08-07","346",""
"14002","2015-08-08","352",""
"14002","2015-08-09","333",""
"14002","2015-08-10","329",""
"14002","2015-08-11","338",""
"14002","2015-08-12","361",""
"14002","2015-08-13","371",""
"14002","2015-08-14","350",""
"14002","2015-08-15","332",""
"14002","2015-08-16","315",""
"14002","2015-08-17","305",""
"14002","2015-08-18","302",""
"14002","2015-08-19","291",""
"14002","2015-08-20","281",""
"14002","2015-08-21","280",""
"14002","2015-08-22","277",""
"14002","2015-08-23","273","_"
"14002","2015-08-24","304",""
"14002","2015-08-25","316",""
"14002","2015-08-26","318",""
"14002","2015-08-27","327",""
"14002","2015-08-28","329",""
"14002","2015-08-29","319",""
"14002","2015-08-30","323",""
"14002","2015-08-31","322",""
"14002","2015-09-01","319",""
"14002","2015-09-02","324",""
"14002","2015-09-03","325",""
"14002","2015-09-04","331","^"
"14002","2015-09-05","326",""
"14002","2015-09-06","321",""
"14002","2015-09-07","315",""
"14002","2015-09-08","312",""
"14002","2015-09-09","312",""
"14002","2015-09-10","312",""
"14002","2015-09-11","305",""
"14002","2015-09-12","305",""
"14002","2015-09-13","299","_"
"14002","2015-09-14","293",""
"14002","2015-09-15","295",""
"14002","2015-09-16","293",""
"14002","2015-09-17","292",""
"14002","2015-09-18","292",""
"14002","2015-09-19","293",""
"14002","2015-09-20","300",""
"14002","2015-09-21","306",""
"14002","2015-09-22","313",""
"14002","2015-09-23","319",""
"14002","2015-09-24","310",""
"14002","2015-09-25","312",""
"14002","2015-09-26","313",""
"14002","2015-09-27","307",""
"14002","2015-09-28","307",""
"14002","2015-09-29","307",""
"14002","2015-09-30","311",""
"14002","2015-10-01","311",""
"14002","2015-10-02","309",""
"14002","2015-10-03","310",""
"14002","2015-10-04","311",""
"14002","2015-10-05","314",""
"14002","2015-10-06","316",""
"14002","2015-10-07","315",""
"14002","2015-10-08","317",""
"14002","2015-10-09","320",""
"14002","2015-10-10","321",""
"14002","2015-10-11","318",""
"14002","2015-10-12","321",""
"14002","2015-10-13","319",""
"14002","2015-10-14","321",""
"14002","2015-10-15","327",""
"14002","2015-10-16","330",""
"14002","2015-10-17","331",""
"14002","2015-10-18","332",""
"14002","2015-10-19","345","^"
"14002","2015-10-20","342",""
"14002","2015-10-21","335",""
"14002","2015-10-22","321",""
"14002","2015-10-23","322",""
"14002","2015-10-24","319",""
"14002","2015-10-25","313",""
"14002","2015-10-26","315",""
"14002","2015-10-27","321",""
"14002","2015-10-28","325",""
"14002","2015-10-29","325",""
"14002","2015-10-30","319",""
"14002","2015-10-31","304","_"
"14002","2015-11-01","300",""
"14002","2015-11-02","304",""
"14002","2015-11-03","298",""
"14002","2015-11-04","296",""
"14002","2015-11-05","291",""
"14002","2015-11-06","290",""
"14002","2015-11-07","293",""
"14002","2015-11-08","297",""
"14002","2015-11-09","298",""
"14002","2015-11-10","289",""
"14002","2015-11-11","283",""
"14002","2015-11-12","285",""
"14002","2015-11-13","278","_"
"14002","2015-11-14","283",""
"14002","2015-11-15","286",""
"14002","2015-11-16","292",""
"14002","2015-11-17","291",""
"14002","2015-11-18","290",""
"14002","2015-11-19","298",""
"14002","2015-11-20","299",""
"14002","2015-11-21","301",""
"14002","2015-11-22","300",""
"14002","2015-11-23","299","^"
"14002","2015-11-24","304",""
"14002","2015-11-25","304",""
"14002","2015-11-26","300",""
"14002","2015-11-27","298",""
"14002","2015-11-28","296",""
"14002","2015-11-29","289",""
"14002","2015-11-30","289",""
"14002","2015-12-01","287",""
"14002","2015-12-02","281",""
"14002","2015-12-03","279",""
"14002","2015-12-04","277",""
"14002","2015-12-05","272",""
"14002","2015-12-06","281",""
"14002","2015-12-07","293",""
"14002","2015-12-08","293",""
"14002","2015-12-09","289",""
"14002","2015-12-10","301",""
"14002","2015-12-11","302","^"
"14002","2015-12-12","291",""
"14002","2015-12-13","281",""
"14002","2015-12-14","278",""
"14002","2015-12-15","274",""
"14002","2015-12-16","273",""
"14002","2015-12-17","272",""
"14002","2015-12-18","267",""
"14002","2015-12-19","274",""
"14002","2015-12-20","278",""
"14002","2015-12-21","287","Ш"
"14002","2015-12-22","280","Ш"
"14002","2015-12-23","283",")"
"14002","2015-12-24","281",")"
"14002","2015-12-25","281",""
"14002","2015-12-26","269",""
"14002","2015-12-27","266",""
"14002","2015-12-28","254",""
"14002","2015-12-29","241",""
"14002","2015-12-30","236",""
"14002","2015-12-31","230","_"
"14002","2016-01-01","237","_*)"
"14002","2016-01-02","238",""
"14002","2016-01-03","238",""
"14002","2016-01-04","235","_"
"14002","2016-01-05","239",""
"14002","2016-01-06","239",""
"14002","2016-01-07","239",""
"14002","2016-01-08","237",""
"14002","2016-01-09","240",""
"14002","2016-01-10","244",""
"14002","2016-01-11","241",""
"14002","2016-01-12","243",""
"14002","2016-01-13","241",""
"14002","2016-01-14","241",""
"14002","2016-01-15","241","Ш"
"14002","2016-01-16","242","Ш"
"14002","2016-01-17","246","Ш)"
"14002","2016-01-18","241","Ш)"
"14002","2016-01-19","242","Ш)"
"14002","2016-01-20","237","_Ш)"
"14002","2016-01-21","238","Ш)"
"14002","2016-01-22","241","Ш)"
"14002","2016-01-23","245","Ш)"
"14002","2016-01-24","242","^Ш)"
"14002","2016-01-25","237","Ш)"
"14002","2016-01-26","237","_Ш)"
"14002","2016-01-27","239","Ш)"
"14002","2016-01-28","237","Ш)"
"14002","2016-01-29","236","Ш)"
"14002","2016-01-30","235","_Ш)"
"14002","2016-01-31","237","Ш)"
"14002","2016-02-01","236","Ш)"
"14002","2016-02-02","236","Ш)"
"14002","2016-02-03","235","Ш)"
"14002","2016-02-04","235","Ш)"
"14002","2016-02-05","238","Ш)"
"14002","2016-02-06","240","Ш)"
"14002","2016-02-07","237","Ш)"
"14002","2016-02-08","231","Ш)"
"14002","2016-02-09","225","Ш)"
"14002","2016-02-10","222","_Ш)"
"14002","2016-02-11","226","Ш)"
"14002","2016-02-12","227","Ш)"
"14002","2016-02-13","230","Ш)"
"14002","2016-02-14","232","Ш)"
"14002","2016-02-15","225","Ш)"
"14002","2016-02-16","224","Ш)"
"14002","2016-02-17","226","Ш)"
"14002","2016-02-18","232","Ш)"
"14002","2016-02-19","238","Ш)"
"14002","2016-02-20","239",")"
"14002","2016-02-21","237",")"
"14002","2016-02-22","232",")"
"14002","2016-02-23","230",")"
"14002","2016-02-24","233",")"
"14002","2016-02-25","247",")"
"14002","2016-02-26","256",")"
"14002","2016-02-27","263","^)"
"14002","2016-02-28","256",")"
"14002","2016-02-29","257",")"
"14002","2016-03-01","265",""
"14002","2016-03-02","256",""
"14002","2016-03-03","260",""
"14002","2016-03-04","257","_"
"14002","2016-03-05","258",""
"14002","2016-03-06","257",""
"14002","2016-03-07","267",""
"14002","2016-03-08","273",""
"14002","2016-03-09","272",""
"14002","2016-03-10","271",""
"14002","2016-03-11","279",""
"14002","2016-03-12","292",""
"14002","2016-03-13","291",""
"14002","2016-03-14","288",""
"14002","2016-03-15","294",""
"14002","2016-03-16","298",""
"14002","2016-03-17","296",""
"14002","2016-03-18","295",""
"14002","2016-03-19","279",""
"14002","2016-03-20","282",""
"14002","2016-03-21","268",""
"14002","2016-03-22","254",""
"14002","2016-03-23","256",""
"14002","2016-03-24","259",""
"14002","2016-03-25","269",""
"14002","2016-03-26","269",""
"14002","2016-03-27","269",""
"14002","2016-03-28","268",""
"14002","2016-03-29","279",""
"14002","2016-03-30","291",""
"14002","2016-03-31","306","^"
"14002","2016-04-01","298",""
"14002","2016-04-02","310",""
"14002","2016-04-03","309",""
"14002","2016-04-04","301",""
"14002","2016-04-05","304",""
"14002","2016-04-06","295",""
"14002","2016-04-07","301",""
"14002","2016-04-08","291",""
"14002","2016-04-09","277",""
"14002","2016-04-10","273",""
"14002","2016-04-11","279",""
"14002","2016-04-12","281",""
"14002","2016-04-13","288",""
"14002","2016-04-14","273",""
"14002","2016-04-15","260","_"
"14002","2016-04-16","269",""
"14002","2016-04-17","271",""
"14002","2016-04-18","270",""
"14002","2016-04-19","270",""
"14002","2016-04-20","261","_"
"14002","2016-04-21","265",""
"14002","2016-04-22","281",""
"14002","2016-04-23","268",""
"14002","2016-04-24","259",""
"14002","2016-04-25","259",""
"14002","2016-04-26","268",""
"14002","2016-04-27","275",""
"14002","2016-04-28","265",""
"14002","2016-04-29","262","_"
"14002","2016-04-30","323","^"
"14002","2016-05-01","348",""
"14002","2016-05-02","322","_"
"14002","2016-05-03","347",""
"14002","2016-05-04","376",""
"14002","2016-05-05","367",""
"14002","2016-05-06","357",""
"14002","2016-05-07","356",""
"14002","2016-05-08","375",""
"14002","2016-05-09","368",""
"14002","2016-05-10","376",""
"14002","2016-05-11","415","^"
"14002","2016-05-12","402",""
"14002","2016-05-13","392",""
"14002","2016-05-14","377",""
"14002","2016-05-15","378",""
"14002","2016-05-16","393",""
"14002","2016-05-17","393",""
"14002","2016-05-18","397",""
"14002","2016-05-19","413",""
"14002","2016-05-20","391",""
"14002","2016-05-21","389",""
"14002","2016-05-22","385",""
"14002","2016-05-23","379",""
"14002","2016-05-24","364",""
"14002","2016-05-25","349",""
"14002","2016-05-26","348",""
"14002","2016-05-27","340",""
"14002","2016-05-28","336",""
"14002","2016-05-29","352",""
"14002","2016-05-30","337",""
"14002","2016-05-31","354",""
"14002","2016-06-01","333",""
"14002","2016-06-02","328",""
"14002","2016-06-03","317",""
"14002","2016-06-04","321",""
"14002","2016-06-05","324",""
"14002","2016-06-06","320",""
"14002","2016-06-07","325",""
"14002","2016-06-08","324",""
"14002","2016-06-09","328",""
"14002","2016-06-10","317",""
"14002","2016-06-11","312","_"
"14002","2016-06-12","312",""
"14002","2016-06-13","315",""
"14002","2016-06-14","320",""
"14002","2016-06-15","317",""
"14002","2016-06-16","309",""
"14002","2016-06-17","322",""
"14002","2016-06-18","395",""
"14002","2016-06-19","410",""
"14002","2016-06-20","423",""
"14002","2016-06-21","431",""
"14002","2016-06-22","448",""
"14002","2016-06-23","468",""
"14002","2016-06-24","490",""
"14002","2016-06-25","509",""
"14002","2016-06-26","520","^"
"14002","2016-06-27","511",""
"14002","2016-06-28","503",""
"14002","2016-06-29","498",""
"14002","2016-06-30","489",""
"14002","2016-07-01","477",""
"14002","2016-07-02","465",""
"14002","2016-07-03","461",""
"14002","2016-07-04","471",""
"14002","2016-07-05","478",""
"14002","2016-07-06","482",""
"14002","2016-07-07","485",""
"14002","2016-07-08","491",""
"14002","2016-07-09","498",""
"14002","2016-07-10","507",""
"14002","2016-07-11","511",""
"14002","2016-07-12","516",""
"14002","2016-07-13","519",""
"14002","2016-07-14","520",""
"14002","2016-07-15","519",""
"14002","2016-07-16","516",""
"14002","2016-07-17","527",""
"14002","2016-07-18","529",""
"14002","2016-07-19","523",""
"14002","2016-07-20","514",""
"14002","2016-07-21","498",""
"14002","2016-07-22","486",""
"14002","2016-07-23","441","^"
"14002","2016-07-24","410",""
"14002","2016-07-25","395","_"
"14002","2016-07-26","415",""
"14002","2016-07-27","415",""
"14002","2016-07-28","407",""
"14002","2016-07-29","418",""
"14002","2016-07-30","442",""
"14002","2016-07-31","454",""
"14002","2016-08-01","465",""
"14002","2016-08-02","483",""
"14002","2016-08-03","505",""
"14002","2016-08-04","536",""
"14002","2016-08-05","574","^"
"14002","2016-08-06","574",""
"14002","2016-08-07","537",""
"14002","2016-08-08","525",""
"14002","2016-08-09","524",""
"14002","2016-08-10","526",""
"14002","2016-08-11","524",""
"14002","2016-08-12","516",""
"14002","2016-08-13","506",""
"14002","2016-08-14","490",""
"14002","2016-08-15","455",""
"14002","2016-08-16","423",""
"14002","2016-08-17","404",""
"14002","2016-08-18","371",""
"14002","2016-08-19","357",""
"14002","2016-08-20","343",""
"14002","2016-08-21","309",""
"14002","2016-08-22","320",""
"14002","2016-08-23","300",""
"14002","2016-08-24","281",""
"14002","2016-08-25","277","_"
"14002","2016-08-26","366",""
"14002","2016-08-27","361",""
"14002","2016-08-28","350",""
"14002","2016-08-29","350",""
"14002","2016-08-30","345",""
"14002","2016-08-31","306",""
"14002","2016-09-01","314",""
"14002","2016-09-02","343",""
"14002","2016-09-03","358",""
"14002","2016-09-04","355",""
"14002","2016-09-05","349",""
"14002","2016-09-06","342",""
"14002","2016-09-07","323",""
"14002","2016-09-08","306",""
"14002","2016-09-09","296",""
"14002","2016-09-10","318",""
"14002","2016-09-11","346",""
"14002","2016-09-12","365","^"
"14002","2016-09-13","352",""
"14002","2016-09-14","343",""
"14002","2016-09-15","320",""
"14002","2016-09-16","314",""
"14002","2016-09-17","334",""
"14002","2016-09-18","346",""
"14002","2016-09-19","344",""
"14002","2016-09-20","348",""
"14002","2016-09-21","319",""
"14002","2016-09-22","321",""
"14002","2016-09-23","314",""
"14002","2016-09-24","308",""
"14002","2016-09-25","325",""
"14002","2016-09-26","317",""
"14002","2016-09-27","322",""
"14002","2016-09-28","315",""
"14002","2016-09-29","315",""
"14002","2016-09-30","293","_"
"14002","2016-10-01","298",""
"14002","2016-10-02","285",""
"14002","2016-10-03","289","_"
"14002","2016-10-04","302",""
"14002","2016-10-05","294",""
"14002","2016-10-06","304",""
"14002","2016-10-07","302",""
"14002","2016-10-08","309",""
"14002","2016-10-09","313",""
"14002","2016-10-10","295",""
"14002","2016-10-11","310",""
"14002","2016-10-12","341","^"
"14002","2016-10-13","343",""
"14002","2016-10-14","336",""
"14002","2016-10-15","325",""
"14002","2016-10-16","305",""
"14002","2016-10-17","300",""
"14002","2016-10-18","318",""
"14002","2016-10-19","322",""
"14002","2016-10-20","321",""
"14002","2016-10-21","320",""
"14002","2016-10-22","319",""
"14002","2016-10-23","334",""
"14002","2016-10-24","329",""
"14002","2016-10-25","314",""
"14002","2016-10-26","316",""
"14002","2016-10-27","314",""
"14002","2016-10-28","301",""
"14002","2016-10-29","311",""
"14002","2016-10-30","317",""
"14002","2016-10-31","319",""
"14002","2016-11-01","321",""
"14002","2016-11-02","320",""
"14002","2016-11-03","327",""
"14002","2016-11-04","326",""
"14002","2016-11-05","330",""
"14002","2016-11-06","327",""
"14002","2016-11-07","319",""
"14002","2016-11-08","318",""
"14002","2016-11-09","305",""
"14002","2016-11-10","239","_"
"14002","2016-11-11","272",""
"14002","2016-11-12","274",""
"14002","2016-11-13","312",""
"14002","2016-11-14","323",""
"14002","2016-11-15","319",""
"14002","2016-11-16","324",""
"14002","2016-11-17","330","^"
"14002","2016-11-18","323",""
"14002","2016-11-19","325",""
"14002","2016-11-20","323",""
"14002","2016-11-21","307",""
"14002","2016-11-22","304",""
"14002","2016-11-23","316",""
"14002","2016-11-24","319",""
"14002","2016-11-25","327",""
"14002","2016-11-26","318",""
"14002","2016-11-27","307",""
"14002","2016-11-28","298",""
"14002","2016-11-29","310",":"
"14002","2016-11-30","315",":"
"14002","2016-12-01","320",""
"14002","2016-12-02","308",""
"14002","2016-12-03","316",""
"14002","2016-12-04","320",""
"14002","2016-12-05","319","^"
"14002","2016-12-06","321",""
"14002","2016-12-07","313",""
"14002","2016-12-08","303",""
"14002","2016-12-09","292",""
"14002","2016-12-10","298",""
"14002","2016-12-11","287",""
"14002","2016-12-12","302",""
"14002","2016-12-13","304",""
"14002","2016-12-14","303",""
"14002","2016-12-15","306",""
"14002","2016-12-16","297",""
"14002","2016-12-17","312",""
"14002","2016-12-18","313",""
"14002","2016-12-19","301",""
"14002","2016-12-20","313",""
"14002","2016-12-21","302",""
"14002","2016-12-22","311",""
"14002","2016-12-23","299",""
"14002","2016-12-24","305",""
"14002","2016-12-25","286",":"
"14002","2016-12-26","277","Ш)"
"14002","2016-12-27","281","_Ш)"
"14002","2016-12-28","289",")"
"14002","2016-12-29","284",")"
"14002","2016-12-30","276",""
"14002","2016-12-31","285",""
"14002","2017-01-01","274","^"
"14002","2017-01-02","272",""
"14002","2017-01-03","276",""
"14002","2017-01-04","265",""
"14002","2017-01-05","260",""
"14002","2017-01-06","255",""
"14002","2017-01-07","252",""
"14002","2017-01-08","246","Ш)"
"14002","2017-01-09","244","Ш)"
"14002","2017-01-10","251","Ш)"
"14002","2017-01-11","243","Ш)"
"14002","2017-01-12","255","Ш)"
"14002","2017-01-13","237","Ш)"
"14002","2017-01-14","255","Ш)"
"14002","2017-01-15","254","Ш)"
"14002","2017-01-16","253","Ш)"
"14002","2017-01-17","253","Ш)"
"14002","2017-01-18","252","Ш)"
"14002","2017-01-19","251","Ш)"
"14002","2017-01-20","253","Ш)"
"14002","2017-01-21","254","Ш)"
"14002","2017-01-22","247","Ш)"
"14002","2017-01-23","236","Ш)"
"14002","2017-01-24","229",")"
"14002","2017-01-25","220",")"
"14002","2017-01-26","225",")"
"14002","2017-01-27","222","_Ш)"
"14002","2017-01-28","245","Ш)"
"14002","2017-01-29","254","Ш)"
"14002","2017-01-30","243","Ш)"
"14002","2017-01-31","232","Ш)"
"14002","2017-02-01","237",")"
"14002","2017-02-02","228",")"
"14002","2017-02-03","227",")"
"14002","2017-02-04","224",")"
"14002","2017-02-05","218",")"
"14002","2017-02-06","221",")"
"14002","2017-02-07","240",")"
"14002","2017-02-08","233",")"
"14002","2017-02-09","228",")"
"14002","2017-02-10","224",")"
"14002","2017-02-11","221",")"
"14002","2017-02-12","216",")"
"14002","2017-02-13","227",")"
"14002","2017-02-14","228",")"
"14002","2017-02-15","245",")"
"14002","2017-02-16","248","^)"
"14002","2017-02-17","228",")"
"14002","2017-02-18","239",")"
"14002","2017-02-19","248",")"
"14002","2017-02-20","227",")"
"14002","2017-02-21","216","_)"
"14002","2017-02-22","221",")"
"14002","2017-02-23","230",")"
"14002","2017-02-24","227",""
"14002","2017-02-25","243",""
"14002","2017-02-26","238",""
"14002","2017-02-27","233",""
"14002","2017-02-28","235",""
"14002","2017-03-01","236",""
"14002","2017-03-02","239",""
"14002","2017-03-03","243",""
"14002","2017-03-04","228",""
"14002","2017-03-05","219","_"
"14002","2017-03-06","222","_"
"14002","2017-03-07","250",""
"14002","2017-03-08","254",""
"14002","2017-03-09","249",""
"14002","2017-03-10","248",""
"14002","2017-03-11","245",""
"14002","2017-03-12","255",""
"14002","2017-03-13","253",""
"14002","2017-03-14","248",""
"14002","2017-03-15","260",""
"14002","2017-03-16","271",""
"14002","2017-03-17","284",""
"14002","2017-03-18","291",""
"14002","2017-03-19","292",""
"14002","2017-03-20","276",""
"14002","2017-03-21","271",""
"14002","2017-03-22","259",""
"14002","2017-03-23","263",""
"14002","2017-03-24","272",""
"14002","2017-03-25","291",""
"14002","2017-03-26","293",""
"14002","2017-03-27","297",""
"14002","2017-03-28","301",""
"14002","2017-03-29","310","^"
"14002","2017-03-30","291",""
"14002","2017-03-31","296",""
"14002","2017-04-01","296",""
"14002","2017-04-02","294",""
"14002","2017-04-03","309",""
"14002","2017-04-04","337",""
"14002","2017-04-05","329",""
"14002","2017-04-06","298",""
"14002","2017-04-07","296",""
"14002","2017-04-08","295",""
"14002","2017-04-09","299",""
"14002","2017-04-10","295",""
"14002","2017-04-11","291",""
"14002","2017-04-12","273",""
"14002","2017-04-13","268",""
"14002","2017-04-14","274","_"
"14002","2017-04-15","290",""
"14002","2017-04-16","299",""
"14002","2017-04-17","306",""
"14002","2017-04-18","315",""
"14002","2017-04-19","317",""
"14002","2017-04-20","319",""
"14002","2017-04-21","324",""
"14002","2017-04-22","333",""
"14002","2017-04-23","351",""
"14002","2017-04-24","354",""
"14002","2017-04-25","345",""
"14002","2017-04-26","348",""
"14002","2017-04-27","354","^"
"14002","2017-04-28","352",""
"14002","2017-04-29","351",""
"14002","2017-04-30","348",""
"14002","2017-05-01","349",""
"14002","2017-05-02","344",""
"14002","2017-05-03","334",""
"14002","2017-05-04","328",""
"14002","2017-05-05","324",""
"14002","2017-05-06","334",""
"14002","2017-05-07","335",""
"14002","2017-05-08","331",""
"14002","2017-05-09","322",""
"14002","2017-05-10","319",""
"14002","2017-05-11","326",""
"14002","2017-05-12","321",""
"14002","2017-05-13","315","_"
"14002","2017-05-14","335",""
"14002","2017-05-15","345",""
"14002","2017-05-16","351",""
"14002","2017-05-17","348",""
"14002","2017-05-18","340",""
"14002","2017-05-19","362",""
"14002","2017-05-20","374",""
"14002","2017-05-21","351",""
"14002","2017-05-22","328",""
"14002","2017-05-23","330",""
"14002","2017-05-24","316",""
"14002","2017-05-25","333",""
"14002","2017-05-26","354",""
"14002","2017-05-27","379","^"
"14002","2017-05-28","372",""
"14002","2017-05-29","349",""
"14002","2017-05-30","352",""
"14002","2017-05-31","359",""
"14002","2017-06-01","372",""
"14002","2017-06-02","375",""
"14002","2017-06-03","373",""
"14002","2017-06-04","362",""
"14002","2017-06-05","357",""
"14002","2017-06-06","369",""
"14002","2017-06-07","359",""
"14002","2017-06-08","372",""
"14002","2017-06-09","366",""
"14002","2017-06-10","351","_"
"14002","2017-06-11","349","_"
"14002","2017-06-12","354",""
"14002","2017-06-13","363",""
"14002","2017-06-14","354",""
"14002","2017-06-15","357",""
"14002","2017-06-16","351",""
"14002","2017-06-17","392",""
"14002","2017-06-18","399",""
"14002","2017-06-19","366",""
"14002","2017-06-20","376",""
"14002","2017-06-21","362",""
"14002","2017-06-22","358",""
"14002","2017-06-23","351",""
"14002","2017-06-24","348",""
"14002","2017-06-25","364",""
"14002","2017-06-26","381",""
"14002","2017-06-27","385",""
"14002","2017-06-28","384",""
"14002","2017-06-29","397",""
"14002","2017-06-30","404","^"
"14002","2017-07-01","399",""
"14002","2017-07-02","403","^"
"14002","2017-07-03","401",""
"14002","2017-07-04","387",""
"14002","2017-07-05","370",""
"14002","2017-07-06","357",""
"14002","2017-07-07","332",""
"14002","2017-07-08","309",""
"14002","2017-07-09","338",""
"14002","2017-07-10","317",""
"14002","2017-07-11","335",""
"14002","2017-07-12","347",""
"14002","2017-07-13","332",""
"14002","2017-07-14","339",""
"14002","2017-07-15","379",""
"14002","2017-07-16","389",""
"14002","2017-07-17","393",""
"14002","2017-07-18","392",""
"14002","2017-07-19","387",""
"14002","2017-07-20","352",""
"14002","2017-07-21","339",""
"14002","2017-07-22","335",""
"14002","2017-07-23","317",""
"14002","2017-07-24","317",""
"14002","2017-07-25","301",""
"14002","2017-07-26","302",""
"14002","2017-07-27","301",""
"14002","2017-07-28","280",""
"14002","2017-07-29","249",""
"14002","2017-07-30","238",""
"14002","2017-07-31","228","_"
"14002","2017-08-01","230",""
"14002","2017-08-02","225","_"
"14002","2017-08-03","269",""
"14002","2017-08-04","303",""
"14002","2017-08-05","306",""
"14002","2017-08-06","301",""
"14002","2017-08-07","289",""
"14002","2017-08-08","292",""
"14002","2017-08-09","299",""
"14002","2017-08-10","272",""
"14002","2017-08-11","269",""
"14002","2017-08-12","281",""
"14002","2017-08-13","322",""
"14002","2017-08-14","326","^"
"14002","2017-08-15","325",""
"14002","2017-08-16","321",""
"14002","2017-08-17","312",""
"14002","2017-08-18","278",""
"14002","2017-08-19","244",""
"14002","2017-08-20","250",""
"14002","2017-08-21","245",""
"14002","2017-08-22","240",""
"14002","2017-08-23","228",""
"14002","2017-08-24","231",""
"14002","2017-08-25","246",""
"14002","2017-08-26","259",""
"14002","2017-08-27","264",""
"14002","2017-08-28","259",""
"14002","2017-08-29","266",""
"14002","2017-08-30","261",""
"14002","2017-08-31","255",""
"14002","2017-09-01","261",""
"14002","2017-09-02","284",""
"14002","2017-09-03","276",""
"14002","2017-09-04","278",""
"14002","2017-09-05","300",""
"14002","2017-09-06","286",""
"14002","2017-09-07","275",""
"14002","2017-09-08","253",""
"14002","2017-09-09","256",""
"14002","2017-09-10","248",""
"14002","2017-09-11","254",""
"14002","2017-09-12","260",""
"14002","2017-09-13","261",""
"14002","2017-09-14","248",""
"14002","2017-09-15","243",""
"14002","2017-09-16","236","_"
"14002","2017-09-17","257",""
"14002","2017-09-18","261",""
"14002","2017-09-19","250",""
"14002","2017-09-20","249",""
"14002","2017-09-21","260",""
"14002","2017-09-22","283",""
"14002","2017-09-23","302",""
"14002","2017-09-24","305","^"
"14002","2017-09-25","274",""
"14002","2017-09-26","264",""
"14002","2017-09-27","266",""
"14002","2017-09-28","279",""
"14002","2017-09-29","301",""
"14002","2017-09-30","303",""
"14002","2017-10-01","312",""
"14002","2017-10-02","302",""
"14002","2017-10-03","305",""
"14002","2017-10-04","292",""
"14002","2017-10-05","298",""
"14002","2017-10-06","308",""
"14002","2017-10-07","297",""
"14002","2017-10-08","294",""
"14002","2017-10-09","281",""
"14002","2017-10-10","291",""
"14002","2017-10-11","297",""
"14002","2017-10-12","301",""
"14002","2017-10-13","301",""
"14002","2017-10-14","296",""
"14002","2017-10-15","305",""
"14002","2017-10-16","312",""
"14002","2017-10-17","311",""
"14002","2017-10-18","290",""
"14002","2017-10-19","298",""
"14002","2017-10-20","302",""
"14002","2017-10-21","286",""
"14002","2017-10-22","293",""
"14002","2017-10-23","295",""
"14002","2017-10-24","297",""
"14002","2017-10-25","300",""
"14002","2017-10-26","309",""
"14002","2017-10-27","323","^"
"14002","2017-10-28","299",""
"14002","2017-10-29","282",""
"14002","2017-10-30","273","_"
"14002","2017-10-31","289",""
"14002","2017-11-01","290",""
"14002","2017-11-02","282",""
"14002","2017-11-03","281",""
"14002","2017-11-04","280",""
"14002","2017-11-05","291",""
"14002","2017-11-06","277",""
"14002","2017-11-07","282",""
"14002","2017-11-08","292",""
"14002","2017-11-09","292",""
"14002","2017-11-10","297",""
"14002","2017-11-11","297","^"
"14002","2017-11-12","277",""
"14002","2017-11-13","266",""
"14002","2017-11-14","269",""
"14002","2017-11-15","270",""
"14002","2017-11-16","285",""
"14002","2017-11-17","270",""
"14002","2017-11-18","260",""
"14002","2017-11-19","262",""
"14002","2017-11-20","259",""
"14002","2017-11-21","260",""
"14002","2017-11-22","257",""
"14002","2017-11-23","253",""
"14002","2017-11-24","246","_"
"14002","2017-11-25","266",""
"14002","2017-11-26","261",""
"14002","2017-11-27","257",""
"14002","2017-11-28","259",""
"14002","2017-11-29","270",""
"14002","2017-11-30","275",""
"14002","2017-12-01","265",""
"14002","2017-12-02","265",""
"14002","2017-12-03","281","^"
"14002","2017-12-04","270",""
"14002","2017-12-05","266",""
"14002","2017-12-06","260",""
"14002","2017-12-07","262",""
"14002","2017-12-08","260",""
"14002","2017-12-09","259",""
"14002","2017-12-10","262",""
"14002","2017-12-11","257",""
"14002","2017-12-12","256",""
"14002","2017-12-13","264",""
"14002","2017-12-14","260",""
"14002","2017-12-15","250",""
"14002","2017-12-16","249",""
"14002","2017-12-17","249",""
"14002","2017-12-18","255",""
"14002","2017-12-19","249",""
"14002","2017-12-20","241",""
"14002","2017-12-21","230",""
"14002","2017-12-22","234",""
"14002","2017-12-23","228",""
"14002","2017-12-24","220",""
"14002","2017-12-25","227",""
"14002","2017-12-26","237",""
"14002","2017-12-27","227",""
"14002","2017-12-28","225","_"
"14002","2017-12-29","225","):"
"14002","2017-12-30","230","Ш)"
"14002","2017-12-31","239","Ш)"
"14002","2018-01-01","245","Z"
"14002","2018-01-02","244","Z"
"14002","2018-01-03","247","Z"
"14002","2018-01-04","241","Z"
"14002","2018-01-05","229","_Z"
"14002","2018-01-06","303","Z"
"14002","2018-01-07","351","Z"
"14002","2018-01-08","360","EZ"
"14002","2018-01-09","364","^E"
"14002","2018-01-10","367","E"
"14002","2018-01-11","371","E"
"14002","2018-01-12","364","Z"
"14002","2018-01-13","354","Z"
"14002","2018-01-14","349","Z"
"14002","2018-01-15","328","Z"
"14002","2018-01-16","330","Z"
"14002","2018-01-17","320","Z"
"14002","2018-01-18","317","Z"
"14002","2018-01-19","323","Z"
"14002","2018-01-20","317","Z"
"14002","2018-01-21","311","Z"
"14002","2018-01-22","327","Z"
"14002","2018-01-23","316","&"
"14002","2018-01-24","320","&"
"14002","2018-01-25","320","&"
"14002","2018-01-26","323","&"
"14002","2018-01-27","306","&"
"14002","2018-01-28","314","&"
"14002","2018-01-29","314","&"
"14002","2018-01-30","319","&"
"14002","2018-01-31","335","&~"
"14002","2018-02-01","348","^&~"
"14002","2018-02-02","349","&~"
"14002","2018-02-03","333","&H"
"14002","2018-02-04","334","&H"
"14002","2018-02-05","329","&H"
"14002","2018-02-06","332","&H"
"14002","2018-02-07","335","&H"
"14002","2018-02-08","321","&"
"14002","2018-02-09","319","&"
"14002","2018-02-10","310","&"
"14002","2018-02-11","307","&"
"14002","2018-02-12","312","&"
"14002","2018-02-13","312","&"
"14002","2018-02-14","308","&"
"14002","2018-02-15","305","&"
"14002","2018-02-16","302","&"
"14002","2018-02-17","302","&"
"14002","2018-02-18","303","&"
"14002","2018-02-19","305","&"
"14002","2018-02-20","301","&"
"14002","2018-02-21","301","&"
"14002","2018-02-22","302","&"
"14002","2018-02-23","307","&"
"14002","2018-02-24","314","&"
"14002","2018-02-25","317","&E"
"14002","2018-02-26","307","&E"
"14002","2018-02-27","297","&E"
"14002","2018-02-28","287","_&E"
"14002","2018-03-01","281","Z"
"14002","2018-03-02","279","Z"
"14002","2018-03-03","276","Z"
"14002","2018-03-04","258","Z"
"14002","2018-03-05","244","Z"
"14002","2018-03-06","243","_Z"
"14002","2018-03-07","253","Z"
"14002","2018-03-08","261",""
"14002","2018-03-09","261",""
"14002","2018-03-10","265",""
"14002","2018-03-11","263",""
"14002","2018-03-12","262",""
"14002","2018-03-13","277",""
"14002","2018-03-14","283",""
"14002","2018-03-15","294",""
"14002","2018-03-16","284",""
"14002","2018-03-17","274",""
"14002","2018-03-18","290",""
"14002","2018-03-19","280",""
"14002","2018-03-20","278",""
"14002","2018-03-21","291",""
"14002","2018-03-22","289",""
"14002","2018-03-23","285",""
"14002","2018-03-24","287",""
"14002","2018-03-25","293",""
"14002","2018-03-26","286",""
"14002","2018-03-27","284",""
"14002","2018-03-28","291",""
"14002","2018-03-29","297",""
"14002","2018-03-30","313","^"
"14002","2018-03-31","304",""
"14002","2018-04-01","298",""
"14002","2018-04-02","299",""
"14002","2018-04-03","287",""
"14002","2018-04-04","295",""
"14002","2018-04-05","292",""
"14002","2018-04-06","280",""
"14002","2018-04-07","281",""
"14002","2018-04-08","288",""
"14002","2018-04-09","294",""
"14002","2018-04-10","284",""
"14002","2018-04-11","287",""
"14002","2018-04-12","286",""
"14002","2018-04-13","282",""
"14002","2018-04-14","302",""
"14002","2018-04-15","308",""
"14002","2018-04-16","300",""
"14002","2018-04-17","300",""
"14002","2018-04-18","302","^"
"14002","2018-04-19","303",""
"14002","2018-04-20","302",""
"14002","2018-04-21","298",""
"14002","2018-04-22","289",""
"14002","2018-04-23","293",""
"14002","2018-04-24","282",""
"14002","2018-04-25","284",""
"14002","2018-04-26","276","_"
"14002","2018-04-27","289",""
"14002","2018-04-28","294",""
"14002","2018-04-29","293",""
"14002","2018-04-30","276",""
"14002","2018-05-01","266",""
"14002","2018-05-02","263",""
"14002","2018-05-03","274",""
"14002","2018-05-04","273",""
"14002","2018-05-05","257",""
"14002","2018-05-06","266",""
"14002","2018-05-07","278",""
"14002","2018-05-08","270",""
"14002","2018-05-09","253",""
"14002","2018-05-10","260",""
"14002","2018-05-11","253",""
"14002","2018-05-12","241","_"
"14002","2018-05-13","246",""
"14002","2018-05-14","274",""
"14002","2018-05-15","290",""
"14002","2018-05-16","305",""
"14002","2018-05-17","305",""
"14002","2018-05-18","304",""
"14002","2018-05-19","310","^"
"14002","2018-05-20","300",""
"14002","2018-05-21","288",""
"14002","2018-05-22","272",""
"14002","2018-05-23","275",""
"14002","2018-05-24","278",""
"14002","2018-05-25","290",""
"14002","2018-05-26","276",""
"14002","2018-05-27","274",""
"14002","2018-05-28","259",""
"14002","2018-05-29","275",""
"14002","2018-05-30","270",""
"14002","2018-05-31","261",""
"14002","2018-06-01","261",""
"14002","2018-06-02","241",""
"14002","2018-06-03","233",""
"14002","2018-06-04","261",""
"14002","2018-06-05","275",""
"14002","2018-06-06","266",""
"14002","2018-06-07","251",""
"14002","2018-06-08","255",""
"14002","2018-06-09","252",""
"14002","2018-06-10","256",""
"14002","2018-06-11","242",""
"14002","2018-06-12","226",""
"14002","2018-06-13","222","_"
"14002","2018-06-14","222","_"
"14002","2018-06-15","227",""
"14002","2018-06-16","266",""
"14002","2018-06-17","282",""
"14002","2018-06-18","272",""
"14002","2018-06-19","277",""
"14002","2018-06-20","265",""
"14002","2018-06-21","261",""
"14002","2018-06-22","284",""
"14002","2018-06-23","286",""
"14002","2018-06-24","282",""
"14002","2018-06-25","282",""
"14002","2018-06-26","300",""
"14002","2018-06-27","309","^"
"14002","2018-06-28","302","^"
"14002","2018-06-29","285",""
"14002","2018-06-30","275",""
"14002","2018-07-01","269",""
"14002","2018-07-02","292",""
"14002","2018-07-03","313",""
"14002","2018-07-04","292",""
"14002","2018-07-05","289",""
"14002","2018-07-06","271",""
"14002","2018-07-07","299",""
"14002","2018-07-08","320",""
"14002","2018-07-09","327","^"
"14002","2018-07-10","296",""
"14002","2018-07-11","265",""
"14002","2018-07-12","267",""
"14002","2018-07-13","296",""
"14002","2018-07-14","295",""
"14002","2018-07-15","289",""
"14002","2018-07-16","282",""
"14002","2018-07-17","277",""
"14002","2018-07-18","271",""
"14002","2018-07-19","286",""
"14002","2018-07-20","266",""
"14002","2018-07-21","271",""
"14002","2018-07-22","268",""
"14002","2018-07-23","234",""
"14002","2018-07-24","219",""
"14002","2018-07-25","218",""
"14002","2018-07-26","243",""
"14002","2018-07-27","241",""
"14002","2018-07-28","231",""
"14002","2018-07-29","223",""
"14002","2018-07-30","238",""
"14002","2018-07-31","212","_"
"14002","2018-08-01","210",""
"14002","2018-08-02","197",""
"14002","2018-08-03","197",""
"14002","2018-08-04","186",""
"14002","2018-08-05","181",""
"14002","2018-08-06","191",""
"14002","2018-08-07","187",""
"14002","2018-08-08","181",""
"14002","2018-08-09","186",""
"14002","2018-08-10","173",""
"14002","2018-08-11","172","_"
"14002","2018-08-12","180",""
"14002","2018-08-13","189",""
"14002","2018-08-14","213","^"
"14002","2018-08-15","211",""
"14002","2018-08-16","206",""
"14002","2018-08-17","204",""
"14002","2018-08-18","196",""
"14002","2018-08-19","186",""
"14002","2018-08-20","173",""
"14002","2018-08-21","171",""
"14002","2018-08-22","185",""
"14002","2018-08-23","206",""
"14002","2018-08-24","213",""
"14002","2018-08-25","212","^"
"14002","2018-08-26","205",""
"14002","2018-08-27","198",""
"14002","2018-08-28","183",""
"14002","2018-08-29","181",""
"14002","2018-08-30","182",""
"14002","2018-08-31","193",""
"14002","2018-09-01","201",""
"14002","2018-09-02","202",""
"14002","2018-09-03","214",""
"14002","2018-09-04","207",""
"14002","2018-09-05","199","_"
"14002","2018-09-06","199","_"
"14002","2018-09-07","204",""
"14002","2018-09-08","208",""
"14002","2018-09-09","212",""
"14002","2018-09-10","214",""
"14002","2018-09-11","218",""
"14002","2018-09-12","219",""
"14002","2018-09-13","225",""
"14002","2018-09-14","229",""
"14002","2018-09-15","233",""
"14002","2018-09-16","249",""
"14002","2018-09-17","263",""
"14002","2018-09-18","262",""
"14002","2018-09-19","267",""
"14002","2018-09-20","257",""
"14002","2018-09-21","262",""
"14002","2018-09-22","265",""
"14002","2018-09-23","266",""
"14002","2018-09-24","270",""
"14002","2018-09-25","291",""
"14002","2018-09-26","291","^"
"14002","2018-09-27","277",""
"14002","2018-09-28","288",""
"14002","2018-09-29","288",""
"14002","2018-09-30","277",""
"14002","2018-10-01","290",""
"14002","2018-10-02","279",""
"14002","2018-10-03","291",""
"14002","2018-10-04","293",""
"14002","2018-10-05","285",""
"14002","2018-10-06","292",""
"14002","2018-10-07","289",""
"14002","2018-10-08","291",""
"14002","2018-10-09","299","^"
"14002","2018-10-10","295",""
"14002","2018-10-11","298",""
"14002","2018-10-12","297",""
"14002","2018-10-13","296",""
"14002","2018-10-14","295",""
"14002","2018-10-15","293",""
"14002","2018-10-16","278",""
"14002","2018-10-17","276",""
"14002","2018-10-18","275",""
"14002","2018-10-19","276",""
"14002","2018-10-20","271",""
"14002","2018-10-21","272",""
"14002","2018-10-22","257",""
"14002","2018-10-23","256",""
"14002","2018-10-24","258",""
"14002","2018-10-25","252","_"
"14002","2018-10-26","258",""
"14002","2018-10-27","292",""
"14002","2018-10-28","298",""
"14002","2018-10-29","294",""
"14002","2018-10-30","294",""
"14002","2018-10-31","288",""
"14002","2018-11-01","281",""
"14002","2018-11-02","291",""
"14002","2018-11-03","284",""
"14002","2018-11-04","280",""
"14002","2018-11-05","299","^"
"14002","2018-11-06","301",""
"14002","2018-11-07","292",""
"14002","2018-11-08","282",""
"14002","2018-11-09","291",""
"14002","2018-11-10","291",""
"14002","2018-11-11","288",""
"14002","2018-11-12","293",""
"14002","2018-11-13","297",""
"14002","2018-11-14","294",""
"14002","2018-11-15","288",""
"14002","2018-11-16","290",""
"14002","2018-11-17","286",""
"14002","2018-11-18","274",""
"14002","2018-11-19","268",""
"14002","2018-11-20","275",""
"14002","2018-11-21","270",""
"14002","2018-11-22","276",""
"14002","2018-11-23","264","_"
"14002","2018-11-24","276",""
"14002","2018-11-25","276",""
"14002","2018-11-26","273",""
"14002","2018-11-27","273",""
"14002","2018-11-28","271",""
"14002","2018-11-29","280",""
"14002","2018-11-30","273",""
"14002","2018-12-01","261",""
"14002","2018-12-02","263","):"
"14002","2018-12-03","264","):"
"14002","2018-12-04","271","^):"
"14002","2018-12-05","270","):"
"14002","2018-12-06","263","):"
"14002","2018-12-07","262","):"
"14002","2018-12-08","259","):"
"14002","2018-12-09","259",")"
"14002","2018-12-10","253",")"
"14002","2018-12-11","240",")"
"14002","2018-12-12","225","_"
"14002","2018-12-13","230",""
"14002","2018-12-14","265",""
"14002","2018-12-15","267",""
"14002","2018-12-16","260",""
"14002","2018-12-17","253",""
"14002","2018-12-18","241",""
"14002","2018-12-19","253",""
"14002","2018-12-20","263",""
"14002","2018-12-21","256","):"
"14002","2018-12-22","252","):"
"14002","2018-12-23","247","):"
"14002","2018-12-24","243","):"
"14002","2018-12-25","245",")"
"14002","2018-12-26","250",""
"14002","2018-12-27","247",""
"14002","2018-12-28","241",""
"14002","2018-12-29","239",":"
"14002","2018-12-30","237","Ш)"
"14002","2018-12-31","234",")"
"14002","2019-01-01","232",""
"14002","2019-01-02","237",""
"14002","2019-01-03","238",""
"14002","2019-01-04","227",""
"14002","2019-01-05","220",""
"14002","2019-01-06","210",""
"14002","2019-01-07","200",""
"14002","2019-01-08","187","_Ш)"
"14002","2019-01-09","208","_Ш)"
"14002","2019-01-10","235","Ш)"
"14002","2019-01-11","245","Ш)"
"14002","2019-01-12","237","Ш)"
"14002","2019-01-13","244","Ш)"
"14002","2019-01-14","261","^Ш)"
"14002","2019-01-15","231","Ш)"
"14002","2019-01-16","232","Ш)"
"14002","2019-01-17","220","Ш)"
"14002","2019-01-18","219","Ш)"
"14002","2019-01-19","220","Ш)"
"14002","2019-01-20","234","Ш)"
"14002","2019-01-21","220","Ш)"
"14002","2019-01-22","216","Ш)"
"14002","2019-01-23","230","Ш)"
"14002","2019-01-24","220","Ш)"
"14002","2019-01-25","237","Ш)"
"14002","2019-01-26","245","Ш)"
"14002","2019-01-27","235","Ш)"
"14002","2019-01-28","217","Ш)"
"14002","2019-01-29","216","Ш)"
"14002","2019-01-30","214","Ш)"
"14002","2019-01-31","213","Ш)"
"14002","2019-02-01","218","Ш)"
"14002","2019-02-02","222","Ш)"
"14002","2019-02-03","214","Ш)"
"14002","2019-02-04","216","Ш)"
"14002","2019-02-05","231","Ш)"
"14002","2019-02-06","219","Ш)"
"14002","2019-02-07","236","Ш)"
"14002","2019-02-08","223","Ш)"
"14002","2019-02-09","217","Ш)"
"14002","2019-02-10","221","Ш)"
"14002","2019-02-11","219","Ш)"
"14002","2019-02-12","214","Ш)"
"14002","2019-02-13","222","Ш)"
"14002","2019-02-14","211",")"
"14002","2019-02-15","207","_)"
"14002","2019-02-16","222",")"
"14002","2019-02-17","229",")"
"14002","2019-02-18","229",")"
"14002","2019-02-19","228",")"
"14002","2019-02-20","221",")"
"14002","2019-02-21","217",")"
"14002","2019-02-22","218",""
"14002","2019-02-23","215",""
"14002","2019-02-24","216",""
"14002","2019-02-25","230",""
"14002","2019-02-26","243",""
"14002","2019-02-27","251","^"
"14002","2019-02-28","220",""
"14002","2019-03-01","235",""
"14002","2019-03-02","217","_"
"14002","2019-03-03","218","_"
"14002","2019-03-04","228",""
"14002","2019-03-05","227",""
"14002","2019-03-06","226",""
"14002","2019-03-07","225",""
"14002","2019-03-08","221",""
"14002","2019-03-09","227",""
"14002","2019-03-10","228",""
"14002","2019-03-11","232",""
"14002","2019-03-12","236",""
"14002","2019-03-13","239",""
"14002","2019-03-14","234",""
"14002","2019-03-15","247",""
"14002","2019-03-16","247",""
"14002","2019-03-17","276",""
"14002","2019-03-18","297",""
"14002","2019-03-19","302",""
"14002","2019-03-20","286",""
"14002","2019-03-21","301",""
"14002","2019-03-22","282",""
"14002","2019-03-23","291",""
"14002","2019-03-24","277",""
"14002","2019-03-25","284",""
"14002","2019-03-26","266",""
"14002","2019-03-27","267",""
"14002","2019-03-28","283",""
"14002","2019-03-29","300",""
"14002","2019-03-30","315","^"
"14002","2019-03-31","289",""
"14002","2019-04-01","292",""
"14002","2019-04-02","286",""
"14002","2019-04-03","281",""
"14002","2019-04-04","282",""
"14002","2019-04-05","276",""
"14002","2019-04-06","281",""
"14002","2019-04-07","291",""
"14002","2019-04-08","306",""
"14002","2019-04-09","314",""
"14002","2019-04-10","295",""
"14002","2019-04-11","293",""
"14002","2019-04-12","302",""
"14002","2019-04-13","290",""
"14002","2019-04-14","281",""
"14002","2019-04-15","300",""
"14002","2019-04-16","293",""
"14002","2019-04-17","272",""
"14002","2019-04-18","274",""
"14002","2019-04-19","270",""
"14002","2019-04-20","272",""
"14002","2019-04-21","290",""
"14002","2019-04-22","291",""
"14002","2019-04-23","312",""
"14002","2019-04-24","283",""
"14002","2019-04-25","278","_"
"14002","2019-04-26","323",""
"14002","2019-04-27","301",""
"14002","2019-04-28","331",""
"14002","2019-04-29","332","^"
"14002","2019-04-30","293",""
"14002","2019-05-01","330",""
"14002","2019-05-02","340","^"
"14002","2019-05-03","328",""
"14002","2019-05-04","336",""
"14002","2019-05-05","324",""
"14002","2019-05-06","330",""
"14002","2019-05-07","330",""
"14002","2019-05-08","327",""
"14002","2019-05-09","320",""
"14002","2019-05-10","318",""
"14002","2019-05-11","285",""
"14002","2019-05-12","263",""
"14002","2019-05-13","249",""
"14002","2019-05-14","275",""
"14002","2019-05-15","261",""
"14002","2019-05-16","270",""
"14002","2019-05-17","255",""
"14002","2019-05-18","248",""
"14002","2019-05-19","244",""
"14002","2019-05-20","260",""
"14002","2019-05-21","248","_"
"14002","2019-05-22","257",""
"14002","2019-05-23","270",""
"14002","2019-05-24","312",""
"14002","2019-05-25","319",""
"14002","2019-05-26","318",""
"14002","2019-05-27","331",""
"14002","2019-05-28","341","^"
"14002","2019-05-29","325",""
"14002","2019-05-30","325",""
"14002","2019-05-31","328",""
"14002","2019-06-01","312",""
"14002","2019-06-02","327",""
"14002","2019-06-03","335",""
"14002","2019-06-04","366",""
"14002","2019-06-05","378",""
"14002","2019-06-06","366",""
"14002","2019-06-07","376",""
"14002","2019-06-08","382",""
"14002","2019-06-09","370",""
"14002","2019-06-10","373",""
"14002","2019-06-11","380",""
"14002","2019-06-12","391","^"
"14002","2019-06-13","381",""
"14002","2019-06-14","376",""
"14002","2019-06-15","361",""
"14002","2019-06-16","348",""
"14002","2019-06-17","353",""
"14002","2019-06-18","337",""
"14002","2019-06-19","317",""
"14002","2019-06-20","308",""
"14002","2019-06-21","303",""
"14002","2019-06-22","290",""
"14002","2019-06-23","293",""
"14002","2019-06-24","290",""
"14002","2019-06-25","271",""
"14002","2019-06-26","261",""
"14002","2019-06-27","263",""
"14002","2019-06-28","241",""
"14002","2019-06-29","248",""
"14002","2019-06-30","239","_"
"14002","2019-07-01","234",""
"14002","2019-07-02","244",""
"14002","2019-07-03","228",""
"14002","2019-07-04","234",""
"14002","2019-07-05","236",""
"14002","2019-07-06","246",""
"14002","2019-07-07","245","^"
"14002","2019-07-08","247",""
"14002","2019-07-09","245",""
"14002","2019-07-10","241",""
"14002","2019-07-11","230",""
"14002","2019-07-12","223",""
"14002","2019-07-13","228",""
"14002","2019-07-14","225",""
"14002","2019-07-15","220",""
"14002","2019-07-16","215",""
"14002","2019-07-17","213",""
"14002","2019-07-18","203","_"
"14002","2019-07-19","216",""
"14002","2019-07-20","202","_"
"14002","2019-07-21","210",""
"14002","2019-07-22","217",""
"14002","2019-07-23","222",""
"14002","2019-07-24","222",""
"14002","2019-07-25","212",""
"14002","2019-07-26","213",""
"14002","2019-07-27","218",""
"14002","2019-07-28","224",""
"14002","2019-07-29","228",""
"14002","2019-07-30","226",""
"14002","2019-07-31","231",""
"14002","2019-08-01","237",""
"14002","2019-08-02","226",""
"14002","2019-08-03","223",""
"14002","2019-08-04","215",""
"14002","2019-08-05","208","_"
"14002","2019-08-06","223",""
"14002","2019-08-07","221",""
"14002","2019-08-08","225",""
"14002","2019-08-09","224",""
"14002","2019-08-10","220",""
"14002","2019-08-11","232",""
"14002","2019-08-12","245",""
"14002","2019-08-13","247",""
"14002","2019-08-14","250",""
"14002","2019-08-15","247",""
"14002","2019-08-16","270",""
"14002","2019-08-17","282",""
"14002","2019-08-18","304",""
"14002","2019-08-19","339","^"
"14002","2019-08-20","337",""
"14002","2019-08-21","326",""
"14002","2019-08-22","321",""
"14002","2019-08-23","322",""
"14002","2019-08-24","317",""
"14002","2019-08-25","313",""
"14002","2019-08-26","311",""
"14002","2019-08-27","306",""
"14002","2019-08-28","299",""
"14002","2019-08-29","288",""
"14002","2019-08-30","289",""
"14002","2019-08-31","295",""
"14002","2019-09-01","290",""
"14002","2019-09-02","286",""
"14002","2019-09-03","272",""
"14002","2019-09-04","283",""
"14002","2019-09-05","286",""
"14002","2019-09-06","290",""
"14002","2019-09-07","295",""
"14002","2019-09-08","295",""
"14002","2019-09-09","295",""
"14002","2019-09-10","302",""
"14002","2019-09-11","304",""
"14002","2019-09-12","307",""
"14002","2019-09-13","305",""
"14002","2019-09-14","299",""
"14002","2019-09-15","286",""
"14002","2019-09-16","276",""
"14002","2019-09-17","275",""
"14002","2019-09-18","269",""
"14002","2019-09-19","270",""
"14002","2019-09-20","286",""
"14002","2019-09-21","293",""
"14002","2019-09-22","300",""
"14002","2019-09-23","284",""
"14002","2019-09-24","276",""
"14002","2019-09-25","266",""
"14002","2019-09-26","259",""
"14002","2019-09-27","262",""
"14002","2019-09-28","256","_"
"14002","2019-09-29","271",""
"14002","2019-09-30","308","^"
"14002","2019-10-01","316",""
"14002","2019-10-02","329",""
"14002","2019-10-03","338",""
"14002","2019-10-04","350","^"
"14002","2019-10-05","339",""
"14002","2019-10-06","334",""
"14002","2019-10-07","326",""
"14002","2019-10-08","336",""
"14002","2019-10-09","331",""
"14002","2019-10-10","297",""
"14002","2019-10-11","295",""
"14002","2019-10-12","301",""
"14002","2019-10-13","309",""
"14002","2019-10-14","306",""
"14002","2019-10-15","298",""
"14002","2019-10-16","294",""
"14002","2019-10-17","294",""
"14002","2019-10-18","293",""
"14002","2019-10-19","297",""
"14002","2019-10-20","292",""
"14002","2019-10-21","288",""
"14002","2019-10-22","289",""
"14002","2019-10-23","279",""
"14002","2019-10-24","279",""
"14002","2019-10-25","282",""
"14002","2019-10-26","284",""
"14002","2019-10-27","284",""
"14002","2019-10-28","277",""
"14002","2019-10-29","288",""
"14002","2019-10-30","274",""
"14002","2019-10-31","271","_"
"14002","2019-11-01","281",""
"14002","2019-11-02","295",""
"14002","2019-11-03","298",""
"14002","2019-11-04","285",""
"14002","2019-11-05","290",""
"14002","2019-11-06","301",""
"14002","2019-11-07","290",""
"14002","2019-11-08","287",""
"14002","2019-11-09","284",""
"14002","2019-11-10","283",""
"14002","2019-11-11","281",""
"14002","2019-11-12","277",""
"14002","2019-11-13","279",""
"14002","2019-11-14","278",""
"14002","2019-11-15","273","_"
"14002","2019-11-16","282",""
"14002","2019-11-17","281",""
"14002","2019-11-18","286",""
"14002","2019-11-19","290",""
"14002","2019-11-20","306","^"
"14002","2019-11-21","299",""
"14002","2019-11-22","300",""
"14002","2019-11-23","282",""
"14002","2019-11-24","279",""
"14002","2019-11-25","280",""
"14002","2019-11-26","280",""
"14002","2019-11-27","279",""
"14002","2019-11-28","280",""
"14002","2019-11-29","281",""
"14002","2019-11-30","283",""
"14002","2019-12-01","281",""
"14002","2019-12-02","286","^"
"14002","2019-12-03","284",""
"14002","2019-12-04","280",""
"14002","2019-12-05","281",""
"14002","2019-12-06","277",""
"14002","2019-12-07","272",""
"14002","2019-12-08","269",""
"14002","2019-12-09","272",""
"14002","2019-12-10","271",""
"14002","2019-12-11","271",""
"14002","2019-12-12","275",""
"14002","2019-12-13","280",""
"14002","2019-12-14","281",""
"14002","2019-12-15","279",""
"14002","2019-12-16","278",""
"14002","2019-12-17","270",""
"14002","2019-12-18","266","_"
"14002","2019-12-19","267",""
"14002","2019-12-20","269",""
"14002","2019-12-21","275",""
"14002","2019-12-22","276",""
"14002","2019-12-23","274",""
"14002","2019-12-24","271",""
"14002","2019-12-25","269",":"
"14002","2019-12-26","273","Ш)"
"14002","2019-12-27","266","_Ш)"
"14002","2019-12-28","266","_Ш)"
"14002","2019-12-29","265","_Ш)"
"14002","2019-12-30","273","_Ш)"
"14002","2019-12-31","276","Ш)"
"14002","2020-01-01","275","^)"
"14002","2020-01-02","276","^)"
"14002","2020-01-03","273",")"
"14002","2020-01-04","272","^):"
"14002","2020-01-05","259","):"
"14002","2020-01-06","255","Ш)"
"14002","2020-01-07","253","Ш)"
"14002","2020-01-08","255","Ш)"
"14002","2020-01-09","257","Ш)"
"14002","2020-01-10","256","Ш)"
"14002","2020-01-11","257","Ш)"
"14002","2020-01-12","258","Ш)"
"14002","2020-01-13","262","Ш)"
"14002","2020-01-14","261","Ш)"
"14002","2020-01-15","262","Ш)"
"14002","2020-01-16","259","Ш)"
"14002","2020-01-17","261","Ш)"
"14002","2020-01-18","255","Ш)"
"14002","2020-01-19","251","Ш)"
"14002","2020-01-20","248","Ш)"
"14002","2020-01-21","230","Ш)"
"14002","2020-01-22","225","Ш)"
"14002","2020-01-23","219","_Ш)"
"14002","2020-01-24","222","Ш)"
"14002","2020-01-25","222","Ш)"
"14002","2020-01-26","223","Ш)"
"14002","2020-01-27","220","_Ш)"
"14002","2020-01-28","220","Ш)"
"14002","2020-01-29","219","_Ш)"
"14002","2020-01-30","229","Ш)"
"14002","2020-01-31","241","Ш)"
"14002","2020-02-01","247","Ш)"
"14002","2020-02-02","238","^Ш)"
"14002","2020-02-03","222","Ш)"
"14002","2020-02-04","233","Ш)"
"14002","2020-02-05","233",")"
"14002","2020-02-06","224",")"
"14002","2020-02-07","228",")"
"14002","2020-02-08","224","_)"
"14002","2020-02-09","235",""
"14002","2020-02-10","228",""
"14002","2020-02-11","220",""
"14002","2020-02-12","220",""
"14002","2020-02-13","220",""
"14002","2020-02-14","220",""
"14002","2020-02-15","220",""
"14002","2020-02-16","222",""
"14002","2020-02-17","221",""
"14002","2020-02-18","225",""
"14002","2020-02-19","234",""
"14002","2020-02-20","227",""
"14002","2020-02-21","221",""
"14002","2020-02-22","224",""
"14002","2020-02-23","223",""
"14002","2020-02-24","223",""
"14002","2020-02-25","225",""
"14002","2020-02-26","225",""
"14002","2020-02-27","226",""
"14002","2020-02-28","228",""
"14002","2020-02-29","230",""
"14002","2020-03-01","230",""
"14002","2020-03-02","230",""
"14002","2020-03-03","229",""
"14002","2020-03-04","230",""
"14002","2020-03-05","226",""
"14002","2020-03-06","225",""
"14002","2020-03-07","225",""
"14002","2020-03-08","225",""
"14002","2020-03-09","226",""
"14002","2020-03-10","226",""
"14002","2020-03-11","222",""
"14002","2020-03-12","218",""
"14002","2020-03-13","218",""
"14002","2020-03-14","218",""
"14002","2020-03-15","218",""
"14002","2020-03-16","219",""
"14002","2020-03-17","217",""
"14002","2020-03-18","214","_"
"14002","2020-03-19","226",""
"14002","2020-03-20","239",""
"14002","2020-03-21","234",""
"14002","2020-03-22","240",""
"14002","2020-03-23","246","^"
"14002","2020-03-24","243",""
"14002","2020-03-25","242",""
"14002","2020-03-26","243",""
"14002","2020-03-27","237",""
"14002","2020-03-28","241",""
"14002","2020-03-29","237",""
"14002","2020-03-30","232",""
"14002","2020-03-31","224",""
"14002","2020-04-01","219",""
"14002","2020-04-02","219",""
"14002","2020-04-03","219",""
"14002","2020-04-04","220",""
"14002","2020-04-05","230",""
"14002","2020-04-06","225",""
"14002","2020-04-07","218",""
"14002","2020-04-08","215",""
"14002","2020-04-09","227",""
"14002","2020-04-10","232",""
"14002","2020-04-11","219",""
"14002","2020-04-12","216",""
"14002","2020-04-13","213","_"
"14002","2020-04-14","215","_"
"14002","2020-04-15","216",""
"14002","2020-04-16","219",""
"14002","2020-04-17","234",""
"14002","2020-04-18","242",""
"14002","2020-04-19","242",""
"14002","2020-04-20","249",""
"14002","2020-04-21","260",""
"14002","2020-04-22","260",""
"14002","2020-04-23","253",""
"14002","2020-04-24","246",""
"14002","2020-04-25","262",""
"14002","2020-04-26","274","^"
"14002","2020-04-27","256",""
"14002","2020-04-28","255",""
"14002","2020-04-29","238",""
"14002","2020-04-30","223",""
"14002","2020-05-01","240",""
"14002","2020-05-02","260",""
"14002","2020-05-03","253",""
"14002","2020-05-04","252",""
"14002","2020-05-05","276",""
"14002","2020-05-06","210",""
"14002","2020-05-07","207","_"
"14002","2020-05-08","218","_"
"14002","2020-05-09","237",""
"14002","2020-05-10","243",""
"14002","2020-05-11","254",""
"14002","2020-05-12","261",""
"14002","2020-05-13","265",""
"14002","2020-05-14","264",""
"14002","2020-05-15","242",""
"14002","2020-05-16","231",""
"14002","2020-05-17","237",""
"14002","2020-05-18","232",""
"14002","2020-05-19","229",""
"14002","2020-05-20","236",""
"14002","2020-05-21","248",""
"14002","2020-05-22","275",""
"14002","2020-05-23","273",""
"14002","2020-05-24","279","^"
"14002","2020-05-25","271",""
"14002","2020-05-26","271",""
"14002","2020-05-27","265",""
"14002","2020-05-28","246",""
"14002","2020-05-29","226",""
"14002","2020-05-30","217",""
"14002","2020-05-31","217",""
"14002","2020-06-01","216","^"
"14002","2020-06-02","207",""
"14002","2020-06-03","156",""
"14002","2020-06-04","182",""
"14002","2020-06-05","175",""
"14002","2020-06-06","168",""
"14002","2020-06-07","167",""
"14002","2020-06-08","157",""
"14002","2020-06-09","149",""
"14002","2020-06-10","142",""
"14002","2020-06-11","137",""
"14002","2020-06-12","135",""
"14002","2020-06-13","135",""
"14002","2020-06-14","134",""
"14002","2020-06-15","133",""
"14002","2020-06-16","131",""
"14002","2020-06-17","127",""
"14002","2020-06-18","125",""
"14002","2020-06-19","122",""
"14002","2020-06-20","119","_"
"14002","2020-06-21","120",""
"14002","2020-06-22","123",""
"14002","2020-06-23","124",""
"14002","2020-06-24","122",""
"14002","2020-06-25","119","_"
"14002","2020-06-26","118","_"
"14002","2020-06-27","118","_"
"14002","2020-06-28","122",""
"14002","2020-06-29","124",""
"14002","2020-06-30","122",""
"14002","2020-07-01","124",""
"14002","2020-07-02","137",""
"14002","2020-07-03","136",""
"14002","2020-07-04","134",""
"14002","2020-07-05","135",""
"14002","2020-07-06","171","^"
"14002","2020-07-07","170",""
"14002","2020-07-08","150",""
"14002","2020-07-09","139",""
"14002","2020-07-10","132",""
"14002","2020-07-11","125",""
"14002","2020-07-12","119",""
"14002","2020-07-13","118",""
"14002","2020-07-14","120",""
"14002","2020-07-15","121",""
"14002","2020-07-16","118",""
"14002","2020-07-17","118",""
"14002","2020-07-18","118",""
"14002","2020-07-19","117","_"
"14002","2020-07-20","120",""
"14002","2020-07-21","124",""
"14002","2020-07-22","134",""
"14002","2020-07-23","129",""
"14002","2020-07-24","122",""
"14002","2020-07-25","125",""
"14002","2020-07-26","126",""
"14002","2020-07-27","124",""
"14002","2020-07-28","122",""
"14002","2020-07-29","125",""
"14002","2020-07-30","131",""
"14002","2020-07-31","134",""
"14002","2020-08-01","133","_"
"14002","2020-08-02","160",""
"14002","2020-08-03","167",""
"14002","2020-08-04","191",""
"14002","2020-08-05","171",""
"14002","2020-08-06","176",""
"14002","2020-08-07","186",""
"14002","2020-08-08","195",""
"14002","2020-08-09","190",""
"14002","2020-08-10","204",""
"14002","2020-08-11","214",""
"14002","2020-08-12","213",""
"14002","2020-08-13","217",""
"14002","2020-08-14","227",""
"14002","2020-08-15","235",""
"14002","2020-08-16","233",""
"14002","2020-08-17","240",""
"14002","2020-08-18","246",""
"14002","2020-08-19","249",""
"14002","2020-08-20","248",""
"14002","2020-08-21","247",""
"14002","2020-08-22","244",""
"14002","2020-08-23","231",""
"14002","2020-08-24","222",""
"14002","2020-08-25","209",""
"14002","2020-08-26","210",""
"14002","2020-08-27","211",""
"14002","2020-08-28","229",""
"14002","2020-08-29","266",""
"14002","2020-08-30","309",""
"14002","2020-08-31","314","^"
"14002","2020-09-01","311",""
"14002","2020-09-02","314",""
"14002","2020-09-03","299",""
"14002","2020-09-04","331",""
"14002","2020-09-05","334",""
"14002","2020-09-06","337",""
"14002","2020-09-07","343",""
"14002","2020-09-08","349",""
"14002","2020-09-09","352",""
"14002","2020-09-10","357","^"
"14002","2020-09-11","320","^"
"14002","2020-09-12","308",""
"14002","2020-09-13","312",""
"14002","2020-09-14","311",""
"14002","2020-09-15","311",""
"14002","2020-09-16","311",""
"14002","2020-09-17","312",""
"14002","2020-09-18","315",""
"14002","2020-09-19","314",""
"14002","2020-09-20","313",""
"14002","2020-09-21","309",""
"14002","2020-09-22","294",""
"14002","2020-09-23","276",""
"14002","2020-09-24","289",""
"14002","2020-09-25","290",""
"14002","2020-09-26","277",""
"14002","2020-09-27","266",""
"14002","2020-09-28","264",""
"14002","2020-09-29","261","_"
"14002","2020-09-30","273",""
"14002","2020-10-01","278",""
"14002","2020-10-02","281",""
"14002","2020-10-03","289","^"
"14002","2020-10-04","275",""
"14002","2020-10-05","275",""
"14002","2020-10-06","280",""
"14002","2020-10-07","277",""
"14002","2020-10-08","283",""
"14002","2020-10-09","278",""
"14002","2020-10-10","276",""
"14002","2020-10-11","266",""
"14002","2020-10-12","268",""
"14002","2020-10-13","269",""
"14002","2020-10-14","259",""
"14002","2020-10-15","264",""
"14002","2020-10-16","264",""
"14002","2020-10-17","263",""
"14002","2020-10-18","264",""
"14002","2020-10-19","261",""
"14002","2020-10-20","269",""
"14002","2020-10-21","253",""
"14002","2020-10-22","260",""
"14002","2020-10-23","263",""
"14002","2020-10-24","267",""
"14002","2020-10-25","274",""
"14002","2020-10-26","271",""
"14002","2020-10-27","277",""
"14002","2020-10-28","268",""
"14002","2020-10-29","245","_"
"14002","2020-10-30","252",""
"14002","2020-10-31","255",""
"14002","2020-11-01","256",""
"14002","2020-11-02","257",""
"14002","2020-11-03","254","_"
"14002","2020-11-04","257",""
"14002","2020-11-05","266",""
"14002","2020-11-06","267",""
"14002","2020-11-07","274",""
"14002","2020-11-08","266",""
"14002","2020-11-09","251",""
"14002","2020-11-10","254",""
"14002","2020-11-11","258",""
"14002","2020-11-12","290",""
"14002","2020-11-13","303",""
"14002","2020-11-14","301",""
"14002","2020-11-15","312",""
"14002","2020-11-16","322",""
"14002","2020-11-17","330",""
"14002","2020-11-18","334","^"
"14002","2020-11-19","293",""
"14002","2020-11-20","295",""
"14002","2020-11-21","300",""
"14002","2020-11-22","278",""
"14002","2020-11-23","269",""
"14002","2020-11-24","249",""
"14002","2020-11-25","250",""
"14002","2020-11-26","262",""
"14002","2020-11-27","287",""
"14002","2020-11-28","291",""
"14002","2020-11-29","291",""
"14002","2020-11-30","291",""
"14002","2020-12-01","288",""
"14002","2020-12-02","289","^"
"14002","2020-12-03","286","^"
"14002","2020-12-04","275",""
"14002","2020-12-05","272",""
"14002","2020-12-06","270",""
"14002","2020-12-07","270",""
"14002","2020-12-08","259",""
"14002","2020-12-09","257",""
"14002","2020-12-10","257",""
"14002","2020-12-11","261",""
"14002","2020-12-12","253",""
"14002","2020-12-13","247",""
"14002","2020-12-14","251",""
"14002","2020-12-15","256",""
"14002","2020-12-16","241",""
"14002","2020-12-17","251",""
"14002","2020-12-18","257",""
"14002","2020-12-19","257",""
"14002","2020-12-20","255","Ш)"
"14002","2020-12-21","242","Ш)"
"14002","2020-12-22","236","Ш)"
"14002","2020-12-23","229","Ш)"
"14002","2020-12-24","234","Ш)"
"14002","2020-12-25","236","Ш)"
"14002","2020-12-26","251","Ш)"
"14002","2020-12-27","231","_Ш)"
"14002","2020-12-28","248","Ш)"
"14002","2020-12-29","248","Ш)"
"14002","2020-12-30","253","Ш)"
"14002","2020-12-31","252","Ш)"
"14002","2021-01-01","255","Ш)"
"14002","2021-01-02","255","Ш)"
"14002","2021-01-03","254","Ш)"
"14002","2021-01-04","252","_Ш)"
"14002","2021-01-05","260","Ш)"
"14002","2021-01-06","272","]Z"
"14002","2021-01-07","277","]Z"
"14002","2021-01-08","263","]Z"
"14002","2021-01-09","264","]Z"
"14002","2021-01-10","266","]Z"
"14002","2021-01-11","274","]Z"
"14002","2021-01-12","273","]Z"
"14002","2021-01-13","266","]Z"
"14002","2021-01-14","269","]Z"
"14002","2021-01-15","261","]Z"
"14002","2021-01-16","264","]Z"
"14002","2021-01-17","264","]&"
"14002","2021-01-18","261","]&"
"14002","2021-01-19","260","]&"
"14002","2021-01-20","257","]&"
"14002","2021-01-21","255","]&"
"14002","2021-01-22","264","]&"
"14002","2021-01-23","270","]&"
"14002","2021-01-24","267","]&"
"14002","2021-01-25","267","]&"
"14002","2021-01-26","266","]&"
"14002","2021-01-27","300","]&"
"14002","2021-01-28","307","^]&"
"14002","2021-01-29","304","]&"
"14002","2021-01-30","299","]&"
"14002","2021-01-31","302","]&"
"14002","2021-02-01","292","&]"
"14002","2021-02-02","303","&]"
"14002","2021-02-03","299","&]"
"14002","2021-02-04","304","&]"
"14002","2021-02-05","307","&]"
"14002","2021-02-06","314","&~"
"14002","2021-02-07","333","^&~"
"14002","2021-02-08","291","N"
"14002","2021-02-09","294","N"
"14002","2021-02-10","269","Ш)"
"14002","2021-02-11","247",")"
"14002","2021-02-12","224",")"
"14002","2021-02-13","208",")"
"14002","2021-02-14","211",")"
"14002","2021-02-15","207",")"
"14002","2021-02-16","210",")"
"14002","2021-02-17","208",")"
"14002","2021-02-18","209",")"
"14002","2021-02-19","210",")"
"14002","2021-02-20","210",")"
"14002","2021-02-21","213",")"
"14002","2021-02-22","215",")"
"14002","2021-02-23","216",")"
"14002","2021-02-24","216",")"
"14002","2021-02-25","211",")"
"14002","2021-02-26","211",")"
"14002","2021-02-27","205","_)"
"14002","2021-02-28","203","_)"
"14002","2021-03-01","204",")"
"14002","2021-03-02","201",")"
"14002","2021-03-03","200","_)"
"14002","2021-03-04","203","_)"
"14002","2021-03-05","207",")"
"14002","2021-03-06","211",")"
"14002","2021-03-07","210",")"
"14002","2021-03-08","211",")"
"14002","2021-03-09","212",""
"14002","2021-03-10","210",""
"14002","2021-03-11","209",""
"14002","2021-03-12","211",""
"14002","2021-03-13","211",""
"14002","2021-03-14","216",""
"14002","2021-03-15","216",""
"14002","2021-03-16","218",""
"14002","2021-03-17","210",""
"14002","2021-03-18","208",""
"14002","2021-03-19","205",""
"14002","2021-03-20","203",""
"14002","2021-03-21","220",""
"14002","2021-03-22","223",""
"14002","2021-03-23","223",""
"14002","2021-03-24","220",""
"14002","2021-03-25","222","^"
"14002","2021-03-26","215",""
"14002","2021-03-27","217",""
"14002","2021-03-28","219",""
"14002","2021-03-29","222",""
"14002","2021-03-30","222",""
"14002","2021-03-31","221",""
"14002","2021-04-01","224",""
"14002","2021-04-02","231",""
"14002","2021-04-03","233",""
"14002","2021-04-04","232",""
"14002","2021-04-05","229",""
"14002","2021-04-06","230",""
"14002","2021-04-07","230",""
"14002","2021-04-08","222",""
"14002","2021-04-09","213",""
"14002","2021-04-10","221",""
"14002","2021-04-11","221",""
"14002","2021-04-12","223",""
"14002","2021-04-13","231",""
"14002","2021-04-14","243",""
"14002","2021-04-15","244",""
"14002","2021-04-16","243",""
"14002","2021-04-17","229",""
"14002","2021-04-18","216",""
"14002","2021-04-19","212",""
"14002","2021-04-20","216",""
"14002","2021-04-21","214",""
"14002","2021-04-22","215",""
"14002","2021-04-23","205",""
"14002","2021-04-24","210",""
"14002","2021-04-25","204",""
"14002","2021-04-26","201","_"
"14002","2021-04-27","240",""
"14002","2021-04-28","245",""
"14002","2021-04-29","247","^"
"14002","2021-04-30","243",""
"14002","2021-05-01","257",""
"14002","2021-05-02","271",""
"14002","2021-05-03","267",""
"14002","2021-05-04","261",""
"14002","2021-05-05","250",""
"14002","2021-05-06","243",""
"14002","2021-05-07","236",""
"14002","2021-05-08","233","_"
"14002","2021-05-09","238",""
"14002","2021-05-10","246",""
"14002","2021-05-11","257",""
"14002","2021-05-12","268",""
"14002","2021-05-13","275",""
"14002","2021-05-14","285",""
"14002","2021-05-15","286",""
"14002","2021-05-16","280",""
"14002","2021-05-17","269",""
"14002","2021-05-18","252",""
"14002","2021-05-19","242",""
"14002","2021-05-20","237",""
"14002","2021-05-21","258",""
"14002","2021-05-22","273",""
"14002","2021-05-23","299",""
"14002","2021-05-24","306",""
"14002","2021-05-25","305",""
"14002","2021-05-26","289",""
"14002","2021-05-27","276",""
"14002","2021-05-28","291",""
"14002","2021-05-29","301",""
"14002","2021-05-30","302",""
"14002","2021-05-31","318","^"
"14002","2021-06-01","312","^"
"14002","2021-06-02","299",""
"14002","2021-06-03","301",""
"14002","2021-06-04","294",""
"14002","2021-06-05","294",""
"14002","2021-06-06","298",""
"14002","2021-06-07","290",""
"14002","2021-06-08","238",""
"14002","2021-06-09","222",""
"14002","2021-06-10","215",""
"14002","2021-06-11","203",""
"14002","2021-06-12","203",""
"14002","2021-06-13","243",""
"14002","2021-06-14","257",""
"14002","2021-06-15","250",""
"14002","2021-06-16","236",""
"14002","2021-06-17","234",""
"14002","2021-06-18","230",""
"14002","2021-06-19","222",""
"14002","2021-06-20","221",""
"14002","2021-06-21","225",""
"14002","2021-06-22","226",""
"14002","2021-06-23","220",""
"14002","2021-06-24","218",""
"14002","2021-06-25","218",""
"14002","2021-06-26","186",""
"14002","2021-06-27","187",""
"14002","2021-06-28","182",""
"14002","2021-06-29","175",""
"14002","2021-06-30","166","_"
"14002","2021-07-01","160",""
"14002","2021-07-02","154",""
"14002","2021-07-03","150",""
"14002","2021-07-04","146",""
"14002","2021-07-05","146",""
"14002","2021-07-06","144",""
"14002","2021-07-07","144",""
"14002","2021-07-08","140","_"
"14002","2021-07-09","142",""
"14002","2021-07-10","142",""
"14002","2021-07-11","142",""
"14002","2021-07-12","147",""
"14002","2021-07-13","177",""
"14002","2021-07-14","180",""
"14002","2021-07-15","170",""
"14002","2021-07-16","161",""
"14002","2021-07-17","158",""
"14002","2021-07-18","158",""
"14002","2021-07-19","163",""
"14002","2021-07-20","147",""
"14002","2021-07-21","148",""
"14002","2021-07-22","155",""
"14002","2021-07-23","160",""
"14002","2021-07-24","162",""
"14002","2021-07-25","157",""
"14002","2021-07-26","196",""
"14002","2021-07-27","199",""
"14002","2021-07-28","191",""
"14002","2021-07-29","176",""
"14002","2021-07-30","178",""
"14002","2021-07-31","247","^"
"14002","2021-08-01","295","^"
"14002","2021-08-02","260",""
"14002","2021-08-03","205",""
"14002","2021-08-04","191",""
"14002","2021-08-05","187",""
"14002","2021-08-06","184",""
"14002","2021-08-07","181",""
"14002","2021-08-08","177",""
"14002","2021-08-09","176",""
"14002","2021-08-10","177",""
"14002","2021-08-11","175",""
"14002","2021-08-12","160",""
"14002","2021-08-13","147",""
"14002","2021-08-14","149","_"
"14002","2021-08-15","159",""
"14002","2021-08-16","166",""
"14002","2021-08-17","179",""
"14002","2021-08-18","182",""
"14002","2021-08-19","180",""
"14002","2021-08-20","179",""
"14002","2021-08-21","177",""
"14002","2021-08-22","168",""
"14002","2021-08-23","163",""
"14002","2021-08-24","161",""
"14002","2021-08-25","169",""
"14002","2021-08-26","194",""
"14002","2021-08-27","204",""
"14002","2021-08-28","199",""
"14002","2021-08-29","205",""
"14002","2021-08-30","211",""
"14002","2021-08-31","210",""
"14002","2021-09-01","212","_"
"14002","2021-09-02","217",""
"14002","2021-09-03","252",""
"14002","2021-09-04","252",""
"14002","2021-09-05","247",""
"14002","2021-09-06","247",""
"14002","2021-09-07","254",""
"14002","2021-09-08","247",""
"14002","2021-09-09","245",""
"14002","2021-09-10","246",""
"14002","2021-09-11","268",""
"14002","2021-09-12","279","^"
"14002","2021-09-13","279","^"
"14002","2021-09-14","274",""
"14002","2021-09-15","273",""
"14002","2021-09-16","272",""
"14002","2021-09-17","268",""
"14002","2021-09-18","267",""
"14002","2021-09-19","262",""
"14002","2021-09-20","261",""
"14002","2021-09-21","262",""
"14002","2021-09-22","255",""
"14002","2021-09-23","250",""
"14002","2021-09-24","259",""
"14002","2021-09-25","271",""
"14002","2021-09-26","257",""
"14002","2021-09-27","238",""
"14002","2021-09-28","249",""
"14002","2021-09-29","249",""
"14002","2021-09-30","239",""
"14002","2021-10-01","233","_"
"14002","2021-10-02","234",""
"14002","2021-10-03","234","_"
"14002","2021-10-04","241",""
"14002","2021-10-05","241","_"
"14002","2021-10-06","248",""
"14002","2021-10-07","254",""
"14002","2021-10-08","245",""
"14002","2021-10-09","246",""
"14002","2021-10-10","249",""
"14002","2021-10-11","252",""
"14002","2021-10-12","259",""
"14002","2021-10-13","265",""
"14002","2021-10-14","251",""
"14002","2021-10-15","252",""
"14002","2021-10-16","257",""
"14002","2021-10-17","255",""
"14002","2021-10-18","252",""
"14002","2021-10-19","255",""
"14002","2021-10-20","251",""
"14002","2021-10-21","263",""
"14002","2021-10-22","269",""
"14002","2021-10-23","279",""
"14002","2021-10-24","285",""
"14002","2021-10-25","275",""
"14002","2021-10-26","267",""
"14002","2021-10-27","275",""
"14002","2021-10-28","281",""
"14002","2021-10-29","280",""
"14002","2021-10-30","294",""
"14002","2021-10-31","293","^"
"14002","2021-11-01","286",""
"14002","2021-11-02","287","^"
"14002","2021-11-03","277","^"
"14002","2021-11-04","277",""
"14002","2021-11-05","278",""
"14002","2021-11-06","270",""
"14002","2021-11-07","267",""
"14002","2021-11-08","268",""
"14002","2021-11-09","272",""
"14002","2021-11-10","281",""
"14002","2021-11-11","279",""
"14002","2021-11-12","277",""
"14002","2021-11-13","277",""
"14002","2021-11-14","273",""
"14002","2021-11-15","275",""
"14002","2021-11-16","277",""
"14002","2021-11-17","283",""
"14002","2021-11-18","279",""
"14002","2021-11-19","281",""
"14002","2021-11-20","280",""
"14002","2021-11-21","277",""
"14002","2021-11-22","272",""
"14002","2021-11-23","273",""
"14002","2021-11-24","276",""
"14002","2021-11-25","275",""
"14002","2021-11-26","273",""
"14002","2021-11-27","273",""
"14002","2021-11-28","262",""
"14002","2021-11-29","262","_"
"14002","2021-11-30","276",""
"14002","2021-12-01","282","^"
"14002","2021-12-02","286",""
"14002","2021-12-03","288","^"
"14002","2021-12-04","279",""
"14002","2021-12-05","277",""
"14002","2021-12-06","279",""
"14002","2021-12-07","270",""
"14002","2021-12-08","276",""
"14002","2021-12-09","272",""
"14002","2021-12-10","260",""
"14002","2021-12-11","261",""
"14002","2021-12-12","263",""
"14002","2021-12-13","265",")"
"14002","2021-12-14","264",")"
"14002","2021-12-15","265",")"
"14002","2021-12-16","247",")"
"14002","2021-12-17","235",")"
"14002","2021-12-18","235",")"
"14002","2021-12-19","237",")"
"14002","2021-12-20","227",")"
"14002","2021-12-21","228",""
"14002","2021-12-22","227",""
"14002","2021-12-23","220",""
"14002","2021-12-24","220",""
"14002","2021-12-25","218","_"
"14002","2021-12-26","218",""
"14002","2021-12-27","217",""
"14002","2021-12-28","218",""
"14002","2021-12-29","218",""
"14002","2021-12-30","221",""
"14002","2021-12-31","224",""
"14002","2022-01-01","225","^"
"14002","2022-01-02","218",")"
"14002","2022-01-03","214",")"
"14002","2022-01-04","213",""
"14002","2022-01-05","214",""
"14002","2022-01-06","216",""
"14002","2022-01-07","214",""
"14002","2022-01-08","211",""
"14002","2022-01-09","210",""
"14002","2022-01-10","206","_"
"14002","2022-01-11","206",""
"14002","2022-01-12","209",""
"14002","2022-01-13","209",""
"14002","2022-01-14","206",""
"14002","2022-01-15","205",""
"14002","2022-01-16","205",""
"14002","2022-01-17","203","_"
"14002","2022-01-18","205",""
"14002","2022-01-19","205",""
"14002","2022-01-20","209",""
"14002","2022-01-21","211",""
"14002","2022-01-22","209",""
"14002","2022-01-23","206",""
"14002","2022-01-24","204",")"
"14002","2022-01-25","204",")"
"14002","2022-01-26","205","Ш)"
"14002","2022-01-27","210","Ш)"
"14002","2022-01-28","209","Ш)"
"14002","2022-01-29","206","Ш)"
"14002","2022-01-30","207","Ш)"
"14002","2022-01-31","207","Ш)"
"14002","2022-02-01","208","Ш)"
"14002","2022-02-02","208","Ш)"
"14002","2022-02-03","206","Ш)"
"14002","2022-02-04","207","Ш)"
"14002","2022-02-05","202",")"
"14002","2022-02-06","196",")"
"14002","2022-02-07","193","_)"
"14002","2022-02-08","192","_)"
"14002","2022-02-09","197",")"
"14002","2022-02-10","197",")"
"14002","2022-02-11","199",")"
"14002","2022-02-12","199",")"
"14002","2022-02-13","198",")"
"14002","2022-02-14","200",")"
"14002","2022-02-15","198",")"
"14002","2022-02-16","195",")"
"14002","2022-02-17","198",")"
"14002","2022-02-18","199",")"
"14002","2022-02-19","198",")"
"14002","2022-02-20","195",")"
"14002","2022-02-21","197",")"
"14002","2022-02-22","200",")"
"14002","2022-02-23","199",")"
"14002","2022-02-24","204",""
"14002","2022-02-25","205",""
"14002","2022-02-26","207",""
"14002","2022-02-27","206","^"
"14002","2022-02-28","196",""
"14002","2022-03-01","189","_"
"14002","2022-03-02","188","_"
"14002","2022-03-03","188","_"
"14002","2022-03-04","188",""
"14002","2022-03-05","191",""
"14002","2022-03-06","196",""
"14002","2022-03-07","197",""
"14002","2022-03-08","196",""
"14002","2022-03-09","199",""
"14002","2022-03-10","198",""
"14002","2022-03-11","204",""
"14002","2022-03-12","204",""
"14002","2022-03-13","201",""
"14002","2022-03-14","200",""
"14002","2022-03-15","204",""
"14002","2022-03-16","202",""
"14002","2022-03-17","207",""
"14002","2022-03-18","207",""
"14002","2022-03-19","211",""
"14002","2022-03-20","210",""
"14002","2022-03-21","209",""
"14002","2022-03-22","212",""
"14002","2022-03-23","215",""
"14002","2022-03-24","213",""
"14002","2022-03-25","212",""
"14002","2022-03-26","212",""
"14002","2022-03-27","214",""
"14002","2022-03-28","212",""
"14002","2022-03-29","213",""
"14002","2022-03-30","214",""
"14002","2022-03-31","220","^"
"14002","2022-04-01","215",""
"14002","2022-04-02","205","_"
"14002","2022-04-03","205",""
"14002","2022-04-04","209",""
"14002","2022-04-05","212",""
"14002","2022-04-06","222",""
"14002","2022-04-07","231",""
"14002","2022-04-08","246",""
"14002","2022-04-09","264",""
"14002","2022-04-10","270",""
"14002","2022-04-11","277",""
"14002","2022-04-12","280",""
"14002","2022-04-13","283",""
"14002","2022-04-14","288",""
"14002","2022-04-15","288",""
"14002","2022-04-16","288",""
"14002","2022-04-17","282",""
"14002","2022-04-18","276",""
"14002","2022-04-19","271",""
"14002","2022-04-20","269",""
"14002","2022-04-21","267",""
"14002","2022-04-22","266",""
"14002","2022-04-23","276",""
"14002","2022-04-24","280",""
"14002","2022-04-25","281",""
"14002","2022-04-26","288",""
"14002","2022-04-27","294","^"
"14002","2022-04-28","283",""
"14002","2022-04-29","282",""
"14002","2022-04-30","280",""
"14002","2022-05-01","280",""
"14002","2022-05-02","281",""
"14002","2022-05-03","282","_"
"14002","2022-05-04","290",""
"14002","2022-05-05","284",""
"14002","2022-05-06","282",""
"14002","2022-05-07","290",""
"14002","2022-05-08","303",""
"14002","2022-05-09","300",""
"14002","2022-05-10","293",""
"14002","2022-05-11","310",""
"14002","2022-05-12","351",""
"14002","2022-05-13","359","^"
"14002","2022-05-14","339",""
"14002","2022-05-15","350",""
"14002","2022-05-16","369",""
"14002","2022-05-17","369",""
"14002","2022-05-18","360",""
"14002","2022-05-19","354",""
"14002","2022-05-20","349",""
"14002","2022-05-21","354",""
"14002","2022-05-22","352",""
"14002","2022-05-23","366","^"
"14002","2022-05-24","372",""
"14002","2022-05-25","372",""
"14002","2022-05-26","373","^"
"14002","2022-05-27","373","^"
"14002","2022-05-28","373","^"
"14002","2022-05-29","361",""
"14002","2022-05-30","364",""
"14002","2022-05-31","354",""
"14002","2022-06-01","352",""
"14002","2022-06-02","363",""
"14002","2022-06-03","364",""
"14002","2022-06-04","372",""
"14002","2022-06-05","386","^"
"14002","2022-06-06","390",""
"14002","2022-06-07","356",""
"14002","2022-06-08","340",""
"14002","2022-06-09","323",""
"14002","2022-06-10","309",""
"14002","2022-06-11","295",""
"14002","2022-06-12","294",""
"14002","2022-06-13","289",""
"14002","2022-06-14","292",""
"14002","2022-06-15","284",""
"14002","2022-06-16","264",""
"14002","2022-06-17","259",""
"14002","2022-06-18","255",""
"14002","2022-06-19","250",""
"14002","2022-06-20","241",""
"14002","2022-06-21","239",""
"14002","2022-06-22","235",""
"14002","2022-06-23","230",""
"14002","2022-06-24","213",""
"14002","2022-06-25","226",""
"14002","2022-06-26","235",""
"14002","2022-06-27","193",""
"14002","2022-06-28","167",""
"14002","2022-06-29","164",""
"14002","2022-06-30","153","_"
"14002","2022-07-01","209",""
"14002","2022-07-02","214",""
"14002","2022-07-03","255","^"
"14002","2022-07-04","211",""
"14002","2022-07-05","201",""
"14002","2022-07-06","198",""
"14002","2022-07-07","205",""
"14002","2022-07-08","201",""
"14002","2022-07-09","199",""
"14002","2022-07-10","206",""
"14002","2022-07-11","222",""
"14002","2022-07-12","233",""
"14002","2022-07-13","240",""
"14002","2022-07-14","242",""
"14002","2022-07-15","238",""
"14002","2022-07-16","237",""
"14002","2022-07-17","231",""
"14002","2022-07-18","216",""
"14002","2022-07-19","208",""
"14002","2022-07-20","196",""
"14002","2022-07-21","199",""
"14002","2022-07-22","195",""
"14002","2022-07-23","187",""
"14002","2022-07-24","182",""
"14002","2022-07-25","180",""
"14002","2022-07-26","175","_"
"14002","2022-07-27","176",""
"14002","2022-07-28","175","_"
"14002","2022-07-29","175",""
"14002","2022-07-30","178",""
"14002","2022-07-31","196",""
"14002","2022-08-01","211",""
"14002","2022-08-02","216",""
"14002","2022-08-03","223",""
"14002","2022-08-04","227",""
"14002","2022-08-05","226",""
"14002","2022-08-06","223",""
"14002","2022-08-07","214",""
"14002","2022-08-08","209",""
"14002","2022-08-09","206",""
"14002","2022-08-10","201","_"
"14002","2022-08-11","202","_"
"14002","2022-08-12","209",""
"14002","2022-08-13","214",""
"14002","2022-08-14","230",""
"14002","2022-08-15","250",""
"14002","2022-08-16","254",""
"14002","2022-08-17","241",""
"14002","2022-08-18","226",""
"14002","2022-08-19","236",""
"14002","2022-08-20","237",""
"14002","2022-08-21","236",""
"14002","2022-08-22","240",""
"14002","2022-08-23","239",""
"14002","2022-08-24","234",""
"14002","2022-08-25","245",""
"14002","2022-08-26","274",""
"14002","2022-08-27","279","^"
"14002","2022-08-28","257",""
"14002","2022-08-29","228",""
"14002","2022-08-30","226",""
"14002","2022-08-31","229",""
"14002","2022-09-01","222",""
"14002","2022-09-02","221",""
"14002","2022-09-03","216",""
"14002","2022-09-04","209","_"
"14002","2022-09-05","222",""
"14002","2022-09-06","232",""
"14002","2022-09-07","237",""
"14002","2022-09-08","238",""
"14002","2022-09-09","241",""
"14002","2022-09-10","239",""
"14002","2022-09-11","248",""
"14002","2022-09-12","259",""
"14002","2022-09-13","264","^"
"14002","2022-09-14","252",""
"14002","2022-09-15","250",""
"14002","2022-09-16","244",""
"14002","2022-09-17","241",""
"14002","2022-09-18","240",""
"14002","2022-09-19","244",""
"14002","2022-09-20","247",""
"14002","2022-09-21","250",""
"14002","2022-09-22","248",""
"14002","2022-09-23","242",""
"14002","2022-09-24","239",""
"14002","2022-09-25","238",""
"14002","2022-09-26","237",""
"14002","2022-09-27","239",""
"14002","2022-09-28","243",""
"14002","2022-09-29","244",""
"14002","2022-09-30","241",""
"14002","2022-10-01","241",""
"14002","2022-10-02","235",""
"14002","2022-10-03","224",""
"14002","2022-10-04","210","_"
"14002","2022-10-05","219",""
"14002","2022-10-06","219",""
"14002","2022-10-07","215",""
"14002","2022-10-08","207",""
"14002","2022-10-09","211",""
"14002","2022-10-10","211",""
"14002","2022-10-11","214",""
"14002","2022-10-12","215",""
"14002","2022-10-13","210",""
"14002","2022-10-14","221",""
"14002","2022-10-15","213",""
"14002","2022-10-16","213",""
"14002","2022-10-17","222",""
"14002","2022-10-18","225",""
"14002","2022-10-19","223",""
"14002","2022-10-20","228",""
"14002","2022-10-21","226",""
"14002","2022-10-22","230",""
"14002","2022-10-23","233",""
"14002","2022-10-24","230",""
"14002","2022-10-25","236",""
"14002","2022-10-26","236",""
"14002","2022-10-27","237",""
"14002","2022-10-28","236",""
"14002","2022-10-29","240","^"
"14002","2022-10-30","240",""
"14002","2022-10-31","237",""
"14002","2022-11-01","238",""
"14002","2022-11-02","239",""
"14002","2022-11-03","238",""
"14002","2022-11-04","239",""
"14002","2022-11-05","238",""
"14002","2022-11-06","237",""
"14002","2022-11-07","239",""
"14002","2022-11-08","231",""
"14002","2022-11-09","225",""
"14002","2022-11-10","224",""
"14002","2022-11-11","222","_"
"14002","2022-11-12","224",""
"14002","2022-11-13","222","_"
"14002","2022-11-14","221","_"
"14002","2022-11-15","223",""
"14002","2022-11-16","224",""
"14002","2022-11-17","225",""
"14002","2022-11-18","225",""
"14002","2022-11-19","227",""
"14002","2022-11-20","223","_"
"14002","2022-11-21","234",""
"14002","2022-11-22","264",""
"14002","2022-11-23","268",""
"14002","2022-11-24","270",""
"14002","2022-11-25","279","^"
"14002","2022-11-26","270",""
"14002","2022-11-27","259",""
"14002","2022-11-28","278",""
"14002","2022-11-29","279",""
"14002","2022-11-30","277",""
"14002","2022-12-01","269",""
"14002","2022-12-02","271",""
"14002","2022-12-03","272","^"
"14002","2022-12-04","264",""
"14002","2022-12-05","253",""
"14002","2022-12-06","249",""
"14002","2022-12-07","252",""
"14002","2022-12-08","253",""
"14002","2022-12-09","246",""
"14002","2022-12-10","240",""
"14002","2022-12-11","243",":"
"14002","2022-12-12","238","Ш)"
"14002","2022-12-13","248","Ш)"
"14002","2022-12-14","248","Ш)"
"14002","2022-12-15","241","Ш)"
"14002","2022-12-16","243","Ш)"
"14002","2022-12-17","243","Ш)"
"14002","2022-12-18","244","Ш)"
"14002","2022-12-19","243","Ш)"
"14002","2022-12-20","240","Ш)"
"14002","2022-12-21","242","Ш)"
"14002","2022-12-22","234","Ш)"
"14002","2022-12-23","220","Ш)"
"14002","2022-12-24","218","Ш)"
"14002","2022-12-25","214","_Ш)"
"14002","2022-12-26","227","Ш)"
"14002","2022-12-27","238","Ш)"
"14002","2022-12-28","234","Ш)"
"14002","2022-12-29","227","Ш)"
"14002","2022-12-30","229","Ш)"
"14002","2022-12-31","233","Ш)"