"Код поста","Дата","Значение","Условный знак"
"11001","1995-01-01","228","I"
"11001","1995-01-02","220","I"
"11001","1995-01-03","215","I"
"11001","1995-01-04","213","I"
"11001","1995-01-05","209","I"
"11001","1995-01-06","207","I"
"11001","1995-01-07","208","I"
"11001","1995-01-08","209","I"
"11001","1995-01-09","212","I"
"11001","1995-01-10","211","I"
"11001","1995-01-11","212","I"
"11001","1995-01-12","211","I"
"11001","1995-01-13","210","I"
"11001","1995-01-14","211","I"
"11001","1995-01-15","210","I"
"11001","1995-01-16","211","I"
"11001","1995-01-17","210","I"
"11001","1995-01-18","214","I"
"11001","1995-01-19","216","I"
"11001","1995-01-20","219","I"
"11001","1995-01-21","218","I"
"11001","1995-01-22","218","I"
"11001","1995-01-23","219","I"
"11001","1995-01-24","219","I"
"11001","1995-01-25","220","I"
"11001","1995-01-26","219","I"
"11001","1995-01-27","219","I"
"11001","1995-01-28","219","I"
"11001","1995-01-29","220","I"
"11001","1995-01-30","221","I"
"11001","1995-01-31","221","I"
"11001","1995-02-01","220","I"
"11001","1995-02-02","222","I"
"11001","1995-02-03","224","I"
"11001","1995-02-04","225","I"
"11001","1995-02-05","222","I"
"11001","1995-02-06","222","I"
"11001","1995-02-07","222","I"
"11001","1995-02-08","224","I"
"11001","1995-02-09","225","I"
"11001","1995-02-10","225","I"
"11001","1995-02-11","226","I"
"11001","1995-02-12","226","I"
"11001","1995-02-13","226","I"
"11001","1995-02-14","227","I"
"11001","1995-02-15","227","I"
"11001","1995-02-16","229","I"
"11001","1995-02-17","230","I"
"11001","1995-02-18","232","I"
"11001","1995-02-19","233","I"
"11001","1995-02-20","233","I"
"11001","1995-02-21","232","I"
"11001","1995-02-22","232","I"
"11001","1995-02-23","231","I"
"11001","1995-02-24","231","I"
"11001","1995-02-25","230","I"
"11001","1995-02-26","232","I"
"11001","1995-02-27","232","I"
"11001","1995-02-28","232","I"
"11001","1995-03-01","232","I"
"11001","1995-03-02","233","I"
"11001","1995-03-03","234","I"
"11001","1995-03-04","233","I"
"11001","1995-03-05","232","I"
"11001","1995-03-06","234","I"
"11001","1995-03-07","234","I"
"11001","1995-03-08","235","I"
"11001","1995-03-09","236","I"
"11001","1995-03-10","239","I"
"11001","1995-03-11","239","I"
"11001","1995-03-12","239","I"
"11001","1995-03-13","241","I"
"11001","1995-03-14","242","I"
"11001","1995-03-15","243","I"
"11001","1995-03-16","241","I"
"11001","1995-03-17","240","I"
"11001","1995-03-18","239","I"
"11001","1995-03-19","237","I"
"11001","1995-03-20","238","I"
"11001","1995-03-21","244","I"
"11001","1995-03-22","249","("
"11001","1995-03-23","253","("
"11001","1995-03-24","263","("
"11001","1995-03-25","267","("
"11001","1995-03-26","270","("
"11001","1995-03-27","277","("
"11001","1995-03-28","283","("
"11001","1995-03-29","319","ПР"
"11001","1995-03-30","342","Л"
"11001","1995-03-31","242",""
"11001","1995-04-01","242",""
"11001","1995-04-02","245",""
"11001","1995-04-03","237",""
"11001","1995-04-04","235",""
"11001","1995-04-05","235",""
"11001","1995-04-06","235",""
"11001","1995-04-07","232",""
"11001","1995-04-08","230",""
"11001","1995-04-09","229",""
"11001","1995-04-10","229",""
"11001","1995-04-11","232",""
"11001","1995-04-12","235",""
"11001","1995-04-13","234",""
"11001","1995-04-14","227",""
"11001","1995-04-15","218",""
"11001","1995-04-16","214",""
"11001","1995-04-17","213",""
"11001","1995-04-18","209",""
"11001","1995-04-19","207",""
"11001","1995-04-20","207",""
"11001","1995-04-21","205",""
"11001","1995-04-22","196",""
"11001","1995-04-23","195",""
"11001","1995-04-24","194",""
"11001","1995-04-25","195",""
"11001","1995-04-26","197",""
"11001","1995-04-27","203",""
"11001","1995-04-28","203",""
"11001","1995-04-29","198",""
"11001","1995-04-30","195",""
"11001","1995-05-01","186",""
"11001","1995-05-02","187",""
"11001","1995-05-03","192",""
"11001","1995-05-04","200",""
"11001","1995-05-05","212",""
"11001","1995-05-06","243",""
"11001","1995-05-07","287",""
"11001","1995-05-08","308",""
"11001","1995-05-09","299",""
"11001","1995-05-10","300",""
"11001","1995-05-11","303",""
"11001","1995-05-12","308",""
"11001","1995-05-13","335",""
"11001","1995-05-14","329",""
"11001","1995-05-15","330",""
"11001","1995-05-16","334",""
"11001","1995-05-17","334",""
"11001","1995-05-18","322",""
"11001","1995-05-19","313",""
"11001","1995-05-20","306",""
"11001","1995-05-21","301",""
"11001","1995-05-22","299",""
"11001","1995-05-23","297",""
"11001","1995-05-24","294",""
"11001","1995-05-25","289",""
"11001","1995-05-26","281",""
"11001","1995-05-27","277",""
"11001","1995-05-28","272",""
"11001","1995-05-29","267",""
"11001","1995-05-30","268",""
"11001","1995-05-31","267",""
"11001","1995-06-01","269",""
"11001","1995-06-02","275",""
"11001","1995-06-03","285",""
"11001","1995-06-04","305",""
"11001","1995-06-05","335",""
"11001","1995-06-06","381",""
"11001","1995-06-07","400",""
"11001","1995-06-08","410",""
"11001","1995-06-09","415",""
"11001","1995-06-10","421",""
"11001","1995-06-11","451",""
"11001","1995-06-12","462",""
"11001","1995-06-13","436",""
"11001","1995-06-14","416",""
"11001","1995-06-15","405",""
"11001","1995-06-16","404",""
"11001","1995-06-17","411",""
"11001","1995-06-18","421",""
"11001","1995-06-19","428",""
"11001","1995-06-20","424",""
"11001","1995-06-21","410",""
"11001","1995-06-22","395",""
"11001","1995-06-23","385",""
"11001","1995-06-24","399",""
"11001","1995-06-25","410",""
"11001","1995-06-26","408",""
"11001","1995-06-27","435",""
"11001","1995-06-28","454",""
"11001","1995-06-29","413",""
"11001","1995-06-30","403",""
"11001","1995-07-01","401",""
"11001","1995-07-02","403",""
"11001","1995-07-03","405",""
"11001","1995-07-04","404",""
"11001","1995-07-05","401",""
"11001","1995-07-06","398",""
"11001","1995-07-07","396",""
"11001","1995-07-08","393",""
"11001","1995-07-09","384",""
"11001","1995-07-10","375",""
"11001","1995-07-11","372",""
"11001","1995-07-12","379",""
"11001","1995-07-13","374",""
"11001","1995-07-14","369",""
"11001","1995-07-15","364",""
"11001","1995-07-16","357",""
"11001","1995-07-17","357",""
"11001","1995-07-18","357",""
"11001","1995-07-19","344",""
"11001","1995-07-20","339",""
"11001","1995-07-21","343",""
"11001","1995-07-22","346",""
"11001","1995-07-23","342",""
"11001","1995-07-24","338",""
"11001","1995-07-25","335",""
"11001","1995-07-26","336",""
"11001","1995-07-27","337",""
"11001","1995-07-28","335",""
"11001","1995-07-29","333",""
"11001","1995-07-30","329",""
"11001","1995-07-31","327",""
"11001","1995-08-01","322",""
"11001","1995-08-02","315",""
"11001","1995-08-03","313",""
"11001","1995-08-04","311",""
"11001","1995-08-05","309",""
"11001","1995-08-06","305",""
"11001","1995-08-07","307",""
"11001","1995-08-08","311",""
"11001","1995-08-09","307",""
"11001","1995-08-10","302",""
"11001","1995-08-11","298",""
"11001","1995-08-12","296",""
"11001","1995-08-13","297",""
"11001","1995-08-14","296",""
"11001","1995-08-15","294",""
"11001","1995-08-16","296",""
"11001","1995-08-17","293",""
"11001","1995-08-18","291",""
"11001","1995-08-19","291",""
"11001","1995-08-20","290",""
"11001","1995-08-21","288",""
"11001","1995-08-22","286",""
"11001","1995-08-23","317",""
"11001","1995-08-24","321",""
"11001","1995-08-25","305",""
"11001","1995-08-26","297",""
"11001","1995-08-27","302",""
"11001","1995-08-28","318",""
"11001","1995-08-29","310",""
"11001","1995-08-30","302",""
"11001","1995-08-31","296",""
"11001","1995-09-01","294",""
"11001","1995-09-02","291",""
"11001","1995-09-03","288",""
"11001","1995-09-04","283",""
"11001","1995-09-05","279",""
"11001","1995-09-06","273",""
"11001","1995-09-07","264",""
"11001","1995-09-08","256",""
"11001","1995-09-09","253",""
"11001","1995-09-10","248",""
"11001","1995-09-11","241",""
"11001","1995-09-12","235",""
"11001","1995-09-13","230",""
"11001","1995-09-14","229",""
"11001","1995-09-15","225",""
"11001","1995-09-16","222",""
"11001","1995-09-17","218",""
"11001","1995-09-18","218",""
"11001","1995-09-19","216",""
"11001","1995-09-20","215",""
"11001","1995-09-21","212",""
"11001","1995-09-22","210",""
"11001","1995-09-23","207",""
"11001","1995-09-24","208",""
"11001","1995-09-25","206",""
"11001","1995-09-26","204",""
"11001","1995-09-27","203",""
"11001","1995-09-28","204",""
"11001","1995-09-29","207",""
"11001","1995-09-30","208",""
"11001","1995-10-01","213",""
"11001","1995-10-02","216",""
"11001","1995-10-03","209",""
"11001","1995-10-04","208",""
"11001","1995-10-05","208",""
"11001","1995-10-06","207",""
"11001","1995-10-07","205",""
"11001","1995-10-08","200",""
"11001","1995-10-09","202",""
"11001","1995-10-10","202",""
"11001","1995-10-11","202",""
"11001","1995-10-12","200",""
"11001","1995-10-13","203",""
"11001","1995-10-14","204",""
"11001","1995-10-15","203",""
"11001","1995-10-16","202",""
"11001","1995-10-17","204",""
"11001","1995-10-18","204",""
"11001","1995-10-19","201",""
"11001","1995-10-20","199",""
"11001","1995-10-21","203",""
"11001","1995-10-22","201",""
"11001","1995-10-23","198",""
"11001","1995-10-24","195",""
"11001","1995-10-25","194",""
"11001","1995-10-26","193",""
"11001","1995-10-27","193",""
"11001","1995-10-28","196",""
"11001","1995-10-29","193",""
"11001","1995-10-30","189",""
"11001","1995-10-31","189",""
"11001","1995-11-01","190",""
"11001","1995-11-02","192",""
"11001","1995-11-03","193",""
"11001","1995-11-04","194",")"
"11001","1995-11-05","195",")"
"11001","1995-11-06","194",")"
"11001","1995-11-07","193",""
"11001","1995-11-08","187",""
"11001","1995-11-09","187",""
"11001","1995-11-10","194",""
"11001","1995-11-11","192",""
"11001","1995-11-12","193",""
"11001","1995-11-13","193",""
"11001","1995-11-14","192",""
"11001","1995-11-15","193",""
"11001","1995-11-16","194",")"
"11001","1995-11-17","194",")"
"11001","1995-11-18","190",")*"
"11001","1995-11-19","187",")Ш"
"11001","1995-11-20","179",")Ш"
"11001","1995-11-21","261","Z"
"11001","1995-11-22","247","Z"
"11001","1995-11-23","249","Z"
"11001","1995-11-24","250","Z"
"11001","1995-11-25","250","Z"
"11001","1995-11-26","249","I"
"11001","1995-11-27","255","I"
"11001","1995-11-28","254","I"
"11001","1995-11-29","253","I"
"11001","1995-11-30","253","I"
"11001","1995-12-01","251","I"
"11001","1995-12-02","247","I"
"11001","1995-12-03","240","I"
"11001","1995-12-04","231","I"
"11001","1995-12-05","221","I"
"11001","1995-12-06","214","I"
"11001","1995-12-07","202","I"
"11001","1995-12-08","209","I"
"11001","1995-12-09","211","I"
"11001","1995-12-10","213","I"
"11001","1995-12-11","204","I"
"11001","1995-12-12","204","I"
"11001","1995-12-13","205","I"
"11001","1995-12-14","209","I"
"11001","1995-12-15","207","I"
"11001","1995-12-16","202","I"
"11001","1995-12-17","195","I"
"11001","1995-12-18","190","I"
"11001","1995-12-19","188","I"
"11001","1995-12-20","191","I"
"11001","1995-12-21","197","I"
"11001","1995-12-22","206","I"
"11001","1995-12-23","209","I"
"11001","1995-12-24","212","I"
"11001","1995-12-25","208","I"
"11001","1995-12-26","208","I"
"11001","1995-12-27","210","I"
"11001","1995-12-28","208","I"
"11001","1995-12-29","207","I"
"11001","1995-12-30","211","I"
"11001","1995-12-31","215","I"
"11001","1996-01-01","214","I"
"11001","1996-01-02","216","I"
"11001","1996-01-03","214","I"
"11001","1996-01-04","219","I"
"11001","1996-01-05","224","I"
"11001","1996-01-06","222","I"
"11001","1996-01-07","220","I"
"11001","1996-01-08","219","I"
"11001","1996-01-09","218","I"
"11001","1996-01-10","214","I"
"11001","1996-01-11","216","I"
"11001","1996-01-12","217","I"
"11001","1996-01-13","219","I"
"11001","1996-01-14","219","I"
"11001","1996-01-15","218","I"
"11001","1996-01-16","214","I"
"11001","1996-01-17","214","I"
"11001","1996-01-18","216","I"
"11001","1996-01-19","217","I"
"11001","1996-01-20","218","I"
"11001","1996-01-21","219","I"
"11001","1996-01-22","218","I"
"11001","1996-01-23","218","I"
"11001","1996-01-24","218","I"
"11001","1996-01-25","219","I"
"11001","1996-01-26","220","I"
"11001","1996-01-27","220","I"
"11001","1996-01-28","221","I"
"11001","1996-01-29","221","I"
"11001","1996-01-30","224","I"
"11001","1996-01-31","224","I"
"11001","1996-02-01","224","I"
"11001","1996-02-02","224","I"
"11001","1996-02-03","225","I"
"11001","1996-02-04","224","I"
"11001","1996-02-05","226","I"
"11001","1996-02-06","227","I"
"11001","1996-02-07","228","I"
"11001","1996-02-08","229","I"
"11001","1996-02-09","225","I"
"11001","1996-02-10","226","I"
"11001","1996-02-11","228","I"
"11001","1996-02-12","230","I"
"11001","1996-02-13","230","I"
"11001","1996-02-14","231","I"
"11001","1996-02-15","230","I"
"11001","1996-02-16","230","I"
"11001","1996-02-17","229","I"
"11001","1996-02-18","228","I"
"11001","1996-02-19","227","I"
"11001","1996-02-20","229","I"
"11001","1996-02-21","229","I"
"11001","1996-02-22","229","I"
"11001","1996-02-23","229","I"
"11001","1996-02-24","229","I"
"11001","1996-02-25","230","I"
"11001","1996-02-26","229","I"
"11001","1996-02-27","229","I"
"11001","1996-02-28","227","I"
"11001","1996-02-29","231","I"
"11001","1996-03-01","236","I"
"11001","1996-03-02","236","I"
"11001","1996-03-03","237","I"
"11001","1996-03-04","238","I"
"11001","1996-03-05","238","I"
"11001","1996-03-06","236","I"
"11001","1996-03-07","237","I"
"11001","1996-03-08","240","I"
"11001","1996-03-09","239","I"
"11001","1996-03-10","240","I"
"11001","1996-03-11","241","I"
"11001","1996-03-12","243","I"
"11001","1996-03-13","245","I"
"11001","1996-03-14","246","I"
"11001","1996-03-15","247","I"
"11001","1996-03-16","248","I"
"11001","1996-03-17","247","I"
"11001","1996-03-18","247","I"
"11001","1996-03-19","247","I"
"11001","1996-03-20","246","I"
"11001","1996-03-21","246","I"
"11001","1996-03-22","245","I"
"11001","1996-03-23","244","I"
"11001","1996-03-24","244","I"
"11001","1996-03-25","243","("
"11001","1996-03-26","244","("
"11001","1996-03-27","244","("
"11001","1996-03-28","246","("
"11001","1996-03-29","247","("
"11001","1996-03-30","247","("
"11001","1996-03-31","247","("
"11001","1996-04-01","246","("
"11001","1996-04-02","248","("
"11001","1996-04-03","251","("
"11001","1996-04-04","254","("
"11001","1996-04-05","253","("
"11001","1996-04-06","250","("
"11001","1996-04-07","248","("
"11001","1996-04-08","248","("
"11001","1996-04-09","251","("
"11001","1996-04-10","253","("
"11001","1996-04-11","250","("
"11001","1996-04-12","249","("
"11001","1996-04-13","281","Л"
"11001","1996-04-14","195",""
"11001","1996-04-15","192",""
"11001","1996-04-16","195",""
"11001","1996-04-17","197",""
"11001","1996-04-18","198",""
"11001","1996-04-19","203",""
"11001","1996-04-20","209",""
"11001","1996-04-21","220",""
"11001","1996-04-22","242",""
"11001","1996-04-23","249",""
"11001","1996-04-24","249",""
"11001","1996-04-25","244",""
"11001","1996-04-26","239",""
"11001","1996-04-27","236",""
"11001","1996-04-28","241",""
"11001","1996-04-29","252",""
"11001","1996-04-30","240",""
"11001","1996-05-01","222",""
"11001","1996-05-02","216",""
"11001","1996-05-03","213",""
"11001","1996-05-04","228",""
"11001","1996-05-05","243",""
"11001","1996-05-06","246",""
"11001","1996-05-07","245",""
"11001","1996-05-08","243",""
"11001","1996-05-09","252",""
"11001","1996-05-10","266",""
"11001","1996-05-11","283",""
"11001","1996-05-12","295",""
"11001","1996-05-13","306",""
"11001","1996-05-14","312",""
"11001","1996-05-15","312",""
"11001","1996-05-16","295",""
"11001","1996-05-17","280",""
"11001","1996-05-18","270",""
"11001","1996-05-19","265",""
"11001","1996-05-20","286",""
"11001","1996-05-21","330",""
"11001","1996-05-22","357",""
"11001","1996-05-23","378",""
"11001","1996-05-24","406",""
"11001","1996-05-25","433",""
"11001","1996-05-26","439",""
"11001","1996-05-27","423",""
"11001","1996-05-28","437",""
"11001","1996-05-29","455",""
"11001","1996-05-30","463",""
"11001","1996-05-31","457",""
"11001","1996-06-01","443",""
"11001","1996-06-02","424",""
"11001","1996-06-03","405",""
"11001","1996-06-04","392",""
"11001","1996-06-05","374",""
"11001","1996-06-06","353",""
"11001","1996-06-07","330",""
"11001","1996-06-08","315",""
"11001","1996-06-09","314",""
"11001","1996-06-10","325",""
"11001","1996-06-11","335",""
"11001","1996-06-12","348",""
"11001","1996-06-13","371",""
"11001","1996-06-14","399",""
"11001","1996-06-15","399",""
"11001","1996-06-16","378",""
"11001","1996-06-17","365",""
"11001","1996-06-18","355",""
"11001","1996-06-19","350",""
"11001","1996-06-20","342",""
"11001","1996-06-21","336",""
"11001","1996-06-22","338",""
"11001","1996-06-23","335",""
"11001","1996-06-24","338",""
"11001","1996-06-25","337",""
"11001","1996-06-26","327",""
"11001","1996-06-27","319",""
"11001","1996-06-28","316",""
"11001","1996-06-29","308",""
"11001","1996-06-30","302",""
"11001","1996-07-01","300",""
"11001","1996-07-02","302",""
"11001","1996-07-03","311",""
"11001","1996-07-04","298",""
"11001","1996-07-05","289",""
"11001","1996-07-06","287",""
"11001","1996-07-07","288",""
"11001","1996-07-08","279",""
"11001","1996-07-09","270",""
"11001","1996-07-10","268",""
"11001","1996-07-11","259",""
"11001","1996-07-12","255",""
"11001","1996-07-13","256",""
"11001","1996-07-14","263",""
"11001","1996-07-15","257",""
"11001","1996-07-16","252",""
"11001","1996-07-17","249",""
"11001","1996-07-18","255",""
"11001","1996-07-19","262",""
"11001","1996-07-20","260",""
"11001","1996-07-21","271",""
"11001","1996-07-22","278",""
"11001","1996-07-23","303",""
"11001","1996-07-24","315",""
"11001","1996-07-25","305",""
"11001","1996-07-26","318",""
"11001","1996-07-27","305",""
"11001","1996-07-28","294",""
"11001","1996-07-29","287",""
"11001","1996-07-30","284",""
"11001","1996-07-31","286",""
"11001","1996-08-01","285",""
"11001","1996-08-02","283",""
"11001","1996-08-03","279",""
"11001","1996-08-04","274",""
"11001","1996-08-05","279",""
"11001","1996-08-06","277",""
"11001","1996-08-07","273",""
"11001","1996-08-08","271",""
"11001","1996-08-09","274",""
"11001","1996-08-10","272",""
"11001","1996-08-11","266",""
"11001","1996-08-12","264",""
"11001","1996-08-13","261",""
"11001","1996-08-14","257",""
"11001","1996-08-15","252",""
"11001","1996-08-16","249",""
"11001","1996-08-17","246",""
"11001","1996-08-18","241",""
"11001","1996-08-19","238",""
"11001","1996-08-20","231",""
"11001","1996-08-21","225",""
"11001","1996-08-22","221",""
"11001","1996-08-23","212",""
"11001","1996-08-24","212",""
"11001","1996-08-25","210",""
"11001","1996-08-26","209",""
"11001","1996-08-27","207",""
"11001","1996-08-28","203",""
"11001","1996-08-29","200",""
"11001","1996-08-30","197",""
"11001","1996-08-31","195",""
"11001","1996-09-01","226",""
"11001","1996-09-02","254",""
"11001","1996-09-03","241",""
"11001","1996-09-04","236",""
"11001","1996-09-05","233",""
"11001","1996-09-06","233",""
"11001","1996-09-07","233",""
"11001","1996-09-08","235",""
"11001","1996-09-09","231",""
"11001","1996-09-10","228",""
"11001","1996-09-11","224",""
"11001","1996-09-12","213",""
"11001","1996-09-13","215",""
"11001","1996-09-14","216",""
"11001","1996-09-15","237",""
"11001","1996-09-16","253",""
"11001","1996-09-17","248",""
"11001","1996-09-18","261",""
"11001","1996-09-19","255",""
"11001","1996-09-20","245",""
"11001","1996-09-21","243",""
"11001","1996-09-22","241",""
"11001","1996-09-23","241",""
"11001","1996-09-24","244",""
"11001","1996-09-25","249",""
"11001","1996-09-26","256",""
"11001","1996-09-27","256",""
"11001","1996-09-28","272",""
"11001","1996-09-29","279",""
"11001","1996-09-30","269",""
"11001","1996-10-01","267",""
"11001","1996-10-02","272",""
"11001","1996-10-03","273",""
"11001","1996-10-04","268",""
"11001","1996-10-05","258",""
"11001","1996-10-06","253",""
"11001","1996-10-07","249",""
"11001","1996-10-08","246",""
"11001","1996-10-09","242",""
"11001","1996-10-10","236",""
"11001","1996-10-11","229",""
"11001","1996-10-12","225",""
"11001","1996-10-13","220",""
"11001","1996-10-14","214",""
"11001","1996-10-15","213",""
"11001","1996-10-16","209",""
"11001","1996-10-17","206",""
"11001","1996-10-18","203",""
"11001","1996-10-19","207",""
"11001","1996-10-20","207",""
"11001","1996-10-21","203",""
"11001","1996-10-22","201",""
"11001","1996-10-23","199",""
"11001","1996-10-24","196",""
"11001","1996-10-25","192",""
"11001","1996-10-26","193",""
"11001","1996-10-27","197",""
"11001","1996-10-28","200",""
"11001","1996-10-29","200",""
"11001","1996-10-30","200",""
"11001","1996-10-31","201",""
"11001","1996-11-01","201",""
"11001","1996-11-02","198",""
"11001","1996-11-03","197",""
"11001","1996-11-04","197",""
"11001","1996-11-05","199",""
"11001","1996-11-06","197",""
"11001","1996-11-07","196",""
"11001","1996-11-08","201",""
"11001","1996-11-09","212",":"
"11001","1996-11-10","202",")*"
"11001","1996-11-11","196",")*"
"11001","1996-11-12","202",")Ш"
"11001","1996-11-13","262","ZШ"
"11001","1996-11-14","245","ZШ"
"11001","1996-11-15","247","]"
"11001","1996-11-16","241","]"
"11001","1996-11-17","256","]"
"11001","1996-11-18","263","]"
"11001","1996-11-19","272","]"
"11001","1996-11-20","280","]"
"11001","1996-11-21","279","]"
"11001","1996-11-22","280","]"
"11001","1996-11-23","277","]"
"11001","1996-11-24","275","]"
"11001","1996-11-25","271","]"
"11001","1996-11-26","264","]"
"11001","1996-11-27","263","]"
"11001","1996-11-28","264","]"
"11001","1996-11-29","260","I"
"11001","1996-11-30","258","I"
"11001","1996-12-01","255","I"
"11001","1996-12-02","249","I"
"11001","1996-12-03","240","I"
"11001","1996-12-04","235","I"
"11001","1996-12-05","233","I"
"11001","1996-12-06","230","I"
"11001","1996-12-07","223","I"
"11001","1996-12-08","219","I"
"11001","1996-12-09","210","I"
"11001","1996-12-10","210","I"
"11001","1996-12-11","211","I"
"11001","1996-12-12","211","I"
"11001","1996-12-13","211","I"
"11001","1996-12-14","211","I"
"11001","1996-12-15","211","I"
"11001","1996-12-16","216","I"
"11001","1996-12-17","217","I"
"11001","1996-12-18","216","I"
"11001","1996-12-19","214","I"
"11001","1996-12-20","211","I"
"11001","1996-12-21","211","I"
"11001","1996-12-22","214","I"
"11001","1996-12-23","217","I"
"11001","1996-12-24","219","I"
"11001","1996-12-25","226","I"
"11001","1996-12-26","226","I"
"11001","1996-12-27","227","I"
"11001","1996-12-28","227","I"
"11001","1996-12-29","225","I"
"11001","1996-12-30","226","I"
"11001","1996-12-31","227","I"
"11001","1998-01-01","204","I"
"11001","1998-01-02","203","I"
"11001","1998-01-03","207","I"
"11001","1998-01-04","208","I"
"11001","1998-01-05","208","I"
"11001","1998-01-06","206","I"
"11001","1998-01-07","204","I"
"11001","1998-01-08","204","I"
"11001","1998-01-09","205","I"
"11001","1998-01-10","205","I"
"11001","1998-01-11","208","I"
"11001","1998-01-12","209","I"
"11001","1998-01-13","210","I"
"11001","1998-01-14","210","I"
"11001","1998-01-15","209","I"
"11001","1998-01-16","211","I"
"11001","1998-01-17","210","I"
"11001","1998-01-18","211","I"
"11001","1998-01-19","209","I"
"11001","1998-01-20","208","I"
"11001","1998-01-21","209","I"
"11001","1998-01-22","209","I"
"11001","1998-01-23","207","I"
"11001","1998-01-24","207","I"
"11001","1998-01-25","207","I"
"11001","1998-01-26","207","I"
"11001","1998-01-27","206","I"
"11001","1998-01-28","204","I"
"11001","1998-01-29","205","I"
"11001","1998-01-30","206","I"
"11001","1998-01-31","205","I"
"11001","1998-02-01","206","I"
"11001","1998-02-02","208","I"
"11001","1998-02-03","208","I"
"11001","1998-02-04","208","I"
"11001","1998-02-05","209","I"
"11001","1998-02-06","208","I"
"11001","1998-02-07","210","I"
"11001","1998-02-08","210","I"
"11001","1998-02-09","208","I"
"11001","1998-02-10","206","I"
"11001","1998-02-11","206","I"
"11001","1998-02-12","207","I"
"11001","1998-02-13","208","I"
"11001","1998-02-14","208","I"
"11001","1998-02-15","205","I"
"11001","1998-02-16","205","I"
"11001","1998-02-17","208","I"
"11001","1998-02-18","210","I"
"11001","1998-02-19","212","I"
"11001","1998-02-20","213","I"
"11001","1998-02-21","215","I"
"11001","1998-02-22","213","I"
"11001","1998-02-23","214","I"
"11001","1998-02-24","215","I"
"11001","1998-02-25","216","I"
"11001","1998-02-26","218","I"
"11001","1998-02-27","219","I"
"11001","1998-02-28","219","I"
"11001","1998-03-01","218","I"
"11001","1998-03-02","217","I"
"11001","1998-03-03","217","I"
"11001","1998-03-04","217","I"
"11001","1998-03-05","218","I"
"11001","1998-03-06","217","I"
"11001","1998-03-07","219","I"
"11001","1998-03-08","220","I"
"11001","1998-03-09","219","I"
"11001","1998-03-10","221","I"
"11001","1998-03-11","222","I"
"11001","1998-03-12","222","I"
"11001","1998-03-13","224","I"
"11001","1998-03-14","225","I"
"11001","1998-03-15","226","I"
"11001","1998-03-16","226","I"
"11001","1998-03-17","225","I"
"11001","1998-03-18","226","I"
"11001","1998-03-19","229","I"
"11001","1998-03-20","233","I"
"11001","1998-03-21","235","I"
"11001","1998-03-22","236","I"
"11001","1998-03-23","237","I"
"11001","1998-03-24","239","I"
"11001","1998-03-25","241","Z"
"11001","1998-03-26","246","Z"
"11001","1998-03-27","253","Z"
"11001","1998-03-28","260","Z"
"11001","1998-03-29","260","Z"
"11001","1998-03-30","261","Z"
"11001","1998-03-31","261","Z"
"11001","1998-04-01","262","Z"
"11001","1998-04-02","266","Z"
"11001","1998-04-03","269","Z"
"11001","1998-04-04","278","Z"
"11001","1998-04-05","281","Z"
"11001","1998-04-06","334","ПР"
"11001","1998-04-07","397","Л<"
"11001","1998-04-08","359","Л"
"11001","1998-04-09","315","Л"
"11001","1998-04-10","297","Х"
"11001","1998-04-11","275",""
"11001","1998-04-12","227",""
"11001","1998-04-13","231",""
"11001","1998-04-14","236",""
"11001","1998-04-15","244",""
"11001","1998-04-16","245",""
"11001","1998-04-17","242",""
"11001","1998-04-18","243",""
"11001","1998-04-19","252",""
"11001","1998-04-20","257",""
"11001","1998-04-21","263",""
"11001","1998-04-22","265",""
"11001","1998-04-23","270",""
"11001","1998-04-24","263",""
"11001","1998-04-25","258",""
"11001","1998-04-26","257",""
"11001","1998-04-27","257",""
"11001","1998-04-28","256",""
"11001","1998-04-29","255",""
"11001","1998-04-30","255",""
"11001","1998-05-01","265",""
"11001","1998-05-02","268",""
"11001","1998-05-03","275",""
"11001","1998-05-04","283",""
"11001","1998-05-05","288",""
"11001","1998-05-06","290",""
"11001","1998-05-07","284",""
"11001","1998-05-08","288",""
"11001","1998-05-09","299",""
"11001","1998-05-10","310",""
"11001","1998-05-11","327",""
"11001","1998-05-12","339",""
"11001","1998-05-13","360",""
"11001","1998-05-14","365",""
"11001","1998-05-15","373",""
"11001","1998-05-16","374",""
"11001","1998-05-17","380",""
"11001","1998-05-18","402",""
"11001","1998-05-19","405",""
"11001","1998-05-20","417",""
"11001","1998-05-21","437",""
"11001","1998-05-22","426",""
"11001","1998-05-23","407",""
"11001","1998-05-24","392",""
"11001","1998-05-25","385",""
"11001","1998-05-26","386",""
"11001","1998-05-27","393",""
"11001","1998-05-28","413",""
"11001","1998-05-29","433",""
"11001","1998-05-30","441",""
"11001","1998-05-31","444",""
"11001","1998-06-01","454",""
"11001","1998-06-02","456",""
"11001","1998-06-03","464",""
"11001","1998-06-04","473",""
"11001","1998-06-05","487",""
"11001","1998-06-06","492",""
"11001","1998-06-07","491",""
"11001","1998-06-08","481",""
"11001","1998-06-09","478",""
"11001","1998-06-10","479",""
"11001","1998-06-11","477",""
"11001","1998-06-12","474",""
"11001","1998-06-13","484",""
"11001","1998-06-14","485",""
"11001","1998-06-15","451",""
"11001","1998-06-16","431",""
"11001","1998-06-17","428",""
"11001","1998-06-18","434",""
"11001","1998-06-19","431",""
"11001","1998-06-20","422",""
"11001","1998-06-21","413",""
"11001","1998-06-22","414",""
"11001","1998-06-23","414",""
"11001","1998-06-24","393",""
"11001","1998-06-25","394",""
"11001","1998-06-26","428",""
"11001","1998-06-27","453",""
"11001","1998-06-28","438",""
"11001","1998-06-29","411",""
"11001","1998-06-30","393",""
"11001","1998-07-01","374",""
"11001","1998-07-02","359",""
"11001","1998-07-03","350",""
"11001","1998-07-04","356",""
"11001","1998-07-05","344",""
"11001","1998-07-06","321",""
"11001","1998-07-07","312",""
"11001","1998-07-08","309",""
"11001","1998-07-09","304",""
"11001","1998-07-10","296",""
"11001","1998-07-11","289",""
"11001","1998-07-12","285",""
"11001","1998-07-13","281",""
"11001","1998-07-14","280",""
"11001","1998-07-15","278",""
"11001","1998-07-16","283",""
"11001","1998-07-17","283",""
"11001","1998-07-18","281",""
"11001","1998-07-19","284",""
"11001","1998-07-20","283",""
"11001","1998-07-21","301",""
"11001","1998-07-22","298",""
"11001","1998-07-23","287",""
"11001","1998-07-24","285",""
"11001","1998-07-25","288",""
"11001","1998-07-26","281",""
"11001","1998-07-27","271",""
"11001","1998-07-28","266",""
"11001","1998-07-29","263",""
"11001","1998-07-30","262",""
"11001","1998-07-31","264",""
"11001","1998-08-01","264",""
"11001","1998-08-02","258",""
"11001","1998-08-03","254",""
"11001","1998-08-04","251",""
"11001","1998-08-05","249",""
"11001","1998-08-06","247",""
"11001","1998-08-07","246",""
"11001","1998-08-08","244",""
"11001","1998-08-09","239",""
"11001","1998-08-10","236",""
"11001","1998-08-11","232",""
"11001","1998-08-12","229",""
"11001","1998-08-13","227",""
"11001","1998-08-14","231",""
"11001","1998-08-15","234",""
"11001","1998-08-16","241",""
"11001","1998-08-17","246",""
"11001","1998-08-18","248",""
"11001","1998-08-19","261",""
"11001","1998-08-20","290",""
"11001","1998-08-21","281",""
"11001","1998-08-22","278",""
"11001","1998-08-23","272",""
"11001","1998-08-24","266",""
"11001","1998-08-25","260",""
"11001","1998-08-26","250",""
"11001","1998-08-27","242",""
"11001","1998-08-28","238",""
"11001","1998-08-29","232",""
"11001","1998-08-30","227",""
"11001","1998-08-31","222",""
"11001","1998-09-01","216",""
"11001","1998-09-02","217",""
"11001","1998-09-03","218",""
"11001","1998-09-04","216",""
"11001","1998-09-05","212",""
"11001","1998-09-06","208",""
"11001","1998-09-07","221",""
"11001","1998-09-08","249",""
"11001","1998-09-09","260",""
"11001","1998-09-10","258",""
"11001","1998-09-11","232",""
"11001","1998-09-12","226",""
"11001","1998-09-13","214",""
"11001","1998-09-14","213",""
"11001","1998-09-15","218",""
"11001","1998-09-16","219",""
"11001","1998-09-17","220",""
"11001","1998-09-18","221",""
"11001","1998-09-19","218",""
"11001","1998-09-20","209",""
"11001","1998-09-21","210",""
"11001","1998-09-22","217",""
"11001","1998-09-23","219",""
"11001","1998-09-24","218",""
"11001","1998-09-25","221",""
"11001","1998-09-26","221",""
"11001","1998-09-27","214",""
"11001","1998-09-28","212",""
"11001","1998-09-29","210",""
"11001","1998-09-30","206",""
"11001","1998-10-01","218",""
"11001","1998-10-02","214",""
"11001","1998-10-03","210",""
"11001","1998-10-04","212",""
"11001","1998-10-05","209",""
"11001","1998-10-06","208",""
"11001","1998-10-07","206",""
"11001","1998-10-08","213",""
"11001","1998-10-09","220",""
"11001","1998-10-10","213",""
"11001","1998-10-11","209",""
"11001","1998-10-12","207",""
"11001","1998-10-13","209",""
"11001","1998-10-14","207",""
"11001","1998-10-15","204",""
"11001","1998-10-16","199",""
"11001","1998-10-17","197",""
"11001","1998-10-18","196",""
"11001","1998-10-19","194",""
"11001","1998-10-20","192",""
"11001","1998-10-21","193",""
"11001","1998-10-22","192",""
"11001","1998-10-23","190",""
"11001","1998-10-24","189",""
"11001","1998-10-25","187",""
"11001","1998-10-26","185",""
"11001","1998-10-27","184",""
"11001","1998-10-28","190",""
"11001","1998-10-29","199",""
"11001","1998-10-30","202",""
"11001","1998-10-31","197",""
"11001","1998-11-01","193",""
"11001","1998-11-02","182",""
"11001","1998-11-03","179",""
"11001","1998-11-04","174",""
"11001","1998-11-05","170",""
"11001","1998-11-06","179",""
"11001","1998-11-07","184",""
"11001","1998-11-08","179",""
"11001","1998-11-09","169",""
"11001","1998-11-10","164",""
"11001","1998-11-11","160",""
"11001","1998-11-12","160",""
"11001","1998-11-13","166",""
"11001","1998-11-14","167",":"
"11001","1998-11-15","169",")Ш"
"11001","1998-11-16","177",")Ш"
"11001","1998-11-17","200","Z"
"11001","1998-11-18","217","Z"
"11001","1998-11-19","216","Z"
"11001","1998-11-20","229","Z"
"11001","1998-11-21","228","Z"
"11001","1998-11-22","222","Z"
"11001","1998-11-23","231","Z"
"11001","1998-11-24","233","Z"
"11001","1998-11-25","229","Z"
"11001","1998-11-26","225","Z"
"11001","1998-11-27","225","Z"
"11001","1998-11-28","222","Z"
"11001","1998-11-29","220","Z"
"11001","1998-11-30","212","Z"
"11001","1998-12-01","212","Z"
"11001","1998-12-02","211","Z"
"11001","1998-12-03","208","Z"
"11001","1998-12-04","205","I"
"11001","1998-12-05","203","I"
"11001","1998-12-06","201","I"
"11001","1998-12-07","203","I"
"11001","1998-12-08","210","I"
"11001","1998-12-09","215","I"
"11001","1998-12-10","217","I"
"11001","1998-12-11","214","I"
"11001","1998-12-12","210","I"
"11001","1998-12-13","209","I"
"11001","1998-12-14","212","I"
"11001","1998-12-15","217","I"
"11001","1998-12-16","217","I"
"11001","1998-12-17","212","I"
"11001","1998-12-18","208","I"
"11001","1998-12-19","211","I"
"11001","1998-12-20","209","I"
"11001","1998-12-21","208","I"
"11001","1998-12-22","210","I"
"11001","1998-12-23","210","I"
"11001","1998-12-24","207","I"
"11001","1998-12-25","208","I"
"11001","1998-12-26","209","I"
"11001","1998-12-27","207","I"
"11001","1998-12-28","208","I"
"11001","1998-12-29","206","I"
"11001","1998-12-30","205","I"
"11001","1998-12-31","205","I"
"11001","1999-01-01","205","I"
"11001","1999-01-02","205","I"
"11001","1999-01-03","206","I"
"11001","1999-01-04","206","I"
"11001","1999-01-05","207","I"
"11001","1999-01-06","206","I"
"11001","1999-01-07","207","I"
"11001","1999-01-08","206","I"
"11001","1999-01-09","205","I"
"11001","1999-01-10","205","I"
"11001","1999-01-11","208","I"
"11001","1999-01-12","208","I"
"11001","1999-01-13","207","I"
"11001","1999-01-14","206","I"
"11001","1999-01-15","205","I"
"11001","1999-01-16","205","I"
"11001","1999-01-17","207","I"
"11001","1999-01-18","209","I"
"11001","1999-01-19","210","I"
"11001","1999-01-20","210","I"
"11001","1999-01-21","210","I"
"11001","1999-01-22","210","I"
"11001","1999-01-23","213","I"
"11001","1999-01-24","214","I"
"11001","1999-01-25","215","I"
"11001","1999-01-26","216","I"
"11001","1999-01-27","216","I"
"11001","1999-01-28","216","I"
"11001","1999-01-29","215","I"
"11001","1999-01-30","215","I"
"11001","1999-01-31","214","I"
"11001","1999-02-01","214","I"
"11001","1999-02-02","214","I"
"11001","1999-02-03","212","I"
"11001","1999-02-04","211","I"
"11001","1999-02-05","212","I"
"11001","1999-02-06","212","I"
"11001","1999-02-07","213","I"
"11001","1999-02-08","214","I"
"11001","1999-02-09","215","I"
"11001","1999-02-10","215","I"
"11001","1999-02-11","214","I"
"11001","1999-02-12","214","I"
"11001","1999-02-13","216","I"
"11001","1999-02-14","219","I"
"11001","1999-02-15","221","I"
"11001","1999-02-16","219","I"
"11001","1999-02-17","217","I"
"11001","1999-02-18","217","I"
"11001","1999-02-19","216","I"
"11001","1999-02-20","214","I"
"11001","1999-02-21","213","I"
"11001","1999-02-22","212","I"
"11001","1999-02-23","213","I"
"11001","1999-02-24","213","I"
"11001","1999-02-25","215","I"
"11001","1999-02-26","219","I"
"11001","1999-02-27","221","I"
"11001","1999-02-28","224","I"
"11001","1999-03-01","227","("
"11001","1999-03-02","229","("
"11001","1999-03-03","229","("
"11001","1999-03-04","233","("
"11001","1999-03-05","234","("
"11001","1999-03-06","236","("
"11001","1999-03-07","241","("
"11001","1999-03-08","242","("
"11001","1999-03-09","236","("
"11001","1999-03-10","233","("
"11001","1999-03-11","233","("
"11001","1999-03-12","234","("
"11001","1999-03-13","234","("
"11001","1999-03-14","235","("
"11001","1999-03-15","236","("
"11001","1999-03-16","237","("
"11001","1999-03-17","236","("
"11001","1999-03-18","235","("
"11001","1999-03-19","236","("
"11001","1999-03-20","236","("
"11001","1999-03-21","236","("
"11001","1999-03-22","237","("
"11001","1999-03-23","237","("
"11001","1999-03-24","238","("
"11001","1999-03-25","237","("
"11001","1999-03-26","238","("
"11001","1999-03-27","240","("
"11001","1999-03-28","240","("
"11001","1999-03-29","241","("
"11001","1999-03-30","241","("
"11001","1999-03-31","241","("
"11001","1999-04-01","242","("
"11001","1999-04-02","245","("
"11001","1999-04-03","247","("
"11001","1999-04-04","249","("
"11001","1999-04-05","253","("
"11001","1999-04-06","260","("
"11001","1999-04-07","266","П"
"11001","1999-04-08","292","Л"
"11001","1999-04-09","310","Л"
"11001","1999-04-10","301","Л"
"11001","1999-04-11","272","Л"
"11001","1999-04-12","243",""
"11001","1999-04-13","232",""
"11001","1999-04-14","233",""
"11001","1999-04-15","241",""
"11001","1999-04-16","247",""
"11001","1999-04-17","252",""
"11001","1999-04-18","256",""
"11001","1999-04-19","268",""
"11001","1999-04-20","271",""
"11001","1999-04-21","288",""
"11001","1999-04-22","303",""
"11001","1999-04-23","312",""
"11001","1999-04-24","312",""
"11001","1999-04-25","293",""
"11001","1999-04-26","276",""
"11001","1999-04-27","267",""
"11001","1999-04-28","260",""
"11001","1999-04-29","255",""
"11001","1999-04-30","251",""
"11001","1999-05-01","256",""
"11001","1999-05-02","259",""
"11001","1999-05-03","268",""
"11001","1999-05-04","269",""
"11001","1999-05-05","285",""
"11001","1999-05-06","301",""
"11001","1999-05-07","322",""
"11001","1999-05-08","341",""
"11001","1999-05-09","365",""
"11001","1999-05-10","372",""
"11001","1999-05-11","400",""
"11001","1999-05-12","420",""
"11001","1999-05-13","425",""
"11001","1999-05-14","421",""
"11001","1999-05-15","402",""
"11001","1999-05-16","396",""
"11001","1999-05-17","406",""
"11001","1999-05-18","424",""
"11001","1999-05-19","430",""
"11001","1999-05-20","436",""
"11001","1999-05-21","430",""
"11001","1999-05-22","415",""
"11001","1999-05-23","417",""
"11001","1999-05-24","438",""
"11001","1999-05-25","447",""
"11001","1999-05-26","446",""
"11001","1999-05-27","426",""
"11001","1999-05-28","416",""
"11001","1999-05-29","418",""
"11001","1999-05-30","411",""
"11001","1999-05-31","401",""
"11001","1999-06-01","387",""
"11001","1999-06-02","385",""
"11001","1999-06-03","382",""
"11001","1999-06-04","388",""
"11001","1999-06-05","387",""
"11001","1999-06-06","374",""
"11001","1999-06-07","361",""
"11001","1999-06-08","366",""
"11001","1999-06-09","376",""
"11001","1999-06-10","386",""
"11001","1999-06-11","402",""
"11001","1999-06-12","438",""
"11001","1999-06-13","461",""
"11001","1999-06-14","422",""
"11001","1999-06-15","392",""
"11001","1999-06-16","376",""
"11001","1999-06-17","371",""
"11001","1999-06-18","362",""
"11001","1999-06-19","363",""
"11001","1999-06-20","353",""
"11001","1999-06-21","335",""
"11001","1999-06-22","323",""
"11001","1999-06-23","318",""
"11001","1999-06-24","318",""
"11001","1999-06-25","323",""
"11001","1999-06-26","326",""
"11001","1999-06-27","332",""
"11001","1999-06-28","339",""
"11001","1999-06-29","337",""
"11001","1999-06-30","326",""
"11001","1999-07-01","341",""
"11001","1999-07-02","359",""
"11001","1999-07-03","332",""
"11001","1999-07-04","314",""
"11001","1999-07-05","303",""
"11001","1999-07-06","292",""
"11001","1999-07-07","286",""
"11001","1999-07-08","282",""
"11001","1999-07-09","274",""
"11001","1999-07-10","273",""
"11001","1999-07-11","276",""
"11001","1999-07-12","281",""
"11001","1999-07-13","283",""
"11001","1999-07-14","286",""
"11001","1999-07-15","288",""
"11001","1999-07-16","287",""
"11001","1999-07-17","289",""
"11001","1999-07-18","290",""
"11001","1999-07-19","288",""
"11001","1999-07-20","289",""
"11001","1999-07-21","304",""
"11001","1999-07-22","318",""
"11001","1999-07-23","324",""
"11001","1999-07-24","309",""
"11001","1999-07-25","331",""
"11001","1999-07-26","348",""
"11001","1999-07-27","342",""
"11001","1999-07-28","332",""
"11001","1999-07-29","324",""
"11001","1999-07-30","309",""
"11001","1999-07-31","299",""
"11001","1999-08-01","289",""
"11001","1999-08-02","280",""
"11001","1999-08-03","277",""
"11001","1999-08-04","278",""
"11001","1999-08-05","275",""
"11001","1999-08-06","272",""
"11001","1999-08-07","268",""
"11001","1999-08-08","283",""
"11001","1999-08-09","290",""
"11001","1999-08-10","282",""
"11001","1999-08-11","265",""
"11001","1999-08-12","255",""
"11001","1999-08-13","250",""
"11001","1999-08-14","250",""
"11001","1999-08-15","252",""
"11001","1999-08-16","252",""
"11001","1999-08-17","250",""
"11001","1999-08-18","249",""
"11001","1999-08-19","251",""
"11001","1999-08-20","264",""
"11001","1999-08-21","260",""
"11001","1999-08-22","245",""
"11001","1999-08-23","231",""
"11001","1999-08-24","228",""
"11001","1999-08-25","237",""
"11001","1999-08-26","246",""
"11001","1999-08-27","235",""
"11001","1999-08-28","226",""
"11001","1999-08-29","222",""
"11001","1999-08-30","217",""
"11001","1999-08-31","216",""
"11001","1999-09-01","217",""
"11001","1999-09-02","243",""
"11001","1999-09-03","255",""
"11001","1999-09-04","240",""
"11001","1999-09-05","241",""
"11001","1999-09-06","239",""
"11001","1999-09-07","237",""
"11001","1999-09-08","245",""
"11001","1999-09-09","260",""
"11001","1999-09-10","275",""
"11001","1999-09-11","274",""
"11001","1999-09-12","257",""
"11001","1999-09-13","253",""
"11001","1999-09-14","253",""
"11001","1999-09-15","256",""
"11001","1999-09-16","255",""
"11001","1999-09-17","263",""
"11001","1999-09-18","261",""
"11001","1999-09-19","261",""
"11001","1999-09-20","260",""
"11001","1999-09-21","260",""
"11001","1999-09-22","259",""
"11001","1999-09-23","258",""
"11001","1999-09-24","259",""
"11001","1999-09-25","265",""
"11001","1999-09-26","260",""
"11001","1999-09-27","268",""
"11001","1999-09-28","266",""
"11001","1999-09-29","258",""
"11001","1999-09-30","250",""
"11001","1999-10-01","251",""
"11001","1999-10-02","244",""
"11001","1999-10-03","240",""
"11001","1999-10-04","242",""
"11001","1999-10-05","241",""
"11001","1999-10-06","239",""
"11001","1999-10-07","243",""
"11001","1999-10-08","257",""
"11001","1999-10-09","274",""
"11001","1999-10-10","261",""
"11001","1999-10-11","259",""
"11001","1999-10-12","262",""
"11001","1999-10-13","262",""
"11001","1999-10-14","256",""
"11001","1999-10-15","251",""
"11001","1999-10-16","249",""
"11001","1999-10-17","242",""
"11001","1999-10-18","242",""
"11001","1999-10-19","238",""
"11001","1999-10-20","239",""
"11001","1999-10-21","237",""
"11001","1999-10-22","234",""
"11001","1999-10-23","232",""
"11001","1999-10-24","228",""
"11001","1999-10-25","228",""
"11001","1999-10-26","230",""
"11001","1999-10-27","224",""
"11001","1999-10-28","220",""
"11001","1999-10-29","223",""
"11001","1999-10-30","250",""
"11001","1999-10-31","239",""
"11001","1999-11-01","220",""
"11001","1999-11-02","212",""
"11001","1999-11-03","210",""
"11001","1999-11-04","212",""
"11001","1999-11-05","213",""
"11001","1999-11-06","211",""
"11001","1999-11-07","208",""
"11001","1999-11-08","206",""
"11001","1999-11-09","205",""
"11001","1999-11-10","205",""
"11001","1999-11-11","199",""
"11001","1999-11-12","199",""
"11001","1999-11-13","197","*"
"11001","1999-11-14","196",")Ш"
"11001","1999-11-15","200",")Ш"
"11001","1999-11-16","194",")Ш"
"11001","1999-11-17","195",")Ш"
"11001","1999-11-18","194",")Ш"
"11001","1999-11-19","196",")Ш"
"11001","1999-11-20","194",")Ш"
"11001","1999-11-21","199",")Ш"
"11001","1999-11-22","210",")Ш"
"11001","1999-11-23","235",")Ш"
"11001","1999-11-24","293","Z]"
"11001","1999-11-25","278","Z]"
"11001","1999-11-26","256","]"
"11001","1999-11-27","254","]"
"11001","1999-11-28","265","]"
"11001","1999-11-29","269","]"
"11001","1999-11-30","275","]"
"11001","1999-12-01","280","]"
"11001","1999-12-02","278","]"
"11001","1999-12-03","277","]"
"11001","1999-12-04","279","]"
"11001","1999-12-05","280","]"
"11001","1999-12-06","278","I"
"11001","1999-12-07","275","I"
"11001","1999-12-08","269","I"
"11001","1999-12-09","266","I"
"11001","1999-12-10","265","I"
"11001","1999-12-11","265","I"
"11001","1999-12-12","262","I"
"11001","1999-12-13","258","I"
"11001","1999-12-14","255","I"
"11001","1999-12-15","254","I"
"11001","1999-12-16","248","I"
"11001","1999-12-17","244","I"
"11001","1999-12-18","238","I"
"11001","1999-12-19","229","I"
"11001","1999-12-20","217","I"
"11001","1999-12-21","220","I"
"11001","1999-12-22","219","I"
"11001","1999-12-23","220","I"
"11001","1999-12-24","222","I"
"11001","1999-12-25","227","I"
"11001","1999-12-26","230","I"
"11001","1999-12-27","232","I"
"11001","1999-12-28","232","I"
"11001","1999-12-29","231","I"
"11001","1999-12-30","233","I"
"11001","1999-12-31","232","I"
"11001","2000-01-01","228","I"
"11001","2000-01-02","226","I"
"11001","2000-01-03","223","I"
"11001","2000-01-04","222","I"
"11001","2000-01-05","224","I"
"11001","2000-01-06","226","I"
"11001","2000-01-07","227","I"
"11001","2000-01-08","227","I"
"11001","2000-01-09","226","I"
"11001","2000-01-10","228","I"
"11001","2000-01-11","230","I"
"11001","2000-01-12","232","I"
"11001","2000-01-13","234","I"
"11001","2000-01-14","235","I"
"11001","2000-01-15","237","I"
"11001","2000-01-16","238","I"
"11001","2000-01-17","233","I"
"11001","2000-01-18","230","I"
"11001","2000-01-19","230","I"
"11001","2000-01-20","232","I"
"11001","2000-01-21","235","I"
"11001","2000-01-22","234","I"
"11001","2000-01-23","232","I"
"11001","2000-01-24","237","I"
"11001","2000-01-25","237","I"
"11001","2000-01-26","236","I"
"11001","2000-01-27","237","I"
"11001","2000-01-28","238","I"
"11001","2000-01-29","239","I"
"11001","2000-01-30","240","I"
"11001","2000-01-31","238","I"
"11001","2000-02-01","236","I"
"11001","2000-02-02","236","I"
"11001","2000-02-03","237","I"
"11001","2000-02-04","236","I"
"11001","2000-02-05","237","I"
"11001","2000-02-06","236","I"
"11001","2000-02-07","235","I"
"11001","2000-02-08","234","I"
"11001","2000-02-09","233","I"
"11001","2000-02-10","234","I"
"11001","2000-02-11","234","I"
"11001","2000-02-12","235","I"
"11001","2000-02-13","236","I"
"11001","2000-02-14","239","I"
"11001","2000-02-15","239","I"
"11001","2000-02-16","234","I"
"11001","2000-02-17","230","I"
"11001","2000-02-18","232","I"
"11001","2000-02-19","235","I"
"11001","2000-02-20","236","I"
"11001","2000-02-21","236","I"
"11001","2000-02-22","236","I"
"11001","2000-02-23","234","I"
"11001","2000-02-24","232","I"
"11001","2000-02-25","232","I"
"11001","2000-02-26","230","I"
"11001","2000-02-27","228","I"
"11001","2000-02-28","229","I"
"11001","2000-02-29","232","I"
"11001","2000-03-01","233","I"
"11001","2000-03-02","234","I"
"11001","2000-03-03","239","I"
"11001","2000-03-04","243","I"
"11001","2000-03-05","248","I"
"11001","2000-03-06","250","I"
"11001","2000-03-07","250","I"
"11001","2000-03-08","250","I"
"11001","2000-03-09","251","I"
"11001","2000-03-10","251","I"
"11001","2000-03-11","252","I"
"11001","2000-03-12","250","I"
"11001","2000-03-13","249","I"
"11001","2000-03-14","250","I"
"11001","2000-03-15","248","I"
"11001","2000-03-16","247","I"
"11001","2000-03-17","251","I"
"11001","2000-03-18","256","I"
"11001","2000-03-19","257","I"
"11001","2000-03-20","259","I"
"11001","2000-03-21","262","I"
"11001","2000-03-22","261","I"
"11001","2000-03-23","263","I"
"11001","2000-03-24","264","I"
"11001","2000-03-25","266","("
"11001","2000-03-26","267","("
"11001","2000-03-27","268","("
"11001","2000-03-28","273","("
"11001","2000-03-29","281","("
"11001","2000-03-30","286","("
"11001","2000-03-31","291","("
"11001","2000-04-01","289","("
"11001","2000-04-02","307","ПР"
"11001","2000-04-03","311","Л"
"11001","2000-04-04","261","Л"
"11001","2000-04-05","229",""
"11001","2000-04-06","227",""
"11001","2000-04-07","234",""
"11001","2000-04-08","237",""
"11001","2000-04-09","245",""
"11001","2000-04-10","248",""
"11001","2000-04-11","250",""
"11001","2000-04-12","252",""
"11001","2000-04-13","256",""
"11001","2000-04-14","255",""
"11001","2000-04-15","231",""
"11001","2000-04-16","219",""
"11001","2000-04-17","219",""
"11001","2000-04-18","235",""
"11001","2000-04-19","235",""
"11001","2000-04-20","219",""
"11001","2000-04-21","214",""
"11001","2000-04-22","225",""
"11001","2000-04-23","235",""
"11001","2000-04-24","230",""
"11001","2000-04-25","234",""
"11001","2000-04-26","243",""
"11001","2000-04-27","246",""
"11001","2000-04-28","247",""
"11001","2000-04-29","250",""
"11001","2000-04-30","249",""
"11001","2000-05-01","243",""
"11001","2000-05-02","248",""
"11001","2000-05-03","257",""
"11001","2000-05-04","262",""
"11001","2000-05-05","256",""
"11001","2000-05-06","255",""
"11001","2000-05-07","267",""
"11001","2000-05-08","325",""
"11001","2000-05-09","301",""
"11001","2000-05-10","283",""
"11001","2000-05-11","285",""
"11001","2000-05-12","283",""
"11001","2000-05-13","290",""
"11001","2000-05-14","304",""
"11001","2000-05-15","302",""
"11001","2000-05-16","297",""
"11001","2000-05-17","289",""
"11001","2000-05-18","283",""
"11001","2000-05-19","276",""
"11001","2000-05-20","284",""
"11001","2000-05-21","314",""
"11001","2000-05-22","335",""
"11001","2000-05-23","381",""
"11001","2000-05-24","422",""
"11001","2000-05-25","444",""
"11001","2000-05-26","411",""
"11001","2000-05-27","402",""
"11001","2000-05-28","402",""
"11001","2000-05-29","402",""
"11001","2000-05-30","396",""
"11001","2000-05-31","394",""
"11001","2000-06-01","402",""
"11001","2000-06-02","407",""
"11001","2000-06-03","414",""
"11001","2000-06-04","417",""
"11001","2000-06-05","414",""
"11001","2000-06-06","396",""
"11001","2000-06-07","379",""
"11001","2000-06-08","369",""
"11001","2000-06-09","373",""
"11001","2000-06-10","387",""
"11001","2000-06-11","394",""
"11001","2000-06-12","385",""
"11001","2000-06-13","372",""
"11001","2000-06-14","364",""
"11001","2000-06-15","356",""
"11001","2000-06-16","349",""
"11001","2000-06-17","360",""
"11001","2000-06-18","380",""
"11001","2000-06-19","384",""
"11001","2000-06-20","378",""
"11001","2000-06-21","395",""
"11001","2000-06-22","396",""
"11001","2000-06-23","393",""
"11001","2000-06-24","393",""
"11001","2000-06-25","393",""
"11001","2000-06-26","387",""
"11001","2000-06-27","378",""
"11001","2000-06-28","375",""
"11001","2000-06-29","372",""
"11001","2000-06-30","370",""
"11001","2000-07-01","372",""
"11001","2000-07-02","376",""
"11001","2000-07-03","415",""
"11001","2000-07-04","419",""
"11001","2000-07-05","395",""
"11001","2000-07-06","404",""
"11001","2000-07-07","394",""
"11001","2000-07-08","378",""
"11001","2000-07-09","371",""
"11001","2000-07-10","367",""
"11001","2000-07-11","361",""
"11001","2000-07-12","352",""
"11001","2000-07-13","346",""
"11001","2000-07-14","342",""
"11001","2000-07-15","346",""
"11001","2000-07-16","340",""
"11001","2000-07-17","336",""
"11001","2000-07-18","331",""
"11001","2000-07-19","327",""
"11001","2000-07-20","316",""
"11001","2000-07-21","309",""
"11001","2000-07-22","300",""
"11001","2000-07-23","291",""
"11001","2000-07-24","281",""
"11001","2000-07-25","272",""
"11001","2000-07-26","266",""
"11001","2000-07-27","264",""
"11001","2000-07-28","258",""
"11001","2000-07-29","254",""
"11001","2000-07-30","247",""
"11001","2000-07-31","240",""
"11001","2000-08-01","231",""
"11001","2000-08-02","226",""
"11001","2000-08-03","223",""
"11001","2000-08-04","227",""
"11001","2000-08-05","232",""
"11001","2000-08-06","224",""
"11001","2000-08-07","221",""
"11001","2000-08-08","220",""
"11001","2000-08-09","219",""
"11001","2000-08-10","213",""
"11001","2000-08-11","215",""
"11001","2000-08-12","215",""
"11001","2000-08-13","220",""
"11001","2000-08-14","227",""
"11001","2000-08-15","228",""
"11001","2000-08-16","229",""
"11001","2000-08-17","222",""
"11001","2000-08-18","218",""
"11001","2000-08-19","212",""
"11001","2000-08-20","211",""
"11001","2000-08-21","211",""
"11001","2000-08-22","212",""
"11001","2000-08-23","214",""
"11001","2000-08-24","214",""
"11001","2000-08-25","214",""
"11001","2000-08-26","258",""
"11001","2000-08-27","260",""
"11001","2000-08-28","251",""
"11001","2000-08-29","237",""
"11001","2000-08-30","228",""
"11001","2000-08-31","223",""
"11001","2000-09-01","224",""
"11001","2000-09-02","235",""
"11001","2000-09-03","238",""
"11001","2000-09-04","232",""
"11001","2000-09-05","223",""
"11001","2000-09-06","217",""
"11001","2000-09-07","213",""
"11001","2000-09-08","214",""
"11001","2000-09-09","215",""
"11001","2000-09-10","214",""
"11001","2000-09-11","211",""
"11001","2000-09-12","208",""
"11001","2000-09-13","201",""
"11001","2000-09-14","198",""
"11001","2000-09-15","198",""
"11001","2000-09-16","198",""
"11001","2000-09-17","202",""
"11001","2000-09-18","204",""
"11001","2000-09-19","198",""
"11001","2000-09-20","198",""
"11001","2000-09-21","195",""
"11001","2000-09-22","188",""
"11001","2000-09-23","187",""
"11001","2000-09-24","193",""
"11001","2000-09-25","195",""
"11001","2000-09-26","193",""
"11001","2000-09-27","191",""
"11001","2000-09-28","196",""
"11001","2000-09-29","198",""
"11001","2000-09-30","199",""
"11001","2000-10-01","200",""
"11001","2000-10-02","201",""
"11001","2000-10-03","201",""
"11001","2000-10-04","199",""
"11001","2000-10-05","197",""
"11001","2000-10-06","198",""
"11001","2000-10-07","197",""
"11001","2000-10-08","196",""
"11001","2000-10-09","195",""
"11001","2000-10-10","197",""
"11001","2000-10-11","195",""
"11001","2000-10-12","197",""
"11001","2000-10-13","200",""
"11001","2000-10-14","202",""
"11001","2000-10-15","202",""
"11001","2000-10-16","203",""
"11001","2000-10-17","203",""
"11001","2000-10-18","206",""
"11001","2000-10-19","207",""
"11001","2000-10-20","201",""
"11001","2000-10-21","197",""
"11001","2000-10-22","192",")"
"11001","2000-10-23","184",")*"
"11001","2000-10-24","181",")*"
"11001","2000-10-25","178",")*"
"11001","2000-10-26","181",")*"
"11001","2000-10-27","185",""
"11001","2000-10-28","181",""
"11001","2000-10-29","181",""
"11001","2000-10-30","179",""
"11001","2000-10-31","175",""
"11001","2000-11-01","176",""
"11001","2000-11-02","179",""
"11001","2000-11-03","178","*"
"11001","2000-11-04","187",")*"
"11001","2000-11-05","198",")*"
"11001","2000-11-06","190","]"
"11001","2000-11-07","181","]"
"11001","2000-11-08","190","]"
"11001","2000-11-09","208","]"
"11001","2000-11-10","211","]"
"11001","2000-11-11","209","]"
"11001","2000-11-12","210","]"
"11001","2000-11-13","213","]"
"11001","2000-11-14","207","]"
"11001","2000-11-15","207","]"
"11001","2000-11-16","207","]"
"11001","2000-11-17","209","]"
"11001","2000-11-18","211","]"
"11001","2000-11-19","215","]"
"11001","2000-11-20","219","]"
"11001","2000-11-21","220","]"
"11001","2000-11-22","222","]"
"11001","2000-11-23","224","]"
"11001","2000-11-24","224","]"
"11001","2000-11-25","222","]"
"11001","2000-11-26","223","]"
"11001","2000-11-27","224","]"
"11001","2000-11-28","221","]"
"11001","2000-11-29","217","]"
"11001","2000-11-30","213","]"
"11001","2000-12-01","212","]"
"11001","2000-12-02","212","]"
"11001","2000-12-03","211","]"
"11001","2000-12-04","211","]"
"11001","2000-12-05","208","]"
"11001","2000-12-06","209","]"
"11001","2000-12-07","210","]"
"11001","2000-12-08","212","]"
"11001","2000-12-09","213","]"
"11001","2000-12-10","211","]"
"11001","2000-12-11","211","I"
"11001","2000-12-12","208","I"
"11001","2000-12-13","209","I"
"11001","2000-12-14","211","I"
"11001","2000-12-15","213","I"
"11001","2000-12-16","215","I"
"11001","2000-12-17","219","I"
"11001","2000-12-18","219","I"
"11001","2000-12-19","222","I"
"11001","2000-12-20","225","I"
"11001","2000-12-21","226","I"
"11001","2000-12-22","226","I"
"11001","2000-12-23","226","I"
"11001","2000-12-24","227","I"
"11001","2000-12-25","229","I"
"11001","2000-12-26","227","I"
"11001","2000-12-27","226","I"
"11001","2000-12-28","223","I"
"11001","2000-12-29","225","I"
"11001","2000-12-30","226","I"
"11001","2000-12-31","224","I"
"11001","2001-01-01","223","I"
"11001","2001-01-02","223","I"
"11001","2001-01-03","226","I"
"11001","2001-01-04","225","I"
"11001","2001-01-05","224","I"
"11001","2001-01-06","224","I"
"11001","2001-01-07","222","I"
"11001","2001-01-08","221","I"
"11001","2001-01-09","222","I"
"11001","2001-01-10","225","I"
"11001","2001-01-11","227","I"
"11001","2001-01-12","228","I"
"11001","2001-01-13","226","I"
"11001","2001-01-14","228","I"
"11001","2001-01-15","231","I"
"11001","2001-01-16","233","I"
"11001","2001-01-17","232","I"
"11001","2001-01-18","233","I"
"11001","2001-01-19","235","I"
"11001","2001-01-20","233","I"
"11001","2001-01-21","233","I"
"11001","2001-01-22","235","I"
"11001","2001-01-23","237","I"
"11001","2001-01-24","239","I"
"11001","2001-01-25","241","I"
"11001","2001-01-26","240","I"
"11001","2001-01-27","235","I"
"11001","2001-01-28","234","I"
"11001","2001-01-29","235","I"
"11001","2001-01-30","235","I"
"11001","2001-01-31","235","I"
"11001","2001-02-01","233","I"
"11001","2001-02-02","233","I"
"11001","2001-02-03","235","I"
"11001","2001-02-04","237","I"
"11001","2001-02-05","238","I"
"11001","2001-02-06","238","I"
"11001","2001-02-07","238","I"
"11001","2001-02-08","239","I"
"11001","2001-02-09","238","I"
"11001","2001-02-10","236","I"
"11001","2001-02-11","237","I"
"11001","2001-02-12","239","I"
"11001","2001-02-13","240","I"
"11001","2001-02-14","239","I"
"11001","2001-02-15","240","I"
"11001","2001-02-16","240","I"
"11001","2001-02-17","239","I"
"11001","2001-02-18","239","I"
"11001","2001-02-19","241","I"
"11001","2001-02-20","243","I"
"11001","2001-02-21","245","I"
"11001","2001-02-22","247","I"
"11001","2001-02-23","248","I"
"11001","2001-02-24","247","I"
"11001","2001-02-25","247","I"
"11001","2001-02-26","248","I"
"11001","2001-02-27","247","I"
"11001","2001-02-28","247","I"
"11001","2001-03-01","244","I"
"11001","2001-03-02","245","I"
"11001","2001-03-03","244","I"
"11001","2001-03-04","246","I"
"11001","2001-03-05","246","I"
"11001","2001-03-06","246","I"
"11001","2001-03-07","247","I"
"11001","2001-03-08","248","I"
"11001","2001-03-09","245","I"
"11001","2001-03-10","243","I"
"11001","2001-03-11","241","I"
"11001","2001-03-12","242","I"
"11001","2001-03-13","244","I"
"11001","2001-03-14","250","I"
"11001","2001-03-15","255","I"
"11001","2001-03-16","257","I"
"11001","2001-03-17","255","I"
"11001","2001-03-18","253","I"
"11001","2001-03-19","252","I"
"11001","2001-03-20","253","I"
"11001","2001-03-21","254","I"
"11001","2001-03-22","257","("
"11001","2001-03-23","260","("
"11001","2001-03-24","269","("
"11001","2001-03-25","274","("
"11001","2001-03-26","278","("
"11001","2001-03-27","279","("
"11001","2001-03-28","285","("
"11001","2001-03-29","300","↑"
"11001","2001-03-30","314","↑"
"11001","2001-03-31","322","П"
"11001","2001-04-01","336","ПР"
"11001","2001-04-02","380","Л<"
"11001","2001-04-03","370","Л"
"11001","2001-04-04","315",""
"11001","2001-04-05","309",""
"11001","2001-04-06","310",""
"11001","2001-04-07","316",""
"11001","2001-04-08","308","*"
"11001","2001-04-09","294","*"
"11001","2001-04-10","298",""
"11001","2001-04-11","291",""
"11001","2001-04-12","298",""
"11001","2001-04-13","300",""
"11001","2001-04-14","298",""
"11001","2001-04-15","296",""
"11001","2001-04-16","298",""
"11001","2001-04-17","301",""
"11001","2001-04-18","313",""
"11001","2001-04-19","332",""
"11001","2001-04-20","342",""
"11001","2001-04-21","348",""
"11001","2001-04-22","352",""
"11001","2001-04-23","360",""
"11001","2001-04-24","366",""
"11001","2001-04-25","373",""
"11001","2001-04-26","380",""
"11001","2001-04-27","389",""
"11001","2001-04-28","385",""
"11001","2001-04-29","378",""
"11001","2001-04-30","366",""
"11001","2001-05-01","363",""
"11001","2001-05-02","360",""
"11001","2001-05-03","360",""
"11001","2001-05-04","358",""
"11001","2001-05-05","356",""
"11001","2001-05-06","352",""
"11001","2001-05-07","364",""
"11001","2001-05-08","384",""
"11001","2001-05-09","405",""
"11001","2001-05-10","421",""
"11001","2001-05-11","435",""
"11001","2001-05-12","455",""
"11001","2001-05-13","479",""
"11001","2001-05-14","495",""
"11001","2001-05-15","498",""
"11001","2001-05-16","488",""
"11001","2001-05-17","488",""
"11001","2001-05-18","498",""
"11001","2001-05-19","507",""
"11001","2001-05-20","520",""
"11001","2001-05-21","531",""
"11001","2001-05-22","547",""
"11001","2001-05-23","550",""
"11001","2001-05-24","532",""
"11001","2001-05-25","515",""
"11001","2001-05-26","512",""
"11001","2001-05-27","513",""
"11001","2001-05-28","519",""
"11001","2001-05-29","521",""
"11001","2001-05-30","520",""
"11001","2001-05-31","520",""
"11001","2001-06-01","518",""
"11001","2001-06-02","515",""
"11001","2001-06-03","517",""
"11001","2001-06-04","525",""
"11001","2001-06-05","533",""
"11001","2001-06-06","537",""
"11001","2001-06-07","526",""
"11001","2001-06-08","514",""
"11001","2001-06-09","512",""
"11001","2001-06-10","514",""
"11001","2001-06-11","508",""
"11001","2001-06-12","486",""
"11001","2001-06-13","465",""
"11001","2001-06-14","465",""
"11001","2001-06-15","473",""
"11001","2001-06-16","454",""
"11001","2001-06-17","439",""
"11001","2001-06-18","435",""
"11001","2001-06-19","432",""
"11001","2001-06-20","432",""
"11001","2001-06-21","430",""
"11001","2001-06-22","424",""
"11001","2001-06-23","423",""
"11001","2001-06-24","422",""
"11001","2001-06-25","420",""
"11001","2001-06-26","407",""
"11001","2001-06-27","397",""
"11001","2001-06-28","394",""
"11001","2001-06-29","389",""
"11001","2001-06-30","383",""
"11001","2001-07-01","382",""
"11001","2001-07-02","375",""
"11001","2001-07-03","360",""
"11001","2001-07-04","357",""
"11001","2001-07-05","382",""
"11001","2001-07-06","391",""
"11001","2001-07-07","364",""
"11001","2001-07-08","350",""
"11001","2001-07-09","341",""
"11001","2001-07-10","330",""
"11001","2001-07-11","326",""
"11001","2001-07-12","320",""
"11001","2001-07-13","317",""
"11001","2001-07-14","33",""
"11001","2001-07-15","332",""
"11001","2001-07-16","321",""
"11001","2001-07-17","307",""
"11001","2001-07-18","299",""
"11001","2001-07-19","295",""
"11001","2001-07-20","284",""
"11001","2001-07-21","278",""
"11001","2001-07-22","276",""
"11001","2001-07-23","277",""
"11001","2001-07-24","297",""
"11001","2001-07-25","314",""
"11001","2001-07-26","296",""
"11001","2001-07-27","281",""
"11001","2001-07-28","275",""
"11001","2001-07-29","278",""
"11001","2001-07-30","280",""
"11001","2001-07-31","282",""
"11001","2001-08-01","286",""
"11001","2001-08-02","294",""
"11001","2001-08-03","350",""
"11001","2001-08-04","385",""
"11001","2001-08-05","374",""
"11001","2001-08-06","367",""
"11001","2001-08-07","358",""
"11001","2001-08-08","348",""
"11001","2001-08-09","343",""
"11001","2001-08-10","332",""
"11001","2001-08-11","321",""
"11001","2001-08-12","306",""
"11001","2001-08-13","299",""
"11001","2001-08-14","287",""
"11001","2001-08-15","279",""
"11001","2001-08-16","277",""
"11001","2001-08-17","276",""
"11001","2001-08-18","268",""
"11001","2001-08-19","261",""
"11001","2001-08-20","253",""
"11001","2001-08-21","249",""
"11001","2001-08-22","249",""
"11001","2001-08-23","248",""
"11001","2001-08-24","243",""
"11001","2001-08-25","236",""
"11001","2001-08-26","235",""
"11001","2001-08-27","235",""
"11001","2001-08-28","233",""
"11001","2001-08-29","237",""
"11001","2001-08-30","265",""
"11001","2001-08-31","267",""
"11001","2001-09-01","267",""
"11001","2001-09-02","290",""
"11001","2001-09-03","292",""
"11001","2001-09-04","283",""
"11001","2001-09-05","275",""
"11001","2001-09-06","268",""
"11001","2001-09-07","264",""
"11001","2001-09-08","262",""
"11001","2001-09-09","270",""
"11001","2001-09-10","273",""
"11001","2001-09-11","282",""
"11001","2001-09-12","306",""
"11001","2001-09-13","299",""
"11001","2001-09-14","281",""
"11001","2001-09-15","281",""
"11001","2001-09-16","292",""
"11001","2001-09-17","298",""
"11001","2001-09-18","291",""
"11001","2001-09-19","280",""
"11001","2001-09-20","275",""
"11001","2001-09-21","271",""
"11001","2001-09-22","273",""
"11001","2001-09-23","278",""
"11001","2001-09-24","275",""
"11001","2001-09-25","268",""
"11001","2001-09-26","261",""
"11001","2001-09-27","256",""
"11001","2001-09-28","252",""
"11001","2001-09-29","243",""
"11001","2001-09-30","238",""
"11001","2001-10-01","234",""
"11001","2001-10-02","232",""
"11001","2001-10-03","238",""
"11001","2001-10-04","244",""
"11001","2001-10-05","252",""
"11001","2001-10-06","256",""
"11001","2001-10-07","247",""
"11001","2001-10-08","242",""
"11001","2001-10-09","240",""
"11001","2001-10-10","239",""
"11001","2001-10-11","239",""
"11001","2001-10-12","241",""
"11001","2001-10-13","237",""
"11001","2001-10-14","245",""
"11001","2001-10-15","246",""
"11001","2001-10-16","233",""
"11001","2001-10-17","224",""
"11001","2001-10-18","216",""
"11001","2001-10-19","206",""
"11001","2001-10-20","206",""
"11001","2001-10-21","207",""
"11001","2001-10-22","206",""
"11001","2001-10-23","201",""
"11001","2001-10-24","199",""
"11001","2001-10-25","197",""
"11001","2001-10-26","193",""
"11001","2001-10-27","196",""
"11001","2001-10-28","205",""
"11001","2001-10-29","207",""
"11001","2001-10-30","210",""
"11001","2001-10-31","211",""
"11001","2001-11-01","206",""
"11001","2001-11-02","203",""
"11001","2001-11-03","201",""
"11001","2001-11-04","199",""
"11001","2001-11-05","202",""
"11001","2001-11-06","198",""
"11001","2001-11-07","194",""
"11001","2001-11-08","196",""
"11001","2001-11-09","197",""
"11001","2001-11-10","197",""
"11001","2001-11-11","196",""
"11001","2001-11-12","199",""
"11001","2001-11-13","197",""
"11001","2001-11-14","197",""
"11001","2001-11-15","224",""
"11001","2001-11-16","209",""
"11001","2001-11-17","180",""
"11001","2001-11-18","172",""
"11001","2001-11-19","170",""
"11001","2001-11-20","172",""
"11001","2001-11-21","200",""
"11001","2001-11-22","215",""
"11001","2001-11-23","221",")*"
"11001","2001-11-24","216",")*"
"11001","2001-11-25","198",")Ш"
"11001","2001-11-26","186",")Ш"
"11001","2001-11-27","189",")Ш"
"11001","2001-11-28","238",")Ш"
"11001","2001-11-29","229","Z"
"11001","2001-11-30","226","|"
"11001","2001-12-01","229","|"
"11001","2001-12-02","245","|"
"11001","2001-12-03","250","|"
"11001","2001-12-04","245","|"
"11001","2001-12-05","244","|"
"11001","2001-12-06","244","|"
"11001","2001-12-07","243","|"
"11001","2001-12-08","239","|"
"11001","2001-12-09","230","|"
"11001","2001-12-10","219","I"
"11001","2001-12-11","214",""
"11001","2001-12-12","217",""
"11001","2001-12-13","218",""
"11001","2001-12-14","219",""
"11001","2001-12-15","216",""
"11001","2001-12-16","215",""
"11001","2001-12-17","217",""
"11001","2001-12-18","218",""
"11001","2001-12-19","218",""
"11001","2001-12-20","216",""
"11001","2001-12-21","218","I"
"11001","2001-12-22","249","I"
"11001","2001-12-23","245","I"
"11001","2001-12-24","245","I"
"11001","2001-12-25","246","I"
"11001","2001-12-26","243","I"
"11001","2001-12-27","237","I"
"11001","2001-12-28","236","I"
"11001","2001-12-29","240","I"
"11001","2001-12-30","237","I"
"11001","2001-12-31","238","I"
"11001","2002-01-01","239","I"
"11001","2002-01-02","239","I"
"11001","2002-01-03","239","I"
"11001","2002-01-04","239","I"
"11001","2002-01-05","241","I"
"11001","2002-01-06","242","I"
"11001","2002-01-07","242","I"
"11001","2002-01-08","243","I"
"11001","2002-01-09","242","I"
"11001","2002-01-10","241","I"
"11001","2002-01-11","241","I"
"11001","2002-01-12","243","I"
"11001","2002-01-13","246","I"
"11001","2002-01-14","246","I"
"11001","2002-01-15","243","I"
"11001","2002-01-16","241","I"
"11001","2002-01-17","239","I"
"11001","2002-01-18","237","I"
"11001","2002-01-19","233","I"
"11001","2002-01-20","228","I"
"11001","2002-01-21","235","I"
"11001","2002-01-22","236","I"
"11001","2002-01-23","235","I"
"11001","2002-01-24","235","I"
"11001","2002-01-25","237","I"
"11001","2002-01-26","238","I"
"11001","2002-01-27","238","I"
"11001","2002-01-28","238","I"
"11001","2002-01-29","233","I"
"11001","2002-01-30","226","I"
"11001","2002-01-31","229","I"
"11001","2002-02-01","231","I"
"11001","2002-02-02","233","I"
"11001","2002-02-03","235","I"
"11001","2002-02-04","237","I"
"11001","2002-02-05","241","I"
"11001","2002-02-06","245","I"
"11001","2002-02-07","247","I"
"11001","2002-02-08","249","I"
"11001","2002-02-09","252","I"
"11001","2002-02-10","252","I"
"11001","2002-02-11","252","I"
"11001","2002-02-12","248","I"
"11001","2002-02-13","244","I"
"11001","2002-02-14","242","I"
"11001","2002-02-15","242","I"
"11001","2002-02-16","241","I"
"11001","2002-02-17","243","I"
"11001","2002-02-18","243","I"
"11001","2002-02-19","242","I"
"11001","2002-02-20","244","I"
"11001","2002-02-21","245","I"
"11001","2002-02-22","247","I"
"11001","2002-02-23","248","I"
"11001","2002-02-24","249","I"
"11001","2002-02-25","249","I"
"11001","2002-02-26","247","I"
"11001","2002-02-27","245","I"
"11001","2002-02-28","244","I"
"11001","2002-03-01","243","I"
"11001","2002-03-02","242","I"
"11001","2002-03-03","242","I"
"11001","2002-03-04","244","I"
"11001","2002-03-05","245","I"
"11001","2002-03-06","244","I"
"11001","2002-03-07","242","I"
"11001","2002-03-08","243","I"
"11001","2002-03-09","244","I"
"11001","2002-03-10","246","I"
"11001","2002-03-11","247","I"
"11001","2002-03-12","249","I"
"11001","2002-03-13","251","("
"11001","2002-03-14","253","("
"11001","2002-03-15","253","("
"11001","2002-03-16","256","("
"11001","2002-03-17","257","("
"11001","2002-03-18","257","("
"11001","2002-03-19","255","("
"11001","2002-03-20","254","("
"11001","2002-03-21","251","("
"11001","2002-03-22","252","("
"11001","2002-03-23","255","("
"11001","2002-03-24","261","("
"11001","2002-03-25","267","("
"11001","2002-03-26","270","ПР"
"11001","2002-03-27","284","ПР"
"11001","2002-03-28","315","Л"
"11001","2002-03-29","304","Л"
"11001","2002-03-30","236","Л"
"11001","2002-03-31","223","*"
"11001","2002-04-01","222",""
"11001","2002-04-02","224",""
"11001","2002-04-03","225",""
"11001","2002-04-04","230",""
"11001","2002-04-05","229",""
"11001","2002-04-06","225",""
"11001","2002-04-07","221",""
"11001","2002-04-08","214",""
"11001","2002-04-09","214",""
"11001","2002-04-10","208",""
"11001","2002-04-11","205",""
"11001","2002-04-12","203",""
"11001","2002-04-13","202",""
"11001","2002-04-14","204",""
"11001","2002-04-15","205",""
"11001","2002-04-16","207",""
"11001","2002-04-17","201",""
"11001","2002-04-18","198",""
"11001","2002-04-19","201",""
"11001","2002-04-20","216",""
"11001","2002-04-21","239",""
"11001","2002-04-22","215",""
"11001","2002-04-23","202",""
"11001","2002-04-24","212",""
"11001","2002-04-25","215",""
"11001","2002-04-26","211",""
"11001","2002-04-27","214",""
"11001","2002-04-28","224",""
"11001","2002-04-29","242",""
"11001","2002-04-30","258",""
"11001","2002-05-01","287",""
"11001","2002-05-02","295",""
"11001","2002-05-03","292",""
"11001","2002-05-04","277",""
"11001","2002-05-05","258",""
"11001","2002-05-06","243",""
"11001","2002-05-07","242",""
"11001","2002-05-08","242",""
"11001","2002-05-09","254",""
"11001","2002-05-10","260",""
"11001","2002-05-11","288",""
"11001","2002-05-12","325",""
"11001","2002-05-13","346",""
"11001","2002-05-14","314",""
"11001","2002-05-15","328",""
"11001","2002-05-16","350",""
"11001","2002-05-17","391",""
"11001","2002-05-18","397",""
"11001","2002-05-19","388",""
"11001","2002-05-20","378",""
"11001","2002-05-21","361",""
"11001","2002-05-22","379",""
"11001","2002-05-23","399",""
"11001","2002-05-24","410",""
"11001","2002-05-25","418",""
"11001","2002-05-26","432",""
"11001","2002-05-27","449",""
"11001","2002-05-28","461",""
"11001","2002-05-29","473",""
"11001","2002-05-30","483",""
"11001","2002-05-31","494",""
"11001","2002-06-01","505",""
"11001","2002-06-02","511",""
"11001","2002-06-03","514",""
"11001","2002-06-04","520",""
"11001","2002-06-05","524",""
"11001","2002-06-06","527",""
"11001","2002-06-07","525",""
"11001","2002-06-08","505",""
"11001","2002-06-09","486",""
"11001","2002-06-10","468",""
"11001","2002-06-11","459",""
"11001","2002-06-12","458",""
"11001","2002-06-13","458",""
"11001","2002-06-14","437",""
"11001","2002-06-15","431",""
"11001","2002-06-16","413",""
"11001","2002-06-17","408",""
"11001","2002-06-18","400",""
"11001","2002-06-19","389",""
"11001","2002-06-20","387",""
"11001","2002-06-21","389",""
"11001","2002-06-22","381",""
"11001","2002-06-23","376",""
"11001","2002-06-24","378",""
"11001","2002-06-25","374",""
"11001","2002-06-26","382",""
"11001","2002-06-27","384",""
"11001","2002-06-28","386",""
"11001","2002-06-29","392",""
"11001","2002-06-30","384",""
"11001","2002-07-01","358",""
"11001","2002-07-02","347",""
"11001","2002-07-03","340",""
"11001","2002-07-04","333",""
"11001","2002-07-05","324",""
"11001","2002-07-06","319",""
"11001","2002-07-07","313",""
"11001","2002-07-08","316",""
"11001","2002-07-09","308",""
"11001","2002-07-10","313",""
"11001","2002-07-11","318",""
"11001","2002-07-12","307",""
"11001","2002-07-13","298",""
"11001","2002-07-14","298",""
"11001","2002-07-15","295",""
"11001","2002-07-16","289",""
"11001","2002-07-17","282",""
"11001","2002-07-18","276",""
"11001","2002-07-19","272",""
"11001","2002-07-20","272",""
"11001","2002-07-21","273",""
"11001","2002-07-22","272",""
"11001","2002-07-23","271",""
"11001","2002-07-24","274",""
"11001","2002-07-25","284",""
"11001","2002-07-26","325",""
"11001","2002-07-27","343",""
"11001","2002-07-28","338",""
"11001","2002-07-29","327",""
"11001","2002-07-30","325",""
"11001","2002-07-31","322",""
"11001","2002-08-01","330",""
"11001","2002-08-02","340",""
"11001","2002-08-03","361",""
"11001","2002-08-04","350",""
"11001","2002-08-05","336",""
"11001","2002-08-06","319",""
"11001","2002-08-07","307",""
"11001","2002-08-08","298",""
"11001","2002-08-09","294",""
"11001","2002-08-10","286",""
"11001","2002-08-11","275",""
"11001","2002-08-12","269",""
"11001","2002-08-13","262",""
"11001","2002-08-14","263",""
"11001","2002-08-15","262",""
"11001","2002-08-16","263",""
"11001","2002-08-17","263",""
"11001","2002-08-18","265",""
"11001","2002-08-19","284",""
"11001","2002-08-20","306",""
"11001","2002-08-21","300",""
"11001","2002-08-22","285",""
"11001","2002-08-23","274",""
"11001","2002-08-24","273",""
"11001","2002-08-25","277",""
"11001","2002-08-26","272",""
"11001","2002-08-27","274",""
"11001","2002-08-28","270",""
"11001","2002-08-29","274",""
"11001","2002-08-30","275",""
"11001","2002-08-31","264",""
"11001","2002-09-01","262",""
"11001","2002-09-02","260",""
"11001","2002-09-03","261",""
"11001","2002-09-04","262",""
"11001","2002-09-05","260",""
"11001","2002-09-06","254",""
"11001","2002-09-07","248",""
"11001","2002-09-08","239",""
"11001","2002-09-09","230",""
"11001","2002-09-10","228",""
"11001","2002-09-11","228",""
"11001","2002-09-12","226",""
"11001","2002-09-13","235",""
"11001","2002-09-14","239",""
"11001","2002-09-15","242",""
"11001","2002-09-16","239",""
"11001","2002-09-17","239",""
"11001","2002-09-18","245",""
"11001","2002-09-19","250",""
"11001","2002-09-20","244",""
"11001","2002-09-21","242",""
"11001","2002-09-22","238",""
"11001","2002-09-23","234",""
"11001","2002-09-24","237",""
"11001","2002-09-25","238",""
"11001","2002-09-26","242",""
"11001","2002-09-27","241",""
"11001","2002-09-28","238",""
"11001","2002-09-29","238",""
"11001","2002-09-30","233",""
"11001","2002-10-01","228",""
"11001","2002-10-02","234",""
"11001","2002-10-03","227",""
"11001","2002-10-04","229",""
"11001","2002-10-05","231",""
"11001","2002-10-06","229",""
"11001","2002-10-07","227",""
"11001","2002-10-08","221",""
"11001","2002-10-09","217",""
"11001","2002-10-10","220",""
"11001","2002-10-11","216",""
"11001","2002-10-12","214",""
"11001","2002-10-13","215",""
"11001","2002-10-14","212",""
"11001","2002-10-15","211",""
"11001","2002-10-16","213",""
"11001","2002-10-17","217",""
"11001","2002-10-18","217",""
"11001","2002-10-19","215",""
"11001","2002-10-20","217",""
"11001","2002-10-21","216",""
"11001","2002-10-22","214",""
"11001","2002-10-23","212",""
"11001","2002-10-24","213",""
"11001","2002-10-25","209",""
"11001","2002-10-26","207",""
"11001","2002-10-27","209",""
"11001","2002-10-28","210",""
"11001","2002-10-29","210",""
"11001","2002-10-30","209",""
"11001","2002-10-31","215",""
"11001","2002-11-01","211",""
"11001","2002-11-02","211",""
"11001","2002-11-03","210",""
"11001","2002-11-04","206",""
"11001","2002-11-05","204",""
"11001","2002-11-06","206",""
"11001","2002-11-07","207",""
"11001","2002-11-08","199",""
"11001","2002-11-09","189",""
"11001","2002-11-10","192",""
"11001","2002-11-11","193",""
"11001","2002-11-12","196",":"
"11001","2002-11-13","198",""
"11001","2002-11-14","205",":"
"11001","2002-11-15","204",":"
"11001","2002-11-16","201",""
"11001","2002-11-17","194",":"
"11001","2002-11-18","194",":"
"11001","2002-11-19","188",":"
"11001","2002-11-20","203",":"
"11001","2002-11-21","196",":"
"11001","2002-11-22","190",":"
"11001","2002-11-23","199",":"
"11001","2002-11-24","199",":"
"11001","2002-11-25","195",":"
"11001","2002-11-26","193","Ш"
"11001","2002-11-27","167","Ш"
"11001","2002-11-28","177","Z"
"11001","2002-11-29","175","Z"
"11001","2002-11-30","186","Z"
"11001","2002-12-01","191","Z"
"11001","2002-12-02","195","Z"
"11001","2002-12-03","189","Z"
"11001","2002-12-04","182","Z"
"11001","2002-12-05","195","Z"
"11001","2002-12-06","203","Z"
"11001","2002-12-07","203","Z"
"11001","2002-12-08","201","Z"
"11001","2002-12-09","194","Z"
"11001","2002-12-10","183","Z"
"11001","2002-12-11","181","I"
"11001","2002-12-12","190","I"
"11001","2002-12-13","196","I"
"11001","2002-12-14","203","I"
"11001","2002-12-15","208","I"
"11001","2002-12-16","211","I"
"11001","2002-12-17","214","I"
"11001","2002-12-18","213","I"
"11001","2002-12-19","212","I"
"11001","2002-12-20","210","I"
"11001","2002-12-21","206","I"
"11001","2002-12-22","205","I"
"11001","2002-12-23","200","I"
"11001","2002-12-24","193","I"
"11001","2002-12-25","188","I"
"11001","2002-12-26","192","I"
"11001","2002-12-27","197","I"
"11001","2002-12-28","198","I"
"11001","2002-12-29","199","I"
"11001","2002-12-30","204","I"
"11001","2002-12-31","206","I"
"11001","2003-01-01","208","I"
"11001","2003-01-02","207","I"
"11001","2003-01-03","209","I"
"11001","2003-01-04","208","I"
"11001","2003-01-05","209","I"
"11001","2003-01-06","207","I"
"11001","2003-01-07","204","I"
"11001","2003-01-08","206","I"
"11001","2003-01-09","205","I"
"11001","2003-01-10","206","I"
"11001","2003-01-11","208","I"
"11001","2003-01-12","210","I"
"11001","2003-01-13","212","I"
"11001","2003-01-14","216","I"
"11001","2003-01-15","220","I"
"11001","2003-01-16","216","I"
"11001","2003-01-17","216","I"
"11001","2003-01-18","219","I"
"11001","2003-01-19","222","I"
"11001","2003-01-20","225","I"
"11001","2003-01-21","225","I"
"11001","2003-01-22","224","I"
"11001","2003-01-23","225","I"
"11001","2003-01-24","226","I"
"11001","2003-01-25","228","I"
"11001","2003-01-26","227","I"
"11001","2003-01-27","225","I"
"11001","2003-01-28","223","I"
"11001","2003-01-29","221","I"
"11001","2003-01-30","217","I"
"11001","2003-01-31","216","I"
"11001","2003-02-01","223","I"
"11001","2003-02-02","225","I"
"11001","2003-02-03","228","I"
"11001","2003-02-04","229","I"
"11001","2003-02-05","229","I"
"11001","2003-02-06","228","I"
"11001","2003-02-07","227","I"
"11001","2003-02-08","228","I"
"11001","2003-02-09","227","I"
"11001","2003-02-10","227","I"
"11001","2003-02-11","228","I"
"11001","2003-02-12","229","I"
"11001","2003-02-13","228","I"
"11001","2003-02-14","222","I"
"11001","2003-02-15","225","I"
"11001","2003-02-16","227","I"
"11001","2003-02-17","224","I"
"11001","2003-02-18","224","I"
"11001","2003-02-19","224","I"
"11001","2003-02-20","226","I"
"11001","2003-02-21","228","I"
"11001","2003-02-22","227","I"
"11001","2003-02-23","228","I"
"11001","2003-02-24","228","I"
"11001","2003-02-25","228","I"
"11001","2003-02-26","228","I"
"11001","2003-02-27","229","I"
"11001","2003-02-28","229","I"
"11001","2003-03-01","228","I"
"11001","2003-03-02","229","I"
"11001","2003-03-03","235","I"
"11001","2003-03-04","238","I"
"11001","2003-03-05","239","I"
"11001","2003-03-06","243","I"
"11001","2003-03-07","246","I"
"11001","2003-03-08","247","I"
"11001","2003-03-09","248","I"
"11001","2003-03-10","247","I"
"11001","2003-03-11","249","I"
"11001","2003-03-12","251","I"
"11001","2003-03-13","250","I"
"11001","2003-03-14","252","I"
"11001","2003-03-15","252","I"
"11001","2003-03-16","252","I"
"11001","2003-03-17","253","I"
"11001","2003-03-18","247","I"
"11001","2003-03-19","243","I"
"11001","2003-03-20","240","I"
"11001","2003-03-21","238","("
"11001","2003-03-22","242","("
"11001","2003-03-23","247","("
"11001","2003-03-24","259","("
"11001","2003-03-25","266","("
"11001","2003-03-26","269","("
"11001","2003-03-27","277","("
"11001","2003-03-28","290","("
"11001","2003-03-29","296","("
"11001","2003-03-30","294","("
"11001","2003-03-31","293","("
"11001","2003-04-01","309","ПР"
"11001","2003-04-02","306","ПР"
"11001","2003-04-03","298","Л"
"11001","2003-04-04","231","Л"
"11001","2003-04-05","218",""
"11001","2003-04-06","209",""
"11001","2003-04-07","208",""
"11001","2003-04-08","206",""
"11001","2003-04-09","208",""
"11001","2003-04-10","207",""
"11001","2003-04-11","203",""
"11001","2003-04-12","194",""
"11001","2003-04-13","191",""
"11001","2003-04-14","194",""
"11001","2003-04-15","198",""
"11001","2003-04-16","188",""
"11001","2003-04-17","194",""
"11001","2003-04-18","203",""
"11001","2003-04-19","192",""
"11001","2003-04-20","191",""
"11001","2003-04-21","195",""
"11001","2003-04-22","199",""
"11001","2003-04-23","197",""
"11001","2003-04-24","192",""
"11001","2003-04-25","184",""
"11001","2003-04-26","186",""
"11001","2003-04-27","186",""
"11001","2003-04-28","187",""
"11001","2003-04-29","194",""
"11001","2003-04-30","196",""
"11001","2003-05-01","215",""
"11001","2003-05-02","270",""
"11001","2003-05-03","285",""
"11001","2003-05-04","257",""
"11001","2003-05-05","250",""
"11001","2003-05-06","242",""
"11001","2003-05-07","236",""
"11001","2003-05-08","251",""
"11001","2003-05-09","259",""
"11001","2003-05-10","256",""
"11001","2003-05-11","257",""
"11001","2003-05-12","256",""
"11001","2003-05-13","279",""
"11001","2003-05-14","285",""
"11001","2003-05-15","282",""
"11001","2003-05-16","268",""
"11001","2003-05-17","277",""
"11001","2003-05-18","295",""
"11001","2003-05-19","316",""
"11001","2003-05-20","326",""
"11001","2003-05-21","301",""
"11001","2003-05-22","294",""
"11001","2003-05-23","315",""
"11001","2003-05-24","326",""
"11001","2003-05-25","348",""
"11001","2003-05-26","352",""
"11001","2003-05-27","340",""
"11001","2003-05-28","327",""
"11001","2003-05-29","336",""
"11001","2003-05-30","352",""
"11001","2003-05-31","351",""
"11001","2003-06-01","376",""
"11001","2003-06-02","405",""
"11001","2003-06-03","392",""
"11001","2003-06-04","392",""
"11001","2003-06-05","395",""
"11001","2003-06-06","407",""
"11001","2003-06-07","421",""
"11001","2003-06-08","424",""
"11001","2003-06-09","429",""
"11001","2003-06-10","430",""
"11001","2003-06-11","431",""
"11001","2003-06-12","441",""
"11001","2003-06-13","446",""
"11001","2003-06-14","431",""
"11001","2003-06-15","415",""
"11001","2003-06-16","402",""
"11001","2003-06-17","387",""
"11001","2003-06-18","375",""
"11001","2003-06-19","363",""
"11001","2003-06-20","347",""
"11001","2003-06-21","337",""
"11001","2003-06-22","322",""
"11001","2003-06-23","306",""
"11001","2003-06-24","298",""
"11001","2003-06-25","286",""
"11001","2003-06-26","301",""
"11001","2003-06-27","278",""
"11001","2003-06-28","262",""
"11001","2003-06-29","251",""
"11001","2003-06-30","245",""
"11001","2003-07-01","256",""
"11001","2003-07-02","245",""
"11001","2003-07-03","245",""
"11001","2003-07-04","248",""
"11001","2003-07-05","246",""
"11001","2003-07-06","244",""
"11001","2003-07-07","242",""
"11001","2003-07-08","241",""
"11001","2003-07-09","246",""
"11001","2003-07-10","272",""
"11001","2003-07-11","262",""
"11001","2003-07-12","263",""
"11001","2003-07-13","256",""
"11001","2003-07-14","264",""
"11001","2003-07-15","271",""
"11001","2003-07-16","277",""
"11001","2003-07-17","266",""
"11001","2003-07-18","257",""
"11001","2003-07-19","246",""
"11001","2003-07-20","244",""
"11001","2003-07-21","258",""
"11001","2003-07-22","265",""
"11001","2003-07-23","257",""
"11001","2003-07-24","249",""
"11001","2003-07-25","246",""
"11001","2003-07-26","276",""
"11001","2003-07-27","273",""
"11001","2003-07-28","277",""
"11001","2003-07-29","273",""
"11001","2003-07-30","264",""
"11001","2003-07-31","267",""
"11001","2003-08-01","264",""
"11001","2003-08-02","256",""
"11001","2003-08-03","246",""
"11001","2003-08-04","235",""
"11001","2003-08-05","230",""
"11001","2003-08-06","227",""
"11001","2003-08-07","226",""
"11001","2003-08-08","226",""
"11001","2003-08-09","227",""
"11001","2003-08-10","229",""
"11001","2003-08-11","228",""
"11001","2003-08-12","224",""
"11001","2003-08-13","224",""
"11001","2003-08-14","217",""
"11001","2003-08-15","221",""
"11001","2003-08-16","219",""
"11001","2003-08-17","212",""
"11001","2003-08-18","205",""
"11001","2003-08-19","202",""
"11001","2003-08-20","198",""
"11001","2003-08-21","216",""
"11001","2003-08-22","226",""
"11001","2003-08-23","230",""
"11001","2003-08-24","219",""
"11001","2003-08-25","207",""
"11001","2003-08-26","198",""
"11001","2003-08-27","194",""
"11001","2003-08-28","192",""
"11001","2003-08-29","191",""
"11001","2003-08-30","190",""
"11001","2003-08-31","188",""
"11001","2003-09-01","186",""
"11001","2003-09-02","185",""
"11001","2003-09-03","184",""
"11001","2003-09-04","185",""
"11001","2003-09-05","201",""
"11001","2003-09-06","210",""
"11001","2003-09-07","206",""
"11001","2003-09-08","203",""
"11001","2003-09-09","202",""
"11001","2003-09-10","204",""
"11001","2003-09-11","205",""
"11001","2003-09-12","200",""
"11001","2003-09-13","208",""
"11001","2003-09-14","210",""
"11001","2003-09-15","218",""
"11001","2003-09-16","230",""
"11001","2003-09-17","234",""
"11001","2003-09-18","235",""
"11001","2003-09-19","231",""
"11001","2003-09-20","225",""
"11001","2003-09-21","223",""
"11001","2003-09-22","223",""
"11001","2003-09-23","225",""
"11001","2003-09-24","227",""
"11001","2003-09-25","234",""
"11001","2003-09-26","247",""
"11001","2003-09-27","240",""
"11001","2003-09-28","235",""
"11001","2003-09-29","237",""
"11001","2003-09-30","238",""
"11001","2003-10-01","237",""
"11001","2003-10-02","235",""
"11001","2003-10-03","231",""
"11001","2003-10-04","229",""
"11001","2003-10-05","224",""
"11001","2003-10-06","217",""
"11001","2003-10-07","212",""
"11001","2003-10-08","210",""
"11001","2003-10-09","210",""
"11001","2003-10-10","209",""
"11001","2003-10-11","203",""
"11001","2003-10-12","199",""
"11001","2003-10-13","198",""
"11001","2003-10-14","202",""
"11001","2003-10-15","202",""
"11001","2003-10-16","199",""
"11001","2003-10-17","196",""
"11001","2003-10-18","189",""
"11001","2003-10-19","181",""
"11001","2003-10-20","175",""
"11001","2003-10-21","174",""
"11001","2003-10-22","177",""
"11001","2003-10-23","174",""
"11001","2003-10-24","175",""
"11001","2003-10-25","177",""
"11001","2003-10-26","178",""
"11001","2003-10-27","178",""
"11001","2003-10-28","176",""
"11001","2003-10-29","174",""
"11001","2003-10-30","177",""
"11001","2003-10-31","177",""
"11001","2003-11-01","184",""
"11001","2003-11-02","195",""
"11001","2003-11-03","218",""
"11001","2003-11-04","200",""
"11001","2003-11-05","193",""
"11001","2003-11-06","193","Ш"
"11001","2003-11-07","185",")Ш"
"11001","2003-11-08","178",")Ш"
"11001","2003-11-09","182",")Ш"
"11001","2003-11-10","265",")Ш"
"11001","2003-11-11","283","Z"
"11001","2003-11-12","302","Z"
"11001","2003-11-13","294","Z"
"11001","2003-11-14","276","Z"
"11001","2003-11-15","266","Z"
"11001","2003-11-16","268","I"
"11001","2003-11-17","268","I"
"11001","2003-11-18","260","I"
"11001","2003-11-19","258","I"
"11001","2003-11-20","251","I"
"11001","2003-11-21","239","I"
"11001","2003-11-22","234","I"
"11001","2003-11-23","237","I"
"11001","2003-11-24","248","I"
"11001","2003-11-25","254","I"
"11001","2003-11-26","245","I"
"11001","2003-11-27","237","I"
"11001","2003-11-28","232","I"
"11001","2003-11-29","234","I"
"11001","2003-11-30","222","I"
"11001","2003-12-01","220","I"
"11001","2003-12-02","225","I"
"11001","2003-12-03","224","I"
"11001","2003-12-04","227","I"
"11001","2003-12-05","231","I"
"11001","2003-12-06","233","I"
"11001","2003-12-07","231","I"
"11001","2003-12-08","228","I"
"11001","2003-12-09","226","I"
"11001","2003-12-10","226","I"
"11001","2003-12-11","227","I"
"11001","2003-12-12","223","I"
"11001","2003-12-13","222","I"
"11001","2003-12-14","225","I"
"11001","2003-12-15","230","I"
"11001","2003-12-16","229","I"
"11001","2003-12-17","229","I"
"11001","2003-12-18","226","I"
"11001","2003-12-19","226","I"
"11001","2003-12-20","222","I"
"11001","2003-12-21","219","I"
"11001","2003-12-22","218","I"
"11001","2003-12-23","220","I"
"11001","2003-12-24","225","I"
"11001","2003-12-25","228","I"
"11001","2003-12-26","229","I"
"11001","2003-12-27","229","I"
"11001","2003-12-28","233","I"
"11001","2003-12-29","234","I"
"11001","2003-12-30","233","I"
"11001","2003-12-31","232","I"
"11001","2004-01-01","232","I"
"11001","2004-01-02","231","I"
"11001","2004-01-03","231","I"
"11001","2004-01-04","230","I"
"11001","2004-01-05","231","I"
"11001","2004-01-06","233","I"
"11001","2004-01-07","234","I"
"11001","2004-01-08","232","I"
"11001","2004-01-09","232","I"
"11001","2004-01-10","230","I"
"11001","2004-01-11","229","I"
"11001","2004-01-12","231","I"
"11001","2004-01-13","231","I"
"11001","2004-01-14","231","I"
"11001","2004-01-15","232","I"
"11001","2004-01-16","231","I"
"11001","2004-01-17","232","I"
"11001","2004-01-18","230","I"
"11001","2004-01-19","231","I"
"11001","2004-01-20","230","I"
"11001","2004-01-21","230","I"
"11001","2004-01-22","230","I"
"11001","2004-01-23","229","I"
"11001","2004-01-24","231","I"
"11001","2004-01-25","230","I"
"11001","2004-01-26","229","I"
"11001","2004-01-27","230","I"
"11001","2004-01-28","231","I"
"11001","2004-01-29","231","I"
"11001","2004-01-30","231","I"
"11001","2004-01-31","232","I"
"11001","2004-02-01","233","I"
"11001","2004-02-02","233","I"
"11001","2004-02-03","233","I"
"11001","2004-02-04","233","I"
"11001","2004-02-05","233","I"
"11001","2004-02-06","234","I"
"11001","2004-02-07","233","I"
"11001","2004-02-08","233","I"
"11001","2004-02-09","234","I"
"11001","2004-02-10","234","I"
"11001","2004-02-11","235","I"
"11001","2004-02-12","235","I"
"11001","2004-02-13","235","I"
"11001","2004-02-14","235","I"
"11001","2004-02-15","233","I"
"11001","2004-02-16","233","I"
"11001","2004-02-17","233","I"
"11001","2004-02-18","235","I"
"11001","2004-02-19","235","I"
"11001","2004-02-20","236","I"
"11001","2004-02-21","236","I"
"11001","2004-02-22","239","I"
"11001","2004-02-23","241","I"
"11001","2004-02-24","241","I"
"11001","2004-02-25","242","I"
"11001","2004-02-26","242","I"
"11001","2004-02-27","245","I"
"11001","2004-02-28","249","I"
"11001","2004-02-29","251","I"
"11001","2004-03-01","253","I"
"11001","2004-03-02","252","I"
"11001","2004-03-03","252","I"
"11001","2004-03-04","254","I"
"11001","2004-03-05","254","I"
"11001","2004-03-06","255","I"
"11001","2004-03-07","256","I"
"11001","2004-03-08","257","I"
"11001","2004-03-09","257","I"
"11001","2004-03-10","257","I"
"11001","2004-03-11","258","I"
"11001","2004-03-12","257","I"
"11001","2004-03-13","258","I"
"11001","2004-03-14","261","I"
"11001","2004-03-15","262","I"
"11001","2004-03-16","264","I"
"11001","2004-03-17","267","I"
"11001","2004-03-18","269","I"
"11001","2004-03-19","270","I"
"11001","2004-03-20","271","I"
"11001","2004-03-21","272","I"
"11001","2004-03-22","272","I"
"11001","2004-03-23","274","I"
"11001","2004-03-24","276","I"
"11001","2004-03-25","277","I"
"11001","2004-03-26","279","I"
"11001","2004-03-27","280","I"
"11001","2004-03-28","276","I"
"11001","2004-03-29","272","I"
"11001","2004-03-30","271","I"
"11001","2004-03-31","273","I"
"11001","2004-04-01","273","("
"11001","2004-04-02","278","("
"11001","2004-04-03","288","("
"11001","2004-04-04","305","("
"11001","2004-04-05","319","("
"11001","2004-04-06","334","ПР"
"11001","2004-04-07","353","Л"
"11001","2004-04-08","317","Л"
"11001","2004-04-09","288",""
"11001","2004-04-10","272",""
"11001","2004-04-11","265",""
"11001","2004-04-12","266",""
"11001","2004-04-13","260",""
"11001","2004-04-14","256",""
"11001","2004-04-15","258",""
"11001","2004-04-16","259",""
"11001","2004-04-17","257",""
"11001","2004-04-18","258",""
"11001","2004-04-19","275",""
"11001","2004-04-20","298",""
"11001","2004-04-21","297",""
"11001","2004-04-22","298",""
"11001","2004-04-23","283",""
"11001","2004-04-24","286",""
"11001","2004-04-25","305",""
"11001","2004-04-26","319",""
"11001","2004-04-27","343",""
"11001","2004-04-28","402",""
"11001","2004-04-29","404",""
"11001","2004-04-30","364",""
"11001","2004-05-01","351",""
"11001","2004-05-02","336",""
"11001","2004-05-03","324",""
"11001","2004-05-04","325",""
"11001","2004-05-05","323",""
"11001","2004-05-06","335",""
"11001","2004-05-07","337",""
"11001","2004-05-08","343",""
"11001","2004-05-09","363",""
"11001","2004-05-10","363",""
"11001","2004-05-11","342",""
"11001","2004-05-12","334",""
"11001","2004-05-13","331",""
"11001","2004-05-14","326",""
"11001","2004-05-15","347",""
"11001","2004-05-16","355",""
"11001","2004-05-17","358",""
"11001","2004-05-18","379",""
"11001","2004-05-19","406",""
"11001","2004-05-20","425",""
"11001","2004-05-21","441",""
"11001","2004-05-22","453",""
"11001","2004-05-23","466",""
"11001","2004-05-24","474",""
"11001","2004-05-25","471",""
"11001","2004-05-26","469",""
"11001","2004-05-27","470",""
"11001","2004-05-28","457",""
"11001","2004-05-29","439",""
"11001","2004-05-30","428",""
"11001","2004-05-31","415",""
"11001","2004-06-01","407",""
"11001","2004-06-02","416",""
"11001","2004-06-03","399",""
"11001","2004-06-04","375",""
"11001","2004-06-05","366",""
"11001","2004-06-06","376",""
"11001","2004-06-07","390",""
"11001","2004-06-08","397",""
"11001","2004-06-09","404",""
"11001","2004-06-10","397",""
"11001","2004-06-11","391",""
"11001","2004-06-12","387",""
"11001","2004-06-13","385",""
"11001","2004-06-14","372",""
"11001","2004-06-15","371",""
"11001","2004-06-16","377",""
"11001","2004-06-17","379",""
"11001","2004-06-18","383",""
"11001","2004-06-19","376",""
"11001","2004-06-20","369",""
"11001","2004-06-21","363",""
"11001","2004-06-22","359",""
"11001","2004-06-23","357",""
"11001","2004-06-24","351",""
"11001","2004-06-25","341",""
"11001","2004-06-26","337",""
"11001","2004-06-27","327",""
"11001","2004-06-28","312",""
"11001","2004-06-29","303",""
"11001","2004-06-30","299",""
"11001","2004-07-01","294",""
"11001","2004-07-02","283",""
"11001","2004-07-03","285",""
"11001","2004-07-04","313",""
"11001","2004-07-05","311",""
"11001","2004-07-06","299",""
"11001","2004-07-07","316",""
"11001","2004-07-08","365",""
"11001","2004-07-09","356",""
"11001","2004-07-10","324",""
"11001","2004-07-11","325",""
"11001","2004-07-12","342",""
"11001","2004-07-13","321",""
"11001","2004-07-14","301",""
"11001","2004-07-15","287",""
"11001","2004-07-16","276",""
"11001","2004-07-17","267",""
"11001","2004-07-18","266",""
"11001","2004-07-19","266",""
"11001","2004-07-20","266",""
"11001","2004-07-21","273",""
"11001","2004-07-22","301",""
"11001","2004-07-23","295",""
"11001","2004-07-24","278",""
"11001","2004-07-25","269",""
"11001","2004-07-26","262",""
"11001","2004-07-27","258",""
"11001","2004-07-28","269",""
"11001","2004-07-29","264",""
"11001","2004-07-30","254",""
"11001","2004-07-31","248",""
"11001","2004-08-01","246",""
"11001","2004-08-02","241",""
"11001","2004-08-03","230",""
"11001","2004-08-04","235",""
"11001","2004-08-05","236",""
"11001","2004-08-06","242",""
"11001","2004-08-07","258",""
"11001","2004-08-08","262",""
"11001","2004-08-09","276",""
"11001","2004-08-10","321",""
"11001","2004-08-11","302",""
"11001","2004-08-12","285",""
"11001","2004-08-13","270",""
"11001","2004-08-14","257",""
"11001","2004-08-15","244",""
"11001","2004-08-16","237",""
"11001","2004-08-17","228",""
"11001","2004-08-18","227",""
"11001","2004-08-19","223",""
"11001","2004-08-20","217",""
"11001","2004-08-21","210",""
"11001","2004-08-22","211",""
"11001","2004-08-23","213",""
"11001","2004-08-24","210",""
"11001","2004-08-25","203",""
"11001","2004-08-26","210",""
"11001","2004-08-27","216",""
"11001","2004-08-28","215",""
"11001","2004-08-29","209",""
"11001","2004-08-30","210",""
"11001","2004-08-31","210",""
"11001","2004-09-01","203",""
"11001","2004-09-02","198",""
"11001","2004-09-03","199",""
"11001","2004-09-04","204",""
"11001","2004-09-05","203",""
"11001","2004-09-06","190",""
"11001","2004-09-07","181",""
"11001","2004-09-08","180",""
"11001","2004-09-09","189",""
"11001","2004-09-10","191",""
"11001","2004-09-11","215",""
"11001","2004-09-12","223",""
"11001","2004-09-13","216",""
"11001","2004-09-14","213",""
"11001","2004-09-15","211",""
"11001","2004-09-16","219",""
"11001","2004-09-17","210",""
"11001","2004-09-18","208",""
"11001","2004-09-19","207",""
"11001","2004-09-20","212",""
"11001","2004-09-21","209",""
"11001","2004-09-22","206",""
"11001","2004-09-23","200",""
"11001","2004-09-24","195",""
"11001","2004-09-25","195",""
"11001","2004-09-26","189",""
"11001","2004-09-27","191",""
"11001","2004-09-28","191",""
"11001","2004-09-29","190",""
"11001","2004-09-30","186",""
"11001","2004-10-01","189",""
"11001","2004-10-02","195",""
"11001","2004-10-03","201",""
"11001","2004-10-04","208",""
"11001","2004-10-05","207",""
"11001","2004-10-06","207",""
"11001","2004-10-07","196",""
"11001","2004-10-08","191",""
"11001","2004-10-09","190",""
"11001","2004-10-10","190",""
"11001","2004-10-11","186",""
"11001","2004-10-12","189",""
"11001","2004-10-13","186",""
"11001","2004-10-14","188",""
"11001","2004-10-15","189",""
"11001","2004-10-16","182",""
"11001","2004-10-17","179",""
"11001","2004-10-18","178",""
"11001","2004-10-19","181",""
"11001","2004-10-20","182",""
"11001","2004-10-21","179",""
"11001","2004-10-22","172",""
"11001","2004-10-23","176",""
"11001","2004-10-24","176",""
"11001","2004-10-25","177",""
"11001","2004-10-26","178",""
"11001","2004-10-27","178",""
"11001","2004-10-28","186",""
"11001","2004-10-29","191",""
"11001","2004-10-30","190",""
"11001","2004-10-31","174",""
"11001","2004-11-01","162",""
"11001","2004-11-02","159",""
"11001","2004-11-03","161",""
"11001","2004-11-04","175",""
"11001","2004-11-05","181",""
"11001","2004-11-06","183",""
"11001","2004-11-07","184",""
"11001","2004-11-08","183","*"
"11001","2004-11-09","181",")Ш"
"11001","2004-11-10","260","]"
"11001","2004-11-11","253","]"
"11001","2004-11-12","259","]"
"11001","2004-11-13","269","]"
"11001","2004-11-14","273","]"
"11001","2004-11-15","269","]"
"11001","2004-11-16","265","]"
"11001","2004-11-17","253","]"
"11001","2004-11-18","257","]"
"11001","2004-11-19","259","]"
"11001","2004-11-20","258","]"
"11001","2004-11-21","256","]"
"11001","2004-11-22","243","]"
"11001","2004-11-23","242","]"
"11001","2004-11-24","217","]"
"11001","2004-11-25","192","I"
"11001","2004-11-26","172","I"
"11001","2004-11-27","167","I"
"11001","2004-11-28","173","I"
"11001","2004-11-29","199","I"
"11001","2004-11-30","213","I"
"11001","2004-12-01","229","Z"
"11001","2004-12-02","238","Z"
"11001","2004-12-03","243","Z"
"11001","2004-12-04","239","Z"
"11001","2004-12-05","224","Z"
"11001","2004-12-06","214","Z"
"11001","2004-12-07","205","Z"
"11001","2004-12-08","194","Z"
"11001","2004-12-09","194","Z"
"11001","2004-12-10","202","Z"
"11001","2004-12-11","212","Z"
"11001","2004-12-12","217","Z"
"11001","2004-12-13","221","Z"
"11001","2004-12-14","228","Z"
"11001","2004-12-15","232","Z"
"11001","2004-12-16","232","I"
"11001","2004-12-17","229","I"
"11001","2004-12-18","228","I"
"11001","2004-12-19","223","I"
"11001","2004-12-20","225","I"
"11001","2004-12-21","220","I"
"11001","2004-12-22","222","I"
"11001","2004-12-23","219","I"
"11001","2004-12-24","211","I"
"11001","2004-12-25","211","I"
"11001","2004-12-26","212","I"
"11001","2004-12-27","212","I"
"11001","2004-12-28","213","I"
"11001","2004-12-29","214","I"
"11001","2004-12-30","212","I"
"11001","2004-12-31","211","I"
"11001","2005-01-01","210","I"
"11001","2005-01-02","207","I"
"11001","2005-01-03","207","I"
"11001","2005-01-04","204","I"
"11001","2005-01-05","206","I"
"11001","2005-01-06","209","I"
"11001","2005-01-07","219","I"
"11001","2005-01-08","223","I"
"11001","2005-01-09","220","I"
"11001","2005-01-10","216","I"
"11001","2005-01-11","215","I"
"11001","2005-01-12","214","I"
"11001","2005-01-13","212","I"
"11001","2005-01-14","208","I"
"11001","2005-01-15","212","I"
"11001","2005-01-16","217","I"
"11001","2005-01-17","218","I"
"11001","2005-01-18","219","I"
"11001","2005-01-19","219","I"
"11001","2005-01-20","218","I"
"11001","2005-01-21","218","I"
"11001","2005-01-22","217","I"
"11001","2005-01-23","219","I"
"11001","2005-01-24","222","I"
"11001","2005-01-25","222","I"
"11001","2005-01-26","222","I"
"11001","2005-01-27","224","I"
"11001","2005-01-28","225","I"
"11001","2005-01-29","223","I"
"11001","2005-01-30","226","I"
"11001","2005-01-31","224","I"
"11001","2005-02-01","226","I"
"11001","2005-02-02","226","I"
"11001","2005-02-03","229","I"
"11001","2005-02-04","228","I"
"11001","2005-02-05","230","I"
"11001","2005-02-06","233","I"
"11001","2005-02-07","233","I"
"11001","2005-02-08","232","I"
"11001","2005-02-09","235","I"
"11001","2005-02-10","230","I"
"11001","2005-02-11","227","I"
"11001","2005-02-12","230","I"
"11001","2005-02-13","230","I"
"11001","2005-02-14","230","I"
"11001","2005-02-15","229","I"
"11001","2005-02-16","231","I"
"11001","2005-02-17","231","I"
"11001","2005-02-18","231","I"
"11001","2005-02-19","233","I"
"11001","2005-02-20","230","I"
"11001","2005-02-21","228","I"
"11001","2005-02-22","236","I"
"11001","2005-02-23","237","I"
"11001","2005-02-24","242","I"
"11001","2005-02-25","246","I"
"11001","2005-02-26","246","I"
"11001","2005-02-27","246","I"
"11001","2005-02-28","246","I"
"11001","2005-03-01","246","I"
"11001","2005-03-02","247","I"
"11001","2005-03-03","249","I"
"11001","2005-03-04","249","I"
"11001","2005-03-05","247","I"
"11001","2005-03-06","246","I"
"11001","2005-03-07","251","I"
"11001","2005-03-08","249","I"
"11001","2005-03-09","248","I"
"11001","2005-03-10","249","I"
"11001","2005-03-11","250","I"
"11001","2005-03-12","254","I"
"11001","2005-03-13","255","("
"11001","2005-03-14","255","("
"11001","2005-03-15","256","("
"11001","2005-03-16","256","("
"11001","2005-03-17","256","("
"11001","2005-03-18","258","("
"11001","2005-03-19","260","("
"11001","2005-03-20","261","("
"11001","2005-03-21","260","("
"11001","2005-03-22","259","("
"11001","2005-03-23","261","("
"11001","2005-03-24","263","("
"11001","2005-03-25","267","("
"11001","2005-03-26","272","П"
"11001","2005-03-27","280","Р"
"11001","2005-03-28","290","Р"
"11001","2005-03-29","270","Л"
"11001","2005-03-30","231","Л"
"11001","2005-03-31","239","Л"
"11001","2005-04-01","249","Л"
"11001","2005-04-02","231","Л"
"11001","2005-04-03","233",""
"11001","2005-04-04","235",""
"11001","2005-04-05","235",""
"11001","2005-04-06","238",""
"11001","2005-04-07","241",""
"11001","2005-04-08","236",""
"11001","2005-04-09","232",""
"11001","2005-04-10","227",""
"11001","2005-04-11","224",""
"11001","2005-04-12","223",""
"11001","2005-04-13","224",""
"11001","2005-04-14","230",""
"11001","2005-04-15","231",""
"11001","2005-04-16","230",""
"11001","2005-04-17","239",""
"11001","2005-04-18","244",""
"11001","2005-04-19","235",""
"11001","2005-04-20","229",""
"11001","2005-04-21","222",""
"11001","2005-04-22","213",""
"11001","2005-04-23","218",""
"11001","2005-04-24","242",""
"11001","2005-04-25","280",""
"11001","2005-04-26","295",""
"11001","2005-04-27","292",""
"11001","2005-04-28","334",""
"11001","2005-04-29","369",""
"11001","2005-04-30","391",""
"11001","2005-05-01","384",""
"11001","2005-05-02","369",""
"11001","2005-05-03","360",""
"11001","2005-05-04","357",""
"11001","2005-05-05","350",""
"11001","2005-05-06","340",""
"11001","2005-05-07","335",""
"11001","2005-05-08","342",""
"11001","2005-05-09","353",""
"11001","2005-05-10","369",""
"11001","2005-05-11","388",""
"11001","2005-05-12","399",""
"11001","2005-05-13","404",""
"11001","2005-05-14","414",""
"11001","2005-05-15","414",""
"11001","2005-05-16","394",""
"11001","2005-05-17","381",""
"11001","2005-05-18","374",""
"11001","2005-05-19","359",""
"11001","2005-05-20","337",""
"11001","2005-05-21","316",""
"11001","2005-05-22","299",""
"11001","2005-05-23","297",""
"11001","2005-05-24","313",""
"11001","2005-05-25","323",""
"11001","2005-05-26","326",""
"11001","2005-05-27","329",""
"11001","2005-05-28","334",""
"11001","2005-05-29","330",""
"11001","2005-05-30","319",""
"11001","2005-05-31","308",""
"11001","2005-06-01","303",""
"11001","2005-06-02","335",""
"11001","2005-06-03","424",""
"11001","2005-06-04","471",""
"11001","2005-06-05","468",""
"11001","2005-06-06","429",""
"11001","2005-06-07","409",""
"11001","2005-06-08","419",""
"11001","2005-06-09","432",""
"11001","2005-06-10","436",""
"11001","2005-06-11","436",""
"11001","2005-06-12","440",""
"11001","2005-06-13","449",""
"11001","2005-06-14","454",""
"11001","2005-06-15","453",""
"11001","2005-06-16","453",""
"11001","2005-06-17","460",""
"11001","2005-06-18","471",""
"11001","2005-06-19","473",""
"11001","2005-06-20","472",""
"11001","2005-06-21","474",""
"11001","2005-06-22","478",""
"11001","2005-06-23","485",""
"11001","2005-06-24","480",""
"11001","2005-06-25","457",""
"11001","2005-06-26","445",""
"11001","2005-06-27","438",""
"11001","2005-06-28","429",""
"11001","2005-06-29","417",""
"11001","2005-06-30","405",""
"11001","2005-07-01","386",""
"11001","2005-07-02","378",""
"11001","2005-07-03","366",""
"11001","2005-07-04","359",""
"11001","2005-07-05","354",""
"11001","2005-07-06","355",""
"11001","2005-07-07","346",""
"11001","2005-07-08","340",""
"11001","2005-07-09","330",""
"11001","2005-07-10","326",""
"11001","2005-07-11","330",""
"11001","2005-07-12","332",""
"11001","2005-07-13","341",""
"11001","2005-07-14","334",""
"11001","2005-07-15","322",""
"11001","2005-07-16","316",""
"11001","2005-07-17","315",""
"11001","2005-07-18","303",""
"11001","2005-07-19","294",""
"11001","2005-07-20","286",""
"11001","2005-07-21","281",""
"11001","2005-07-22","271",""
"11001","2005-07-23","270",""
"11001","2005-07-24","265",""
"11001","2005-07-25","260",""
"11001","2005-07-26","257",""
"11001","2005-07-27","250",""
"11001","2005-07-28","248",""
"11001","2005-07-29","249",""
"11001","2005-07-30","253",""
"11001","2005-07-31","249",""
"11001","2005-08-01","246",""
"11001","2005-08-02","244",""
"11001","2005-08-03","241",""
"11001","2005-08-04","237",""
"11001","2005-08-05","235",""
"11001","2005-08-06","238",""
"11001","2005-08-07","250",""
"11001","2005-08-08","249",""
"11001","2005-08-09","262",""
"11001","2005-08-10","304",""
"11001","2005-08-11","317",""
"11001","2005-08-12","330",""
"11001","2005-08-13","344",""
"11001","2005-08-14","353",""
"11001","2005-08-15","330",""
"11001","2005-08-16","313",""
"11001","2005-08-17","315",""
"11001","2005-08-18","310",""
"11001","2005-08-19","296",""
"11001","2005-08-20","285",""
"11001","2005-08-21","277",""
"11001","2005-08-22","276",""
"11001","2005-08-23","269",""
"11001","2005-08-24","260",""
"11001","2005-08-25","262",""
"11001","2005-08-26","264",""
"11001","2005-08-27","254",""
"11001","2005-08-28","246",""
"11001","2005-08-29","243",""
"11001","2005-08-30","241",""
"11001","2005-08-31","243",""
"11001","2005-09-01","256",""
"11001","2005-09-02","246",""
"11001","2005-09-03","242",""
"11001","2005-09-04","223",""
"11001","2005-09-05","221",""
"11001","2005-09-06","219",""
"11001","2005-09-07","222",""
"11001","2005-09-08","223",""
"11001","2005-09-09","215",""
"11001","2005-09-10","222",""
"11001","2005-09-11","239",""
"11001","2005-09-12","245",""
"11001","2005-09-13","245",""
"11001","2005-09-14","248",""
"11001","2005-09-15","253",""
"11001","2005-09-16","250",""
"11001","2005-09-17","243",""
"11001","2005-09-18","239",""
"11001","2005-09-19","236",""
"11001","2005-09-20","232",""
"11001","2005-09-21","225",""
"11001","2005-09-22","221",""
"11001","2005-09-23","218",""
"11001","2005-09-24","213",""
"11001","2005-09-25","211",""
"11001","2005-09-26","215",""
"11001","2005-09-27","217",""
"11001","2005-09-28","218",""
"11001","2005-09-29","217",""
"11001","2005-09-30","211",""
"11001","2005-10-01","207",""
"11001","2005-10-02","203",""
"11001","2005-10-03","202",""
"11001","2005-10-04","201",""
"11001","2005-10-05","193",""
"11001","2005-10-06","193",""
"11001","2005-10-07","193",""
"11001","2005-10-08","191",""
"11001","2005-10-09","199",""
"11001","2005-10-10","198",""
"11001","2005-10-11","186",""
"11001","2005-10-12","183",""
"11001","2005-10-13","179",""
"11001","2005-10-14","176",""
"11001","2005-10-15","170",""
"11001","2005-10-16","173",""
"11001","2005-10-17","175",""
"11001","2005-10-18","174",""
"11001","2005-10-19","172",""
"11001","2005-10-20","181",""
"11001","2005-10-21","174",""
"11001","2005-10-22","171",""
"11001","2005-10-23","178",""
"11001","2005-10-24","186",""
"11001","2005-10-25","182",""
"11001","2005-10-26","185",""
"11001","2005-10-27","192",""
"11001","2005-10-28","185",""
"11001","2005-10-29","186",""
"11001","2005-10-30","191",""
"11001","2005-10-31","188",""
"11001","2005-11-01","186",""
"11001","2005-11-02","188",""
"11001","2005-11-03","193",""
"11001","2005-11-04","187",""
"11001","2005-11-05","180",""
"11001","2005-11-06","170",""
"11001","2005-11-07","178",""
"11001","2005-11-08","178",""
"11001","2005-11-09","181",""
"11001","2005-11-10","181",""
"11001","2005-11-11","190",""
"11001","2005-11-12","191",""
"11001","2005-11-13","194",""
"11001","2005-11-14","197",""
"11001","2005-11-15","193",""
"11001","2005-11-16","191",""
"11001","2005-11-17","190",""
"11001","2005-11-18","186",""
"11001","2005-11-19","188",""
"11001","2005-11-20","194",")Ш"
"11001","2005-11-21","192",")Ш"
"11001","2005-11-22","203",")Ш"
"11001","2005-11-23","230","Z"
"11001","2005-11-24","238","Z"
"11001","2005-11-25","239","Z"
"11001","2005-11-26","243","Z"
"11001","2005-11-27","261","Z"
"11001","2005-11-28","266","I"
"11001","2005-11-29","269","I"
"11001","2005-11-30","271","I"
"11001","2005-12-01","272","I"
"11001","2005-12-02","269","I"
"11001","2005-12-03","267","I"
"11001","2005-12-04","255","I"
"11001","2005-12-05","244","I"
"11001","2005-12-06","244","I"
"11001","2005-12-07","250","I"
"11001","2005-12-08","253","I"
"11001","2005-12-09","253","I"
"11001","2005-12-10","261","I"
"11001","2005-12-11","258","I"
"11001","2005-12-12","256","I"
"11001","2005-12-13","253","I"
"11001","2005-12-14","248","I"
"11001","2005-12-15","247","I"
"11001","2005-12-16","244","I"
"11001","2005-12-17","239","I"
"11001","2005-12-18","235","I"
"11001","2005-12-19","234","I"
"11001","2005-12-20","232","I"
"11001","2005-12-21","230","I"
"11001","2005-12-22","227","I"
"11001","2005-12-23","225","I"
"11001","2005-12-24","226","I"
"11001","2005-12-25","224","I"
"11001","2005-12-26","223","I"
"11001","2005-12-27","222","I"
"11001","2005-12-28","220","I"
"11001","2005-12-29","218","I"
"11001","2005-12-30","219","I"
"11001","2005-12-31","220","I"
"11001","2006-01-01","223","I"
"11001","2006-01-02","221","I"
"11001","2006-01-03","223","I"
"11001","2006-01-04","224","I"
"11001","2006-01-05","223","I"
"11001","2006-01-06","223","I"
"11001","2006-01-07","223","I"
"11001","2006-01-08","222","I"
"11001","2006-01-09","222","I"
"11001","2006-01-10","223","I"
"11001","2006-01-11","224","I"
"11001","2006-01-12","225","I"
"11001","2006-01-13","228","I"
"11001","2006-01-14","229","I"
"11001","2006-01-15","229","I"
"11001","2006-01-16","228","I"
"11001","2006-01-17","228","I"
"11001","2006-01-18","228","I"
"11001","2006-01-19","228","I"
"11001","2006-01-20","224","I"
"11001","2006-01-21","224","I"
"11001","2006-01-22","226","I"
"11001","2006-01-23","228","I"
"11001","2006-01-24","229","I"
"11001","2006-01-25","230","I"
"11001","2006-01-26","229","I"
"11001","2006-01-27","230","I"
"11001","2006-01-28","230","I"
"11001","2006-01-29","230","I"
"11001","2006-01-30","232","I"
"11001","2006-01-31","233","I"
"11001","2006-02-01","232","I"
"11001","2006-02-02","231","I"
"11001","2006-02-03","230","I"
"11001","2006-02-04","232","I"
"11001","2006-02-05","233","I"
"11001","2006-02-06","233","I"
"11001","2006-02-07","237","I"
"11001","2006-02-08","237","I"
"11001","2006-02-09","236","I"
"11001","2006-02-10","239","I"
"11001","2006-02-11","237","I"
"11001","2006-02-12","239","I"
"11001","2006-02-13","240","I"
"11001","2006-02-14","242","I"
"11001","2006-02-15","243","I"
"11001","2006-02-16","245","I"
"11001","2006-02-17","245","I"
"11001","2006-02-18","241","I"
"11001","2006-02-19","242","I"
"11001","2006-02-20","244","I"
"11001","2006-02-21","246","I"
"11001","2006-02-22","248","I"
"11001","2006-02-23","248","I"
"11001","2006-02-24","249","I"
"11001","2006-02-25","251","I"
"11001","2006-02-26","251","I"
"11001","2006-02-27","251","I"
"11001","2006-02-28","252","I"
"11001","2006-03-01","251","I"
"11001","2006-03-02","251","I"
"11001","2006-03-03","251","I"
"11001","2006-03-04","248","I"
"11001","2006-03-05","245","I"
"11001","2006-03-06","242","I"
"11001","2006-03-07","244","I"
"11001","2006-03-08","249","I"
"11001","2006-03-09","248","I"
"11001","2006-03-10","249","I"
"11001","2006-03-11","249","I"
"11001","2006-03-12","251","I"
"11001","2006-03-13","249","I"
"11001","2006-03-14","247","I"
"11001","2006-03-15","246","I"
"11001","2006-03-16","246","I"
"11001","2006-03-17","245","I"
"11001","2006-03-18","245","I"
"11001","2006-03-19","245","I"
"11001","2006-03-20","246","I"
"11001","2006-03-21","248","I"
"11001","2006-03-22","248","I"
"11001","2006-03-23","250","I"
"11001","2006-03-24","251","I"
"11001","2006-03-25","251","("
"11001","2006-03-26","254","("
"11001","2006-03-27","257","("
"11001","2006-03-28","263","("
"11001","2006-03-29","265","("
"11001","2006-03-30","269","("
"11001","2006-03-31","274","("
"11001","2006-04-01","275","("
"11001","2006-04-02","272","("
"11001","2006-04-03","272","ПР"
"11001","2006-04-04","304","Л"
"11001","2006-04-05","361","<Л"
"11001","2006-04-06","294",")"
"11001","2006-04-07","286",")"
"11001","2006-04-08","273",""
"11001","2006-04-09","286",""
"11001","2006-04-10","284",""
"11001","2006-04-11","261",""
"11001","2006-04-12","256",""
"11001","2006-04-13","255",""
"11001","2006-04-14","256",""
"11001","2006-04-15","255",""
"11001","2006-04-16","258",""
"11001","2006-04-17","267",""
"11001","2006-04-18","259",""
"11001","2006-04-19","250",""
"11001","2006-04-20","244",""
"11001","2006-04-21","247",""
"11001","2006-04-22","256",""
"11001","2006-04-23","256",""
"11001","2006-04-24","258",""
"11001","2006-04-25","268",""
"11001","2006-04-26","279",""
"11001","2006-04-27","290",""
"11001","2006-04-28","296",""
"11001","2006-04-29","299",""
"11001","2006-04-30","305",""
"11001","2006-05-01","342",""
"11001","2006-05-02","363",""
"11001","2006-05-03","377",""
"11001","2006-05-04","371",""
"11001","2006-05-05","360",""
"11001","2006-05-06","351",""
"11001","2006-05-07","348",""
"11001","2006-05-08","341",""
"11001","2006-05-09","332",""
"11001","2006-05-10","329",""
"11001","2006-05-11","316",""
"11001","2006-05-12","296",""
"11001","2006-05-13","283",""
"11001","2006-05-14","273",""
"11001","2006-05-15","275",""
"11001","2006-05-16","302",""
"11001","2006-05-17","334",""
"11001","2006-05-18","364",""
"11001","2006-05-19","398",""
"11001","2006-05-20","437",""
"11001","2006-05-21","429",""
"11001","2006-05-22","420",""
"11001","2006-05-23","428",""
"11001","2006-05-24","441",""
"11001","2006-05-25","439",""
"11001","2006-05-26","432",""
"11001","2006-05-27","439",""
"11001","2006-05-28","450",""
"11001","2006-05-29","461",""
"11001","2006-05-30","473",""
"11001","2006-05-31","476",""
"11001","2006-06-01","467",""
"11001","2006-06-02","460",""
"11001","2006-06-03","456",""
"11001","2006-06-04","459",""
"11001","2006-06-05","457",""
"11001","2006-06-06","454",""
"11001","2006-06-07","440",""
"11001","2006-06-08","435",""
"11001","2006-06-09","433",""
"11001","2006-06-10","435",""
"11001","2006-06-11","444",""
"11001","2006-06-12","452",""
"11001","2006-06-13","457",""
"11001","2006-06-14","454",""
"11001","2006-06-15","450",""
"11001","2006-06-16","453",""
"11001","2006-06-17","458",""
"11001","2006-06-18","452",""
"11001","2006-06-19","423",""
"11001","2006-06-20","410",""
"11001","2006-06-21","416",""
"11001","2006-06-22","415",""
"11001","2006-06-23","396",""
"11001","2006-06-24","377",""
"11001","2006-06-25","376",""
"11001","2006-06-26","378",""
"11001","2006-06-27","374",""
"11001","2006-06-28","363",""
"11001","2006-06-29","352",""
"11001","2006-06-30","345",""
"11001","2006-07-01","343",""
"11001","2006-07-02","333",""
"11001","2006-07-03","323",""
"11001","2006-07-04","316",""
"11001","2006-07-05","317",""
"11001","2006-07-06","328",""
"11001","2006-07-07","329",""
"11001","2006-07-08","322",""
"11001","2006-07-09","338",""
"11001","2006-07-10","350",""
"11001","2006-07-11","334",""
"11001","2006-07-12","321",""
"11001","2006-07-13","302",""
"11001","2006-07-14","288",""
"11001","2006-07-15","288",""
"11001","2006-07-16","267",""
"11001","2006-07-17","249",""
"11001","2006-07-18","246",""
"11001","2006-07-19","239",""
"11001","2006-07-20","242",""
"11001","2006-07-21","243",""
"11001","2006-07-22","239",""
"11001","2006-07-23","245",""
"11001","2006-07-24","246",""
"11001","2006-07-25","240",""
"11001","2006-07-26","235",""
"11001","2006-07-27","238",""
"11001","2006-07-28","238",""
"11001","2006-07-29","234",""
"11001","2006-07-30","231",""
"11001","2006-07-31","228",""
"11001","2006-08-01","222",""
"11001","2006-08-02","218",""
"11001","2006-08-03","221",""
"11001","2006-08-04","231",""
"11001","2006-08-05","231",""
"11001","2006-08-06","227",""
"11001","2006-08-07","224",""
"11001","2006-08-08","228",""
"11001","2006-08-09","230",""
"11001","2006-08-10","233",""
"11001","2006-08-11","231",""
"11001","2006-08-12","243",""
"11001","2006-08-13","297",""
"11001","2006-08-14","281",""
"11001","2006-08-15","263",""
"11001","2006-08-16","250",""
"11001","2006-08-17","240",""
"11001","2006-08-18","227",""
"11001","2006-08-19","220",""
"11001","2006-08-20","217",""
"11001","2006-08-21","215",""
"11001","2006-08-22","207",""
"11001","2006-08-23","206",""
"11001","2006-08-24","204",""
"11001","2006-08-25","199",""
"11001","2006-08-26","198",""
"11001","2006-08-27","197",""
"11001","2006-08-28","198",""
"11001","2006-08-29","202",""
"11001","2006-08-30","201",""
"11001","2006-08-31","202",""
"11001","2006-09-01","201",""
"11001","2006-09-02","194",""
"11001","2006-09-03","188",""
"11001","2006-09-04","199",""
"11001","2006-09-05","200",""
"11001","2006-09-06","201",""
"11001","2006-09-07","199",""
"11001","2006-09-08","199",""
"11001","2006-09-09","197",""
"11001","2006-09-10","193",""
"11001","2006-09-11","192",""
"11001","2006-09-12","192",""
"11001","2006-09-13","196",""
"11001","2006-09-14","195",""
"11001","2006-09-15","197",""
"11001","2006-09-16","199",""
"11001","2006-09-17","198",""
"11001","2006-09-18","200",""
"11001","2006-09-19","198",""
"11001","2006-09-20","196",""
"11001","2006-09-21","199",""
"11001","2006-09-22","204",""
"11001","2006-09-23","204",""
"11001","2006-09-24","200",""
"11001","2006-09-25","199",""
"11001","2006-09-26","197",""
"11001","2006-09-27","200",""
"11001","2006-09-28","195",""
"11001","2006-09-29","200",""
"11001","2006-09-30","204",""
"11001","2006-10-01","209",""
"11001","2006-10-02","207",""
"11001","2006-10-03","203",""
"11001","2006-10-04","206",""
"11001","2006-10-05","205",""
"11001","2006-10-06","207",""
"11001","2006-10-07","209",""
"11001","2006-10-08","206",""
"11001","2006-10-09","209",""
"11001","2006-10-10","207",""
"11001","2006-10-11","200",""
"11001","2006-10-12","197",""
"11001","2006-10-13","194",""
"11001","2006-10-14","192",""
"11001","2006-10-15","204",""
"11001","2006-10-16","205",""
"11001","2006-10-17","195",""
"11001","2006-10-18","204",""
"11001","2006-10-19","221",""
"11001","2006-10-20","222",""
"11001","2006-10-21","221",""
"11001","2006-10-22","211",""
"11001","2006-10-23","206",""
"11001","2006-10-24","208",""
"11001","2006-10-25","216",""
"11001","2006-10-26","222",""
"11001","2006-10-27","213",""
"11001","2006-10-28","188",""
"11001","2006-10-29","181",""
"11001","2006-10-30","176",""
"11001","2006-10-31","174",""
"11001","2006-11-01","170",""
"11001","2006-11-02","169",""
"11001","2006-11-03","171",""
"11001","2006-11-04","174",""
"11001","2006-11-05","174",""
"11001","2006-11-06","176",""
"11001","2006-11-07","179",""
"11001","2006-11-08","183",""
"11001","2006-11-09","186",""
"11001","2006-11-10","188",""
"11001","2006-11-11","187",""
"11001","2006-11-12","184",""
"11001","2006-11-13","179",""
"11001","2006-11-14","188",""
"11001","2006-11-15","184",""
"11001","2006-11-16","182",""
"11001","2006-11-17","185",""
"11001","2006-11-18","188",""
"11001","2006-11-19","186",""
"11001","2006-11-20","181",""
"11001","2006-11-21","176",""
"11001","2006-11-22","177",""
"11001","2006-11-23","178",""
"11001","2006-11-24","178",":"
"11001","2006-11-25","173",")*"
"11001","2006-11-26","201",")*"
"11001","2006-11-27","233","Z"
"11001","2006-11-28","225","Z"
"11001","2006-11-29","217","I"
"11001","2006-11-30","211","I"
"11001","2006-12-01","212","I"
"11001","2006-12-02","217","I"
"11001","2006-12-03","231","I"
"11001","2006-12-04","232","I"
"11001","2006-12-05","216","I"
"11001","2006-12-06","206","I"
"11001","2006-12-07","212","I"
"11001","2006-12-08","210","I"
"11001","2006-12-09","210","I"
"11001","2006-12-10","204","I"
"11001","2006-12-11","199","I"
"11001","2006-12-12","198","I"
"11001","2006-12-13","198","I"
"11001","2006-12-14","200","I"
"11001","2006-12-15","197","I"
"11001","2006-12-16","198","I"
"11001","2006-12-17","196","I"
"11001","2006-12-18","195","I"
"11001","2006-12-19","195","I"
"11001","2006-12-20","196","I"
"11001","2006-12-21","196","I"
"11001","2006-12-22","194","I"
"11001","2006-12-23","196","I"
"11001","2006-12-24","196","I"
"11001","2006-12-25","200","I"
"11001","2006-12-26","204","I"
"11001","2006-12-27","202","I"
"11001","2006-12-28","202","I"
"11001","2006-12-29","199","I"
"11001","2006-12-30","196","I"
"11001","2006-12-31","199","I"
"11001","2007-01-01","202","I"
"11001","2007-01-02","206","I"
"11001","2007-01-03","207","I"
"11001","2007-01-04","208","I"
"11001","2007-01-05","207","I"
"11001","2007-01-06","208","I"
"11001","2007-01-07","207","I"
"11001","2007-01-08","204","I"
"11001","2007-01-09","199","I"
"11001","2007-01-10","198","I"
"11001","2007-01-11","204","I"
"11001","2007-01-12","204","I"
"11001","2007-01-13","209","I"
"11001","2007-01-14","212","I"
"11001","2007-01-15","213","I"
"11001","2007-01-16","211","I"
"11001","2007-01-17","209","I"
"11001","2007-01-18","208","I"
"11001","2007-01-19","207","I"
"11001","2007-01-20","208","I"
"11001","2007-01-21","209","I"
"11001","2007-01-22","212","I"
"11001","2007-01-23","212","I"
"11001","2007-01-24","210","I"
"11001","2007-01-25","206","I"
"11001","2007-01-26","196","I"
"11001","2007-01-27","191","I"
"11001","2007-01-28","193","I"
"11001","2007-01-29","196","I"
"11001","2007-01-30","200","I"
"11001","2007-01-31","200","I"
"11001","2007-02-01","201","I"
"11001","2007-02-02","200","I"
"11001","2007-02-03","202","I"
"11001","2007-02-04","201","I"
"11001","2007-02-05","201","I"
"11001","2007-02-06","201","I"
"11001","2007-02-07","199","I"
"11001","2007-02-08","199","I"
"11001","2007-02-09","200","I"
"11001","2007-02-10","200","I"
"11001","2007-02-11","198","I"
"11001","2007-02-12","198","I"
"11001","2007-02-13","200","I"
"11001","2007-02-14","201","I"
"11001","2007-02-15","202","I"
"11001","2007-02-16","202","I"
"11001","2007-02-17","205","I"
"11001","2007-02-18","206","I"
"11001","2007-02-19","207","I"
"11001","2007-02-20","207","I"
"11001","2007-02-21","201","I"
"11001","2007-02-22","205","I"
"11001","2007-02-23","207","I"
"11001","2007-02-24","207","I"
"11001","2007-02-25","207","I"
"11001","2007-02-26","207","I"
"11001","2007-02-27","208","I"
"11001","2007-02-28","210","I"
"11001","2007-03-01","210","I"
"11001","2007-03-02","210","I"
"11001","2007-03-03","211","I"
"11001","2007-03-04","214","I"
"11001","2007-03-05","214","I"
"11001","2007-03-06","214","I"
"11001","2007-03-07","213","I"
"11001","2007-03-08","213","I"
"11001","2007-03-09","213","I"
"11001","2007-03-10","217","I"
"11001","2007-03-11","221","I"
"11001","2007-03-12","223","I"
"11001","2007-03-13","223","I"
"11001","2007-03-14","221","I"
"11001","2007-03-15","220","I"
"11001","2007-03-16","220","I"
"11001","2007-03-17","220","I"
"11001","2007-03-18","219","I"
"11001","2007-03-19","221","("
"11001","2007-03-20","227","("
"11001","2007-03-21","231","("
"11001","2007-03-22","233","("
"11001","2007-03-23","237","("
"11001","2007-03-24","238","("
"11001","2007-03-25","239","("
"11001","2007-03-26","241","("
"11001","2007-03-27","245","("
"11001","2007-03-28","246","("
"11001","2007-03-29","255","("
"11001","2007-03-30","256","П"
"11001","2007-03-31","255","х"
"11001","2007-04-01","226","х"
"11001","2007-04-02","192",""
"11001","2007-04-03","178",""
"11001","2007-04-04","175",""
"11001","2007-04-05","177",""
"11001","2007-04-06","176",""
"11001","2007-04-07","181",""
"11001","2007-04-08","179",""
"11001","2007-04-09","189",""
"11001","2007-04-10","207",""
"11001","2007-04-11","224",""
"11001","2007-04-12","248",""
"11001","2007-04-13","254",""
"11001","2007-04-14","245",""
"11001","2007-04-15","241",""
"11001","2007-04-16","238",""
"11001","2007-04-17","248",""
"11001","2007-04-18","252",""
"11001","2007-04-19","257",""
"11001","2007-04-20","275",""
"11001","2007-04-21","292",""
"11001","2007-04-22","266",""
"11001","2007-04-23","248",""
"11001","2007-04-24","236",""
"11001","2007-04-25","228",""
"11001","2007-04-26","213",""
"11001","2007-04-27","209",""
"11001","2007-04-28","211",""
"11001","2007-04-29","212",""
"11001","2007-04-30","224",""
"11001","2007-05-01","222",""
"11001","2007-05-02","217",""
"11001","2007-05-03","215",""
"11001","2007-05-04","217",""
"11001","2007-05-05","223",""
"11001","2007-05-06","229",""
"11001","2007-05-07","257",""
"11001","2007-05-08","286",""
"11001","2007-05-09","274",""
"11001","2007-05-10","271",""
"11001","2007-05-11","256",""
"11001","2007-05-12","240",""
"11001","2007-05-13","237",""
"11001","2007-05-14","227",""
"11001","2007-05-15","228",""
"11001","2007-05-16","253",""
"11001","2007-05-17","244",""
"11001","2007-05-18","250",""
"11001","2007-05-19","286",""
"11001","2007-05-20","336",""
"11001","2007-05-21","326",""
"11001","2007-05-22","325",""
"11001","2007-05-23","350",""
"11001","2007-05-24","349",""
"11001","2007-05-25","332",""
"11001","2007-05-26","327",""
"11001","2007-05-27","366",""
"11001","2007-05-28","376",""
"11001","2007-05-29","368",""
"11001","2007-05-30","380",""
"11001","2007-05-31","352",""
"11001","2007-06-01","331",""
"11001","2007-06-02","361",""
"11001","2007-06-03","416",""
"11001","2007-06-04","410",""
"11001","2007-06-05","401",""
"11001","2007-06-06","429",""
"11001","2007-06-07","431",""
"11001","2007-06-08","438",""
"11001","2007-06-09","418",""
"11001","2007-06-10","417",""
"11001","2007-06-11","433",""
"11001","2007-06-12","419",""
"11001","2007-06-13","424",""
"11001","2007-06-14","432",""
"11001","2007-06-15","433",""
"11001","2007-06-16","419",""
"11001","2007-06-17","417",""
"11001","2007-06-18","395",""
"11001","2007-06-19","373",""
"11001","2007-06-20","377",""
"11001","2007-06-21","388",""
"11001","2007-06-22","392",""
"11001","2007-06-23","396",""
"11001","2007-06-24","397",""
"11001","2007-06-25","401",""
"11001","2007-06-26","410",""
"11001","2007-06-27","415",""
"11001","2007-06-28","401",""
"11001","2007-06-29","380",""
"11001","2007-06-30","371",""
"11001","2007-07-01","370",""
"11001","2007-07-02","378",""
"11001","2007-07-03","378",""
"11001","2007-07-04","364",""
"11001","2007-07-05","359",""
"11001","2007-07-06","343",""
"11001","2007-07-07","327",""
"11001","2007-07-08","318",""
"11001","2007-07-09","315",""
"11001","2007-07-10","311",""
"11001","2007-07-11","316",""
"11001","2007-07-12","312",""
"11001","2007-07-13","308",""
"11001","2007-07-14","301",""
"11001","2007-07-15","297",""
"11001","2007-07-16","286",""
"11001","2007-07-17","272",""
"11001","2007-07-18","267",""
"11001","2007-07-19","278",""
"11001","2007-07-20","288",""
"11001","2007-07-21","285",""
"11001","2007-07-22","277",""
"11001","2007-07-23","267",""
"11001","2007-07-24","261",""
"11001","2007-07-25","258",""
"11001","2007-07-26","258",""
"11001","2007-07-27","260",""
"11001","2007-07-28","271",""
"11001","2007-07-29","268",""
"11001","2007-07-30","275",""
"11001","2007-07-31","331",""
"11001","2007-08-01","351",""
"11001","2007-08-02","324",""
"11001","2007-08-03","308",""
"11001","2007-08-04","295",""
"11001","2007-08-05","284",""
"11001","2007-08-06","270",""
"11001","2007-08-07","264",""
"11001","2007-08-08","258",""
"11001","2007-08-09","248",""
"11001","2007-08-10","242",""
"11001","2007-08-11","234",""
"11001","2007-08-12","226",""
"11001","2007-08-13","220",""
"11001","2007-08-14","219",""
"11001","2007-08-15","235",""
"11001","2007-08-16","232",""
"11001","2007-08-17","228",""
"11001","2007-08-18","226",""
"11001","2007-08-19","231",""
"11001","2007-08-20","237",""
"11001","2007-08-21","235",""
"11001","2007-08-22","227",""
"11001","2007-08-23","215",""
"11001","2007-08-24","211",""
"11001","2007-08-25","215",""
"11001","2007-08-26","213",""
"11001","2007-08-27","209",""
"11001","2007-08-28","204",""
"11001","2007-08-29","200",""
"11001","2007-08-30","199",""
"11001","2007-08-31","198",""
"11001","2007-09-01","197",""
"11001","2007-09-02","196",""
"11001","2007-09-03","194",""
"11001","2007-09-04","194",""
"11001","2007-09-05","196",""
"11001","2007-09-06","194",""
"11001","2007-09-07","191",""
"11001","2007-09-08","210",""
"11001","2007-09-09","221",""
"11001","2007-09-10","214",""
"11001","2007-09-11","209",""
"11001","2007-09-12","206",""
"11001","2007-09-13","203",""
"11001","2007-09-14","200",""
"11001","2007-09-15","199",""
"11001","2007-09-16","196",""
"11001","2007-09-17","199",""
"11001","2007-09-18","201",""
"11001","2007-09-19","201",""
"11001","2007-09-20","200",""
"11001","2007-09-21","200",""
"11001","2007-09-22","208",""
"11001","2007-09-23","199",""
"11001","2007-09-24","198",""
"11001","2007-09-25","196",""
"11001","2007-09-26","199",""
"11001","2007-09-27","200",""
"11001","2007-09-28","201",""
"11001","2007-09-29","200",""
"11001","2007-09-30","197",""
"11001","2007-10-01","194",""
"11001","2007-10-02","192",""
"11001","2007-10-03","192",""
"11001","2007-10-04","191",""
"11001","2007-10-05","192",""
"11001","2007-10-06","197",""
"11001","2007-10-07","199",""
"11001","2007-10-08","197",""
"11001","2007-10-09","194",""
"11001","2007-10-10","189",""
"11001","2007-10-11","200",""
"11001","2007-10-12","199",""
"11001","2007-10-13","195",""
"11001","2007-10-14","170",""
"11001","2007-10-15","166",""
"11001","2007-10-16","162",""
"11001","2007-10-17","166",""
"11001","2007-10-18","164",""
"11001","2007-10-19","160",""
"11001","2007-10-20","148",""
"11001","2007-10-21","155",""
"11001","2007-10-22","157",""
"11001","2007-10-23","157",""
"11001","2007-10-24","160",""
"11001","2007-10-25","156",""
"11001","2007-10-26","146",""
"11001","2007-10-27","151",""
"11001","2007-10-28","151",""
"11001","2007-10-29","150",""
"11001","2007-10-30","159",""
"11001","2007-10-31","160",""
"11001","2007-11-01","153",""
"11001","2007-11-02","151",""
"11001","2007-11-03","153",""
"11001","2007-11-04","159",""
"11001","2007-11-05","160",""
"11001","2007-11-06","161",""
"11001","2007-11-07","161",""
"11001","2007-11-08","166",""
"11001","2007-11-09","172",""
"11001","2007-11-10","175",""
"11001","2007-11-11","175",":"
"11001","2007-11-12","168","*"
"11001","2007-11-13","168","*"
"11001","2007-11-14","169","*"
"11001","2007-11-15","182","*"
"11001","2007-11-16","195","*"
"11001","2007-11-17","188","*"
"11001","2007-11-18","185","*"
"11001","2007-11-19","180","*"
"11001","2007-11-20","187","*"
"11001","2007-11-21","185","*"
"11001","2007-11-22","180","*"
"11001","2007-11-23","173","Ш"
"11001","2007-11-24","186","Ш"
"11001","2007-11-25","239","Ш"
"11001","2007-11-26","224","Z"
"11001","2007-11-27","217","Z"
"11001","2007-11-28","224","I"
"11001","2007-11-29","234","I"
"11001","2007-11-30","237","I"
"11001","2007-12-01","237","I"
"11001","2007-12-02","232","I"
"11001","2007-12-03","224","I"
"11001","2007-12-04","219","I"
"11001","2007-12-05","213","I"
"11001","2007-12-06","211","I"
"11001","2007-12-07","214","I"
"11001","2007-12-08","216","I"
"11001","2007-12-09","212","I"
"11001","2007-12-10","208","I"
"11001","2007-12-11","199","I"
"11001","2007-12-12","194","I"
"11001","2007-12-13","188","I"
"11001","2007-12-14","195","I"
"11001","2007-12-15","197","I"
"11001","2007-12-16","193","I"
"11001","2007-12-17","183","I"
"11001","2007-12-18","181","I"
"11001","2007-12-19","176","I"
"11001","2007-12-20","179","I"
"11001","2007-12-21","187","I"
"11001","2007-12-22","187","I"
"11001","2007-12-23","184","I"
"11001","2007-12-24","187","I"
"11001","2007-12-25","191","I"
"11001","2007-12-26","194","I"
"11001","2007-12-27","190","I"
"11001","2007-12-28","187","I"
"11001","2007-12-29","186","I"
"11001","2007-12-30","187","I"
"11001","2007-12-31","186","I"
"11001","2008-01-01","183","I"
"11001","2008-01-02","180","I"
"11001","2008-01-03","182","I"
"11001","2008-01-04","183","I"
"11001","2008-01-05","181","I"
"11001","2008-01-06","184","I"
"11001","2008-01-07","189","I"
"11001","2008-01-08","189","I"
"11001","2008-01-09","190","I"
"11001","2008-01-10","190","I"
"11001","2008-01-11","189","I"
"11001","2008-01-12","189","I"
"11001","2008-01-13","189","I"
"11001","2008-01-14","191","I"
"11001","2008-01-15","186","I"
"11001","2008-01-16","185","I"
"11001","2008-01-17","185","I"
"11001","2008-01-18","186","I"
"11001","2008-01-19","188","I"
"11001","2008-01-20","191","I"
"11001","2008-01-21","195","I"
"11001","2008-01-22","196","I"
"11001","2008-01-23","196","I"
"11001","2008-01-24","197","I"
"11001","2008-01-25","193","I"
"11001","2008-01-26","189","I"
"11001","2008-01-27","190","I"
"11001","2008-01-28","188","I"
"11001","2008-01-29","186","I"
"11001","2008-01-30","188","I"
"11001","2008-01-31","190","I"
"11001","2008-02-01","191","I"
"11001","2008-02-02","189","I"
"11001","2008-02-03","188","I"
"11001","2008-02-04","188","I"
"11001","2008-02-05","190","I"
"11001","2008-02-06","192","I"
"11001","2008-02-07","193","I"
"11001","2008-02-08","198","I"
"11001","2008-02-09","202","I"
"11001","2008-02-10","203","I"
"11001","2008-02-11","202","I"
"11001","2008-02-12","200","I"
"11001","2008-02-13","197","I"
"11001","2008-02-14","197","I"
"11001","2008-02-15","195","I"
"11001","2008-02-16","195","I"
"11001","2008-02-17","193","I"
"11001","2008-02-18","196","I"
"11001","2008-02-19","199","I"
"11001","2008-02-20","200","I"
"11001","2008-02-21","201","I"
"11001","2008-02-22","203","I"
"11001","2008-02-23","203","I"
"11001","2008-02-24","203","I"
"11001","2008-02-25","203","I"
"11001","2008-02-26","204","I"
"11001","2008-02-27","204","I"
"11001","2008-02-28","205","I"
"11001","2008-02-29","206","I"
"11001","2008-03-01","206","I"
"11001","2008-03-02","206","I"
"11001","2008-03-03","207","I"
"11001","2008-03-04","204","I"
"11001","2008-03-05","206","I"
"11001","2008-03-06","210","I"
"11001","2008-03-07","211","I"
"11001","2008-03-08","212","I"
"11001","2008-03-09","213","I"
"11001","2008-03-10","214","("
"11001","2008-03-11","215","("
"11001","2008-03-12","219","("
"11001","2008-03-13","220","("
"11001","2008-03-14","226","("
"11001","2008-03-15","228","("
"11001","2008-03-16","230","("
"11001","2008-03-17","231","("
"11001","2008-03-18","248","("
"11001","2008-03-19","268","("
"11001","2008-03-20","269","("
"11001","2008-03-21","273","("
"11001","2008-03-22","260","("
"11001","2008-03-23","241","Л"
"11001","2008-03-24","240","Л"
"11001","2008-03-25","265","Л"
"11001","2008-03-26","236","Л"
"11001","2008-03-27","219","х"
"11001","2008-03-28","215",""
"11001","2008-03-29","221",""
"11001","2008-03-30","216",""
"11001","2008-03-31","216",""
"11001","2008-04-01","227",""
"11001","2008-04-02","231",""
"11001","2008-04-03","226",""
"11001","2008-04-04","222",""
"11001","2008-04-05","220",""
"11001","2008-04-06","224",""
"11001","2008-04-07","211",""
"11001","2008-04-08","211",""
"11001","2008-04-09","224",""
"11001","2008-04-10","219",""
"11001","2008-04-11","222",""
"11001","2008-04-12","224",""
"11001","2008-04-13","221",""
"11001","2008-04-14","216",""
"11001","2008-04-15","215",""
"11001","2008-04-16","211",""
"11001","2008-04-17","222",""
"11001","2008-04-18","231",""
"11001","2008-04-19","237",""
"11001","2008-04-20","228",""
"11001","2008-04-21","215",""
"11001","2008-04-22","209",""
"11001","2008-04-23","214",""
"11001","2008-04-24","228",""
"11001","2008-04-25","200",""
"11001","2008-04-26","222",""
"11001","2008-04-27","223",""
"11001","2008-04-28","244",""
"11001","2008-04-29","260",""
"11001","2008-04-30","284",""
"11001","2008-05-01","258",""
"11001","2008-05-02","235",""
"11001","2008-05-03","220",""
"11001","2008-05-04","209",""
"11001","2008-05-05","196",""
"11001","2008-05-06","193",""
"11001","2008-05-07","198",""
"11001","2008-05-08","197",""
"11001","2008-05-09","193",""
"11001","2008-05-10","194",""
"11001","2008-05-11","207",""
"11001","2008-05-12","214",""
"11001","2008-05-13","235",""
"11001","2008-05-14","304",""
"11001","2008-05-15","344",""
"11001","2008-05-16","373",""
"11001","2008-05-17","393",""
"11001","2008-05-18","402",""
"11001","2008-05-19","409",""
"11001","2008-05-20","431",""
"11001","2008-05-21","435",""
"11001","2008-05-22","439",""
"11001","2008-05-23","434",""
"11001","2008-05-24","441",""
"11001","2008-05-25","449",""
"11001","2008-05-26","455",""
"11001","2008-05-27","444",""
"11001","2008-05-28","424",""
"11001","2008-05-29","413",""
"11001","2008-05-30","416",""
"11001","2008-05-31","418",""
"11001","2008-06-01","416",""
"11001","2008-06-02","412",""
"11001","2008-06-03","413",""
"11001","2008-06-04","412",""
"11001","2008-06-05","405",""
"11001","2008-06-06","391",""
"11001","2008-06-07","380",""
"11001","2008-06-08","372",""
"11001","2008-06-09","360",""
"11001","2008-06-10","344",""
"11001","2008-06-11","331",""
"11001","2008-06-12","320",""
"11001","2008-06-13","314",""
"11001","2008-06-14","299",""
"11001","2008-06-15","283",""
"11001","2008-06-16","269",""
"11001","2008-06-17","256",""
"11001","2008-06-18","241",""
"11001","2008-06-19","234",""
"11001","2008-06-20","237",""
"11001","2008-06-21","236",""
"11001","2008-06-22","230",""
"11001","2008-06-23","222",""
"11001","2008-06-24","217",""
"11001","2008-06-25","214",""
"11001","2008-06-26","213",""
"11001","2008-06-27","206",""
"11001","2008-06-28","209",""
"11001","2008-06-29","207",""
"11001","2008-06-30","205",""
"11001","2008-07-01","204",""
"11001","2008-07-02","205",""
"11001","2008-07-03","202",""
"11001","2008-07-04","199",""
"11001","2008-07-05","198",""
"11001","2008-07-06","194",""
"11001","2008-07-07","186",""
"11001","2008-07-08","185",""
"11001","2008-07-09","187",""
"11001","2008-07-10","189",""
"11001","2008-07-11","193",""
"11001","2008-07-12","186",""
"11001","2008-07-13","181",""
"11001","2008-07-14","184",""
"11001","2008-07-15","180",""
"11001","2008-07-16","182",""
"11001","2008-07-17","180",""
"11001","2008-07-18","180",""
"11001","2008-07-19","177",""
"11001","2008-07-20","178",""
"11001","2008-07-21","176",""
"11001","2008-07-22","178",""
"11001","2008-07-23","175",""
"11001","2008-07-24","179",""
"11001","2008-07-25","180",""
"11001","2008-07-26","185",""
"11001","2008-07-27","212",""
"11001","2008-07-28","276",""
"11001","2008-07-29","257",""
"11001","2008-07-30","238",""
"11001","2008-07-31","226",""
"11001","2008-08-01","217",""
"11001","2008-08-02","210",""
"11001","2008-08-03","211",""
"11001","2008-08-04","206",""
"11001","2008-08-05","202",""
"11001","2008-08-06","201",""
"11001","2008-08-07","198",""
"11001","2008-08-08","198",""
"11001","2008-08-09","193",""
"11001","2008-08-10","190",""
"11001","2008-08-11","187",""
"11001","2008-08-12","184",""
"11001","2008-08-13","178",""
"11001","2008-08-14","176",""
"11001","2008-08-15","178",""
"11001","2008-08-16","177",""
"11001","2008-08-17","180",""
"11001","2008-08-18","183",""
"11001","2008-08-19","183",""
"11001","2008-08-20","185",""
"11001","2008-08-21","187",""
"11001","2008-08-22","185",""
"11001","2008-08-23","184",""
"11001","2008-08-24","181",""
"11001","2008-08-25","182",""
"11001","2008-08-26","180",""
"11001","2008-08-27","180",""
"11001","2008-08-28","186",""
"11001","2008-08-29","192",""
"11001","2008-08-30","195",""
"11001","2008-08-31","201",""
"11001","2008-09-01","196",""
"11001","2008-09-02","195",""
"11001","2008-09-03","191",""
"11001","2008-09-04","183",""
"11001","2008-09-05","185",""
"11001","2008-09-06","184",""
"11001","2008-09-07","188",""
"11001","2008-09-08","191",""
"11001","2008-09-09","191",""
"11001","2008-09-10","195",""
"11001","2008-09-11","199",""
"11001","2008-09-12","192",""
"11001","2008-09-13","190",""
"11001","2008-09-14","195",""
"11001","2008-09-15","197",""
"11001","2008-09-16","198",""
"11001","2008-09-17","201",""
"11001","2008-09-18","203",""
"11001","2008-09-19","209",""
"11001","2008-09-20","212",""
"11001","2008-09-21","226",""
"11001","2008-09-22","235",""
"11001","2008-09-23","231",""
"11001","2008-09-24","225",""
"11001","2008-09-25","218",""
"11001","2008-09-26","211",""
"11001","2008-09-27","207",""
"11001","2008-09-28","205",""
"11001","2008-09-29","205",""
"11001","2008-09-30","205",""
"11001","2008-10-01","202",""
"11001","2008-10-02","204",""
"11001","2008-10-03","204",""
"11001","2008-10-04","208",""
"11001","2008-10-05","210",""
"11001","2008-10-06","205",""
"11001","2008-10-07","205",""
"11001","2008-10-08","205",""
"11001","2008-10-09","196",""
"11001","2008-10-10","200",""
"11001","2008-10-11","198",""
"11001","2008-10-12","194",""
"11001","2008-10-13","192",""
"11001","2008-10-14","192",""
"11001","2008-10-15","192",""
"11001","2008-10-16","192",""
"11001","2008-10-17","194",""
"11001","2008-10-18","187",""
"11001","2008-10-19","187",""
"11001","2008-10-20","197",""
"11001","2008-10-21","195",""
"11001","2008-10-22","181",""
"11001","2008-10-23","184",""
"11001","2008-10-24","185",""
"11001","2008-10-25","186",""
"11001","2008-10-26","183",""
"11001","2008-10-27","179",""
"11001","2008-10-28","184",""
"11001","2008-10-29","185",""
"11001","2008-10-30","180",""
"11001","2008-10-31","176",""
"11001","2008-11-01","172",""
"11001","2008-11-02","164",""
"11001","2008-11-03","161",""
"11001","2008-11-04","162",""
"11001","2008-11-05","165",""
"11001","2008-11-06","163",""
"11001","2008-11-07","161",""
"11001","2008-11-08","162",""
"11001","2008-11-09","162",""
"11001","2008-11-10","168",""
"11001","2008-11-11","169",""
"11001","2008-11-12","169",""
"11001","2008-11-13","164",""
"11001","2008-11-14","160",""
"11001","2008-11-15","157",""
"11001","2008-11-16","153",""
"11001","2008-11-17","161",":"
"11001","2008-11-18","165","Ш"
"11001","2008-11-19","167","Ш"
"11001","2008-11-20","224","Z"
"11001","2008-11-21","221","I"
"11001","2008-11-22","220","I"
"11001","2008-11-23","225","I"
"11001","2008-11-24","220","I"
"11001","2008-11-25","213","I"
"11001","2008-11-26","213","I"
"11001","2008-11-27","213","I"
"11001","2008-11-28","216","I"
"11001","2008-11-29","215","I"
"11001","2008-11-30","208","I"
"11001","2008-12-01","203","I"
"11001","2008-12-02","195","I"
"11001","2008-12-03","185","I"
"11001","2008-12-04","181","I"
"11001","2008-12-05","178","I"
"11001","2008-12-06","175","I"
"11001","2008-12-07","178","I"
"11001","2008-12-08","182","I"
"11001","2008-12-09","183","I"
"11001","2008-12-10","182","I"
"11001","2008-12-11","184","I"
"11001","2008-12-12","183","I"
"11001","2008-12-13","184","I"
"11001","2008-12-14","183","I"
"11001","2008-12-15","180","I"
"11001","2008-12-16","177","I"
"11001","2008-12-17","178","I"
"11001","2008-12-18","181","I"
"11001","2008-12-19","175","I"
"11001","2008-12-20","175","I"
"11001","2008-12-21","177","I"
"11001","2008-12-22","177","I"
"11001","2008-12-23","177","I"
"11001","2008-12-24","180","I"
"11001","2008-12-25","185","I"
"11001","2008-12-26","190","I"
"11001","2008-12-27","188","I"
"11001","2008-12-28","188","I"
"11001","2008-12-29","186","I"
"11001","2008-12-30","184","I"
"11001","2008-12-31","182","I"
"11001","2009-01-01","182","I"
"11001","2009-01-02","183","I"
"11001","2009-01-03","184","I"
"11001","2009-01-04","187","I"
"11001","2009-01-05","185","I"
"11001","2009-01-06","186","I"
"11001","2009-01-07","186","I"
"11001","2009-01-08","186","I"
"11001","2009-01-09","187","I"
"11001","2009-01-10","188","I"
"11001","2009-01-11","189","I"
"11001","2009-01-12","188","I"
"11001","2009-01-13","186","I"
"11001","2009-01-14","188","I"
"11001","2009-01-15","193","I"
"11001","2009-01-16","196","I"
"11001","2009-01-17","195","I"
"11001","2009-01-18","193","I"
"11001","2009-01-19","195","I"
"11001","2009-01-20","197","I"
"11001","2009-01-21","198","I"
"11001","2009-01-22","198","I"
"11001","2009-01-23","196","I"
"11001","2009-01-24","197","I"
"11001","2009-01-25","197","I"
"11001","2009-01-26","198","I"
"11001","2009-01-27","201","I"
"11001","2009-01-28","205","I"
"11001","2009-01-29","203","I"
"11001","2009-01-30","200","I"
"11001","2009-01-31","199","I"
"11001","2009-02-01","197","I"
"11001","2009-02-02","199","I"
"11001","2009-02-03","199","I"
"11001","2009-02-04","200","I"
"11001","2009-02-05","198","I"
"11001","2009-02-06","201","I"
"11001","2009-02-07","202","I"
"11001","2009-02-08","201","I"
"11001","2009-02-09","201","I"
"11001","2009-02-10","202","I"
"11001","2009-02-11","201","I"
"11001","2009-02-12","201","I"
"11001","2009-02-13","200","I"
"11001","2009-02-14","195","I"
"11001","2009-02-15","195","I"
"11001","2009-02-16","199","I"
"11001","2009-02-17","202","I"
"11001","2009-02-18","204","I"
"11001","2009-02-19","205","I"
"11001","2009-02-20","202","I"
"11001","2009-02-21","201","I"
"11001","2009-02-22","202","I"
"11001","2009-02-23","207","I"
"11001","2009-02-24","205","I"
"11001","2009-02-25","204","I"
"11001","2009-02-26","204","I"
"11001","2009-02-27","202","I"
"11001","2009-02-28","200","I"
"11001","2009-03-01","208","I"
"11001","2009-03-02","208","I"
"11001","2009-03-03","208","I"
"11001","2009-03-04","205","I"
"11001","2009-03-05","205","I"
"11001","2009-03-06","204","I"
"11001","2009-03-07","204","I"
"11001","2009-03-08","205","I"
"11001","2009-03-09","206","I"
"11001","2009-03-10","208","I"
"11001","2009-03-11","208","I"
"11001","2009-03-12","209","I"
"11001","2009-03-13","206","I"
"11001","2009-03-14","205","I"
"11001","2009-03-15","207","I"
"11001","2009-03-16","208","("
"11001","2009-03-17","208","("
"11001","2009-03-18","208","("
"11001","2009-03-19","212","("
"11001","2009-03-20","215","("
"11001","2009-03-21","217","("
"11001","2009-03-22","219","("
"11001","2009-03-23","221","("
"11001","2009-03-24","231","("
"11001","2009-03-25","239","("
"11001","2009-03-26","240","("
"11001","2009-03-27","243","("
"11001","2009-03-28","247","("
"11001","2009-03-29","249","("
"11001","2009-03-30","253","("
"11001","2009-03-31","266","П"
"11001","2009-04-01","296","П"
"11001","2009-04-02","299",")Л"
"11001","2009-04-03","239",")Л"
"11001","2009-04-04","232",""
"11001","2009-04-05","244",""
"11001","2009-04-06","249",""
"11001","2009-04-07","250",""
"11001","2009-04-08","253",""
"11001","2009-04-09","261",""
"11001","2009-04-10","257",""
"11001","2009-04-11","262",""
"11001","2009-04-12","256",""
"11001","2009-04-13","251",""
"11001","2009-04-14","247",""
"11001","2009-04-15","255",""
"11001","2009-04-16","262",""
"11001","2009-04-17","266",""
"11001","2009-04-18","271",""
"11001","2009-04-19","263",""
"11001","2009-04-20","246",""
"11001","2009-04-21","234",""
"11001","2009-04-22","228",""
"11001","2009-04-23","230",""
"11001","2009-04-24","235",""
"11001","2009-04-25","239",""
"11001","2009-04-26","249",""
"11001","2009-04-27","264",""
"11001","2009-04-28","270",""
"11001","2009-04-29","269",""
"11001","2009-04-30","272",""
"11001","2009-05-01","265",""
"11001","2009-05-02","260",""
"11001","2009-05-03","255",""
"11001","2009-05-04","247",""
"11001","2009-05-05","253",""
"11001","2009-05-06","293",""
"11001","2009-05-07","322",""
"11001","2009-05-08","295",""
"11001","2009-05-09","279",""
"11001","2009-05-10","270",""
"11001","2009-05-11","257",""
"11001","2009-05-12","250",""
"11001","2009-05-13","248",""
"11001","2009-05-14","254",""
"11001","2009-05-15","274",""
"11001","2009-05-16","287",""
"11001","2009-05-17","297",""
"11001","2009-05-18","296",""
"11001","2009-05-19","305",""
"11001","2009-05-20","304",""
"11001","2009-05-21","322",""
"11001","2009-05-22","310",""
"11001","2009-05-23","297",""
"11001","2009-05-24","296",""
"11001","2009-05-25","284",""
"11001","2009-05-26","269",""
"11001","2009-05-27","258",""
"11001","2009-05-28","262",""
"11001","2009-05-29","263",""
"11001","2009-05-30","253",""
"11001","2009-05-31","246",""
"11001","2009-06-01","273",""
"11001","2009-06-02","300",""
"11001","2009-06-03","313",""
"11001","2009-06-04","312",""
"11001","2009-06-05","321",""
"11001","2009-06-06","332",""
"11001","2009-06-07","305",""
"11001","2009-06-08","291",""
"11001","2009-06-09","284",""
"11001","2009-06-10","285",""
"11001","2009-06-11","287",""
"11001","2009-06-12","294",""
"11001","2009-06-13","300",""
"11001","2009-06-14","316",""
"11001","2009-06-15","332",""
"11001","2009-06-16","322",""
"11001","2009-06-17","296",""
"11001","2009-06-18","274",""
"11001","2009-06-19","262",""
"11001","2009-06-20","260",""
"11001","2009-06-21","260",""
"11001","2009-06-22","269",""
"11001","2009-06-23","297",""
"11001","2009-06-24","313",""
"11001","2009-06-25","324",""
"11001","2009-06-26","249",""
"11001","2009-06-27","383",""
"11001","2009-06-28","364",""
"11001","2009-06-29","325",""
"11001","2009-06-30","309",""
"11001","2009-07-01","316",""
"11001","2009-07-02","361",""
"11001","2009-07-03","340",""
"11001","2009-07-04","339",""
"11001","2009-07-05","341",""
"11001","2009-07-06","331",""
"11001","2009-07-07","323",""
"11001","2009-07-08","319",""
"11001","2009-07-09","311",""
"11001","2009-07-10","305",""
"11001","2009-07-11","302",""
"11001","2009-07-12","294",""
"11001","2009-07-13","282",""
"11001","2009-07-14","278",""
"11001","2009-07-15","275",""
"11001","2009-07-16","272",""
"11001","2009-07-17","264",""
"11001","2009-07-18","257",""
"11001","2009-07-19","252",""
"11001","2009-07-20","250",""
"11001","2009-07-21","252",""
"11001","2009-07-22","254",""
"11001","2009-07-23","254",""
"11001","2009-07-24","250",""
"11001","2009-07-25","247",""
"11001","2009-07-26","240",""
"11001","2009-07-27","235",""
"11001","2009-07-28","231",""
"11001","2009-07-29","223",""
"11001","2009-07-30","218",""
"11001","2009-07-31","223",""
"11001","2009-08-01","232",""
"11001","2009-08-02","233",""
"11001","2009-08-03","228",""
"11001","2009-08-04","225",""
"11001","2009-08-05","223",""
"11001","2009-08-06","220",""
"11001","2009-08-07","216",""
"11001","2009-08-08","215",""
"11001","2009-08-09","214",""
"11001","2009-08-10","207",""
"11001","2009-08-11","206",""
"11001","2009-08-12","203",""
"11001","2009-08-13","199",""
"11001","2009-08-14","198",""
"11001","2009-08-15","204",""
"11001","2009-08-16","199",""
"11001","2009-08-17","197",""
"11001","2009-08-18","201",""
"11001","2009-08-19","197",""
"11001","2009-08-20","197",""
"11001","2009-08-21","192",""
"11001","2009-08-22","182",""
"11001","2009-08-23","179",""
"11001","2009-08-24","179",""
"11001","2009-08-25","186",""
"11001","2009-08-26","184",""
"11001","2009-08-27","187",""
"11001","2009-08-28","184",""
"11001","2009-08-29","182",""
"11001","2009-08-30","182",""
"11001","2009-08-31","187",""
"11001","2009-09-01","194",""
"11001","2009-09-02","201",""
"11001","2009-09-03","198",""
"11001","2009-09-04","204",""
"11001","2009-09-05","216",""
"11001","2009-09-06","226",""
"11001","2009-09-07","223",""
"11001","2009-09-08","218",""
"11001","2009-09-09","215",""
"11001","2009-09-10","216",""
"11001","2009-09-11","220",""
"11001","2009-09-12","221",""
"11001","2009-09-13","219",""
"11001","2009-09-14","223",""
"11001","2009-09-15","222",""
"11001","2009-09-16","221",""
"11001","2009-09-17","220",""
"11001","2009-09-18","220",""
"11001","2009-09-19","236",""
"11001","2009-09-20","262",""
"11001","2009-09-21","263",""
"11001","2009-09-22","251",""
"11001","2009-09-23","244",""
"11001","2009-09-24","239",""
"11001","2009-09-25","244",""
"11001","2009-09-26","255",""
"11001","2009-09-27","256",""
"11001","2009-09-28","247",""
"11001","2009-09-29","240",""
"11001","2009-09-30","240",""
"11001","2009-10-01","236",""
"11001","2009-10-02","233",""
"11001","2009-10-03","235",""
"11001","2009-10-04","232",""
"11001","2009-10-05","223",""
"11001","2009-10-06","220",""
"11001","2009-10-07","222",""
"11001","2009-10-08","222",""
"11001","2009-10-09","222",""
"11001","2009-10-10","219",""
"11001","2009-10-11","216",""
"11001","2009-10-12","213",""
"11001","2009-10-13","215",""
"11001","2009-10-14","214",""
"11001","2009-10-15","209",""
"11001","2009-10-16","206",""
"11001","2009-10-17","208",""
"11001","2009-10-18","206",""
"11001","2009-10-19","202",""
"11001","2009-10-20","202",""
"11001","2009-10-21","195",""
"11001","2009-10-22","197",""
"11001","2009-10-23","197",""
"11001","2009-10-24","193",""
"11001","2009-10-25","192",""
"11001","2009-10-26","192",""
"11001","2009-10-27","194",""
"11001","2009-10-28","198",""
"11001","2009-10-29","194",""
"11001","2009-10-30","189",""
"11001","2009-10-31","186",""
"11001","2009-11-01","188",""
"11001","2009-11-02","183",""
"11001","2009-11-03","178",""
"11001","2009-11-04","180",""
"11001","2009-11-05","185",""
"11001","2009-11-06","183",""
"11001","2009-11-07","194",""
"11001","2009-11-08","194",""
"11001","2009-11-09","190",""
"11001","2009-11-10","192","Ш"
"11001","2009-11-11","220","Ш"
"11001","2009-11-12","273","Z"
"11001","2009-11-13","265","Z"
"11001","2009-11-14","271","Z"
"11001","2009-11-15","282","Z"
"11001","2009-11-16","286","I"
"11001","2009-11-17","279","I"
"11001","2009-11-18","278","I"
"11001","2009-11-19","279","I"
"11001","2009-11-20","278","I"
"11001","2009-11-21","273","I"
"11001","2009-11-22","269","I"
"11001","2009-11-23","271","I"
"11001","2009-11-24","270","I"
"11001","2009-11-25","268","I"
"11001","2009-11-26","266","I"
"11001","2009-11-27","262","I"
"11001","2009-11-28","257","I"
"11001","2009-11-29","252","I"
"11001","2009-11-30","245","I"
"11001","2009-12-01","240","I"
"11001","2009-12-02","240","I"
"11001","2009-12-03","233","I"
"11001","2009-12-04","223","I"
"11001","2009-12-05","216","I"
"11001","2009-12-06","213","I"
"11001","2009-12-07","223","I"
"11001","2009-12-08","207","I"
"11001","2009-12-09","210","I"
"11001","2009-12-10","210","I"
"11001","2009-12-11","211","I"
"11001","2009-12-12","208","I"
"11001","2009-12-13","205","I"
"11001","2009-12-14","207","I"
"11001","2009-12-15","209","I"
"11001","2009-12-16","212","I"
"11001","2009-12-17","209","I"
"11001","2009-12-18","204","I"
"11001","2009-12-19","202","I"
"11001","2009-12-20","203","I"
"11001","2009-12-21","204","I"
"11001","2009-12-22","203","I"
"11001","2009-12-23","206","I"
"11001","2009-12-24","215","I"
"11001","2009-12-25","217","I"
"11001","2009-12-26","218","I"
"11001","2009-12-27","219","I"
"11001","2009-12-28","212","I"
"11001","2009-12-29","215","I"
"11001","2009-12-30","217","I"
"11001","2009-12-31","218","I"
"11001","2010-01-01","219","I"
"11001","2010-01-02","224","I"
"11001","2010-01-03","222","I"
"11001","2010-01-04","223","I"
"11001","2010-01-05","224","I"
"11001","2010-01-06","229","I"
"11001","2010-01-07","238","I"
"11001","2010-01-08","223","I"
"11001","2010-01-09","220","I"
"11001","2010-01-10","224","I"
"11001","2010-01-11","224","I"
"11001","2010-01-12","225","I"
"11001","2010-01-13","227","I"
"11001","2010-01-14","227","I"
"11001","2010-01-15","223","I"
"11001","2010-01-16","225","I"
"11001","2010-01-17","226","I"
"11001","2010-01-18","230","I"
"11001","2010-01-19","231","I"
"11001","2010-01-20","232","I"
"11001","2010-01-21","233","I"
"11001","2010-01-22","232","I"
"11001","2010-01-23","229","I"
"11001","2010-01-24","229","I"
"11001","2010-01-25","229","I"
"11001","2010-01-26","230","I"
"11001","2010-01-27","229","I"
"11001","2010-01-28","228","I"
"11001","2010-01-29","230","I"
"11001","2010-01-30","232","I"
"11001","2010-01-31","232","I"
"11001","2010-02-01","231","I"
"11001","2010-02-02","229","I"
"11001","2010-02-03","229","I"
"11001","2010-02-04","228","I"
"11001","2010-02-05","225","I"
"11001","2010-02-06","227","I"
"11001","2010-02-07","230","I"
"11001","2010-02-08","231","I"
"11001","2010-02-09","230","I"
"11001","2010-02-10","230","I"
"11001","2010-02-11","228","I"
"11001","2010-02-12","227","I"
"11001","2010-02-13","227","I"
"11001","2010-02-14","227","I"
"11001","2010-02-15","231","I"
"11001","2010-02-16","237","I"
"11001","2010-02-17","237","I"
"11001","2010-02-18","232","I"
"11001","2010-02-19","232","I"
"11001","2010-02-20","233","I"
"11001","2010-02-21","233","I"
"11001","2010-02-22","232","I"
"11001","2010-02-23","232","I"
"11001","2010-02-24","231","I"
"11001","2010-02-25","228","I"
"11001","2010-02-26","229","I"
"11001","2010-02-27","232","I"
"11001","2010-02-28","233","I"
"11001","2010-03-01","231","I"
"11001","2010-03-02","231","I"
"11001","2010-03-03","235","I"
"11001","2010-03-04","232","I"
"11001","2010-03-05","234","I"
"11001","2010-03-06","235","I"
"11001","2010-03-07","233","I"
"11001","2010-03-08","233","I"
"11001","2010-03-09","233","I"
"11001","2010-03-10","233","I"
"11001","2010-03-11","233","I"
"11001","2010-03-12","234","I"
"11001","2010-03-13","235","I"
"11001","2010-03-14","235","I"
"11001","2010-03-15","235","I"
"11001","2010-03-16","235","I"
"11001","2010-03-17","237","I"
"11001","2010-03-18","238","I"
"11001","2010-03-19","238","I"
"11001","2010-03-20","240","I"
"11001","2010-03-21","247","I"
"11001","2010-03-22","242","I"
"11001","2010-03-23","240","I"
"11001","2010-03-24","242","I"
"11001","2010-03-25","242","I"
"11001","2010-03-26","240","I"
"11001","2010-03-27","241","I"
"11001","2010-03-28","242","I"
"11001","2010-03-29","244","I"
"11001","2010-03-30","246","I"
"11001","2010-03-31","246","I"
"11001","2010-04-01","247","I"
"11001","2010-04-02","247","I"
"11001","2010-04-03","248","I"
"11001","2010-04-04","249","I"
"11001","2010-04-05","251","I"
"11001","2010-04-06","254","↑"
"11001","2010-04-07","252","↑"
"11001","2010-04-08","254","↑"
"11001","2010-04-09","258","↑"
"11001","2010-04-10","260","↑"
"11001","2010-04-11","261","↑"
"11001","2010-04-12","262","↑"
"11001","2010-04-13","264","↑"
"11001","2010-04-14","266","↑"
"11001","2010-04-15","268","↑"
"11001","2010-04-16","275","("
"11001","2010-04-17","284","("
"11001","2010-04-18","302","("
"11001","2010-04-19","321","("
"11001","2010-04-20","335","("
"11001","2010-04-21","369","ПР"
"11001","2010-04-22","512","<Л"
"11001","2010-04-23","334",")Л"
"11001","2010-04-24","327",")х"
"11001","2010-04-25","323",""
"11001","2010-04-26","325",""
"11001","2010-04-27","327",""
"11001","2010-04-28","336",""
"11001","2010-04-29","358",""
"11001","2010-04-30","383",""
"11001","2010-05-01","420",""
"11001","2010-05-02","446",""
"11001","2010-05-03","457",""
"11001","2010-05-04","451",""
"11001","2010-05-05","443",""
"11001","2010-05-06","445",""
"11001","2010-05-07","449",""
"11001","2010-05-08","456",""
"11001","2010-05-09","460",""
"11001","2010-05-10","459",""
"11001","2010-05-11","461",""
"11001","2010-05-12","468",""
"11001","2010-05-13","473",""
"11001","2010-05-14","467",""
"11001","2010-05-15","455",""
"11001","2010-05-16","437",""
"11001","2010-05-17","426",""
"11001","2010-05-18","420",""
"11001","2010-05-19","418",""
"11001","2010-05-20","415",""
"11001","2010-05-21","420",""
"11001","2010-05-22","425",""
"11001","2010-05-23","440",""
"11001","2010-05-24","466",""
"11001","2010-05-25","470",""
"11001","2010-05-26","446",""
"11001","2010-05-27","432",""
"11001","2010-05-28","439",""
"11001","2010-05-29","449",""
"11001","2010-05-30","458",""
"11001","2010-05-31","467",""
"11001","2010-06-01","478",""
"11001","2010-06-02","486",""
"11001","2010-06-03","498",""
"11001","2010-06-04","512",""
"11001","2010-06-05","518",""
"11001","2010-06-06","510",""
"11001","2010-06-07","507",""
"11001","2010-06-08","510",""
"11001","2010-06-09","512",""
"11001","2010-06-10","512",""
"11001","2010-06-11","513",""
"11001","2010-06-12","517",""
"11001","2010-06-13","523",""
"11001","2010-06-14","525",""
"11001","2010-06-15","522",""
"11001","2010-06-16","521",""
"11001","2010-06-17","520",""
"11001","2010-06-18","514",""
"11001","2010-06-19","514",""
"11001","2010-06-20","517",""
"11001","2010-06-21","5","20"
"11001","2010-06-22","518",""
"11001","2010-06-23","519",""
"11001","2010-06-24","521",""
"11001","2010-06-25","523",""
"11001","2010-06-26","518",""
"11001","2010-06-27","493",""
"11001","2010-06-28","472",""
"11001","2010-06-29","454",""
"11001","2010-06-30","444",""
"11001","2010-07-01","427",""
"11001","2010-07-02","398",""
"11001","2010-07-03","373",""
"11001","2010-07-04","356",""
"11001","2010-07-05","345",""
"11001","2010-07-06","340",""
"11001","2010-07-07","334",""
"11001","2010-07-08","329",""
"11001","2010-07-09","325",""
"11001","2010-07-10","321",""
"11001","2010-07-11","308",""
"11001","2010-07-12","282",""
"11001","2010-07-13","286",""
"11001","2010-07-14","286",""
"11001","2010-07-15","297",""
"11001","2010-07-16","297",""
"11001","2010-07-17","291",""
"11001","2010-07-18","286",""
"11001","2010-07-19","288",""
"11001","2010-07-20","274",""
"11001","2010-07-21","275",""
"11001","2010-07-22","277",""
"11001","2010-07-23","273",""
"11001","2010-07-24","272",""
"11001","2010-07-25","277",""
"11001","2010-07-26","287",""
"11001","2010-07-27","287",""
"11001","2010-07-28","282",""
"11001","2010-07-29","281",""
"11001","2010-07-30","278",""
"11001","2010-07-31","278",""
"11001","2010-08-01","269",""
"11001","2010-08-02","236",""
"11001","2010-08-03","241",""
"11001","2010-08-04","268",""
"11001","2010-08-05","304",""
"11001","2010-08-06","287",""
"11001","2010-08-07","274",""
"11001","2010-08-08","251",""
"11001","2010-08-09","244",""
"11001","2010-08-10","246",""
"11001","2010-08-11","256",""
"11001","2010-08-12","238",""
"11001","2010-08-13","253",""
"11001","2010-08-14","285",""
"11001","2010-08-15","289",""
"11001","2010-08-16","283",""
"11001","2010-08-17","265",""
"11001","2010-08-18","252",""
"11001","2010-08-19","237",""
"11001","2010-08-20","240",""
"11001","2010-08-21","238",""
"11001","2010-08-22","237",""
"11001","2010-08-23","234",""
"11001","2010-08-24","224",""
"11001","2010-08-25","227",""
"11001","2010-08-26","224",""
"11001","2010-08-27","219",""
"11001","2010-08-28","216",""
"11001","2010-08-29","211",""
"11001","2010-08-30","215",""
"11001","2010-08-31","221",""
"11001","2010-09-01","210",""
"11001","2010-09-02","209",""
"11001","2010-09-03","218",""
"11001","2010-09-04","217",""
"11001","2010-09-05","214",""
"11001","2010-09-06","220",""
"11001","2010-09-07","219",""
"11001","2010-09-08","216",""
"11001","2010-09-09","228",""
"11001","2010-09-10","228",""
"11001","2010-09-11","223",""
"11001","2010-09-12","213",""
"11001","2010-09-13","212",""
"11001","2010-09-14","217",""
"11001","2010-09-15","224",""
"11001","2010-09-16","228",""
"11001","2010-09-17","226",""
"11001","2010-09-18","217",""
"11001","2010-09-19","216",""
"11001","2010-09-20","219",""
"11001","2010-09-21","228",""
"11001","2010-09-22","224",""
"11001","2010-09-23","226",""
"11001","2010-09-24","223",""
"11001","2010-09-25","216",""
"11001","2010-09-26","210",""
"11001","2010-09-27","210",""
"11001","2010-09-28","207",""
"11001","2010-09-29","204",""
"11001","2010-09-30","206",""
"11001","2010-10-01","210",""
"11001","2010-10-02","211",""
"11001","2010-10-03","212",""
"11001","2010-10-04","214",""
"11001","2010-10-05","208",""
"11001","2010-10-06","201",""
"11001","2010-10-07","201",""
"11001","2010-10-08","199",""
"11001","2010-10-09","196",""
"11001","2010-10-10","168",""
"11001","2010-10-11","203",""
"11001","2010-10-12","195",""
"11001","2010-10-13","197",""
"11001","2010-10-14","199",""
"11001","2010-10-15","195",""
"11001","2010-10-16","196",""
"11001","2010-10-17","194",""
"11001","2010-10-18","194",""
"11001","2010-10-19","190",""
"11001","2010-10-20","199",""
"11001","2010-10-21","217",""
"11001","2010-10-22","223",""
"11001","2010-10-23","215",""
"11001","2010-10-24","183",""
"11001","2010-10-25","171",""
"11001","2010-10-26","166",""
"11001","2010-10-27","167",""
"11001","2010-10-28","170",""
"11001","2010-10-29","169",""
"11001","2010-10-30","171",""
"11001","2010-10-31","180",""
"11001","2010-11-01","177",""
"11001","2010-11-02","174",""
"11001","2010-11-03","174",""
"11001","2010-11-04","173",""
"11001","2010-11-05","174",""
"11001","2010-11-06","177",""
"11001","2010-11-07","176",""
"11001","2010-11-08","177",""
"11001","2010-11-09","178",""
"11001","2010-11-10","178",""
"11001","2010-11-11","177",""
"11001","2010-11-12","176",""
"11001","2010-11-13","177",""
"11001","2010-11-14","173",""
"11001","2010-11-15","170",""
"11001","2010-11-16","170",""
"11001","2010-11-17","180",""
"11001","2010-11-18","191",""
"11001","2010-11-19","194",""
"11001","2010-11-20","192","Ш"
"11001","2010-11-21","190","Ш"
"11001","2010-11-22","229","Z"
"11001","2010-11-23","213","Z"
"11001","2010-11-24","209","I"
"11001","2010-11-25","222","I"
"11001","2010-11-26","234","I"
"11001","2010-11-27","244","I"
"11001","2010-11-28","245","I"
"11001","2010-11-29","243","I"
"11001","2010-11-30","237","I"
"11001","2010-12-01","235","I"
"11001","2010-12-02","219","I"
"11001","2010-12-03","199","I"
"11001","2010-12-04","192","I"
"11001","2010-12-05","191","I"
"11001","2010-12-06","187","I"
"11001","2010-12-07","187","I"
"11001","2010-12-08","190","I"
"11001","2010-12-09","193","I"
"11001","2010-12-10","192","I"
"11001","2010-12-11","196","I"
"11001","2010-12-12","197","I"
"11001","2010-12-13","203","I"
"11001","2010-12-14","204","I"
"11001","2010-12-15","205","I"
"11001","2010-12-16","205","I"
"11001","2010-12-17","201","I"
"11001","2010-12-18","201","I"
"11001","2010-12-19","207","I"
"11001","2010-12-20","216","I"
"11001","2010-12-21","228","I"
"11001","2010-12-22","234","I"
"11001","2010-12-23","235","I"
"11001","2010-12-24","230","I"
"11001","2010-12-25","215","I"
"11001","2010-12-26","207","I"
"11001","2010-12-27","206","I"
"11001","2010-12-28","206","I"
"11001","2010-12-29","204","I"
"11001","2010-12-30","205","I"
"11001","2010-12-31","205","I"
"11001","2011-01-01","202","I"
"11001","2011-01-02","201","I"
"11001","2011-01-03","202","I"
"11001","2011-01-04","202","I"
"11001","2011-01-05","202","I"
"11001","2011-01-06","200","I"
"11001","2011-01-07","203","I"
"11001","2011-01-08","198","I"
"11001","2011-01-09","198","I"
"11001","2011-01-10","202","I"
"11001","2011-01-11","200","I"
"11001","2011-01-12","201","I"
"11001","2011-01-13","200","I"
"11001","2011-01-14","200","I"
"11001","2011-01-15","201","I"
"11001","2011-01-16","201","I"
"11001","2011-01-17","203","I"
"11001","2011-01-18","204","I"
"11001","2011-01-19","205","I"
"11001","2011-01-20","204","I"
"11001","2011-01-21","206","I"
"11001","2011-01-22","205","I"
"11001","2011-01-23","204","I"
"11001","2011-01-24","205","I"
"11001","2011-01-25","205","I"
"11001","2011-01-26","206","I"
"11001","2011-01-27","208","I"
"11001","2011-01-28","209","I"
"11001","2011-01-29","211","I"
"11001","2011-01-30","210","I"
"11001","2011-01-31","210","I"
"11001","2011-02-01","211","I"
"11001","2011-02-02","212","I"
"11001","2011-02-03","213","I"
"11001","2011-02-04","214","I"
"11001","2011-02-05","217","I"
"11001","2011-02-06","225","I"
"11001","2011-02-07","225","I"
"11001","2011-02-08","226","I"
"11001","2011-02-09","225","I"
"11001","2011-02-10","222","I"
"11001","2011-02-11","219","I"
"11001","2011-02-12","218","I"
"11001","2011-02-13","218","I"
"11001","2011-02-14","218","I"
"11001","2011-02-15","215","I"
"11001","2011-02-16","215","I"
"11001","2011-02-17","215","I"
"11001","2011-02-18","222","I"
"11001","2011-02-19","222","I"
"11001","2011-02-20","223","I"
"11001","2011-02-21","222","I"
"11001","2011-02-22","222","I"
"11001","2011-02-23","224","I"
"11001","2011-02-24","223","I"
"11001","2011-02-25","223","I"
"11001","2011-02-26","223","I"
"11001","2011-02-27","223","I"
"11001","2011-02-28","223","I"
"11001","2011-03-01","224","I"
"11001","2011-03-02","224","I"
"11001","2011-03-03","223","I"
"11001","2011-03-04","224","I"
"11001","2011-03-05","225","I"
"11001","2011-03-06","226","I"
"11001","2011-03-07","228","I"
"11001","2011-03-08","230","I"
"11001","2011-03-09","231","I"
"11001","2011-03-10","232","I"
"11001","2011-03-11","238","I"
"11001","2011-03-12","239","I"
"11001","2011-03-13","239","I"
"11001","2011-03-14","240","I"
"11001","2011-03-15","240","I"
"11001","2011-03-16","246","I"
"11001","2011-03-17","246","I"
"11001","2011-03-18","337","↑"
"11001","2011-03-19","255","↑"
"11001","2011-03-20","256","↑"
"11001","2011-03-21","251","↑"
"11001","2011-03-22","249","↑"
"11001","2011-03-23","249","↑"
"11001","2011-03-24","251","↑"
"11001","2011-03-25","254","↑"
"11001","2011-03-26","258","↑"
"11001","2011-03-27","257","↑"
"11001","2011-03-28","254","↑"
"11001","2011-03-29","256","↑"
"11001","2011-03-30","256","↑"
"11001","2011-03-31","256","↑"
"11001","2011-04-01","259","↑"
"11001","2011-04-02","263","("
"11001","2011-04-03","267","("
"11001","2011-04-04","277","("
"11001","2011-04-05","287","("
"11001","2011-04-06","293","("
"11001","2011-04-07","293","("
"11001","2011-04-08","295","("
"11001","2011-04-09","293","("
"11001","2011-04-10","296","ПР"
"11001","2011-04-11","324","Л"
"11001","2011-04-12","316","Л"
"11001","2011-04-13","322",""
"11001","2011-04-14","302",""
"11001","2011-04-15","276",""
"11001","2011-04-16","275",""
"11001","2011-04-17","293",""
"11001","2011-04-18","308",""
"11001","2011-04-19","338",""
"11001","2011-04-20","337",""
"11001","2011-04-21","336",""
"11001","2011-04-22","330",""
"11001","2011-04-23","332",""
"11001","2011-04-24","358",""
"11001","2011-04-25","366",""
"11001","2011-04-26","363",""
"11001","2011-04-27","356",""
"11001","2011-04-28","358",""
"11001","2011-04-29","362",""
"11001","2011-04-30","341",""
"11001","2011-05-01","342",""
"11001","2011-05-02","335",""
"11001","2011-05-03","329",""
"11001","2011-05-04","321",""
"11001","2011-05-05","315",""
"11001","2011-05-06","311",""
"11001","2011-05-07","298",""
"11001","2011-05-08","282",""
"11001","2011-05-09","274",""
"11001","2011-05-10","269",""
"11001","2011-05-11","259",""
"11001","2011-05-12","249",""
"11001","2011-05-13","242",""
"11001","2011-05-14","239",""
"11001","2011-05-15","239",""
"11001","2011-05-16","239",""
"11001","2011-05-17","266",""
"11001","2011-05-18","300",""
"11001","2011-05-19","340",""
"11001","2011-05-20","326",""
"11001","2011-05-21","308",""
"11001","2011-05-22","292",""
"11001","2011-05-23","288",""
"11001","2011-05-24","288",""
"11001","2011-05-25","280",""
"11001","2011-05-26","278",""
"11001","2011-05-27","278",""
"11001","2011-05-28","278",""
"11001","2011-05-29","270",""
"11001","2011-05-30","273",""
"11001","2011-05-31","270",""
"11001","2011-06-01","273",""
"11001","2011-06-02","275",""
"11001","2011-06-03","265",""
"11001","2011-06-04","263",""
"11001","2011-06-05","286",""
"11001","2011-06-06","305",""
"11001","2011-06-07","310",""
"11001","2011-06-08","319",""
"11001","2011-06-09","314",""
"11001","2011-06-10","299",""
"11001","2011-06-11","302",""
"11001","2011-06-12","298",""
"11001","2011-06-13","300",""
"11001","2011-06-14","304",""
"11001","2011-06-15","311",""
"11001","2011-06-16","300",""
"11001","2011-06-17","302",""
"11001","2011-06-18","313",""
"11001","2011-06-19","324",""
"11001","2011-06-20","330",""
"11001","2011-06-21","325",""
"11001","2011-06-22","335",""
"11001","2011-06-23","342",""
"11001","2011-06-24","346",""
"11001","2011-06-25","349",""
"11001","2011-06-26","350",""
"11001","2011-06-27","325",""
"11001","2011-06-28","306",""
"11001","2011-06-29","310",""
"11001","2011-06-30","322",""
"11001","2011-07-01","322",""
"11001","2011-07-02","312",""
"11001","2011-07-03","315",""
"11001","2011-07-04","327",""
"11001","2011-07-05","329",""
"11001","2011-07-06","324",""
"11001","2011-07-07","305",""
"11001","2011-07-08","284",""
"11001","2011-07-09","274",""
"11001","2011-07-10","257",""
"11001","2011-07-11","254",""
"11001","2011-07-12","246",""
"11001","2011-07-13","239",""
"11001","2011-07-14","235",""
"11001","2011-07-15","231",""
"11001","2011-07-16","223",""
"11001","2011-07-17","223",""
"11001","2011-07-18","227",""
"11001","2011-07-19","232",""
"11001","2011-07-20","231",""
"11001","2011-07-21","221",""
"11001","2011-07-22","214",""
"11001","2011-07-23","220",""
"11001","2011-07-24","221",""
"11001","2011-07-25","224",""
"11001","2011-07-26","226",""
"11001","2011-07-27","222",""
"11001","2011-07-28","217",""
"11001","2011-07-29","218",""
"11001","2011-07-30","211",""
"11001","2011-07-31","204",""
"11001","2011-08-01","202",""
"11001","2011-08-02","204",""
"11001","2011-08-03","204",""
"11001","2011-08-04","201",""
"11001","2011-08-05","191",""
"11001","2011-08-06","193",""
"11001","2011-08-07","190",""
"11001","2011-08-08","195",""
"11001","2011-08-09","195",""
"11001","2011-08-10","204",""
"11001","2011-08-11","204",""
"11001","2011-08-12","221",""
"11001","2011-08-13","224",""
"11001","2011-08-14","223",""
"11001","2011-08-15","224",""
"11001","2011-08-16","223",""
"11001","2011-08-17","206",""
"11001","2011-08-18","208",""
"11001","2011-08-19","214",""
"11001","2011-08-20","209",""
"11001","2011-08-21","203",""
"11001","2011-08-22","203",""
"11001","2011-08-23","195",""
"11001","2011-08-24","205",""
"11001","2011-08-25","191",""
"11001","2011-08-26","182",""
"11001","2011-08-27","182",""
"11001","2011-08-28","185",""
"11001","2011-08-29","189",""
"11001","2011-08-30","190",""
"11001","2011-08-31","190",""
"11001","2011-09-01","192",""
"11001","2011-09-02","199",""
"11001","2011-09-03","198",""
"11001","2011-09-04","195",""
"11001","2011-09-05","197",""
"11001","2011-09-06","196",""
"11001","2011-09-07","190",""
"11001","2011-09-08","186",""
"11001","2011-09-09","188",""
"11001","2011-09-10","199",""
"11001","2011-09-11","193",""
"11001","2011-09-12","187",""
"11001","2011-09-13","194",""
"11001","2011-09-14","189",""
"11001","2011-09-15","180",""
"11001","2011-09-16","177",""
"11001","2011-09-17","181",""
"11001","2011-09-18","187",""
"11001","2011-09-19","189",""
"11001","2011-09-20","188",""
"11001","2011-09-21","183",""
"11001","2011-09-22","185",""
"11001","2011-09-23","190",""
"11001","2011-09-24","191",""
"11001","2011-09-25","192",""
"11001","2011-09-26","192",""
"11001","2011-09-27","187",""
"11001","2011-09-28","184",""
"11001","2011-09-29","184",""
"11001","2011-09-30","183",""
"11001","2011-10-01","182",""
"11001","2011-10-02","186",""
"11001","2011-10-03","195",""
"11001","2011-10-04","192",""
"11001","2011-10-05","191",""
"11001","2011-10-06","191",""
"11001","2011-10-07","188",""
"11001","2011-10-08","187",""
"11001","2011-10-09","187",""
"11001","2011-10-10","189",""
"11001","2011-10-11","191",""
"11001","2011-10-12","186",""
"11001","2011-10-13","186",""
"11001","2011-10-14","186",""
"11001","2011-10-15","178",""
"11001","2011-10-16","188",""
"11001","2011-10-17","183",""
"11001","2011-10-18","186",""
"11001","2011-10-19","188",""
"11001","2011-10-20","189",""
"11001","2011-10-21","188",""
"11001","2011-10-22","184",""
"11001","2011-10-23","182",""
"11001","2011-10-24","181",""
"11001","2011-10-25","179",""
"11001","2011-10-26","174",""
"11001","2011-10-27","171",""
"11001","2011-10-28","167",""
"11001","2011-10-29","169",""
"11001","2011-10-30","170",""
"11001","2011-10-31","172",""
"11001","2011-11-01","174",""
"11001","2011-11-02","176",""
"11001","2011-11-03","176",""
"11001","2011-11-04","177",""
"11001","2011-11-05","178",""
"11001","2011-11-06","177",""
"11001","2011-11-07","178",""
"11001","2011-11-08","176",""
"11001","2011-11-09","177",""
"11001","2011-11-10","179",""
"11001","2011-11-11","177",""
"11001","2011-11-12","179",""
"11001","2011-11-13","178",""
"11001","2011-11-14","176",""
"11001","2011-11-15","177",""
"11001","2011-11-16","178",""
"11001","2011-11-17","178",""
"11001","2011-11-18","179",""
"11001","2011-11-19","177",""
"11001","2011-11-20","184",""
"11001","2011-11-21","191",""
"11001","2011-11-22","197",""
"11001","2011-11-23","199",""
"11001","2011-11-24","201",""
"11001","2011-11-25","199",""
"11001","2011-11-26","197",""
"11001","2011-11-27","191",""
"11001","2011-11-28","189",""
"11001","2011-11-29","187",""
"11001","2011-11-30","188",""
"11001","2011-12-01","191",")"
"11001","2011-12-02","196",")"
"11001","2011-12-03","188",")"
"11001","2011-12-04","186",")"
"11001","2011-12-05","200",")"
"11001","2011-12-06","254","Ш"
"11001","2011-12-07","250","ZШ"
"11001","2011-12-08","237","ZШ"
"11001","2011-12-09","226","I"
"11001","2011-12-10","227","I"
"11001","2011-12-11","240","I"
"11001","2011-12-12","262","I"
"11001","2011-12-13","267","I"
"11001","2011-12-14","269","I"
"11001","2011-12-15","270","I"
"11001","2011-12-16","267","I"
"11001","2011-12-17","262","I"
"11001","2011-12-18","262","I"
"11001","2011-12-19","258","I"
"11001","2011-12-20","245","I"
"11001","2011-12-21","232","I"
"11001","2011-12-22","219","I"
"11001","2011-12-23","214","I"
"11001","2011-12-24","209","I"
"11001","2011-12-25","205","I"
"11001","2011-12-26","200","I"
"11001","2011-12-27","194","I"
"11001","2011-12-28","189","I"
"11001","2011-12-29","192","I"
"11001","2011-12-30","195","I"
"11001","2011-12-31","198","I"
"11001","2012-01-01","199","_I"
"11001","2012-01-02","200","I"
"11001","2012-01-03","202","I"
"11001","2012-01-04","203","I"
"11001","2012-01-05","205","I"
"11001","2012-01-06","207","I"
"11001","2012-01-07","210","I"
"11001","2012-01-08","211","I"
"11001","2012-01-09","212","I"
"11001","2012-01-10","210","I"
"11001","2012-01-11","210","I"
"11001","2012-01-12","213","I"
"11001","2012-01-13","211","I"
"11001","2012-01-14","213","I"
"11001","2012-01-15","211","I"
"11001","2012-01-16","209","I"
"11001","2012-01-17","208","I"
"11001","2012-01-18","206","I"
"11001","2012-01-19","206","I"
"11001","2012-01-20","208","I"
"11001","2012-01-21","210","I"
"11001","2012-01-22","211","I"
"11001","2012-01-23","213","I"
"11001","2012-01-24","218","I"
"11001","2012-01-25","225","I"
"11001","2012-01-26","227","I"
"11001","2012-01-27","228","I"
"11001","2012-01-28","229","I"
"11001","2012-01-29","230","I"
"11001","2012-01-30","230","^I"
"11001","2012-01-31","228","I"
"11001","2012-02-01","219","I"
"11001","2012-02-02","211","I"
"11001","2012-02-03","208","I"
"11001","2012-02-04","206","I"
"11001","2012-02-05","206","I"
"11001","2012-02-06","206","_I"
"11001","2012-02-07","208","I"
"11001","2012-02-08","213","I"
"11001","2012-02-09","218","I"
"11001","2012-02-10","221","I"
"11001","2012-02-11","227","I"
"11001","2012-02-12","229","I"
"11001","2012-02-13","230","I"
"11001","2012-02-14","230","I"
"11001","2012-02-15","228","I"
"11001","2012-02-16","225","I"
"11001","2012-02-17","225","I"
"11001","2012-02-18","227","I"
"11001","2012-02-19","229","I"
"11001","2012-02-20","232","I"
"11001","2012-02-21","234","I"
"11001","2012-02-22","236","I"
"11001","2012-02-23","239","I"
"11001","2012-02-24","243","I"
"11001","2012-02-25","247","I"
"11001","2012-02-26","254","I"
"11001","2012-02-27","258","^I"
"11001","2012-02-28","258","^I"
"11001","2012-02-29","257","I"
"11001","2012-03-01","255","I"
"11001","2012-03-02","255","I"
"11001","2012-03-03","253","_I"
"11001","2012-03-04","255","I"
"11001","2012-03-05","255","I"
"11001","2012-03-06","257","I"
"11001","2012-03-07","259","I"
"11001","2012-03-08","261","I"
"11001","2012-03-09","262","I"
"11001","2012-03-10","261","I"
"11001","2012-03-11","263","I"
"11001","2012-03-12","265","I"
"11001","2012-03-13","267","I"
"11001","2012-03-14","268","I"
"11001","2012-03-15","270","I"
"11001","2012-03-16","272","I"
"11001","2012-03-17","272","I"
"11001","2012-03-18","272","I"
"11001","2012-03-19","274","("
"11001","2012-03-20","276","("
"11001","2012-03-21","277","("
"11001","2012-03-22","277","("
"11001","2012-03-23","278","("
"11001","2012-03-24","280","("
"11001","2012-03-25","281","("
"11001","2012-03-26","282","("
"11001","2012-03-27","285","("
"11001","2012-03-28","291","("
"11001","2012-03-29","293","^("
"11001","2012-03-30","293","^("
"11001","2012-03-31","293","^("
"11001","2012-04-01","291","("
"11001","2012-04-02","290","("
"11001","2012-04-03","293","ПР"
"11001","2012-04-04","323","ПР"
"11001","2012-04-05","344","^<"
"11001","2012-04-06","267","Л"
"11001","2012-04-07","239",""
"11001","2012-04-08","207",""
"11001","2012-04-09","199",""
"11001","2012-04-10","198",""
"11001","2012-04-11","195",""
"11001","2012-04-12","193",""
"11001","2012-04-13","192",""
"11001","2012-04-14","193","_"
"11001","2012-04-15","195",""
"11001","2012-04-16","203",""
"11001","2012-04-17","201",""
"11001","2012-04-18","211",""
"11001","2012-04-19","227",""
"11001","2012-04-20","217",""
"11001","2012-04-21","226",""
"11001","2012-04-22","226",""
"11001","2012-04-23","222",""
"11001","2012-04-24","220",""
"11001","2012-04-25","206",""
"11001","2012-04-26","213",""
"11001","2012-04-27","203",""
"11001","2012-04-28","192",""
"11001","2012-04-29","191",""
"11001","2012-04-30","201",""
"11001","2012-05-01","211",""
"11001","2012-05-02","209",""
"11001","2012-05-03","203",""
"11001","2012-05-04","198",""
"11001","2012-05-05","195",""
"11001","2012-05-06","205",""
"11001","2012-05-07","216",""
"11001","2012-05-08","235",""
"11001","2012-05-09","236",""
"11001","2012-05-10","224",""
"11001","2012-05-11","214",""
"11001","2012-05-12","204",""
"11001","2012-05-13","189",""
"11001","2012-05-14","184",""
"11001","2012-05-15","181",""
"11001","2012-05-16","180","_"
"11001","2012-05-17","183",""
"11001","2012-05-18","188",""
"11001","2012-05-19","199",""
"11001","2012-05-20","215",""
"11001","2012-05-21","234",""
"11001","2012-05-22","239",""
"11001","2012-05-23","231",""
"11001","2012-05-24","217",""
"11001","2012-05-25","212",""
"11001","2012-05-26","207",""
"11001","2012-05-27","205",""
"11001","2012-05-28","216",""
"11001","2012-05-29","218",""
"11001","2012-05-30","220",""
"11001","2012-05-31","245","^"
"11001","2012-06-01","248",""
"11001","2012-06-02","249",""
"11001","2012-06-03","255",""
"11001","2012-06-04","257",""
"11001","2012-06-05","265",""
"11001","2012-06-06","282","^"
"11001","2012-06-07","276",""
"11001","2012-06-08","272",""
"11001","2012-06-09","270",""
"11001","2012-06-10","276",""
"11001","2012-06-11","266",""
"11001","2012-06-12","259",""
"11001","2012-06-13","247","_"
"11001","2012-06-14","252",""
"11001","2012-06-15","263",""
"11001","2012-06-16","266",""
"11001","2012-06-17","285",""
"11001","2012-06-18","275",""
"11001","2012-06-19","270",""
"11001","2012-06-20","304",""
"11001","2012-06-21","289",""
"11001","2012-06-22","277",""
"11001","2012-06-23","275",""
"11001","2012-06-24","276",""
"11001","2012-06-25","274",""
"11001","2012-06-26","268",""
"11001","2012-06-27","267",""
"11001","2012-06-28","260",""
"11001","2012-06-29","259",""
"11001","2012-06-30","254",""
"11001","2012-07-01","240",""
"11001","2012-07-02","234",""
"11001","2012-07-03","228",""
"11001","2012-07-04","228",""
"11001","2012-07-05","222",""
"11001","2012-07-06","221",""
"11001","2012-07-07","231",""
"11001","2012-07-08","231",""
"11001","2012-07-09","220",""
"11001","2012-07-10","241",""
"11001","2012-07-11","240",""
"11001","2012-07-12","233",""
"11001","2012-07-13","223",""
"11001","2012-07-14","208",""
"11001","2012-07-15","206",""
"11001","2012-07-16","208",""
"11001","2012-07-17","244",""
"11001","2012-07-18","292","^"
"11001","2012-07-19","276",""
"11001","2012-07-20","262",""
"11001","2012-07-21","256",""
"11001","2012-07-22","252",""
"11001","2012-07-23","263",""
"11001","2012-07-24","244",""
"11001","2012-07-25","220",""
"11001","2012-07-26","206",""
"11001","2012-07-27","205",""
"11001","2012-07-28","206",""
"11001","2012-07-29","204",""
"11001","2012-07-30","203",""
"11001","2012-07-31","202","_"
"11001","2012-08-01","211",""
"11001","2012-08-02","218",""
"11001","2012-08-03","223",""
"11001","2012-08-04","219",""
"11001","2012-08-05","212",""
"11001","2012-08-06","214",""
"11001","2012-08-07","214",""
"11001","2012-08-08","214",""
"11001","2012-08-09","211",""
"11001","2012-08-10","208",""
"11001","2012-08-11","209",""
"11001","2012-08-12","219",""
"11001","2012-08-13","228",""
"11001","2012-08-14","249",""
"11001","2012-08-15","253",""
"11001","2012-08-16","257",""
"11001","2012-08-17","242",""
"11001","2012-08-18","229",""
"11001","2012-08-19","229",""
"11001","2012-08-20","238",""
"11001","2012-08-21","235",""
"11001","2012-08-22","233",""
"11001","2012-08-23","211",""
"11001","2012-08-24","201",""
"11001","2012-08-25","196",""
"11001","2012-08-26","192",""
"11001","2012-08-27","192",""
"11001","2012-08-28","192","_"
"11001","2012-08-29","194",""
"11001","2012-08-30","208",""
"11001","2012-08-31","255","^"
"11001","2012-09-01","322","^"
"11001","2012-09-02","320",""
"11001","2012-09-03","303",""
"11001","2012-09-04","292",""
"11001","2012-09-05","285",""
"11001","2012-09-06","278",""
"11001","2012-09-07","285",""
"11001","2012-09-08","288",""
"11001","2012-09-09","284",""
"11001","2012-09-10","276",""
"11001","2012-09-11","260",""
"11001","2012-09-12","258",""
"11001","2012-09-13","251",""
"11001","2012-09-14","251",""
"11001","2012-09-15","242",""
"11001","2012-09-16","240",""
"11001","2012-09-17","248",""
"11001","2012-09-18","239",""
"11001","2012-09-19","241",""
"11001","2012-09-20","238",""
"11001","2012-09-21","242",""
"11001","2012-09-22","243",""
"11001","2012-09-23","228",""
"11001","2012-09-24","214",""
"11001","2012-09-25","203",""
"11001","2012-09-26","204",""
"11001","2012-09-27","203",""
"11001","2012-09-28","208",""
"11001","2012-09-29","204",""
"11001","2012-09-30","201","_"
"11001","2012-10-01","202",""
"11001","2012-10-02","202",""
"11001","2012-10-03","200",""
"11001","2012-10-04","197",""
"11001","2012-10-05","203",""
"11001","2012-10-06","202",""
"11001","2012-10-07","202",""
"11001","2012-10-08","205","^"
"11001","2012-10-09","204",""
"11001","2012-10-10","198",""
"11001","2012-10-11","195",""
"11001","2012-10-12","194",""
"11001","2012-10-13","196",""
"11001","2012-10-14","196",""
"11001","2012-10-15","195",""
"11001","2012-10-16","197",""
"11001","2012-10-17","195",""
"11001","2012-10-18","186",""
"11001","2012-10-19","184",""
"11001","2012-10-20","179","_"
"11001","2012-10-21","182",""
"11001","2012-10-22","180",""
"11001","2012-10-23","183",""
"11001","2012-10-24","190",""
"11001","2012-10-25","192",""
"11001","2012-10-26","188",""
"11001","2012-10-27","186",""
"11001","2012-10-28","187",""
"11001","2012-10-29","187",""
"11001","2012-10-30","187",""
"11001","2012-10-31","188",""
"11001","2012-11-01","192",""
"11001","2012-11-02","187",""
"11001","2012-11-03","183",""
"11001","2012-11-04","181",""
"11001","2012-11-05","184",""
"11001","2012-11-06","184",""
"11001","2012-11-07","189",""
"11001","2012-11-08","197","Ш"
"11001","2012-11-09","194","Ш"
"11001","2012-11-10","182","_Ш"
"11001","2012-11-11","195","Ш"
"11001","2012-11-12","198","Ш"
"11001","2012-11-13","205","Ш"
"11001","2012-11-14","232","Ш"
"11001","2012-11-15","240","Ш"
"11001","2012-11-16","247","Ш"
"11001","2012-11-17","254","Ш"
"11001","2012-11-18","261","Ш"
"11001","2012-11-19","265","^Ш"
"11001","2012-11-20","263","Ш"
"11001","2012-11-21","257","ZШ"
"11001","2012-11-22","246","ZШ"
"11001","2012-11-23","238","ZШ"
"11001","2012-11-24","230","ZШ"
"11001","2012-11-25","233","ZШ"
"11001","2012-11-26","230","ZШ"
"11001","2012-11-27","225","ZШ"
"11001","2012-11-28","232","ZШ"
"11001","2012-11-29","238","ZШ"
"11001","2012-11-30","238","ZШ"
"11001","2012-12-01","232","]"
"11001","2012-12-02","230","]"
"11001","2012-12-03","225","]"
"11001","2012-12-04","219","]"
"11001","2012-12-05","218","]"
"11001","2012-12-06","222","]"
"11001","2012-12-07","222","]"
"11001","2012-12-08","219","]"
"11001","2012-12-09","215","]"
"11001","2012-12-10","213","]"
"11001","2012-12-11","213","]"
"11001","2012-12-12","214","]"
"11001","2012-12-13","216","]"
"11001","2012-12-14","216","]"
"11001","2012-12-15","214","]"
"11001","2012-12-16","213","]"
"11001","2012-12-17","212","]"
"11001","2012-12-18","212","]"
"11001","2012-12-19","213","]"
"11001","2012-12-20","210","]"
"11001","2012-12-21","209","]"
"11001","2012-12-22","210","]"
"11001","2012-12-23","211","]"
"11001","2012-12-24","209","]"
"11001","2012-12-25","205","]"
"11001","2012-12-26","205","]"
"11001","2012-12-27","204","]"
"11001","2012-12-28","203","_]"
"11001","2012-12-29","205","]"
"11001","2012-12-30","207","]"
"11001","2012-12-31","207","]"
"11001","2013-01-01","204","I"
"11001","2013-01-02","202","I"
"11001","2013-01-03","201","_I"
"11001","2013-01-04","204","I"
"11001","2013-01-05","209","I"
"11001","2013-01-06","210","I"
"11001","2013-01-07","209","I"
"11001","2013-01-08","211","I"
"11001","2013-01-09","212","I"
"11001","2013-01-10","213","I"
"11001","2013-01-11","212","I"
"11001","2013-01-12","210","I"
"11001","2013-01-13","214","I"
"11001","2013-01-14","217","^I"
"11001","2013-01-15","216","^I"
"11001","2013-01-16","211","I"
"11001","2013-01-17","210","I"
"11001","2013-01-18","211","I"
"11001","2013-01-19","212","I"
"11001","2013-01-20","210","I"
"11001","2013-01-21","209","I"
"11001","2013-01-22","206","I"
"11001","2013-01-23","204","I"
"11001","2013-01-24","205","I"
"11001","2013-01-25","206","I"
"11001","2013-01-26","207","I"
"11001","2013-01-27","207","I"
"11001","2013-01-28","208","I"
"11001","2013-01-29","208","I"
"11001","2013-01-30","209","I"
"11001","2013-01-31","211","I"
"11001","2013-02-01","212","I"
"11001","2013-02-02","212","I"
"11001","2013-02-03","210","I"
"11001","2013-02-04","208","_I"
"11001","2013-02-05","208","_I"
"11001","2013-02-06","208","_I"
"11001","2013-02-07","209","_I"
"11001","2013-02-08","211","I"
"11001","2013-02-09","213","I"
"11001","2013-02-10","217","I"
"11001","2013-02-11","218","I"
"11001","2013-02-12","220","I"
"11001","2013-02-13","221","^I"
"11001","2013-02-14","220","^I"
"11001","2013-02-15","215","I"
"11001","2013-02-16","213","I"
"11001","2013-02-17","213","I"
"11001","2013-02-18","215","I"
"11001","2013-02-19","216","I"
"11001","2013-02-20","217","I"
"11001","2013-02-21","216","I"
"11001","2013-02-22","214","I"
"11001","2013-02-23","216","I"
"11001","2013-02-24","217","I"
"11001","2013-02-25","217","I"
"11001","2013-02-26","216","I"
"11001","2013-02-27","217","I"
"11001","2013-02-28","217","I"
"11001","2013-03-01","218","_I"
"11001","2013-03-02","220","I"
"11001","2013-03-03","221","I"
"11001","2013-03-04","222","I"
"11001","2013-03-05","223","I"
"11001","2013-03-06","224","("
"11001","2013-03-07","229","("
"11001","2013-03-08","239","("
"11001","2013-03-09","245","("
"11001","2013-03-10","250","("
"11001","2013-03-11","250","("
"11001","2013-03-12","252","("
"11001","2013-03-13","253","("
"11001","2013-03-14","253","("
"11001","2013-03-15","257","("
"11001","2013-03-16","268","("
"11001","2013-03-17","270","("
"11001","2013-03-18","270","("
"11001","2013-03-19","273","("
"11001","2013-03-20","276","("
"11001","2013-03-21","285","("
"11001","2013-03-22","296","("
"11001","2013-03-23","308","("
"11001","2013-03-24","322","^<Л"
"11001","2013-03-25","244","Х"
"11001","2013-03-26","249","ЛХ"
"11001","2013-03-27","246","Л"
"11001","2013-03-28","236",""
"11001","2013-03-29","233",""
"11001","2013-03-30","233",""
"11001","2013-03-31","231",""
"11001","2013-04-01","234",""
"11001","2013-04-02","243",""
"11001","2013-04-03","248",""
"11001","2013-04-04","239",""
"11001","2013-04-05","235",""
"11001","2013-04-06","231",""
"11001","2013-04-07","228",""
"11001","2013-04-08","224",""
"11001","2013-04-09","223",""
"11001","2013-04-10","218","_"
"11001","2013-04-11","231",""
"11001","2013-04-12","245",""
"11001","2013-04-13","249",""
"11001","2013-04-14","268",""
"11001","2013-04-15","299",""
"11001","2013-04-16","313",""
"11001","2013-04-17","330",""
"11001","2013-04-18","344",""
"11001","2013-04-19","339",""
"11001","2013-04-20","329",""
"11001","2013-04-21","314",""
"11001","2013-04-22","296",""
"11001","2013-04-23","290",""
"11001","2013-04-24","287",""
"11001","2013-04-25","286",""
"11001","2013-04-26","290",""
"11001","2013-04-27","303",""
"11001","2013-04-28","330",""
"11001","2013-04-29","354",""
"11001","2013-04-30","361","^"
"11001","2013-05-01","367",""
"11001","2013-05-02","377",""
"11001","2013-05-03","386",""
"11001","2013-05-04","388",""
"11001","2013-05-05","393",""
"11001","2013-05-06","395",""
"11001","2013-05-07","380",""
"11001","2013-05-08","356",""
"11001","2013-05-09","347",""
"11001","2013-05-10","338",""
"11001","2013-05-11","341",""
"11001","2013-05-12","352",""
"11001","2013-05-13","352",""
"11001","2013-05-14","335",""
"11001","2013-05-15","312",""
"11001","2013-05-16","296",""
"11001","2013-05-17","285",""
"11001","2013-05-18","290",""
"11001","2013-05-19","272","_"
"11001","2013-05-20","279",""
"11001","2013-05-21","292",""
"11001","2013-05-22","327",""
"11001","2013-05-23","398",""
"11001","2013-05-24","440","^"
"11001","2013-05-25","407",""
"11001","2013-05-26","379",""
"11001","2013-05-27","359",""
"11001","2013-05-28","342",""
"11001","2013-05-29","329",""
"11001","2013-05-30","340",""
"11001","2013-05-31","370",""
"11001","2013-06-01","402","_"
"11001","2013-06-02","424",""
"11001","2013-06-03","438",""
"11001","2013-06-04","445",""
"11001","2013-06-05","446",""
"11001","2013-06-06","455",""
"11001","2013-06-07","481",""
"11001","2013-06-08","499","^"
"11001","2013-06-09","496",""
"11001","2013-06-10","477",""
"11001","2013-06-11","467",""
"11001","2013-06-12","466",""
"11001","2013-06-13","474",""
"11001","2013-06-14","490",""
"11001","2013-06-15","493",""
"11001","2013-06-16","469",""
"11001","2013-06-17","450",""
"11001","2013-06-18","444",""
"11001","2013-06-19","446",""
"11001","2013-06-20","455",""
"11001","2013-06-21","454",""
"11001","2013-06-22","461",""
"11001","2013-06-23","474",""
"11001","2013-06-24","483",""
"11001","2013-06-25","482",""
"11001","2013-06-26","488",""
"11001","2013-06-27","488",""
"11001","2013-06-28","480",""
"11001","2013-06-29","470",""
"11001","2013-06-30","471",""
"11001","2013-07-01","481","^"
"11001","2013-07-02","480","^"
"11001","2013-07-03","465",""
"11001","2013-07-04","463",""
"11001","2013-07-05","468",""
"11001","2013-07-06","471",""
"11001","2013-07-07","475",""
"11001","2013-07-08","474",""
"11001","2013-07-09","470",""
"11001","2013-07-10","439",""
"11001","2013-07-11","413",""
"11001","2013-07-12","400",""
"11001","2013-07-13","388",""
"11001","2013-07-14","382",""
"11001","2013-07-15","384",""
"11001","2013-07-16","381",""
"11001","2013-07-17","375",""
"11001","2013-07-18","374",""
"11001","2013-07-19","372",""
"11001","2013-07-20","348",""
"11001","2013-07-21","348",""
"11001","2013-07-22","345",""
"11001","2013-07-23","336",""
"11001","2013-07-24","349",""
"11001","2013-07-25","358",""
"11001","2013-07-26","359",""
"11001","2013-07-27","360",""
"11001","2013-07-28","353",""
"11001","2013-07-29","334",""
"11001","2013-07-30","335",""
"11001","2013-07-31","321","_"
"11001","2013-08-01","323",""
"11001","2013-08-02","321",""
"11001","2013-08-03","320",""
"11001","2013-08-04","325",""
"11001","2013-08-05","320",""
"11001","2013-08-06","326",""
"11001","2013-08-07","329",""
"11001","2013-08-08","323",""
"11001","2013-08-09","315",""
"11001","2013-08-10","314",""
"11001","2013-08-11","323",""
"11001","2013-08-12","316",""
"11001","2013-08-13","311",""
"11001","2013-08-14","314",""
"11001","2013-08-15","327",""
"11001","2013-08-16","322",""
"11001","2013-08-17","322",""
"11001","2013-08-18","324",""
"11001","2013-08-19","331","^"
"11001","2013-08-20","326",""
"11001","2013-08-21","316",""
"11001","2013-08-22","305",""
"11001","2013-08-23","300",""
"11001","2013-08-24","290",""
"11001","2013-08-25","278",""
"11001","2013-08-26","268",""
"11001","2013-08-27","276",""
"11001","2013-08-28","261",""
"11001","2013-08-29","256","_"
"11001","2013-08-30","264",""
"11001","2013-08-31","263",""
"11001","2013-09-01","261",""
"11001","2013-09-02","257",""
"11001","2013-09-03","264",""
"11001","2013-09-04","269",""
"11001","2013-09-05","266",""
"11001","2013-09-06","260",""
"11001","2013-09-07","257",""
"11001","2013-09-08","246",""
"11001","2013-09-09","244",""
"11001","2013-09-10","253",""
"11001","2013-09-11","249",""
"11001","2013-09-12","250",""
"11001","2013-09-13","254",""
"11001","2013-09-14","254",""
"11001","2013-09-15","253",""
"11001","2013-09-16","252",""
"11001","2013-09-17","252",""
"11001","2013-09-18","255",""
"11001","2013-09-19","265",""
"11001","2013-09-20","256",""
"11001","2013-09-21","268","^"
"11001","2013-09-22","259",""
"11001","2013-09-23","261",""
"11001","2013-09-24","268",""
"11001","2013-09-25","259",""
"11001","2013-09-26","251",""
"11001","2013-09-27","247",""
"11001","2013-09-28","246",""
"11001","2013-09-29","248",""
"11001","2013-09-30","243","_"
"11001","2013-10-01","235",""
"11001","2013-10-02","238",""
"11001","2013-10-03","242",""
"11001","2013-10-04","252",""
"11001","2013-10-05","253",""
"11001","2013-10-06","263",""
"11001","2013-10-07","250",""
"11001","2013-10-08","242",""
"11001","2013-10-09","234",""
"11001","2013-10-10","237",""
"11001","2013-10-11","246",""
"11001","2013-10-12","269","^"
"11001","2013-10-13","259",""
"11001","2013-10-14","244",""
"11001","2013-10-15","235",""
"11001","2013-10-16","236",""
"11001","2013-10-17","232",""
"11001","2013-10-18","233",""
"11001","2013-10-19","237",""
"11001","2013-10-20","236",""
"11001","2013-10-21","234",""
"11001","2013-10-22","232",""
"11001","2013-10-23","229",""
"11001","2013-10-24","217","_"
"11001","2013-10-25","220",""
"11001","2013-10-26","221",""
"11001","2013-10-27","225",""
"11001","2013-10-28","219",""
"11001","2013-10-29","219",""
"11001","2013-10-30","224",""
"11001","2013-10-31","233",""
"11001","2013-11-01","225",""
"11001","2013-11-02","214",""
"11001","2013-11-03","212",""
"11001","2013-11-04","217",""
"11001","2013-11-05","216",""
"11001","2013-11-06","213",""
"11001","2013-11-07","208",""
"11001","2013-11-08","207",""
"11001","2013-11-09","210",""
"11001","2013-11-10","213",""
"11001","2013-11-11","206",""
"11001","2013-11-12","195",""
"11001","2013-11-13","193",""
"11001","2013-11-14","189",""
"11001","2013-11-15","189",""
"11001","2013-11-16","189","_"
"11001","2013-11-17","189","_"
"11001","2013-11-18","193",""
"11001","2013-11-19","367",""
"11001","2013-11-20","388","^"
"11001","2013-11-21","274",""
"11001","2013-11-22","226",""
"11001","2013-11-23","217",""
"11001","2013-11-24","221",""
"11001","2013-11-25","218",""
"11001","2013-11-26","214",""
"11001","2013-11-27","213",""
"11001","2013-11-28","204",""
"11001","2013-11-29","210",""
"11001","2013-11-30","205",""
"11001","2013-12-01","208","Ч"
"11001","2013-12-02","216","Ч"
"11001","2013-12-03","208","Ч"
"11001","2013-12-04","208","Ч"
"11001","2013-12-05","211","Ч"
"11001","2013-12-06","209","Ч"
"11001","2013-12-07","204","_Ш"
"11001","2013-12-08","267","ШZ"
"11001","2013-12-09","255","ШZ"
"11001","2013-12-10","254","ШZ"
"11001","2013-12-11","268","ШZ"
"11001","2013-12-12","264","ШZ"
"11001","2013-12-13","274","ШZ"
"11001","2013-12-14","282","ШZ"
"11001","2013-12-15","279","ШZ"
"11001","2013-12-16","265","]"
"11001","2013-12-17","260","]"
"11001","2013-12-18","274","]"
"11001","2013-12-19","288","^]"
"11001","2013-12-20","286","]"
"11001","2013-12-21","279","]"
"11001","2013-12-22","271","]"
"11001","2013-12-23","268","]"
"11001","2013-12-24","266","]"
"11001","2013-12-25","264","]"
"11001","2013-12-26","253","]"
"11001","2013-12-27","238","]"
"11001","2013-12-28","233","]"
"11001","2013-12-29","234","]"
"11001","2013-12-30","243","]"
"11001","2013-12-31","244","]"
"11001","2014-01-01","245","I"
"11001","2014-01-02","238","^I"
"11001","2014-01-03","213","I"
"11001","2014-01-04","204","_I"
"11001","2014-01-05","206","I"
"11001","2014-01-06","207","I"
"11001","2014-01-07","210","I"
"11001","2014-01-08","219","I"
"11001","2014-01-09","218","I"
"11001","2014-01-10","216","I"
"11001","2014-01-11","216","I"
"11001","2014-01-12","213","I"
"11001","2014-01-13","215","I"
"11001","2014-01-14","220","I"
"11001","2014-01-15","222","I"
"11001","2014-01-16","225","I"
"11001","2014-01-17","225","I"
"11001","2014-01-18","223","I"
"11001","2014-01-19","220","I"
"11001","2014-01-20","222","I"
"11001","2014-01-21","228","I"
"11001","2014-01-22","230","I"
"11001","2014-01-23","227","I"
"11001","2014-01-24","223","I"
"11001","2014-01-25","221","I"
"11001","2014-01-26","220","I"
"11001","2014-01-27","221","I"
"11001","2014-01-28","224","I"
"11001","2014-01-29","221","I"
"11001","2014-01-30","219","I"
"11001","2014-01-31","215","I"
"11001","2014-02-01","213","I"
"11001","2014-02-02","213","I"
"11001","2014-02-03","213","I"
"11001","2014-02-04","205","I"
"11001","2014-02-05","203","_I"
"11001","2014-02-06","203","_I"
"11001","2014-02-07","204","_I"
"11001","2014-02-08","205","I"
"11001","2014-02-09","206","I"
"11001","2014-02-10","208","I"
"11001","2014-02-11","210","I"
"11001","2014-02-12","212","I"
"11001","2014-02-13","213","I"
"11001","2014-02-14","214","I"
"11001","2014-02-15","214","I"
"11001","2014-02-16","214","I"
"11001","2014-02-17","214","I"
"11001","2014-02-18","213","I"
"11001","2014-02-19","216","I"
"11001","2014-02-20","220","I"
"11001","2014-02-21","224","I"
"11001","2014-02-22","227","I"
"11001","2014-02-23","235","I"
"11001","2014-02-24","236","I"
"11001","2014-02-25","236","^I"
"11001","2014-02-26","233","I"
"11001","2014-02-27","230","I"
"11001","2014-02-28","230","I"
"11001","2014-03-01","224","I"
"11001","2014-03-02","221","I"
"11001","2014-03-03","220","I"
"11001","2014-03-04","219","I"
"11001","2014-03-05","217","_I"
"11001","2014-03-06","216","_I"
"11001","2014-03-07","217","I"
"11001","2014-03-08","219","I"
"11001","2014-03-09","228","I"
"11001","2014-03-10","233","I"
"11001","2014-03-11","232","I"
"11001","2014-03-12","228","I"
"11001","2014-03-13","225","I"
"11001","2014-03-14","224","I"
"11001","2014-03-15","230","I"
"11001","2014-03-16","234","I"
"11001","2014-03-17","234","I"
"11001","2014-03-18","239","(~"
"11001","2014-03-19","256","(~"
"11001","2014-03-20","261","(~"
"11001","2014-03-21","267","(~"
"11001","2014-03-22","275","(~"
"11001","2014-03-23","279","(~"
"11001","2014-03-24","283","(~"
"11001","2014-03-25","293","(~"
"11001","2014-03-26","302","(~"
"11001","2014-03-27","309","(~"
"11001","2014-03-28","308","(~"
"11001","2014-03-29","313","(~"
"11001","2014-03-30","313","(~"
"11001","2014-03-31","333","^ЛП"
"11001","2014-04-01","320","^Х"
"11001","2014-04-02","280","Х"
"11001","2014-04-03","256",""
"11001","2014-04-04","237","_"
"11001","2014-04-05","238",""
"11001","2014-04-06","251",""
"11001","2014-04-07","257",""
"11001","2014-04-08","254",""
"11001","2014-04-09","256",""
"11001","2014-04-10","260",""
"11001","2014-04-11","265",""
"11001","2014-04-12","270",""
"11001","2014-04-13","263",""
"11001","2014-04-14","257",""
"11001","2014-04-15","250",""
"11001","2014-04-16","251",""
"11001","2014-04-17","260",""
"11001","2014-04-18","265",""
"11001","2014-04-19","262",""
"11001","2014-04-20","246",""
"11001","2014-04-21","249",""
"11001","2014-04-22","249",""
"11001","2014-04-23","254",""
"11001","2014-04-24","248",""
"11001","2014-04-25","240",""
"11001","2014-04-26","243",""
"11001","2014-04-27","246",""
"11001","2014-04-28","247",""
"11001","2014-04-29","257",""
"11001","2014-04-30","261",""
"11001","2014-05-01","258",""
"11001","2014-05-02","259",""
"11001","2014-05-03","264",""
"11001","2014-05-04","264",""
"11001","2014-05-05","262",""
"11001","2014-05-06","274",""
"11001","2014-05-07","282",""
"11001","2014-05-08","327",""
"11001","2014-05-09","333",""
"11001","2014-05-10","326",""
"11001","2014-05-11","307",""
"11001","2014-05-12","294",""
"11001","2014-05-13","275",""
"11001","2014-05-14","272",""
"11001","2014-05-15","269",""
"11001","2014-05-16","269",""
"11001","2014-05-17","270",""
"11001","2014-05-18","259",""
"11001","2014-05-19","252","_"
"11001","2014-05-20","274",""
"11001","2014-05-21","293",""
"11001","2014-05-22","287",""
"11001","2014-05-23","292",""
"11001","2014-05-24","275",""
"11001","2014-05-25","266",""
"11001","2014-05-26","262",""
"11001","2014-05-27","263",""
"11001","2014-05-28","261",""
"11001","2014-05-29","252",""
"11001","2014-05-30","288",""
"11001","2014-05-31","372","^"
"11001","2014-06-01","421",""
"11001","2014-06-02","454",""
"11001","2014-06-03","465","^"
"11001","2014-06-04","425",""
"11001","2014-06-05","390",""
"11001","2014-06-06","399",""
"11001","2014-06-07","409",""
"11001","2014-06-08","419",""
"11001","2014-06-09","417",""
"11001","2014-06-10","401",""
"11001","2014-06-11","402",""
"11001","2014-06-12","407",""
"11001","2014-06-13","398",""
"11001","2014-06-14","391",""
"11001","2014-06-15","389",""
"11001","2014-06-16","391",""
"11001","2014-06-17","394",""
"11001","2014-06-18","407",""
"11001","2014-06-19","394",""
"11001","2014-06-20","401",""
"11001","2014-06-21","396",""
"11001","2014-06-22","394",""
"11001","2014-06-23","387",""
"11001","2014-06-24","380",""
"11001","2014-06-25","375",""
"11001","2014-06-26","375",""
"11001","2014-06-27","381",""
"11001","2014-06-28","379",""
"11001","2014-06-29","369",""
"11001","2014-06-30","363","_"
"11001","2014-07-01","354",""
"11001","2014-07-02","348",""
"11001","2014-07-03","356",""
"11001","2014-07-04","357",""
"11001","2014-07-05","362","^"
"11001","2014-07-06","353","^"
"11001","2014-07-07","348",""
"11001","2014-07-08","335",""
"11001","2014-07-09","320",""
"11001","2014-07-10","316",""
"11001","2014-07-11","311",""
"11001","2014-07-12","294",""
"11001","2014-07-13","270",""
"11001","2014-07-14","271",""
"11001","2014-07-15","277",""
"11001","2014-07-16","269",""
"11001","2014-07-17","267",""
"11001","2014-07-18","260",""
"11001","2014-07-19","257",""
"11001","2014-07-20","249",""
"11001","2014-07-21","249",""
"11001","2014-07-22","245",""
"11001","2014-07-23","237",""
"11001","2014-07-24","231","_"
"11001","2014-07-25","245",""
"11001","2014-07-26","248",""
"11001","2014-07-27","249",""
"11001","2014-07-28","247",""
"11001","2014-07-29","247",""
"11001","2014-07-30","249",""
"11001","2014-07-31","235",""
"11001","2014-08-01","242",""
"11001","2014-08-02","247","^"
"11001","2014-08-03","238",""
"11001","2014-08-04","241",""
"11001","2014-08-05","244",""
"11001","2014-08-06","247",""
"11001","2014-08-07","245",""
"11001","2014-08-08","245",""
"11001","2014-08-09","242",""
"11001","2014-08-10","237",""
"11001","2014-08-11","234",""
"11001","2014-08-12","238",""
"11001","2014-08-13","239",""
"11001","2014-08-14","230",""
"11001","2014-08-15","215",""
"11001","2014-08-16","206",""
"11001","2014-08-17","201",""
"11001","2014-08-18","201",""
"11001","2014-08-19","204",""
"11001","2014-08-20","205",""
"11001","2014-08-21","195",""
"11001","2014-08-22","189",""
"11001","2014-08-23","186","_"
"11001","2014-08-24","187",""
"11001","2014-08-25","194",""
"11001","2014-08-26","199",""
"11001","2014-08-27","198",""
"11001","2014-08-28","196",""
"11001","2014-08-29","196",""
"11001","2014-08-30","195",""
"11001","2014-08-31","191",""
"11001","2014-09-01","189",""
"11001","2014-09-02","183",""
"11001","2014-09-03","184",""
"11001","2014-09-04","182",""
"11001","2014-09-05","177",""
"11001","2014-09-06","175",""
"11001","2014-09-07","181",""
"11001","2014-09-08","187",""
"11001","2014-09-09","188",""
"11001","2014-09-10","193",""
"11001","2014-09-11","190",""
"11001","2014-09-12","186",""
"11001","2014-09-13","195",""
"11001","2014-09-14","217",""
"11001","2014-09-15","226","^"
"11001","2014-09-16","212",""
"11001","2014-09-17","189",""
"11001","2014-09-18","177",""
"11001","2014-09-19","162",""
"11001","2014-09-20","142",""
"11001","2014-09-21","136","_"
"11001","2014-09-22","161",""
"11001","2014-09-23","176",""
"11001","2014-09-24","180",""
"11001","2014-09-25","179",""
"11001","2014-09-26","180",""
"11001","2014-09-27","182",""
"11001","2014-09-28","185",""
"11001","2014-09-29","188",""
"11001","2014-09-30","187",""
"11001","2014-10-01","183",""
"11001","2014-10-02","167","_"
"11001","2014-10-03","185",""
"11001","2014-10-04","210",""
"11001","2014-10-05","217",""
"11001","2014-10-06","217","^"
"11001","2014-10-07","204",""
"11001","2014-10-08","210",""
"11001","2014-10-09","190",""
"11001","2014-10-10","186",""
"11001","2014-10-11","185",""
"11001","2014-10-12","184",""
"11001","2014-10-13","193",""
"11001","2014-10-14","205",""
"11001","2014-10-15","205",""
"11001","2014-10-16","204",""
"11001","2014-10-17","199",""
"11001","2014-10-18","194",""
"11001","2014-10-19","190",""
"11001","2014-10-20","180",""
"11001","2014-10-21","174",""
"11001","2014-10-22","176",""
"11001","2014-10-23","179",""
"11001","2014-10-24","176",""
"11001","2014-10-25","171",""
"11001","2014-10-26","174",""
"11001","2014-10-27","176",""
"11001","2014-10-28","172",""
"11001","2014-10-29","171",""
"11001","2014-10-30","172",""
"11001","2014-10-31","176",""
"11001","2014-11-01","176",""
"11001","2014-11-02","179",""
"11001","2014-11-03","182",""
"11001","2014-11-04","184",""
"11001","2014-11-05","192",""
"11001","2014-11-06","195",""
"11001","2014-11-07","194",""
"11001","2014-11-08","181",""
"11001","2014-11-09","170",""
"11001","2014-11-10","166",""
"11001","2014-11-11","165",""
"11001","2014-11-12","168",""
"11001","2014-11-13","166",""
"11001","2014-11-14","166",""
"11001","2014-11-15","178",""
"11001","2014-11-16","180",""
"11001","2014-11-17","167",""
"11001","2014-11-18","161",""
"11001","2014-11-19","155","Ч"
"11001","2014-11-20","147","Ч"
"11001","2014-11-21","171","_Ч"
"11001","2014-11-22","243","^]Z"
"11001","2014-11-23","255","]Z"
"11001","2014-11-24","245","]Z"
"11001","2014-11-25","225","]Z"
"11001","2014-11-26","209","]Z"
"11001","2014-11-27","207","]Z"
"11001","2014-11-28","214","]I"
"11001","2014-11-29","205","]I"
"11001","2014-11-30","208","]I"
"11001","2014-12-01","198","]I"
"11001","2014-12-02","186","]I"
"11001","2014-12-03","174","_]I"
"11001","2014-12-04","175","]I"
"11001","2014-12-05","198","]I"
"11001","2014-12-06","202","^I"
"11001","2014-12-07","200","I"
"11001","2014-12-08","193","I"
"11001","2014-12-09","192","I"
"11001","2014-12-10","190","I"
"11001","2014-12-11","188","I"
"11001","2014-12-12","184","I"
"11001","2014-12-13","183","I"
"11001","2014-12-14","183","I"
"11001","2014-12-15","179","I"
"11001","2014-12-16","178","I"
"11001","2014-12-17","175","I"
"11001","2014-12-18","175","I"
"11001","2014-12-19","176","I"
"11001","2014-12-20","176","I"
"11001","2014-12-21","178","I"
"11001","2014-12-22","180","I"
"11001","2014-12-23","186","I"
"11001","2014-12-24","194","I"
"11001","2014-12-25","194","I"
"11001","2014-12-26","197","I"
"11001","2014-12-27","198","I"
"11001","2014-12-28","201","I"
"11001","2014-12-29","203","^I"
"11001","2014-12-30","203","^I"
"11001","2014-12-31","198","I"
"11001","2015-01-01","189","_I"
"11001","2015-01-02","191","I"
"11001","2015-01-03","192","I"
"11001","2015-01-04","202","I"
"11001","2015-01-05","201","I"
"11001","2015-01-06","206","^I"
"11001","2015-01-07","202","I"
"11001","2015-01-08","202","I"
"11001","2015-01-09","200","I"
"11001","2015-01-10","198","I"
"11001","2015-01-11","198","I"
"11001","2015-01-12","205","I"
"11001","2015-01-13","205","I"
"11001","2015-01-14","204","I"
"11001","2015-01-15","202","I"
"11001","2015-01-16","202","I"
"11001","2015-01-17","200","I"
"11001","2015-01-18","198","I"
"11001","2015-01-19","202","I"
"11001","2015-01-20","199","I"
"11001","2015-01-21","201","I"
"11001","2015-01-22","199","I"
"11001","2015-01-23","199","I"
"11001","2015-01-24","197","I"
"11001","2015-01-25","197","I"
"11001","2015-01-26","197","I"
"11001","2015-01-27","193","I"
"11001","2015-01-28","189","_I"
"11001","2015-01-29","197","I"
"11001","2015-01-30","191","_I"
"11001","2015-01-31","191","I"
"11001","2015-02-01","191","]"
"11001","2015-02-02","190","]"
"11001","2015-02-03","187","_]"
"11001","2015-02-04","190","]"
"11001","2015-02-05","194","]"
"11001","2015-02-06","197","]"
"11001","2015-02-07","201","]"
"11001","2015-02-08","202","]"
"11001","2015-02-09","199","]"
"11001","2015-02-10","198","]"
"11001","2015-02-11","202","]"
"11001","2015-02-12","202","]"
"11001","2015-02-13","201","]"
"11001","2015-02-14","203","]"
"11001","2015-02-15","199","]"
"11001","2015-02-16","197","]"
"11001","2015-02-17","198","]"
"11001","2015-02-18","199","]"
"11001","2015-02-19","201","]"
"11001","2015-02-20","203","]"
"11001","2015-02-21","207","^]"
"11001","2015-02-22","205","]"
"11001","2015-02-23","202","]"
"11001","2015-02-24","203","]"
"11001","2015-02-25","203","]"
"11001","2015-02-26","204","]"
"11001","2015-02-27","204","]"
"11001","2015-02-28","205","]"
"11001","2015-03-01","205","_]"
"11001","2015-03-02","208","]"
"11001","2015-03-03","211","]"
"11001","2015-03-04","210","]"
"11001","2015-03-05","206","]"
"11001","2015-03-06","204","_]"
"11001","2015-03-07","209","]"
"11001","2015-03-08","212","]"
"11001","2015-03-09","208","]"
"11001","2015-03-10","205","]"
"11001","2015-03-11","205","]"
"11001","2015-03-12","206","]"
"11001","2015-03-13","206","]"
"11001","2015-03-14","206","]"
"11001","2015-03-15","206","]"
"11001","2015-03-16","207","]"
"11001","2015-03-17","208","("
"11001","2015-03-18","207","("
"11001","2015-03-19","207","("
"11001","2015-03-20","208","("
"11001","2015-03-21","207","("
"11001","2015-03-22","209","("
"11001","2015-03-23","209","("
"11001","2015-03-24","209","("
"11001","2015-03-25","217","(~"
"11001","2015-03-26","230","(~"
"11001","2015-03-27","245","(~"
"11001","2015-03-28","255","(~"
"11001","2015-03-29","261","(~"
"11001","2015-03-30","266","(~"
"11001","2015-03-31","271","^(~"
"11001","2015-04-01","269","(~"
"11001","2015-04-02","261","(~"
"11001","2015-04-03","260","(~"
"11001","2015-04-04","261","(~"
"11001","2015-04-05","248","(~"
"11001","2015-04-06","246","(~"
"11001","2015-04-07","246","(~"
"11001","2015-04-08","246","П~"
"11001","2015-04-09","245","ЛN"
"11001","2015-04-10","203","ЛN"
"11001","2015-04-11","186","ХN"
"11001","2015-04-12","175","_"
"11001","2015-04-13","184",""
"11001","2015-04-14","190",""
"11001","2015-04-15","190",""
"11001","2015-04-16","192",""
"11001","2015-04-17","236",""
"11001","2015-04-18","253",""
"11001","2015-04-19","243",""
"11001","2015-04-20","256",""
"11001","2015-04-21","257",""
"11001","2015-04-22","263",""
"11001","2015-04-23","287",""
"11001","2015-04-24","304",""
"11001","2015-04-25","332",""
"11001","2015-04-26","365",""
"11001","2015-04-27","375",""
"11001","2015-04-28","384",""
"11001","2015-04-29","395",""
"11001","2015-04-30","412","^"
"11001","2015-05-01","369",""
"11001","2015-05-02","354",""
"11001","2015-05-03","337",""
"11001","2015-05-04","329",""
"11001","2015-05-05","328",""
"11001","2015-05-06","336",""
"11001","2015-05-07","334",""
"11001","2015-05-08","333",""
"11001","2015-05-09","338",""
"11001","2015-05-10","340",""
"11001","2015-05-11","340",""
"11001","2015-05-12","358",""
"11001","2015-05-13","358",""
"11001","2015-05-14","372",""
"11001","2015-05-15","389",""
"11001","2015-05-16","378",""
"11001","2015-05-17","359",""
"11001","2015-05-18","351",""
"11001","2015-05-19","350",""
"11001","2015-05-20","363",""
"11001","2015-05-21","384",""
"11001","2015-05-22","381",""
"11001","2015-05-23","387",""
"11001","2015-05-24","392",""
"11001","2015-05-25","394","^"
"11001","2015-05-26","370",""
"11001","2015-05-27","346",""
"11001","2015-05-28","329",""
"11001","2015-05-29","328",""
"11001","2015-05-30","320","_"
"11001","2015-05-31","322",""
"11001","2015-06-01","314",""
"11001","2015-06-02","315",""
"11001","2015-06-03","310",""
"11001","2015-06-04","299",""
"11001","2015-06-05","300",""
"11001","2015-06-06","296",""
"11001","2015-06-07","288","_"
"11001","2015-06-08","331",""
"11001","2015-06-09","382",""
"11001","2015-06-10","406",""
"11001","2015-06-11","438",""
"11001","2015-06-12","453",""
"11001","2015-06-13","457","^"
"11001","2015-06-14","445",""
"11001","2015-06-15","413",""
"11001","2015-06-16","400",""
"11001","2015-06-17","409",""
"11001","2015-06-18","409",""
"11001","2015-06-19","389",""
"11001","2015-06-20","350",""
"11001","2015-06-21","330",""
"11001","2015-06-22","334",""
"11001","2015-06-23","339",""
"11001","2015-06-24","331",""
"11001","2015-06-25","338",""
"11001","2015-06-26","347",""
"11001","2015-06-27","348",""
"11001","2015-06-28","337",""
"11001","2015-06-29","323",""
"11001","2015-06-30","323",""
"11001","2015-07-01","325",""
"11001","2015-07-02","321",""
"11001","2015-07-03","322",""
"11001","2015-07-04","321",""
"11001","2015-07-05","315",""
"11001","2015-07-06","323",""
"11001","2015-07-07","378",""
"11001","2015-07-08","419",""
"11001","2015-07-09","419","^"
"11001","2015-07-10","381",""
"11001","2015-07-11","342",""
"11001","2015-07-12","328",""
"11001","2015-07-13","331",""
"11001","2015-07-14","333",""
"11001","2015-07-15","319",""
"11001","2015-07-16","300",""
"11001","2015-07-17","278",""
"11001","2015-07-18","277",""
"11001","2015-07-19","274",""
"11001","2015-07-20","263",""
"11001","2015-07-21","262",""
"11001","2015-07-22","261",""
"11001","2015-07-23","253",""
"11001","2015-07-24","250",""
"11001","2015-07-25","239",""
"11001","2015-07-26","241",""
"11001","2015-07-27","241",""
"11001","2015-07-28","239",""
"11001","2015-07-29","243",""
"11001","2015-07-30","244",""
"11001","2015-07-31","233","_"
"11001","2015-08-01","238","^"
"11001","2015-08-02","236",""
"11001","2015-08-03","230",""
"11001","2015-08-04","234",""
"11001","2015-08-05","225",""
"11001","2015-08-06","214",""
"11001","2015-08-07","218",""
"11001","2015-08-08","216",""
"11001","2015-08-09","211",""
"11001","2015-08-10","208",""
"11001","2015-08-11","206",""
"11001","2015-08-12","206",""
"11001","2015-08-13","210",""
"11001","2015-08-14","213",""
"11001","2015-08-15","213",""
"11001","2015-08-16","214",""
"11001","2015-08-17","211",""
"11001","2015-08-18","207",""
"11001","2015-08-19","209",""
"11001","2015-08-20","201",""
"11001","2015-08-21","192",""
"11001","2015-08-22","184",""
"11001","2015-08-23","183","_"
"11001","2015-08-24","183","_"
"11001","2015-08-25","191",""
"11001","2015-08-26","198",""
"11001","2015-08-27","202",""
"11001","2015-08-28","203",""
"11001","2015-08-29","200",""
"11001","2015-08-30","201",""
"11001","2015-08-31","202",""
"11001","2015-09-01","203",""
"11001","2015-09-02","211",""
"11001","2015-09-03","214",""
"11001","2015-09-04","203",""
"11001","2015-09-05","203",""
"11001","2015-09-06","204",""
"11001","2015-09-07","212",""
"11001","2015-09-08","219","^"
"11001","2015-09-09","218",""
"11001","2015-09-10","211",""
"11001","2015-09-11","194",""
"11001","2015-09-12","187",""
"11001","2015-09-13","185",""
"11001","2015-09-14","177","_"
"11001","2015-09-15","182",""
"11001","2015-09-16","176","_"
"11001","2015-09-17","181",""
"11001","2015-09-18","181",""
"11001","2015-09-19","181",""
"11001","2015-09-20","183",""
"11001","2015-09-21","192",""
"11001","2015-09-22","189",""
"11001","2015-09-23","193",""
"11001","2015-09-24","199",""
"11001","2015-09-25","186",""
"11001","2015-09-26","192",""
"11001","2015-09-27","190",""
"11001","2015-09-28","192",""
"11001","2015-09-29","191",""
"11001","2015-09-30","185",""
"11001","2015-10-01","182",""
"11001","2015-10-02","176",""
"11001","2015-10-03","175",""
"11001","2015-10-04","173","_"
"11001","2015-10-05","173","_"
"11001","2015-10-06","185",""
"11001","2015-10-07","194",""
"11001","2015-10-08","190",""
"11001","2015-10-09","198",""
"11001","2015-10-10","208",""
"11001","2015-10-11","224",""
"11001","2015-10-12","231",""
"11001","2015-10-13","229",""
"11001","2015-10-14","221",""
"11001","2015-10-15","233",""
"11001","2015-10-16","233","^"
"11001","2015-10-17","227",""
"11001","2015-10-18","211",""
"11001","2015-10-19","202",""
"11001","2015-10-20","201",""
"11001","2015-10-21","199",""
"11001","2015-10-22","199",""
"11001","2015-10-23","197",""
"11001","2015-10-24","198",""
"11001","2015-10-25","209",""
"11001","2015-10-26","207",""
"11001","2015-10-27","219",""
"11001","2015-10-28","217",""
"11001","2015-10-29","206",""
"11001","2015-10-30","207",""
"11001","2015-10-31","204",""
"11001","2015-11-01","204",""
"11001","2015-11-02","188",""
"11001","2015-11-03","178",""
"11001","2015-11-04","168",""
"11001","2015-11-05","161",""
"11001","2015-11-06","155",""
"11001","2015-11-07","154","_"
"11001","2015-11-08","160",""
"11001","2015-11-09","170",""
"11001","2015-11-10","174",""
"11001","2015-11-11","178",""
"11001","2015-11-12","197",""
"11001","2015-11-13","204",""
"11001","2015-11-14","214",""
"11001","2015-11-15","219",""
"11001","2015-11-16","211",""
"11001","2015-11-17","212",""
"11001","2015-11-18","209",""
"11001","2015-11-19","208",""
"11001","2015-11-20","219",""
"11001","2015-11-21","229","^"
"11001","2015-11-22","213",""
"11001","2015-11-23","210",""
"11001","2015-11-24","200","Ч)"
"11001","2015-11-25","194","Ч)"
"11001","2015-11-26","180","Ч)"
"11001","2015-11-27","178","Ч)"
"11001","2015-11-28","180","Ч)"
"11001","2015-11-29","206","Ч)"
"11001","2015-11-30","224","Ч)"
"11001","2015-12-01","231","_Ч)"
"11001","2015-12-02","249","Ч)"
"11001","2015-12-03","253","Ш)"
"11001","2015-12-04","293","Ш)"
"11001","2015-12-05","348","]Z"
"11001","2015-12-06","360","]Z"
"11001","2015-12-07","367","]Z"
"11001","2015-12-08","376","^]Z"
"11001","2015-12-09","373","]Z"
"11001","2015-12-10","363","]Z"
"11001","2015-12-11","350","]Z"
"11001","2015-12-12","333","]Z"
"11001","2015-12-13","316","]Z"
"11001","2015-12-14","311","]Z"
"11001","2015-12-15","314","]"
"11001","2015-12-16","307","]"
"11001","2015-12-17","295","]"
"11001","2015-12-18","291","]"
"11001","2015-12-19","276","]"
"11001","2015-12-20","287","]"
"11001","2015-12-21","305","]"
"11001","2015-12-22","312","]"
"11001","2015-12-23","315","]"
"11001","2015-12-24","311","]"
"11001","2015-12-25","312","]"
"11001","2015-12-26","315","]"
"11001","2015-12-27","316","]"
"11001","2015-12-28","314","]"
"11001","2015-12-29","310","]"
"11001","2015-12-30","301","]~"
"11001","2015-12-31","291","]~"
"11001","2016-01-01","287","]~"
"11001","2016-01-02","285","]~"
"11001","2016-01-03","284","]~"
"11001","2016-01-04","286","]~"
"11001","2016-01-05","293","]~"
"11001","2016-01-06","293","]~"
"11001","2016-01-07","290","]~"
"11001","2016-01-08","295","]~"
"11001","2016-01-09","301","]~"
"11001","2016-01-10","300","]~"
"11001","2016-01-11","304","^]~"
"11001","2016-01-12","299","]~"
"11001","2016-01-13","294","]~"
"11001","2016-01-14","281","]~"
"11001","2016-01-15","277","]"
"11001","2016-01-16","274","]"
"11001","2016-01-17","275","]"
"11001","2016-01-18","270","]"
"11001","2016-01-19","265","]"
"11001","2016-01-20","266","]"
"11001","2016-01-21","266","]"
"11001","2016-01-22","269","]"
"11001","2016-01-23","268","]"
"11001","2016-01-24","268","]"
"11001","2016-01-25","264","]"
"11001","2016-01-26","261","]"
"11001","2016-01-27","261","]I"
"11001","2016-01-28","262","I"
"11001","2016-01-29","263","I"
"11001","2016-01-30","259","I"
"11001","2016-01-31","257","_I"
"11001","2016-02-01","255","I"
"11001","2016-02-02","254","I"
"11001","2016-02-03","254","I"
"11001","2016-02-04","256","I"
"11001","2016-02-05","260","^I"
"11001","2016-02-06","257","I"
"11001","2016-02-07","251","I"
"11001","2016-02-08","250","I"
"11001","2016-02-09","245","I"
"11001","2016-02-10","247","I"
"11001","2016-02-11","247","I"
"11001","2016-02-12","243","I"
"11001","2016-02-13","240","I"
"11001","2016-02-14","231","I"
"11001","2016-02-15","232","I"
"11001","2016-02-16","230","I"
"11001","2016-02-17","230","I"
"11001","2016-02-18","230","I"
"11001","2016-02-19","227","I"
"11001","2016-02-20","222","I"
"11001","2016-02-21","222","_I"
"11001","2016-02-22","227","I"
"11001","2016-02-23","227","I"
"11001","2016-02-24","223","I"
"11001","2016-02-25","225","I"
"11001","2016-02-26","225","I"
"11001","2016-02-27","223","I"
"11001","2016-02-28","224","I"
"11001","2016-02-29","227","I"
"11001","2016-03-01","223","I"
"11001","2016-03-02","222","I"
"11001","2016-03-03","223","I"
"11001","2016-03-04","225","I"
"11001","2016-03-05","233","I"
"11001","2016-03-06","234","I"
"11001","2016-03-07","229","I"
"11001","2016-03-08","230","I"
"11001","2016-03-09","234","I"
"11001","2016-03-10","232","I"
"11001","2016-03-11","230","I"
"11001","2016-03-12","229","I"
"11001","2016-03-13","231","I"
"11001","2016-03-14","232","I"
"11001","2016-03-15","233","I"
"11001","2016-03-16","234","I"
"11001","2016-03-17","238","("
"11001","2016-03-18","243","("
"11001","2016-03-19","244","("
"11001","2016-03-20","246","("
"11001","2016-03-21","256","("
"11001","2016-03-22","264","("
"11001","2016-03-23","272","("
"11001","2016-03-24","283","("
"11001","2016-03-25","297","("
"11001","2016-03-26","322","<П"
"11001","2016-03-27","322","^<П"
"11001","2016-03-28","228","_ХN"
"11001","2016-03-29","216","ХN"
"11001","2016-03-30","224",""
"11001","2016-03-31","230",""
"11001","2016-04-01","237","_"
"11001","2016-04-02","250",""
"11001","2016-04-03","260",""
"11001","2016-04-04","269",""
"11001","2016-04-05","274",""
"11001","2016-04-06","262",""
"11001","2016-04-07","263",""
"11001","2016-04-08","264",""
"11001","2016-04-09","265",""
"11001","2016-04-10","273",""
"11001","2016-04-11","292",""
"11001","2016-04-12","306",""
"11001","2016-04-13","298",""
"11001","2016-04-14","281",""
"11001","2016-04-15","269",""
"11001","2016-04-16","256",""
"11001","2016-04-17","255",""
"11001","2016-04-18","254",""
"11001","2016-04-19","249",""
"11001","2016-04-20","258",""
"11001","2016-04-21","274",""
"11001","2016-04-22","277",""
"11001","2016-04-23","263",""
"11001","2016-04-24","275",""
"11001","2016-04-25","302",""
"11001","2016-04-26","319",""
"11001","2016-04-27","382",""
"11001","2016-04-28","415","^"
"11001","2016-04-29","414",""
"11001","2016-04-30","398",""
"11001","2016-05-01","383","^"
"11001","2016-05-02","364",""
"11001","2016-05-03","341",""
"11001","2016-05-04","342",""
"11001","2016-05-05","333",""
"11001","2016-05-06","320",""
"11001","2016-05-07","308",""
"11001","2016-05-08","301",""
"11001","2016-05-09","299",""
"11001","2016-05-10","302",""
"11001","2016-05-11","324",""
"11001","2016-05-12","353",""
"11001","2016-05-13","356",""
"11001","2016-05-14","326",""
"11001","2016-05-15","317",""
"11001","2016-05-16","303",""
"11001","2016-05-17","299",""
"11001","2016-05-18","345",""
"11001","2016-05-19","370",""
"11001","2016-05-20","364",""
"11001","2016-05-21","344",""
"11001","2016-05-22","299",""
"11001","2016-05-23","274",""
"11001","2016-05-24","258",""
"11001","2016-05-25","255","_"
"11001","2016-05-26","271",""
"11001","2016-05-27","269",""
"11001","2016-05-28","275",""
"11001","2016-05-29","299",""
"11001","2016-05-30","286",""
"11001","2016-05-31","290",""
"11001","2016-06-01","310","_"
"11001","2016-06-02","358",""
"11001","2016-06-03","367",""
"11001","2016-06-04","398",""
"11001","2016-06-05","429",""
"11001","2016-06-06","423",""
"11001","2016-06-07","446",""
"11001","2016-06-08","463",""
"11001","2016-06-09","478",""
"11001","2016-06-10","488",""
"11001","2016-06-11","499",""
"11001","2016-06-12","517",""
"11001","2016-06-13","534",""
"11001","2016-06-14","547",""
"11001","2016-06-15","554","^"
"11001","2016-06-16","548",""
"11001","2016-06-17","544",""
"11001","2016-06-18","548",""
"11001","2016-06-19","548",""
"11001","2016-06-20","545",""
"11001","2016-06-21","541",""
"11001","2016-06-22","536",""
"11001","2016-06-23","524",""
"11001","2016-06-24","509",""
"11001","2016-06-25","497",""
"11001","2016-06-26","491",""
"11001","2016-06-27","488",""
"11001","2016-06-28","486",""
"11001","2016-06-29","472",""
"11001","2016-06-30","452",""
"11001","2016-07-01","429",""
"11001","2016-07-02","412",""
"11001","2016-07-03","430",""
"11001","2016-07-04","440",""
"11001","2016-07-05","442",""
"11001","2016-07-06","441",""
"11001","2016-07-07","439",""
"11001","2016-07-08","437",""
"11001","2016-07-09","428",""
"11001","2016-07-10","435",""
"11001","2016-07-11","443","^"
"11001","2016-07-12","415",""
"11001","2016-07-13","379",""
"11001","2016-07-14","354",""
"11001","2016-07-15","325",""
"11001","2016-07-16","313","_"
"11001","2016-07-17","356",""
"11001","2016-07-18","367",""
"11001","2016-07-19","354",""
"11001","2016-07-20","364",""
"11001","2016-07-21","348",""
"11001","2016-07-22","335",""
"11001","2016-07-23","332",""
"11001","2016-07-24","333",""
"11001","2016-07-25","329",""
"11001","2016-07-26","340",""
"11001","2016-07-27","351",""
"11001","2016-07-28","346",""
"11001","2016-07-29","341",""
"11001","2016-07-30","336",""
"11001","2016-07-31","324",""
"11001","2016-08-01","326",""
"11001","2016-08-02","315",""
"11001","2016-08-03","306",""
"11001","2016-08-04","331",""
"11001","2016-08-05","340","^"
"11001","2016-08-06","319",""
"11001","2016-08-07","301",""
"11001","2016-08-08","283",""
"11001","2016-08-09","268",""
"11001","2016-08-10","270",""
"11001","2016-08-11","266",""
"11001","2016-08-12","268",""
"11001","2016-08-13","270",""
"11001","2016-08-14","261",""
"11001","2016-08-15","257",""
"11001","2016-08-16","247",""
"11001","2016-08-17","228",""
"11001","2016-08-18","229",""
"11001","2016-08-19","242",""
"11001","2016-08-20","258",""
"11001","2016-08-21","263",""
"11001","2016-08-22","254",""
"11001","2016-08-23","241",""
"11001","2016-08-24","240",""
"11001","2016-08-25","239",""
"11001","2016-08-26","237",""
"11001","2016-08-27","223","_"
"11001","2016-08-28","240",""
"11001","2016-08-29","239",""
"11001","2016-08-30","227",""
"11001","2016-08-31","231",""
"11001","2016-09-01","232",""
"11001","2016-09-02","230",""
"11001","2016-09-03","244",""
"11001","2016-09-04","248",""
"11001","2016-09-05","252",""
"11001","2016-09-06","250",""
"11001","2016-09-07","251",""
"11001","2016-09-08","239",""
"11001","2016-09-09","233",""
"11001","2016-09-10","237",""
"11001","2016-09-11","256","^"
"11001","2016-09-12","250",""
"11001","2016-09-13","239",""
"11001","2016-09-14","230",""
"11001","2016-09-15","218",""
"11001","2016-09-16","211",""
"11001","2016-09-17","206",""
"11001","2016-09-18","206",""
"11001","2016-09-19","206",""
"11001","2016-09-20","201",""
"11001","2016-09-21","182",""
"11001","2016-09-22","173","_"
"11001","2016-09-23","187",""
"11001","2016-09-24","186",""
"11001","2016-09-25","194",""
"11001","2016-09-26","207",""
"11001","2016-09-27","220",""
"11001","2016-09-28","219",""
"11001","2016-09-29","205",""
"11001","2016-09-30","195",""
"11001","2016-10-01","205",""
"11001","2016-10-02","208",""
"11001","2016-10-03","202",""
"11001","2016-10-04","198",""
"11001","2016-10-05","194",""
"11001","2016-10-06","194",""
"11001","2016-10-07","186",""
"11001","2016-10-08","187",""
"11001","2016-10-09","207",""
"11001","2016-10-10","274","^"
"11001","2016-10-11","267",""
"11001","2016-10-12","225",""
"11001","2016-10-13","225",""
"11001","2016-10-14","199",""
"11001","2016-10-15","216",""
"11001","2016-10-16","219",""
"11001","2016-10-17","212",""
"11001","2016-10-18","200",""
"11001","2016-10-19","220",""
"11001","2016-10-20","210",""
"11001","2016-10-21","205",""
"11001","2016-10-22","203",""
"11001","2016-10-23","228",""
"11001","2016-10-24","229",""
"11001","2016-10-25","232",""
"11001","2016-10-26","205",""
"11001","2016-10-27","191",""
"11001","2016-10-28","184",""
"11001","2016-10-29","177",""
"11001","2016-10-30","177","_"
"11001","2016-10-31","190",""
"11001","2016-11-01","191",""
"11001","2016-11-02","180","_"
"11001","2016-11-03","197",""
"11001","2016-11-04","204",""
"11001","2016-11-05","214",""
"11001","2016-11-06","205",""
"11001","2016-11-07","196",""
"11001","2016-11-08","197",""
"11001","2016-11-09","196",""
"11001","2016-11-10","188","Ш*"
"11001","2016-11-11","188","Ш"
"11001","2016-11-12","199","Ш"
"11001","2016-11-13","208","Ш"
"11001","2016-11-14","289","Ш"
"11001","2016-11-15","364","^ЪШ"
"11001","2016-11-16","352","Ъ]"
"11001","2016-11-17","321","Ъ]"
"11001","2016-11-18","300","]Z"
"11001","2016-11-19","300","]Z"
"11001","2016-11-20","313","]&"
"11001","2016-11-21","321","]&"
"11001","2016-11-22","325","]&"
"11001","2016-11-23","332","]&"
"11001","2016-11-24","329","]&"
"11001","2016-11-25","322","]&"
"11001","2016-11-26","320","]&"
"11001","2016-11-27","329","]&"
"11001","2016-11-28","327","]&"
"11001","2016-11-29","326","]&"
"11001","2016-11-30","320","]&"
"11001","2016-12-01","315","]&"
"11001","2016-12-02","315","^]&"
"11001","2016-12-03","310","]&"
"11001","2016-12-04","302","]&"
"11001","2016-12-05","303","]&"
"11001","2016-12-06","299","]&"
"11001","2016-12-07","296","]&"
"11001","2016-12-08","295","&"
"11001","2016-12-09","293","&"
"11001","2016-12-10","288","&"
"11001","2016-12-11","290","&"
"11001","2016-12-12","295","&"
"11001","2016-12-13","296","&"
"11001","2016-12-14","291","&"
"11001","2016-12-15","280","&"
"11001","2016-12-16","274","&"
"11001","2016-12-17","273","&"
"11001","2016-12-18","270","&"
"11001","2016-12-19","266","&"
"11001","2016-12-20","265","&"
"11001","2016-12-21","264","&"
"11001","2016-12-22","260","&"
"11001","2016-12-23","261","&"
"11001","2016-12-24","264","&"
"11001","2016-12-25","261","&"
"11001","2016-12-26","259","&"
"11001","2016-12-27","255","&"
"11001","2016-12-28","251","&"
"11001","2016-12-29","250","&"
"11001","2016-12-30","250","&"
"11001","2016-12-31","239","_&"
"11001","2017-01-01","238","^&"
"11001","2017-01-02","238","^&"
"11001","2017-01-03","237","&"
"11001","2017-01-04","236","&"
"11001","2017-01-05","237","&"
"11001","2017-01-06","237","^&"
"11001","2017-01-07","233","&"
"11001","2017-01-08","231","&"
"11001","2017-01-09","233","&"
"11001","2017-01-10","231","&"
"11001","2017-01-11","228","&"
"11001","2017-01-12","225","&"
"11001","2017-01-13","228","&"
"11001","2017-01-14","232","&"
"11001","2017-01-15","233","&"
"11001","2017-01-16","234","&"
"11001","2017-01-17","234","&"
"11001","2017-01-18","235","&"
"11001","2017-01-19","236","&"
"11001","2017-01-20","233","&"
"11001","2017-01-21","229","&"
"11001","2017-01-22","227","&"
"11001","2017-01-23","224","&"
"11001","2017-01-24","221","_&"
"11001","2017-01-25","223","&"
"11001","2017-01-26","224","&"
"11001","2017-01-27","224","&"
"11001","2017-01-28","225","&"
"11001","2017-01-29","225","&"
"11001","2017-01-30","226","&"
"11001","2017-01-31","227","&"
"11001","2017-02-01","228","&"
"11001","2017-02-02","228","_&"
"11001","2017-02-03","229","&"
"11001","2017-02-04","228","&"
"11001","2017-02-05","229","&"
"11001","2017-02-06","229","&"
"11001","2017-02-07","228","&"
"11001","2017-02-08","229","&"
"11001","2017-02-09","229","&"
"11001","2017-02-10","229","&"
"11001","2017-02-11","230","&"
"11001","2017-02-12","237","&"
"11001","2017-02-13","244","&"
"11001","2017-02-14","247","&"
"11001","2017-02-15","247","&"
"11001","2017-02-16","248","&"
"11001","2017-02-17","248","&"
"11001","2017-02-18","248","&"
"11001","2017-02-19","247","&"
"11001","2017-02-20","248","&"
"11001","2017-02-21","248","&"
"11001","2017-02-22","249","&"
"11001","2017-02-23","250","&"
"11001","2017-02-24","251","&"
"11001","2017-02-25","253","&"
"11001","2017-02-26","253","&"
"11001","2017-02-27","254","&"
"11001","2017-02-28","255","^&"
"11001","2017-03-01","254","_&"
"11001","2017-03-02","255","_&"
"11001","2017-03-03","262","&"
"11001","2017-03-04","267","&"
"11001","2017-03-05","269","&"
"11001","2017-03-06","270","&"
"11001","2017-03-07","270","&"
"11001","2017-03-08","270","&"
"11001","2017-03-09","267","&"
"11001","2017-03-10","262","&"
"11001","2017-03-11","259","&"
"11001","2017-03-12","259","&"
"11001","2017-03-13","262","&"
"11001","2017-03-14","264","&"
"11001","2017-03-15","265","&"
"11001","2017-03-16","266","&"
"11001","2017-03-17","268","&"
"11001","2017-03-18","271","&"
"11001","2017-03-19","273","&"
"11001","2017-03-20","279","&"
"11001","2017-03-21","283","&"
"11001","2017-03-22","282","&"
"11001","2017-03-23","281","&"
"11001","2017-03-24","286","&"
"11001","2017-03-25","289","("
"11001","2017-03-26","290","("
"11001","2017-03-27","297","("
"11001","2017-03-28","305","("
"11001","2017-03-29","309","("
"11001","2017-03-30","317","("
"11001","2017-03-31","342","^("
"11001","2017-04-01","355","("
"11001","2017-04-02","348","("
"11001","2017-04-03","354","("
"11001","2017-04-04","348","("
"11001","2017-04-05","389","П"
"11001","2017-04-06","474","^<П"
"11001","2017-04-07","365","Л"
"11001","2017-04-08","290","Х"
"11001","2017-04-09","273",""
"11001","2017-04-10","275",""
"11001","2017-04-11","276",""
"11001","2017-04-12","279",""
"11001","2017-04-13","284",""
"11001","2017-04-14","287",""
"11001","2017-04-15","290",""
"11001","2017-04-16","290",""
"11001","2017-04-17","282",""
"11001","2017-04-18","280",""
"11001","2017-04-19","277",""
"11001","2017-04-20","267","_"
"11001","2017-04-21","269","_"
"11001","2017-04-22","281",""
"11001","2017-04-23","290",""
"11001","2017-04-24","285",""
"11001","2017-04-25","269",""
"11001","2017-04-26","277",""
"11001","2017-04-27","290",""
"11001","2017-04-28","311",""
"11001","2017-04-29","341",""
"11001","2017-04-30","355",""
"11001","2017-05-01","368",""
"11001","2017-05-02","364",""
"11001","2017-05-03","341",""
"11001","2017-05-04","327",""
"11001","2017-05-05","321",""
"11001","2017-05-06","305",""
"11001","2017-05-07","297",""
"11001","2017-05-08","303","_"
"11001","2017-05-09","335",""
"11001","2017-05-10","335",""
"11001","2017-05-11","315",""
"11001","2017-05-12","317",""
"11001","2017-05-13","335",""
"11001","2017-05-14","381",""
"11001","2017-05-15","408",""
"11001","2017-05-16","398",""
"11001","2017-05-17","430",""
"11001","2017-05-18","448",""
"11001","2017-05-19","464",""
"11001","2017-05-20","478","^"
"11001","2017-05-21","465",""
"11001","2017-05-22","454",""
"11001","2017-05-23","443",""
"11001","2017-05-24","423",""
"11001","2017-05-25","442",""
"11001","2017-05-26","458",""
"11001","2017-05-27","463",""
"11001","2017-05-28","470",""
"11001","2017-05-29","464",""
"11001","2017-05-30","452",""
"11001","2017-05-31","457",""
"11001","2017-06-01","475",""
"11001","2017-06-02","491",""
"11001","2017-06-03","501",""
"11001","2017-06-04","509",""
"11001","2017-06-05","516","^"
"11001","2017-06-06","514",""
"11001","2017-06-07","508",""
"11001","2017-06-08","504",""
"11001","2017-06-09","499",""
"11001","2017-06-10","493",""
"11001","2017-06-11","493",""
"11001","2017-06-12","470",""
"11001","2017-06-13","446",""
"11001","2017-06-14","440",""
"11001","2017-06-15","415",""
"11001","2017-06-16","400",""
"11001","2017-06-17","388",""
"11001","2017-06-18","394",""
"11001","2017-06-19","405",""
"11001","2017-06-20","402",""
"11001","2017-06-21","405",""
"11001","2017-06-22","391",""
"11001","2017-06-23","384",""
"11001","2017-06-24","379",""
"11001","2017-06-25","369",""
"11001","2017-06-26","361",""
"11001","2017-06-27","370",""
"11001","2017-06-28","393",""
"11001","2017-06-29","349",""
"11001","2017-06-30","333","_"
"11001","2017-07-01","357",""
"11001","2017-07-02","375",""
"11001","2017-07-03","365",""
"11001","2017-07-04","366",""
"11001","2017-07-05","389","^"
"11001","2017-07-06","356",""
"11001","2017-07-07","326",""
"11001","2017-07-08","326",""
"11001","2017-07-09","366",""
"11001","2017-07-10","328",""
"11001","2017-07-11","297",""
"11001","2017-07-12","313",""
"11001","2017-07-13","289",""
"11001","2017-07-14","317",""
"11001","2017-07-15","286",""
"11001","2017-07-16","280",""
"11001","2017-07-17","297",""
"11001","2017-07-18","305",""
"11001","2017-07-19","279",""
"11001","2017-07-20","286",""
"11001","2017-07-21","292",""
"11001","2017-07-22","289",""
"11001","2017-07-23","277",""
"11001","2017-07-24","267",""
"11001","2017-07-25","262",""
"11001","2017-07-26","261",""
"11001","2017-07-27","256",""
"11001","2017-07-28","257",""
"11001","2017-07-29","273",""
"11001","2017-07-30","264",""
"11001","2017-07-31","240","_"
"11001","2017-08-01","225",""
"11001","2017-08-02","225",""
"11001","2017-08-03","241",""
"11001","2017-08-04","221",""
"11001","2017-08-05","215",""
"11001","2017-08-06","247",""
"11001","2017-08-07","232",""
"11001","2017-08-08","220",""
"11001","2017-08-09","238",""
"11001","2017-08-10","238",""
"11001","2017-08-11","220",""
"11001","2017-08-12","221",""
"11001","2017-08-13","230",""
"11001","2017-08-14","214",""
"11001","2017-08-15","202","_"
"11001","2017-08-16","213",""
"11001","2017-08-17","227",""
"11001","2017-08-18","233",""
"11001","2017-08-19","257","^"
"11001","2017-08-20","229",""
"11001","2017-08-21","235",""
"11001","2017-08-22","219",""
"11001","2017-08-23","210",""
"11001","2017-08-24","214",""
"11001","2017-08-25","237",""
"11001","2017-08-26","231",""
"11001","2017-08-27","251",""
"11001","2017-08-28","236",""
"11001","2017-08-29","227",""
"11001","2017-08-30","230",""
"11001","2017-08-31","228",""
"11001","2017-09-01","216",""
"11001","2017-09-02","205",""
"11001","2017-09-03","211",""
"11001","2017-09-04","200",""
"11001","2017-09-05","199",""
"11001","2017-09-06","184",""
"11001","2017-09-07","181",""
"11001","2017-09-08","178",""
"11001","2017-09-09","177","_"
"11001","2017-09-10","181",""
"11001","2017-09-11","181",""
"11001","2017-09-12","194",""
"11001","2017-09-13","218",""
"11001","2017-09-14","226",""
"11001","2017-09-15","230",""
"11001","2017-09-16","236","^"
"11001","2017-09-17","226",""
"11001","2017-09-18","229",""
"11001","2017-09-19","199",""
"11001","2017-09-20","185",""
"11001","2017-09-21","188",""
"11001","2017-09-22","188",""
"11001","2017-09-23","184",""
"11001","2017-09-24","188",""
"11001","2017-09-25","206",""
"11001","2017-09-26","210",""
"11001","2017-09-27","209",""
"11001","2017-09-28","225",""
"11001","2017-09-29","229",""
"11001","2017-09-30","229",""
"11001","2017-10-01","224",""
"11001","2017-10-02","218",""
"11001","2017-10-03","218",""
"11001","2017-10-04","216",""
"11001","2017-10-05","219",""
"11001","2017-10-06","220",""
"11001","2017-10-07","218",""
"11001","2017-10-08","214",""
"11001","2017-10-09","212",""
"11001","2017-10-10","219",""
"11001","2017-10-11","196",""
"11001","2017-10-12","192",""
"11001","2017-10-13","193",""
"11001","2017-10-14","196",""
"11001","2017-10-15","197",""
"11001","2017-10-16","204",""
"11001","2017-10-17","187",""
"11001","2017-10-18","176","_"
"11001","2017-10-19","194",""
"11001","2017-10-20","212",""
"11001","2017-10-21","203",""
"11001","2017-10-22","199",""
"11001","2017-10-23","200",""
"11001","2017-10-24","209",""
"11001","2017-10-25","218",""
"11001","2017-10-26","213",""
"11001","2017-10-27","222",""
"11001","2017-10-28","217",""
"11001","2017-10-29","211",""
"11001","2017-10-30","214",""
"11001","2017-10-31","235","^"
"11001","2017-11-01","245",""
"11001","2017-11-02","241",""
"11001","2017-11-03","211",""
"11001","2017-11-04","201",""
"11001","2017-11-05","191",""
"11001","2017-11-06","186",""
"11001","2017-11-07","192",""
"11001","2017-11-08","195",""
"11001","2017-11-09","208",""
"11001","2017-11-10","224",""
"11001","2017-11-11","232",""
"11001","2017-11-12","225",""
"11001","2017-11-13","193",""
"11001","2017-11-14","181",""
"11001","2017-11-15","180","_"
"11001","2017-11-16","191",""
"11001","2017-11-17","212",""
"11001","2017-11-18","224",""
"11001","2017-11-19","210","@"
"11001","2017-11-20","196","@"
"11001","2017-11-21","204","Ш"
"11001","2017-11-22","198","Ш"
"11001","2017-11-23","206","Ш"
"11001","2017-11-24","203","Ш"
"11001","2017-11-25","207","Ш"
"11001","2017-11-26","207","Ш"
"11001","2017-11-27","207","Ш"
"11001","2017-11-28","216","Ш"
"11001","2017-11-29","251","Ш"
"11001","2017-11-30","294","^Ъ]"
"11001","2017-12-01","285","ЪZ"
"11001","2017-12-02","288","]&"
"11001","2017-12-03","288","]&"
"11001","2017-12-04","305","]&"
"11001","2017-12-05","313","]&"
"11001","2017-12-06","309","]&"
"11001","2017-12-07","305","]&"
"11001","2017-12-08","305","]&"
"11001","2017-12-09","302","]&"
"11001","2017-12-10","295","]&"
"11001","2017-12-11","294","]&"
"11001","2017-12-12","314","^]&"
"11001","2017-12-13","311","]&"
"11001","2017-12-14","302","]&"
"11001","2017-12-15","297","]&"
"11001","2017-12-16","291","]&"
"11001","2017-12-17","287","]&"
"11001","2017-12-18","283","]&"
"11001","2017-12-19","278","]&"
"11001","2017-12-20","273","&"
"11001","2017-12-21","264","&"
"11001","2017-12-22","258","&"
"11001","2017-12-23","255","&"
"11001","2017-12-24","252","&"
"11001","2017-12-25","248","&"
"11001","2017-12-26","244","&"
"11001","2017-12-27","241","_&"
"11001","2017-12-28","244","&"
"11001","2017-12-29","246","&"
"11001","2017-12-30","243","&"
"11001","2017-12-31","240","_&"
"11001","2018-01-01","241","&"
"11001","2018-01-02","241","&"
"11001","2018-01-03","245","&"
"11001","2018-01-04","247","&"
"11001","2018-01-05","239","&"
"11001","2018-01-06","237","&"
"11001","2018-01-07","241","&"
"11001","2018-01-08","241","&"
"11001","2018-01-09","233","&"
"11001","2018-01-10","233","&"
"11001","2018-01-11","232","_&"
"11001","2018-01-12","233","_&"
"11001","2018-01-13","236","&"
"11001","2018-01-14","245","&"
"11001","2018-01-15","247","&"
"11001","2018-01-16","247","&"
"11001","2018-01-17","247","&"
"11001","2018-01-18","245","&"
"11001","2018-01-19","243","&"
"11001","2018-01-20","246","&"
"11001","2018-01-21","247","&"
"11001","2018-01-22","246","&"
"11001","2018-01-23","254","&"
"11001","2018-01-24","252","&"
"11001","2018-01-25","252","&"
"11001","2018-01-26","253","&"
"11001","2018-01-27","255","^&"
"11001","2018-01-28","250","&"
"11001","2018-01-29","247","&"
"11001","2018-01-30","244","&"
"11001","2018-01-31","243","&"
"11001","2018-02-01","246","&"
"11001","2018-02-02","246","_&"
"11001","2018-02-03","253","&"
"11001","2018-02-04","253","&"
"11001","2018-02-05","252","&"
"11001","2018-02-06","253","&"
"11001","2018-02-07","253","&"
"11001","2018-02-08","254","&"
"11001","2018-02-09","253","&"
"11001","2018-02-10","251","&"
"11001","2018-02-11","252","&"
"11001","2018-02-12","251","&"
"11001","2018-02-13","251","&"
"11001","2018-02-14","254","&"
"11001","2018-02-15","254","&"
"11001","2018-02-16","254","&"
"11001","2018-02-17","255","&"
"11001","2018-02-18","255","&"
"11001","2018-02-19","255","&"
"11001","2018-02-20","254","&"
"11001","2018-02-21","255","&"
"11001","2018-02-22","256","&"
"11001","2018-02-23","256","&"
"11001","2018-02-24","257","&"
"11001","2018-02-25","260","&"
"11001","2018-02-26","261","&"
"11001","2018-02-27","263","&"
"11001","2018-02-28","265","^&"
"11001","2018-03-01","266","&"
"11001","2018-03-02","267","&"
"11001","2018-03-03","266","_&"
"11001","2018-03-04","269","&"
"11001","2018-03-05","270","&"
"11001","2018-03-06","270","&"
"11001","2018-03-07","270","&"
"11001","2018-03-08","271","&"
"11001","2018-03-09","270","&"
"11001","2018-03-10","270","&"
"11001","2018-03-11","272","&"
"11001","2018-03-12","279","I~"
"11001","2018-03-13","306","I"
"11001","2018-03-14","323","I"
"11001","2018-03-15","344","I"
"11001","2018-03-16","374","I"
"11001","2018-03-17","366","I"
"11001","2018-03-18","347","I"
"11001","2018-03-19","339","I"
"11001","2018-03-20","326","I"
"11001","2018-03-21","336","I"
"11001","2018-03-22","335","I"
"11001","2018-03-23","334","П"
"11001","2018-03-24","366","<П"
"11001","2018-03-25","381","<Л"
"11001","2018-03-26","427","^Л"
"11001","2018-03-27","323","Л"
"11001","2018-03-28","302","Л"
"11001","2018-03-29","285",""
"11001","2018-03-30","289",""
"11001","2018-03-31","279",""
"11001","2018-04-01","267",""
"11001","2018-04-02","277",""
"11001","2018-04-03","282",""
"11001","2018-04-04","276",""
"11001","2018-04-05","260",""
"11001","2018-04-06","235",""
"11001","2018-04-07","230",""
"11001","2018-04-08","230","_"
"11001","2018-04-09","243",""
"11001","2018-04-10","262",""
"11001","2018-04-11","264",""
"11001","2018-04-12","262",""
"11001","2018-04-13","256",""
"11001","2018-04-14","250",""
"11001","2018-04-15","234",""
"11001","2018-04-16","230",""
"11001","2018-04-17","238",""
"11001","2018-04-18","264",""
"11001","2018-04-19","290",""
"11001","2018-04-20","287",""
"11001","2018-04-21","273",""
"11001","2018-04-22","284",""
"11001","2018-04-23","291",""
"11001","2018-04-24","272",""
"11001","2018-04-25","264",""
"11001","2018-04-26","280",""
"11001","2018-04-27","289",""
"11001","2018-04-28","301",""
"11001","2018-04-29","308",""
"11001","2018-04-30","336","^"
"11001","2018-05-01","356",""
"11001","2018-05-02","344",""
"11001","2018-05-03","328",""
"11001","2018-05-04","325",""
"11001","2018-05-05","354",""
"11001","2018-05-06","346",""
"11001","2018-05-07","326",""
"11001","2018-05-08","288","_"
"11001","2018-05-09","296",""
"11001","2018-05-10","303",""
"11001","2018-05-11","304",""
"11001","2018-05-12","296",""
"11001","2018-05-13","301",""
"11001","2018-05-14","345",""
"11001","2018-05-15","347",""
"11001","2018-05-16","352",""
"11001","2018-05-17","338",""
"11001","2018-05-18","346",""
"11001","2018-05-19","332",""
"11001","2018-05-20","332",""
"11001","2018-05-21","345",""
"11001","2018-05-22","356",""
"11001","2018-05-23","353",""
"11001","2018-05-24","329",""
"11001","2018-05-25","313",""
"11001","2018-05-26","365",""
"11001","2018-05-27","372",""
"11001","2018-05-28","340",""
"11001","2018-05-29","326",""
"11001","2018-05-30","339",""
"11001","2018-05-31","401","^"
"11001","2018-06-01","386",""
"11001","2018-06-02","403",""
"11001","2018-06-03","379",""
"11001","2018-06-04","336","_"
"11001","2018-06-05","372",""
"11001","2018-06-06","388",""
"11001","2018-06-07","394",""
"11001","2018-06-08","422",""
"11001","2018-06-09","429",""
"11001","2018-06-10","439",""
"11001","2018-06-11","442",""
"11001","2018-06-12","459",""
"11001","2018-06-13","471",""
"11001","2018-06-14","478",""
"11001","2018-06-15","481",""
"11001","2018-06-16","487",""
"11001","2018-06-17","492",""
"11001","2018-06-18","496",""
"11001","2018-06-19","502",""
"11001","2018-06-20","508",""
"11001","2018-06-21","522",""
"11001","2018-06-22","532","^"
"11001","2018-06-23","531",""
"11001","2018-06-24","527",""
"11001","2018-06-25","518",""
"11001","2018-06-26","503",""
"11001","2018-06-27","494",""
"11001","2018-06-28","480",""
"11001","2018-06-29","472",""
"11001","2018-06-30","470",""
"11001","2018-07-01","479","^"
"11001","2018-07-02","478","^"
"11001","2018-07-03","460",""
"11001","2018-07-04","433",""
"11001","2018-07-05","439",""
"11001","2018-07-06","440",""
"11001","2018-07-07","423",""
"11001","2018-07-08","406",""
"11001","2018-07-09","403",""
"11001","2018-07-10","361",""
"11001","2018-07-11","343",""
"11001","2018-07-12","363",""
"11001","2018-07-13","345",""
"11001","2018-07-14","338",""
"11001","2018-07-15","356",""
"11001","2018-07-16","322",""
"11001","2018-07-17","302",""
"11001","2018-07-18","310",""
"11001","2018-07-19","302",""
"11001","2018-07-20","314",""
"11001","2018-07-21","337",""
"11001","2018-07-22","307",""
"11001","2018-07-23","306",""
"11001","2018-07-24","307",""
"11001","2018-07-25","295","_"
"11001","2018-07-26","319",""
"11001","2018-07-27","356",""
"11001","2018-07-28","313",""
"11001","2018-07-29","315",""
"11001","2018-07-30","324",""
"11001","2018-07-31","325",""
"11001","2018-08-01","320",""
"11001","2018-08-02","308",""
"11001","2018-08-03","288",""
"11001","2018-08-04","312",""
"11001","2018-08-05","343","^"
"11001","2018-08-06","314",""
"11001","2018-08-07","278",""
"11001","2018-08-08","285",""
"11001","2018-08-09","310",""
"11001","2018-08-10","310",""
"11001","2018-08-11","296",""
"11001","2018-08-12","286",""
"11001","2018-08-13","255",""
"11001","2018-08-14","246",""
"11001","2018-08-15","245",""
"11001","2018-08-16","281",""
"11001","2018-08-17","284",""
"11001","2018-08-18","282",""
"11001","2018-08-19","273",""
"11001","2018-08-20","283",""
"11001","2018-08-21","298",""
"11001","2018-08-22","291",""
"11001","2018-08-23","273",""
"11001","2018-08-24","251",""
"11001","2018-08-25","246",""
"11001","2018-08-26","236",""
"11001","2018-08-27","226",""
"11001","2018-08-28","220","_"
"11001","2018-08-29","233",""
"11001","2018-08-30","245",""
"11001","2018-08-31","263",""
"11001","2018-09-01","258",""
"11001","2018-09-02","257",""
"11001","2018-09-03","270","^"
"11001","2018-09-04","263",""
"11001","2018-09-05","236",""
"11001","2018-09-06","234",""
"11001","2018-09-07","231",""
"11001","2018-09-08","239",""
"11001","2018-09-09","255",""
"11001","2018-09-10","270",""
"11001","2018-09-11","257",""
"11001","2018-09-12","243",""
"11001","2018-09-13","243",""
"11001","2018-09-14","246",""
"11001","2018-09-15","235",""
"11001","2018-09-16","243",""
"11001","2018-09-17","245",""
"11001","2018-09-18","251",""
"11001","2018-09-19","251",""
"11001","2018-09-20","239",""
"11001","2018-09-21","229",""
"11001","2018-09-22","231",""
"11001","2018-09-23","233",""
"11001","2018-09-24","227",""
"11001","2018-09-25","216",""
"11001","2018-09-26","211",""
"11001","2018-09-27","208",""
"11001","2018-09-28","200","_"
"11001","2018-09-29","202",""
"11001","2018-09-30","206",""
"11001","2018-10-01","208",""
"11001","2018-10-02","210",""
"11001","2018-10-03","214",""
"11001","2018-10-04","210",""
"11001","2018-10-05","209",""
"11001","2018-10-06","207",""
"11001","2018-10-07","201",""
"11001","2018-10-08","193",""
"11001","2018-10-09","191","_"
"11001","2018-10-10","193",""
"11001","2018-10-11","194",""
"11001","2018-10-12","199",""
"11001","2018-10-13","209",""
"11001","2018-10-14","219",""
"11001","2018-10-15","220",""
"11001","2018-10-16","203",""
"11001","2018-10-17","200",""
"11001","2018-10-18","194",""
"11001","2018-10-19","197",""
"11001","2018-10-20","212",""
"11001","2018-10-21","222",""
"11001","2018-10-22","224",""
"11001","2018-10-23","230","^"
"11001","2018-10-24","219",""
"11001","2018-10-25","217",""
"11001","2018-10-26","216",""
"11001","2018-10-27","203",""
"11001","2018-10-28","201",""
"11001","2018-10-29","204",""
"11001","2018-10-30","211",""
"11001","2018-10-31","221",""
"11001","2018-11-01","211",""
"11001","2018-11-02","219",""
"11001","2018-11-03","218",""
"11001","2018-11-04","204",""
"11001","2018-11-05","201",""
"11001","2018-11-06","199",""
"11001","2018-11-07","195",""
"11001","2018-11-08","193","_"
"11001","2018-11-09","193",""
"11001","2018-11-10","195",""
"11001","2018-11-11","203",""
"11001","2018-11-12","206","@"
"11001","2018-11-13","243","ЪШ"
"11001","2018-11-14","243","Ъ"
"11001","2018-11-15","247","Ъ"
"11001","2018-11-16","254","]&"
"11001","2018-11-17","261","]&"
"11001","2018-11-18","263","]&"
"11001","2018-11-19","266","]&"
"11001","2018-11-20","264","]&"
"11001","2018-11-21","258","]&"
"11001","2018-11-22","262","]&"
"11001","2018-11-23","255","]&"
"11001","2018-11-24","255","]&"
"11001","2018-11-25","252","]&"
"11001","2018-11-26","245","]&"
"11001","2018-11-27","244","]&"
"11001","2018-11-28","253","]&"
"11001","2018-11-29","272","^&"
"11001","2018-11-30","262","&"
"11001","2018-12-01","259","^&"
"11001","2018-12-02","253","^&"
"11001","2018-12-03","225","&"
"11001","2018-12-04","221","&"
"11001","2018-12-05","216","&"
"11001","2018-12-06","231","&"
"11001","2018-12-07","236","&"
"11001","2018-12-08","224","&"
"11001","2018-12-09","221","&"
"11001","2018-12-10","226","&"
"11001","2018-12-11","220","&"
"11001","2018-12-12","205","&"
"11001","2018-12-13","210","&"
"11001","2018-12-14","204","&"
"11001","2018-12-15","198","_&"
"11001","2018-12-16","208","&"
"11001","2018-12-17","208","&"
"11001","2018-12-18","206","&"
"11001","2018-12-19","206","&"
"11001","2018-12-20","206","&"
"11001","2018-12-21","206","&"
"11001","2018-12-22","206","&"
"11001","2018-12-23","205","&"
"11001","2018-12-24","206","&"
"11001","2018-12-25","206","&"
"11001","2018-12-26","210","&"
"11001","2018-12-27","217","&"
"11001","2018-12-28","221","&"
"11001","2018-12-29","221","&"
"11001","2018-12-30","223","&"
"11001","2018-12-31","223","&"
"11001","2019-01-01","219","&"
"11001","2019-01-02","218","&"
"11001","2019-01-03","221","&"
"11001","2019-01-04","221","&"
"11001","2019-01-05","216","&"
"11001","2019-01-06","216","&"
"11001","2019-01-07","215","&"
"11001","2019-01-08","214","&"
"11001","2019-01-09","215","&"
"11001","2019-01-10","214","_&"
"11001","2019-01-11","219","&"
"11001","2019-01-12","221","&"
"11001","2019-01-13","223","&"
"11001","2019-01-14","223","&"
"11001","2019-01-15","225","&"
"11001","2019-01-16","228","&"
"11001","2019-01-17","229","&"
"11001","2019-01-18","229","&"
"11001","2019-01-19","228","&"
"11001","2019-01-20","227","&"
"11001","2019-01-21","221","&"
"11001","2019-01-22","219","&"
"11001","2019-01-23","220","&"
"11001","2019-01-24","219","&"
"11001","2019-01-25","218","&"
"11001","2019-01-26","218","&"
"11001","2019-01-27","219","&"
"11001","2019-01-28","225","&"
"11001","2019-01-29","234","^&"
"11001","2019-01-30","229","&"
"11001","2019-01-31","226","&"
"11001","2019-02-01","222","&"
"11001","2019-02-02","220","_&"
"11001","2019-02-03","222","&"
"11001","2019-02-04","223","&"
"11001","2019-02-05","222","&"
"11001","2019-02-06","222","&"
"11001","2019-02-07","222","&"
"11001","2019-02-08","220","&"
"11001","2019-02-09","222","&"
"11001","2019-02-10","225","&"
"11001","2019-02-11","225","&"
"11001","2019-02-12","224","&"
"11001","2019-02-13","220","&"
"11001","2019-02-14","222","&"
"11001","2019-02-15","223","&"
"11001","2019-02-16","226","&"
"11001","2019-02-17","231","&"
"11001","2019-02-18","232","&"
"11001","2019-02-19","233","&"
"11001","2019-02-20","234","&"
"11001","2019-02-21","235","&"
"11001","2019-02-22","235","&"
"11001","2019-02-23","235","&"
"11001","2019-02-24","236","&"
"11001","2019-02-25","235","&"
"11001","2019-02-26","234","&"
"11001","2019-02-27","236","&"
"11001","2019-02-28","239","^&"
"11001","2019-03-01","241","&"
"11001","2019-03-02","246","&"
"11001","2019-03-03","251","&"
"11001","2019-03-04","253","&"
"11001","2019-03-05","252","&"
"11001","2019-03-06","254","&"
"11001","2019-03-07","258","&"
"11001","2019-03-08","264","I"
"11001","2019-03-09","270","I"
"11001","2019-03-10","274","I"
"11001","2019-03-11","281","~"
"11001","2019-03-12","287","~"
"11001","2019-03-13","279","~"
"11001","2019-03-14","277","~"
"11001","2019-03-15","278","~"
"11001","2019-03-16","276","~"
"11001","2019-03-17","274","(~"
"11001","2019-03-18","277","(~"
"11001","2019-03-19","284","(~"
"11001","2019-03-20","284","(~"
"11001","2019-03-21","277","(~"
"11001","2019-03-22","282","(~"
"11001","2019-03-23","289","П("
"11001","2019-03-24","291","ПР"
"11001","2019-03-25","293","ПР"
"11001","2019-03-26","301","^Л"
"11001","2019-03-27","296","Л"
"11001","2019-03-28","272","Л"
"11001","2019-03-29","263","Л"
"11001","2019-03-30","240","_Л"
"11001","2019-03-31","243",""
"11001","2019-04-01","254","_"
"11001","2019-04-02","262",""
"11001","2019-04-03","260",""
"11001","2019-04-04","257",""
"11001","2019-04-05","253","_"
"11001","2019-04-06","255",""
"11001","2019-04-07","258",""
"11001","2019-04-08","264",""
"11001","2019-04-09","277",""
"11001","2019-04-10","281",""
"11001","2019-04-11","276",""
"11001","2019-04-12","272",""
"11001","2019-04-13","275",""
"11001","2019-04-14","277",""
"11001","2019-04-15","283",""
"11001","2019-04-16","281",""
"11001","2019-04-17","281",""
"11001","2019-04-18","280",""
"11001","2019-04-19","297",""
"11001","2019-04-20","295",""
"11001","2019-04-21","290",""
"11001","2019-04-22","298","^"
"11001","2019-04-23","292",""
"11001","2019-04-24","284",""
"11001","2019-04-25","294","^"
"11001","2019-04-26","285",""
"11001","2019-04-27","268",""
"11001","2019-04-28","283",""
"11001","2019-04-29","283",""
"11001","2019-04-30","298",""
"11001","2019-05-01","306","^"
"11001","2019-05-02","300",""
"11001","2019-05-03","289",""
"11001","2019-05-04","297",""
"11001","2019-05-05","293",""
"11001","2019-05-06","284",""
"11001","2019-05-07","284",""
"11001","2019-05-08","289",""
"11001","2019-05-09","287",""
"11001","2019-05-10","287",""
"11001","2019-05-11","294",""
"11001","2019-05-12","293",""
"11001","2019-05-13","287",""
"11001","2019-05-14","280",""
"11001","2019-05-15","274",""
"11001","2019-05-16","271",""
"11001","2019-05-17","275",""
"11001","2019-05-18","283",""
"11001","2019-05-19","285",""
"11001","2019-05-20","276",""
"11001","2019-05-21","272",""
"11001","2019-05-22","280",""
"11001","2019-05-23","285",""
"11001","2019-05-24","286",""
"11001","2019-05-25","284",""
"11001","2019-05-26","279",""
"11001","2019-05-27","278",""
"11001","2019-05-28","284",""
"11001","2019-05-29","261",""
"11001","2019-05-30","255","_"
"11001","2019-05-31","268",""
"11001","2019-06-01","288","_"
"11001","2019-06-02","330",""
"11001","2019-06-03","378",""
"11001","2019-06-04","381",""
"11001","2019-06-05","385",""
"11001","2019-06-06","387",""
"11001","2019-06-07","379",""
"11001","2019-06-08","401",""
"11001","2019-06-09","406",""
"11001","2019-06-10","396",""
"11001","2019-06-11","418",""
"11001","2019-06-12","427",""
"11001","2019-06-13","418",""
"11001","2019-06-14","403",""
"11001","2019-06-15","434",""
"11001","2019-06-16","459",""
"11001","2019-06-17","477",""
"11001","2019-06-18","491","^"
"11001","2019-06-19","492","^"
"11001","2019-06-20","490",""
"11001","2019-06-21","446",""
"11001","2019-06-22","411",""
"11001","2019-06-23","405",""
"11001","2019-06-24","387",""
"11001","2019-06-25","363",""
"11001","2019-06-26","362",""
"11001","2019-06-27","359",""
"11001","2019-06-28","330",""
"11001","2019-06-29","311",""
"11001","2019-06-30","303",""
"11001","2019-07-01","311",""
"11001","2019-07-02","325","^"
"11001","2019-07-03","320",""
"11001","2019-07-04","310",""
"11001","2019-07-05","295",""
"11001","2019-07-06","288",""
"11001","2019-07-07","290",""
"11001","2019-07-08","296",""
"11001","2019-07-09","305",""
"11001","2019-07-10","285",""
"11001","2019-07-11","264",""
"11001","2019-07-12","255","_"
"11001","2019-07-13","286",""
"11001","2019-07-14","326",""
"11001","2019-07-15","300",""
"11001","2019-07-16","277",""
"11001","2019-07-17","277",""
"11001","2019-07-18","273",""
"11001","2019-07-19","269",""
"11001","2019-07-20","269",""
"11001","2019-07-21","259",""
"11001","2019-07-22","270",""
"11001","2019-07-23","265",""
"11001","2019-07-24","259",""
"11001","2019-07-25","270",""
"11001","2019-07-26","281",""
"11001","2019-07-27","282",""
"11001","2019-07-28","278",""
"11001","2019-07-29","279",""
"11001","2019-07-30","275",""
"11001","2019-07-31","270",""
"11001","2019-08-01","274","^"
"11001","2019-08-02","271",""
"11001","2019-08-03","269",""
"11001","2019-08-04","264",""
"11001","2019-08-05","260",""
"11001","2019-08-06","253",""
"11001","2019-08-07","247",""
"11001","2019-08-08","243",""
"11001","2019-08-09","243",""
"11001","2019-08-10","239",""
"11001","2019-08-11","238",""
"11001","2019-08-12","239",""
"11001","2019-08-13","238",""
"11001","2019-08-14","245",""
"11001","2019-08-15","247",""
"11001","2019-08-16","242",""
"11001","2019-08-17","232",""
"11001","2019-08-18","232",""
"11001","2019-08-19","237",""
"11001","2019-08-20","226",""
"11001","2019-08-21","222","_"
"11001","2019-08-22","226",""
"11001","2019-08-23","235",""
"11001","2019-08-24","245",""
"11001","2019-08-25","235",""
"11001","2019-08-26","235",""
"11001","2019-08-27","245",""
"11001","2019-08-28","253",""
"11001","2019-08-29","264",""
"11001","2019-08-30","273",""
"11001","2019-08-31","270",""
"11001","2019-09-01","254","^"
"11001","2019-09-02","239",""
"11001","2019-09-03","239",""
"11001","2019-09-04","226",""
"11001","2019-09-05","225",""
"11001","2019-09-06","226",""
"11001","2019-09-07","219",""
"11001","2019-09-08","223",""
"11001","2019-09-09","210",""
"11001","2019-09-10","227",""
"11001","2019-09-11","231",""
"11001","2019-09-12","216",""
"11001","2019-09-13","222",""
"11001","2019-09-14","240",""
"11001","2019-09-15","247",""
"11001","2019-09-16","255",""
"11001","2019-09-17","260","^"
"11001","2019-09-18","244",""
"11001","2019-09-19","222",""
"11001","2019-09-20","229",""
"11001","2019-09-21","222",""
"11001","2019-09-22","215",""
"11001","2019-09-23","200",""
"11001","2019-09-24","202",""
"11001","2019-09-25","211",""
"11001","2019-09-26","200",""
"11001","2019-09-27","201",""
"11001","2019-09-28","194",""
"11001","2019-09-29","192",""
"11001","2019-09-30","187","_"
"11001","2019-10-01","196","_"
"11001","2019-10-02","199",""
"11001","2019-10-03","223",""
"11001","2019-10-04","265",""
"11001","2019-10-05","264",""
"11001","2019-10-06","264",""
"11001","2019-10-07","249",""
"11001","2019-10-08","236",""
"11001","2019-10-09","237",""
"11001","2019-10-10","245",""
"11001","2019-10-11","265","^"
"11001","2019-10-12","252",""
"11001","2019-10-13","233",""
"11001","2019-10-14","235",""
"11001","2019-10-15","235",""
"11001","2019-10-16","236",""
"11001","2019-10-17","227",""
"11001","2019-10-18","224",""
"11001","2019-10-19","208",""
"11001","2019-10-20","210",""
"11001","2019-10-21","216",""
"11001","2019-10-22","223",""
"11001","2019-10-23","220",""
"11001","2019-10-24","219",""
"11001","2019-10-25","217",""
"11001","2019-10-26","218",""
"11001","2019-10-27","216",""
"11001","2019-10-28","214",""
"11001","2019-10-29","224",""
"11001","2019-10-30","220",""
"11001","2019-10-31","217",""
"11001","2019-11-01","214",""
"11001","2019-11-02","215",""
"11001","2019-11-03","216",""
"11001","2019-11-04","216",""
"11001","2019-11-05","212",""
"11001","2019-11-06","205",""
"11001","2019-11-07","206",""
"11001","2019-11-08","216",""
"11001","2019-11-09","217",""
"11001","2019-11-10","208",""
"11001","2019-11-11","207",""
"11001","2019-11-12","207","@"
"11001","2019-11-13","224","Ш"
"11001","2019-11-14","229","Ш"
"11001","2019-11-15","221","Ш"
"11001","2019-11-16","205","Ш"
"11001","2019-11-17","203","_Ш"
"11001","2019-11-18","240","ЪZ"
"11001","2019-11-19","253","ЪZ"
"11001","2019-11-20","272","ЪZ"
"11001","2019-11-21","280","]&"
"11001","2019-11-22","279","^]&"
"11001","2019-11-23","264","]&"
"11001","2019-11-24","263","]&"
"11001","2019-11-25","259","]&"
"11001","2019-11-26","253","]&"
"11001","2019-11-27","260","]&"
"11001","2019-11-28","266","]&"
"11001","2019-11-29","262","]&"
"11001","2019-11-30","257","]&"
"11001","2019-12-01","259","]&"
"11001","2019-12-02","264","^]&"
"11001","2019-12-03","261","]&"
"11001","2019-12-04","260","]&"
"11001","2019-12-05","256","]&"
"11001","2019-12-06","244","]&"
"11001","2019-12-07","246","]&"
"11001","2019-12-08","249","]&"
"11001","2019-12-09","253","]&"
"11001","2019-12-10","251","]&"
"11001","2019-12-11","249","]&"
"11001","2019-12-12","246","&"
"11001","2019-12-13","245","&"
"11001","2019-12-14","249","&"
"11001","2019-12-15","247","&"
"11001","2019-12-16","245","&"
"11001","2019-12-17","245","&"
"11001","2019-12-18","248","&"
"11001","2019-12-19","247","&"
"11001","2019-12-20","244","&"
"11001","2019-12-21","240","&"
"11001","2019-12-22","239","&"
"11001","2019-12-23","241","&"
"11001","2019-12-24","244","&"
"11001","2019-12-25","239","&"
"11001","2019-12-26","236","&"
"11001","2019-12-27","234","_&"
"11001","2019-12-28","236","&"
"11001","2019-12-29","238","&"
"11001","2019-12-30","241","&"
"11001","2019-12-31","235","&"
"11001","2020-01-01","235","_&"
"11001","2020-01-02","238","&"
"11001","2020-01-03","244","&"
"11001","2020-01-04","248","&"
"11001","2020-01-05","247","&"
"11001","2020-01-06","249","&"
"11001","2020-01-07","250","&"
"11001","2020-01-08","249","&"
"11001","2020-01-09","247","&"
"11001","2020-01-10","243","&"
"11001","2020-01-11","243","&"
"11001","2020-01-12","243","&"
"11001","2020-01-13","237","&"
"11001","2020-01-14","235","_&"
"11001","2020-01-15","237","&"
"11001","2020-01-16","242","&"
"11001","2020-01-17","243","&"
"11001","2020-01-18","241","&"
"11001","2020-01-19","242","&"
"11001","2020-01-20","242","&"
"11001","2020-01-21","244","&"
"11001","2020-01-22","245","&"
"11001","2020-01-23","244","&"
"11001","2020-01-24","242","&"
"11001","2020-01-25","242","&"
"11001","2020-01-26","248","&"
"11001","2020-01-27","252","^&"
"11001","2020-01-28","249","&"
"11001","2020-01-29","246","&"
"11001","2020-01-30","246","&"
"11001","2020-01-31","244","&"
"11001","2020-02-01","244","_&"
"11001","2020-02-02","248","&"
"11001","2020-02-03","249","&"
"11001","2020-02-04","254","&"
"11001","2020-02-05","257","&"
"11001","2020-02-06","257","&"
"11001","2020-02-07","259","&"
"11001","2020-02-08","257","&"
"11001","2020-02-09","257","&"
"11001","2020-02-10","253","&"
"11001","2020-02-11","251","&"
"11001","2020-02-12","251","&"
"11001","2020-02-13","252","&"
"11001","2020-02-14","254","&"
"11001","2020-02-15","258","&"
"11001","2020-02-16","263","&"
"11001","2020-02-17","265","&"
"11001","2020-02-18","265","&"
"11001","2020-02-19","260","&"
"11001","2020-02-20","259","&"
"11001","2020-02-21","264","&"
"11001","2020-02-22","268","&"
"11001","2020-02-23","270","&"
"11001","2020-02-24","273","&"
"11001","2020-02-25","275","&"
"11001","2020-02-26","275","&"
"11001","2020-02-27","275","&"
"11001","2020-02-28","275","&"
"11001","2020-02-29","277","^&"
"11001","2020-03-01","276","&"
"11001","2020-03-02","276","_&"
"11001","2020-03-03","280","&"
"11001","2020-03-04","282","&"
"11001","2020-03-05","284","&"
"11001","2020-03-06","285","&"
"11001","2020-03-07","284","&"
"11001","2020-03-08","283","&"
"11001","2020-03-09","280","&"
"11001","2020-03-10","281","&"
"11001","2020-03-11","283","&"
"11001","2020-03-12","286","&"
"11001","2020-03-13","282","&"
"11001","2020-03-14","281","&"
"11001","2020-03-15","282","I"
"11001","2020-03-16","287","I"
"11001","2020-03-17","293","I"
"11001","2020-03-18","296","(I"
"11001","2020-03-19","316","("
"11001","2020-03-20","326","("
"11001","2020-03-21","325","("
"11001","2020-03-22","314","("
"11001","2020-03-23","314","("
"11001","2020-03-24","310","("
"11001","2020-03-25","311","("
"11001","2020-03-26","312","("
"11001","2020-03-27","316","П("
"11001","2020-03-28","335","П"
"11001","2020-03-29","341","<П"
"11001","2020-03-30","356","^<Л"
"11001","2020-03-31","335","Л"
"11001","2020-04-01","313",""
"11001","2020-04-02","301",""
"11001","2020-04-03","286","_"
"11001","2020-04-04","288",""
"11001","2020-04-05","297",""
"11001","2020-04-06","298",""
"11001","2020-04-07","297",""
"11001","2020-04-08","303",""
"11001","2020-04-09","316",""
"11001","2020-04-10","322",""
"11001","2020-04-11","330",""
"11001","2020-04-12","332",""
"11001","2020-04-13","327",""
"11001","2020-04-14","320",""
"11001","2020-04-15","312",""
"11001","2020-04-16","298",""
"11001","2020-04-17","297",""
"11001","2020-04-18","300",""
"11001","2020-04-19","303",""
"11001","2020-04-20","303",""
"11001","2020-04-21","294",""
"11001","2020-04-22","303",""
"11001","2020-04-23","301",""
"11001","2020-04-24","294",""
"11001","2020-04-25","312",""
"11001","2020-04-26","332",""
"11001","2020-04-27","329",""
"11001","2020-04-28","345",""
"11001","2020-04-29","378",""
"11001","2020-04-30","391","^"
"11001","2020-05-01","391",""
"11001","2020-05-02","432",""
"11001","2020-05-03","443","^"
"11001","2020-05-04","418",""
"11001","2020-05-05","357",""
"11001","2020-05-06","334",""
"11001","2020-05-07","353",""
"11001","2020-05-08","340",""
"11001","2020-05-09","335",""
"11001","2020-05-10","296",""
"11001","2020-05-11","278",""
"11001","2020-05-12","276",""
"11001","2020-05-13","297",""
"11001","2020-05-14","297",""
"11001","2020-05-15","281",""
"11001","2020-05-16","270","_"
"11001","2020-05-17","277",""
"11001","2020-05-18","322",""
"11001","2020-05-19","337",""
"11001","2020-05-20","326",""
"11001","2020-05-21","329",""
"11001","2020-05-22","336",""
"11001","2020-05-23","341",""
"11001","2020-05-24","345",""
"11001","2020-05-25","305",""
"11001","2020-05-26","312",""
"11001","2020-05-27","298",""
"11001","2020-05-28","349",""
"11001","2020-05-29","347",""
"11001","2020-05-30","365",""
"11001","2020-05-31","386",""
"11001","2020-06-01","427","^"
"11001","2020-06-02","421",""
"11001","2020-06-03","350",""
"11001","2020-06-04","308",""
"11001","2020-06-05","282",""
"11001","2020-06-06","275",""
"11001","2020-06-07","276",""
"11001","2020-06-08","273",""
"11001","2020-06-09","265",""
"11001","2020-06-10","262",""
"11001","2020-06-11","257",""
"11001","2020-06-12","254",""
"11001","2020-06-13","235",""
"11001","2020-06-14","234",""
"11001","2020-06-15","263",""
"11001","2020-06-16","244",""
"11001","2020-06-17","250",""
"11001","2020-06-18","237",""
"11001","2020-06-19","235",""
"11001","2020-06-20","225",""
"11001","2020-06-21","225",""
"11001","2020-06-22","216",""
"11001","2020-06-23","216",""
"11001","2020-06-24","233",""
"11001","2020-06-25","236",""
"11001","2020-06-26","234",""
"11001","2020-06-27","233",""
"11001","2020-06-28","227",""
"11001","2020-06-29","220",""
"11001","2020-06-30","213","_"
"11001","2020-07-01","208",""
"11001","2020-07-02","208",""
"11001","2020-07-03","205",""
"11001","2020-07-04","200","_"
"11001","2020-07-05","203",""
"11001","2020-07-06","211",""
"11001","2020-07-07","210",""
"11001","2020-07-08","211",""
"11001","2020-07-09","211",""
"11001","2020-07-10","209",""
"11001","2020-07-11","216",""
"11001","2020-07-12","212",""
"11001","2020-07-13","228",""
"11001","2020-07-14","237",""
"11001","2020-07-15","239",""
"11001","2020-07-16","246",""
"11001","2020-07-17","271",""
"11001","2020-07-18","288","^"
"11001","2020-07-19","263",""
"11001","2020-07-20","258",""
"11001","2020-07-21","243",""
"11001","2020-07-22","224",""
"11001","2020-07-23","234",""
"11001","2020-07-24","247",""
"11001","2020-07-25","240",""
"11001","2020-07-26","256",""
"11001","2020-07-27","270",""
"11001","2020-07-28","247",""
"11001","2020-07-29","262",""
"11001","2020-07-30","259",""
"11001","2020-07-31","266",""
"11001","2020-08-01","279",""
"11001","2020-08-02","287",""
"11001","2020-08-03","296","^"
"11001","2020-08-04","264",""
"11001","2020-08-05","268",""
"11001","2020-08-06","270",""
"11001","2020-08-07","261",""
"11001","2020-08-08","263",""
"11001","2020-08-09","253",""
"11001","2020-08-10","246",""
"11001","2020-08-11","245",""
"11001","2020-08-12","236",""
"11001","2020-08-13","225",""
"11001","2020-08-14","227",""
"11001","2020-08-15","229",""
"11001","2020-08-16","224","_"
"11001","2020-08-17","236",""
"11001","2020-08-18","241",""
"11001","2020-08-19","239",""
"11001","2020-08-20","249",""
"11001","2020-08-21","252",""
"11001","2020-08-22","254",""
"11001","2020-08-23","244",""
"11001","2020-08-24","246",""
"11001","2020-08-25","258",""
"11001","2020-08-26","253",""
"11001","2020-08-27","254",""
"11001","2020-08-28","250",""
"11001","2020-08-29","253",""
"11001","2020-08-30","250",""
"11001","2020-08-31","256",""
"11001","2020-09-01","271",""
"11001","2020-09-02","270",""
"11001","2020-09-03","273",""
"11001","2020-09-04","282",""
"11001","2020-09-05","282",""
"11001","2020-09-06","276",""
"11001","2020-09-07","279",""
"11001","2020-09-08","261",""
"11001","2020-09-09","241","_"
"11001","2020-09-10","261",""
"11001","2020-09-11","289",""
"11001","2020-09-12","288",""
"11001","2020-09-13","293",""
"11001","2020-09-14","281",""
"11001","2020-09-15","283",""
"11001","2020-09-16","308",""
"11001","2020-09-17","299",""
"11001","2020-09-18","292",""
"11001","2020-09-19","286",""
"11001","2020-09-20","296",""
"11001","2020-09-21","308",""
"11001","2020-09-22","311","^"
"11001","2020-09-23","301",""
"11001","2020-09-24","287",""
"11001","2020-09-25","266",""
"11001","2020-09-26","279",""
"11001","2020-09-27","290",""
"11001","2020-09-28","287",""
"11001","2020-09-29","283",""
"11001","2020-09-30","274",""
"11001","2020-10-01","266","^"
"11001","2020-10-02","238",""
"11001","2020-10-03","212",""
"11001","2020-10-04","210",""
"11001","2020-10-05","208",""
"11001","2020-10-06","206",""
"11001","2020-10-07","210",""
"11001","2020-10-08","211",""
"11001","2020-10-09","206",""
"11001","2020-10-10","195",""
"11001","2020-10-11","197","_"
"11001","2020-10-12","220",""
"11001","2020-10-13","201",""
"11001","2020-10-14","201",""
"11001","2020-10-15","198",""
"11001","2020-10-16","200",""
"11001","2020-10-17","202",""
"11001","2020-10-18","204",""
"11001","2020-10-19","212",""
"11001","2020-10-20","219",""
"11001","2020-10-21","228",""
"11001","2020-10-22","222",""
"11001","2020-10-23","218",""
"11001","2020-10-24","214",""
"11001","2020-10-25","210",""
"11001","2020-10-26","213",""
"11001","2020-10-27","202",""
"11001","2020-10-28","205",""
"11001","2020-10-29","202",""
"11001","2020-10-30","200",""
"11001","2020-10-31","198",""
"11001","2020-11-01","193",""
"11001","2020-11-02","204",""
"11001","2020-11-03","212",""
"11001","2020-11-04","198",""
"11001","2020-11-05","192",""
"11001","2020-11-06","201",""
"11001","2020-11-07","192",""
"11001","2020-11-08","191",""
"11001","2020-11-09","194",""
"11001","2020-11-10","196",""
"11001","2020-11-11","196",""
"11001","2020-11-12","186",""
"11001","2020-11-13","185",""
"11001","2020-11-14","188",""
"11001","2020-11-15","189",""
"11001","2020-11-16","183",""
"11001","2020-11-17","187",""
"11001","2020-11-18","189","@"
"11001","2020-11-19","180","Ш"
"11001","2020-11-20","166","Ш"
"11001","2020-11-21","164","_Ш"
"11001","2020-11-22","166","Ш"
"11001","2020-11-23","173","Ш"
"11001","2020-11-24","199","Ш"
"11001","2020-11-25","228","Ш"
"11001","2020-11-26","242","Ш"
"11001","2020-11-27","244","Ш"
"11001","2020-11-28","245","Ш"
"11001","2020-11-29","245","Ш"
"11001","2020-11-30","246","^Ш"
"11001","2020-12-01","247","Ш"
"11001","2020-12-02","248","Ш"
"11001","2020-12-03","254","]Z"
"11001","2020-12-04","255","]Z"
"11001","2020-12-05","253","]Z"
"11001","2020-12-06","255","]Z"
"11001","2020-12-07","256","]&"
"11001","2020-12-08","256","]&"
"11001","2020-12-09","254","]&"
"11001","2020-12-10","256","]&"
"11001","2020-12-11","257","]&"
"11001","2020-12-12","252","]&"
"11001","2020-12-13","251","]&"
"11001","2020-12-14","249","]&"
"11001","2020-12-15","249","]&"
"11001","2020-12-16","249","]&"
"11001","2020-12-17","251","]&"
"11001","2020-12-18","252","]&"
"11001","2020-12-19","251","]&"
"11001","2020-12-20","247","]&"
"11001","2020-12-21","245","]&"
"11001","2020-12-22","245","_]&"
"11001","2020-12-23","247","]&"
"11001","2020-12-24","249","]&"
"11001","2020-12-25","256","]&"
"11001","2020-12-26","259","]&"
"11001","2020-12-27","259","^]&"
"11001","2020-12-28","252","]&"
"11001","2020-12-29","247","]&"
"11001","2020-12-30","246","]&"
"11001","2020-12-31","246","]&"
"11001","2021-01-01","247","]&"
"11001","2021-01-02","247","]&"
"11001","2021-01-03","249","]&"
"11001","2021-01-04","249","^]&"
"11001","2021-01-05","247","]&"
"11001","2021-01-06","245","]&"
"11001","2021-01-07","242","]&"
"11001","2021-01-08","241","]&"
"11001","2021-01-09","241","]&"
"11001","2021-01-10","238","]&"
"11001","2021-01-11","236","]&"
"11001","2021-01-12","235","_]&"
"11001","2021-01-13","236","]&"
"11001","2021-01-14","237","]&"
"11001","2021-01-15","236","]&"
"11001","2021-01-16","236","]&"
"11001","2021-01-17","235","_]&"
"11001","2021-01-18","235","_]&"
"11001","2021-01-19","235","_]&"
"11001","2021-01-20","236","]&"
"11001","2021-01-21","235","_]&"
"11001","2021-01-22","236","_]&"
"11001","2021-01-23","239","]&"
"11001","2021-01-24","244","]&"
"11001","2021-01-25","247","]&"
"11001","2021-01-26","250","^]&"
"11001","2021-01-27","249","]&"
"11001","2021-01-28","247","]&"
"11001","2021-01-29","246","]&"
"11001","2021-01-30","246","]&"
"11001","2021-01-31","245","]&"
"11001","2021-02-01","245","&]"
"11001","2021-02-02","245","_&]"
"11001","2021-02-03","246","&]"
"11001","2021-02-04","247","&]"
"11001","2021-02-05","252","&]"
"11001","2021-02-06","252","&]"
"11001","2021-02-07","251","&]"
"11001","2021-02-08","251","&]"
"11001","2021-02-09","254","&]"
"11001","2021-02-10","255","&]"
"11001","2021-02-11","252","&]"
"11001","2021-02-12","250","&]"
"11001","2021-02-13","249","&]"
"11001","2021-02-14","248","&]"
"11001","2021-02-15","250","&]"
"11001","2021-02-16","251","&]"
"11001","2021-02-17","252","&]"
"11001","2021-02-18","252","&]"
"11001","2021-02-19","253","&]"
"11001","2021-02-20","254","&]"
"11001","2021-02-21","254","&]"
"11001","2021-02-22","254","&]"
"11001","2021-02-23","255","&]"
"11001","2021-02-24","256","&]"
"11001","2021-02-25","256","&]"
"11001","2021-02-26","258","&]"
"11001","2021-02-27","259","&]"
"11001","2021-02-28","261","^&]"
"11001","2021-03-01","262","&]"
"11001","2021-03-02","260","&]"
"11001","2021-03-03","260","&]"
"11001","2021-03-04","259","&]"
"11001","2021-03-05","258","_&]"
"11001","2021-03-06","259","_&]"
"11001","2021-03-07","262","&]"
"11001","2021-03-08","263","&]"
"11001","2021-03-09","264","&]"
"11001","2021-03-10","262","&]"
"11001","2021-03-11","260","&]"
"11001","2021-03-12","261","&]"
"11001","2021-03-13","260","&]"
"11001","2021-03-14","263","&]"
"11001","2021-03-15","268","&]"
"11001","2021-03-16","270","&]"
"11001","2021-03-17","270","&]"
"11001","2021-03-18","271","&]"
"11001","2021-03-19","271","&]"
"11001","2021-03-20","272","&]"
"11001","2021-03-21","273","&]"
"11001","2021-03-22","273","&]"
"11001","2021-03-23","270","~"
"11001","2021-03-24","267","~"
"11001","2021-03-25","266","~"
"11001","2021-03-26","272","~"
"11001","2021-03-27","279","("
"11001","2021-03-28","278","("
"11001","2021-03-29","278","("
"11001","2021-03-30","284","("
"11001","2021-03-31","293","^("
"11001","2021-04-01","293","("
"11001","2021-04-02","297","("
"11001","2021-04-03","297","("
"11001","2021-04-04","301","("
"11001","2021-04-05","303","П"
"11001","2021-04-06","386","^<"
"11001","2021-04-07","302","Л"
"11001","2021-04-08","250","Л"
"11001","2021-04-09","244","N"
"11001","2021-04-10","236","N"
"11001","2021-04-11","249",""
"11001","2021-04-12","260",""
"11001","2021-04-13","247",""
"11001","2021-04-14","254",""
"11001","2021-04-15","246",""
"11001","2021-04-16","236",""
"11001","2021-04-17","253",""
"11001","2021-04-18","280",""
"11001","2021-04-19","298",""
"11001","2021-04-20","307",""
"11001","2021-04-21","314",""
"11001","2021-04-22","297",""
"11001","2021-04-23","270",""
"11001","2021-04-24","236",""
"11001","2021-04-25","241",""
"11001","2021-04-26","235",""
"11001","2021-04-27","236",""
"11001","2021-04-28","222",""
"11001","2021-04-29","206","_"
"11001","2021-04-30","215",""
"11001","2021-05-01","221","_"
"11001","2021-05-02","243",""
"11001","2021-05-03","297",""
"11001","2021-05-04","290",""
"11001","2021-05-05","307",""
"11001","2021-05-06","318",""
"11001","2021-05-07","293",""
"11001","2021-05-08","304",""
"11001","2021-05-09","340",""
"11001","2021-05-10","356",""
"11001","2021-05-11","360",""
"11001","2021-05-12","347",""
"11001","2021-05-13","317",""
"11001","2021-05-14","300",""
"11001","2021-05-15","278",""
"11001","2021-05-16","282",""
"11001","2021-05-17","278",""
"11001","2021-05-18","268",""
"11001","2021-05-19","262",""
"11001","2021-05-20","284",""
"11001","2021-05-21","300",""
"11001","2021-05-22","398",""
"11001","2021-05-23","387",""
"11001","2021-05-24","342",""
"11001","2021-05-25","335",""
"11001","2021-05-26","346",""
"11001","2021-05-27","343",""
"11001","2021-05-28","342",""
"11001","2021-05-29","359",""
"11001","2021-05-30","407",""
"11001","2021-05-31","421","^"
"11001","2021-06-01","407",""
"11001","2021-06-02","369",""
"11001","2021-06-03","392",""
"11001","2021-06-04","420",""
"11001","2021-06-05","431",""
"11001","2021-06-06","447",""
"11001","2021-06-07","468",""
"11001","2021-06-08","488","^"
"11001","2021-06-09","486","^"
"11001","2021-06-10","437",""
"11001","2021-06-11","392",""
"11001","2021-06-12","382",""
"11001","2021-06-13","373",""
"11001","2021-06-14","391",""
"11001","2021-06-15","367",""
"11001","2021-06-16","325",""
"11001","2021-06-17","310",""
"11001","2021-06-18","313",""
"11001","2021-06-19","311",""
"11001","2021-06-20","298",""
"11001","2021-06-21","298",""
"11001","2021-06-22","279",""
"11001","2021-06-23","298",""
"11001","2021-06-24","302",""
"11001","2021-06-25","299",""
"11001","2021-06-26","304",""
"11001","2021-06-27","307",""
"11001","2021-06-28","300",""
"11001","2021-06-29","288",""
"11001","2021-06-30","268","_"
"11001","2021-07-01","270","^"
"11001","2021-07-02","237",""
"11001","2021-07-03","233",""
"11001","2021-07-04","240",""
"11001","2021-07-05","236",""
"11001","2021-07-06","266",""
"11001","2021-07-07","271",""
"11001","2021-07-08","268",""
"11001","2021-07-09","268",""
"11001","2021-07-10","249",""
"11001","2021-07-11","235",""
"11001","2021-07-12","236",""
"11001","2021-07-13","256",""
"11001","2021-07-14","246",""
"11001","2021-07-15","244",""
"11001","2021-07-16","247",""
"11001","2021-07-17","249",""
"11001","2021-07-18","259",""
"11001","2021-07-19","255",""
"11001","2021-07-20","245",""
"11001","2021-07-21","245",""
"11001","2021-07-22","264",""
"11001","2021-07-23","256",""
"11001","2021-07-24","252",""
"11001","2021-07-25","244",""
"11001","2021-07-26","225",""
"11001","2021-07-27","215",""
"11001","2021-07-28","206",""
"11001","2021-07-29","206",""
"11001","2021-07-30","209",""
"11001","2021-07-31","199","_"
"11001","2021-08-01","202",""
"11001","2021-08-02","201",""
"11001","2021-08-03","202",""
"11001","2021-08-04","201",""
"11001","2021-08-05","196",""
"11001","2021-08-06","193",""
"11001","2021-08-07","190",""
"11001","2021-08-08","187",""
"11001","2021-08-09","187",""
"11001","2021-08-10","186",""
"11001","2021-08-11","182","_"
"11001","2021-08-12","186",""
"11001","2021-08-13","188",""
"11001","2021-08-14","186",""
"11001","2021-08-15","186",""
"11001","2021-08-16","191",""
"11001","2021-08-17","195",""
"11001","2021-08-18","203",""
"11001","2021-08-19","205",""
"11001","2021-08-20","213",""
"11001","2021-08-21","211",""
"11001","2021-08-22","209",""
"11001","2021-08-23","216","^"
"11001","2021-08-24","211",""
"11001","2021-08-25","215","^"
"11001","2021-08-26","213",""
"11001","2021-08-27","211",""
"11001","2021-08-28","209",""
"11001","2021-08-29","211",""
"11001","2021-08-30","208",""
"11001","2021-08-31","209",""
"11001","2021-09-01","210",""
"11001","2021-09-02","227","^"
"11001","2021-09-03","225",""
"11001","2021-09-04","221",""
"11001","2021-09-05","209",""
"11001","2021-09-06","220",""
"11001","2021-09-07","220",""
"11001","2021-09-08","202",""
"11001","2021-09-09","211",""
"11001","2021-09-10","217",""
"11001","2021-09-11","215",""
"11001","2021-09-12","219",""
"11001","2021-09-13","219",""
"11001","2021-09-14","216",""
"11001","2021-09-15","215",""
"11001","2021-09-16","203",""
"11001","2021-09-17","199",""
"11001","2021-09-18","196",""
"11001","2021-09-19","191",""
"11001","2021-09-20","189",""
"11001","2021-09-21","188",""
"11001","2021-09-22","191",""
"11001","2021-09-23","190",""
"11001","2021-09-24","188",""
"11001","2021-09-25","181",""
"11001","2021-09-26","181",""
"11001","2021-09-27","175",""
"11001","2021-09-28","177","_"
"11001","2021-09-29","184",""
"11001","2021-09-30","186",""
"11001","2021-10-01","186",""
"11001","2021-10-02","181",""
"11001","2021-10-03","186",""
"11001","2021-10-04","189",""
"11001","2021-10-05","193",""
"11001","2021-10-06","193",""
"11001","2021-10-07","188",""
"11001","2021-10-08","187",""
"11001","2021-10-09","182",""
"11001","2021-10-10","181",""
"11001","2021-10-11","179",""
"11001","2021-10-12","180",""
"11001","2021-10-13","180",""
"11001","2021-10-14","180",""
"11001","2021-10-15","178",""
"11001","2021-10-16","175",""
"11001","2021-10-17","173",""
"11001","2021-10-18","170","_"
"11001","2021-10-19","174","_"
"11001","2021-10-20","191",""
"11001","2021-10-21","197","^"
"11001","2021-10-22","194",""
"11001","2021-10-23","190",""
"11001","2021-10-24","188",""
"11001","2021-10-25","184",""
"11001","2021-10-26","180",""
"11001","2021-10-27","177",""
"11001","2021-10-28","177",""
"11001","2021-10-29","178",""
"11001","2021-10-30","179",""
"11001","2021-10-31","176",""
"11001","2021-11-01","169",""
"11001","2021-11-02","168",""
"11001","2021-11-03","176",""
"11001","2021-11-04","173","@"
"11001","2021-11-05","168","@"
"11001","2021-11-06","154","_@"
"11001","2021-11-07","181","*"
"11001","2021-11-08","210","*"
"11001","2021-11-09","220","Ш"
"11001","2021-11-10","222","Ш"
"11001","2021-11-11","223","Ш"
"11001","2021-11-12","222","Ъ"
"11001","2021-11-13","223","Ъ"
"11001","2021-11-14","223","^Ъ"
"11001","2021-11-15","217","Ъ"
"11001","2021-11-16","212","Ъ"
"11001","2021-11-17","221","Ъ"
"11001","2021-11-18","220","Ъ"
"11001","2021-11-19","218","Ъ"
"11001","2021-11-20","213","Ъ"
"11001","2021-11-21","191","*Z"
"11001","2021-11-22","190","*Z"
"11001","2021-11-23","183","*Z"
"11001","2021-11-24","195","*Z"
"11001","2021-11-25","211","*Z"
"11001","2021-11-26","222","*Z"
"11001","2021-11-27","220","*Z"
"11001","2021-11-28","219","*Z"
"11001","2021-11-29","217","*Z"
"11001","2021-11-30","217","*Z"
"11001","2021-12-01","215","]&"
"11001","2021-12-02","217","]&"
"11001","2021-12-03","217","]&"
"11001","2021-12-04","212","]&"
"11001","2021-12-05","208","]&"
"11001","2021-12-06","206","_]&"
"11001","2021-12-07","208","]&"
"11001","2021-12-08","209","]&"
"11001","2021-12-09","210","]&"
"11001","2021-12-10","213","]&"
"11001","2021-12-11","224","^]&"
"11001","2021-12-12","229","]&"
"11001","2021-12-13","225","]&"
"11001","2021-12-14","224","]&"
"11001","2021-12-15","225","]&"
"11001","2021-12-16","225","]&"
"11001","2021-12-17","222","]&"
"11001","2021-12-18","222","]&"
"11001","2021-12-19","220","]&"
"11001","2021-12-20","220","]&"
"11001","2021-12-21","222","]&"
"11001","2021-12-22","224","]&"
"11001","2021-12-23","225","]&"
"11001","2021-12-24","224","]&"
"11001","2021-12-25","222","]&"
"11001","2021-12-26","221","]&"
"11001","2021-12-27","220","]&"
"11001","2021-12-28","216","]&"
"11001","2021-12-29","211","]&"
"11001","2021-12-30","214","]&"
"11001","2021-12-31","216","]&"
"11001","2022-01-01","220","_]&"
"11001","2022-01-02","221","]&"
"11001","2022-01-03","222","]&"
"11001","2022-01-04","222","]&"
"11001","2022-01-05","224","]&"
"11001","2022-01-06","225","]&"
"11001","2022-01-07","227","]&"
"11001","2022-01-08","229","]&"
"11001","2022-01-09","231","]&"
"11001","2022-01-10","230","]&"
"11001","2022-01-11","232","]&"
"11001","2022-01-12","233","]&"
"11001","2022-01-13","231","]&"
"11001","2022-01-14","230","]&"
"11001","2022-01-15","232","]&"
"11001","2022-01-16","233","]&"
"11001","2022-01-17","232","]&"
"11001","2022-01-18","232","&"
"11001","2022-01-19","233","&"
"11001","2022-01-20","233","&"
"11001","2022-01-21","236","&"
"11001","2022-01-22","237","&"
"11001","2022-01-23","239","&"
"11001","2022-01-24","238","&"
"11001","2022-01-25","241","&"
"11001","2022-01-26","243","&"
"11001","2022-01-27","247","&"
"11001","2022-01-28","252","&"
"11001","2022-01-29","252","^&"
"11001","2022-01-30","246","&"
"11001","2022-01-31","239","&"
"11001","2022-02-01","231","&"
"11001","2022-02-02","225","&"
"11001","2022-02-03","225","_&"
"11001","2022-02-04","229","&"
"11001","2022-02-05","237","&"
"11001","2022-02-06","235","&"
"11001","2022-02-07","232","&"
"11001","2022-02-08","232","&"
"11001","2022-02-09","230","&"
"11001","2022-02-10","231","&"
"11001","2022-02-11","234","&"
"11001","2022-02-12","241","&"
"11001","2022-02-13","242","&"
"11001","2022-02-14","243","&"
"11001","2022-02-15","242","&"
"11001","2022-02-16","240","&"
"11001","2022-02-17","239","&"
"11001","2022-02-18","237","&"
"11001","2022-02-19","235","&"
"11001","2022-02-20","237","&"
"11001","2022-02-21","239","&"
"11001","2022-02-22","240","&"
"11001","2022-02-23","239","&"
"11001","2022-02-24","249","&"
"11001","2022-02-25","253","&"
"11001","2022-02-26","253","&"
"11001","2022-02-27","258","&"
"11001","2022-02-28","259","^&"
"11001","2022-03-01","257","&"
"11001","2022-03-02","256","_&"
"11001","2022-03-03","258","&"
"11001","2022-03-04","260","&"
"11001","2022-03-05","264","&"
"11001","2022-03-06","264","&"
"11001","2022-03-07","260","&"
"11001","2022-03-08","259","&"
"11001","2022-03-09","260","I"
"11001","2022-03-10","260","I"
"11001","2022-03-11","263","I"
"11001","2022-03-12","274","I"
"11001","2022-03-13","276","I"
"11001","2022-03-14","277","("
"11001","2022-03-15","279","("
"11001","2022-03-16","281","("
"11001","2022-03-17","282","("
"11001","2022-03-18","282","("
"11001","2022-03-19","282","("
"11001","2022-03-20","277","("
"11001","2022-03-21","279","("
"11001","2022-03-22","285","("
"11001","2022-03-23","287","("
"11001","2022-03-24","288","("
"11001","2022-03-25","286","("
"11001","2022-03-26","284","("
"11001","2022-03-27","293","("
"11001","2022-03-28","297","("
"11001","2022-03-29","295","("
"11001","2022-03-30","295","("
"11001","2022-03-31","297","^("
"11001","2022-04-01","305","(~"
"11001","2022-04-02","361","<П"
"11001","2022-04-03","418","^<Л"
"11001","2022-04-04","326","ЛN"
"11001","2022-04-05","261","N"
"11001","2022-04-06","251","N"
"11001","2022-04-07","251",""
"11001","2022-04-08","252",""
"11001","2022-04-09","251",""
"11001","2022-04-10","255",""
"11001","2022-04-11","256",""
"11001","2022-04-12","261",""
"11001","2022-04-13","271",""
"11001","2022-04-14","263",""
"11001","2022-04-15","264",""
"11001","2022-04-16","265",""
"11001","2022-04-17","263",""
"11001","2022-04-18","265",""
"11001","2022-04-19","254",""
"11001","2022-04-20","249","_"
"11001","2022-04-21","267",""
"11001","2022-04-22","275",""
"11001","2022-04-23","270",""
"11001","2022-04-24","266",""
"11001","2022-04-25","278",""
"11001","2022-04-26","280",""
"11001","2022-04-27","279",""
"11001","2022-04-28","299",""
"11001","2022-04-29","288",""
"11001","2022-04-30","263",""
"11001","2022-05-01","255",""
"11001","2022-05-02","248",""
"11001","2022-05-03","248","_"
"11001","2022-05-04","266",""
"11001","2022-05-05","266",""
"11001","2022-05-06","267",""
"11001","2022-05-07","261",""
"11001","2022-05-08","254",""
"11001","2022-05-09","264",""
"11001","2022-05-10","280",""
"11001","2022-05-11","309",""
"11001","2022-05-12","312",""
"11001","2022-05-13","314",""
"11001","2022-05-14","326",""
"11001","2022-05-15","327",""
"11001","2022-05-16","328",""
"11001","2022-05-17","325",""
"11001","2022-05-18","329",""
"11001","2022-05-19","370",""
"11001","2022-05-20","365",""
"11001","2022-05-21","372",""
"11001","2022-05-22","369",""
"11001","2022-05-23","410",""
"11001","2022-05-24","425",""
"11001","2022-05-25","403",""
"11001","2022-05-26","398",""
"11001","2022-05-27","425",""
"11001","2022-05-28","434",""
"11001","2022-05-29","448","^"
"11001","2022-05-30","438",""
"11001","2022-05-31","432",""
"11001","2022-06-01","390",""
"11001","2022-06-02","399",""
"11001","2022-06-03","397",""
"11001","2022-06-04","424",""
"11001","2022-06-05","413",""
"11001","2022-06-06","365",""
"11001","2022-06-07","355",""
"11001","2022-06-08","359",""
"11001","2022-06-09","362",""
"11001","2022-06-10","383",""
"11001","2022-06-11","430",""
"11001","2022-06-12","459","^"
"11001","2022-06-13","422",""
"11001","2022-06-14","370",""
"11001","2022-06-15","329",""
"11001","2022-06-16","298",""
"11001","2022-06-17","307",""
"11001","2022-06-18","299",""
"11001","2022-06-19","294",""
"11001","2022-06-20","293",""
"11001","2022-06-21","288",""
"11001","2022-06-22","283",""
"11001","2022-06-23","277",""
"11001","2022-06-24","275",""
"11001","2022-06-25","272",""
"11001","2022-06-26","251",""
"11001","2022-06-27","237",""
"11001","2022-06-28","234",""
"11001","2022-06-29","225",""
"11001","2022-06-30","216","_"
"11001","2022-07-01","213",""
"11001","2022-07-02","213",""
"11001","2022-07-03","215",""
"11001","2022-07-04","214",""
"11001","2022-07-05","211",""
"11001","2022-07-06","210",""
"11001","2022-07-07","218",""
"11001","2022-07-08","218",""
"11001","2022-07-09","228","^"
"11001","2022-07-10","225",""
"11001","2022-07-11","217",""
"11001","2022-07-12","209",""
"11001","2022-07-13","205",""
"11001","2022-07-14","205",""
"11001","2022-07-15","198",""
"11001","2022-07-16","190",""
"11001","2022-07-17","187",""
"11001","2022-07-18","185","_"
"11001","2022-07-19","191",""
"11001","2022-07-20","193",""
"11001","2022-07-21","198",""
"11001","2022-07-22","198",""
"11001","2022-07-23","207",""
"11001","2022-07-24","209",""
"11001","2022-07-25","215",""
"11001","2022-07-26","217",""
"11001","2022-07-27","220",""
"11001","2022-07-28","224",""
"11001","2022-07-29","224",""
"11001","2022-07-30","227",""
"11001","2022-07-31","226",""
"11001","2022-08-01","224",""
"11001","2022-08-02","225","^"
"11001","2022-08-03","216",""
"11001","2022-08-04","213",""
"11001","2022-08-05","205",""
"11001","2022-08-06","194",""
"11001","2022-08-07","195",""
"11001","2022-08-08","200",""
"11001","2022-08-09","199",""
"11001","2022-08-10","198",""
"11001","2022-08-11","200",""
"11001","2022-08-12","202",""
"11001","2022-08-13","200",""
"11001","2022-08-14","200",""
"11001","2022-08-15","203",""
"11001","2022-08-16","204",""
"11001","2022-08-17","204",""
"11001","2022-08-18","202",""
"11001","2022-08-19","196",""
"11001","2022-08-20","193",""
"11001","2022-08-21","184",""
"11001","2022-08-22","174",""
"11001","2022-08-23","167",""
"11001","2022-08-24","170",""
"11001","2022-08-25","166",""
"11001","2022-08-26","161",""
"11001","2022-08-27","171",""
"11001","2022-08-28","167",""
"11001","2022-08-29","161",""
"11001","2022-08-30","153","_"
"11001","2022-08-31","157",""
"11001","2022-09-01","158",""
"11001","2022-09-02","163",""
"11001","2022-09-03","159",""
"11001","2022-09-04","156",""
"11001","2022-09-05","149",""
"11001","2022-09-06","145",""
"11001","2022-09-07","152",""
"11001","2022-09-08","143",""
"11001","2022-09-09","148",""
"11001","2022-09-10","143",""
"11001","2022-09-11","144",""
"11001","2022-09-12","143",""
"11001","2022-09-13","144",""
"11001","2022-09-14","150",""
"11001","2022-09-15","144",""
"11001","2022-09-16","133",""
"11001","2022-09-17","132","_"
"11001","2022-09-18","135",""
"11001","2022-09-19","133",""
"11001","2022-09-20","136",""
"11001","2022-09-21","151",""
"11001","2022-09-22","167",""
"11001","2022-09-23","175",""
"11001","2022-09-24","175",""
"11001","2022-09-25","155",""
"11001","2022-09-26","153",""
"11001","2022-09-27","151",""
"11001","2022-09-28","160",""
"11001","2022-09-29","179","^"
"11001","2022-09-30","178",""
"11001","2022-10-01","179",""
"11001","2022-10-02","178","^"
"11001","2022-10-03","162",""
"11001","2022-10-04","144",""
"11001","2022-10-05","136",""
"11001","2022-10-06","133",""
"11001","2022-10-07","133",""
"11001","2022-10-08","130",""
"11001","2022-10-09","133",""
"11001","2022-10-10","141",""
"11001","2022-10-11","134",""
"11001","2022-10-12","129",""
"11001","2022-10-13","121","_"
"11001","2022-10-14","122","_"
"11001","2022-10-15","131",""
"11001","2022-10-16","144",""
"11001","2022-10-17","157",""
"11001","2022-10-18","153",""
"11001","2022-10-19","153",""
"11001","2022-10-20","153",""
"11001","2022-10-21","145",""
"11001","2022-10-22","142",""
"11001","2022-10-23","153",""
"11001","2022-10-24","147",""
"11001","2022-10-25","149",""
"11001","2022-10-26","153",""
"11001","2022-10-27","152",""
"11001","2022-10-28","151",""
"11001","2022-10-29","150",""
"11001","2022-10-30","150",""
"11001","2022-10-31","149",""
"11001","2022-11-01","149",""
"11001","2022-11-02","147",""
"11001","2022-11-03","159",""
"11001","2022-11-04","157",""
"11001","2022-11-05","161",""
"11001","2022-11-06","162",""
"11001","2022-11-07","162",""
"11001","2022-11-08","166",""
"11001","2022-11-09","168",""
"11001","2022-11-10","159",""
"11001","2022-11-11","153",""
"11001","2022-11-12","157",""
"11001","2022-11-13","159",""
"11001","2022-11-14","153",""
"11001","2022-11-15","159",""
"11001","2022-11-16","159",""
"11001","2022-11-17","162",""
"11001","2022-11-18","166",""
"11001","2022-11-19","169",":"
"11001","2022-11-20","169","^:"
"11001","2022-11-21","164",":"
"11001","2022-11-22","163","И"
"11001","2022-11-23","163","СИ"
"11001","2022-11-24","146","*"
"11001","2022-11-25","114","_*"
"11001","2022-11-26","121","*"
"11001","2022-11-27","132","]Z"
"11001","2022-11-28","144","]Z"
"11001","2022-11-29","147","]Z"
"11001","2022-11-30","152","]Z"
"11001","2022-12-01","163","]Z"
"11001","2022-12-02","170","]"
"11001","2022-12-03","174","]"
"11001","2022-12-04","173","]"
"11001","2022-12-05","164","]"
"11001","2022-12-06","156","]"
"11001","2022-12-07","153","]"
"11001","2022-12-08","154","]"
"11001","2022-12-09","152","]"
"11001","2022-12-10","151","_]"
"11001","2022-12-11","156","I"
"11001","2022-12-12","163","I"
"11001","2022-12-13","163","I"
"11001","2022-12-14","162","I"
"11001","2022-12-15","167","I"
"11001","2022-12-16","170","I"
"11001","2022-12-17","167","I"
"11001","2022-12-18","166","I"
"11001","2022-12-19","169","I"
"11001","2022-12-20","168","I"
"11001","2022-12-21","167","I"
"11001","2022-12-22","170","I"
"11001","2022-12-23","178","I"
"11001","2022-12-24","178","I"
"11001","2022-12-25","175","I"
"11001","2022-12-26","179","I"
"11001","2022-12-27","179","I"
"11001","2022-12-28","186","I"
"11001","2022-12-29","194","^I"
"11001","2022-12-30","186","I"
"11001","2022-12-31","177","I"