"Код поста","Дата","Значение","Условный знак"
"15125","2001-01-01","292",""
"15125","2001-01-02","292",""
"15125","2001-01-03","292",""
"15125","2001-01-04","292",""
"15125","2001-01-05","292",""
"15125","2001-01-06","292",""
"15125","2001-01-07","292",""
"15125","2001-01-08","292",""
"15125","2001-01-09","292",""
"15125","2001-01-10","291",""
"15125","2001-01-11","291",""
"15125","2001-01-12","291",""
"15125","2001-01-13","291",""
"15125","2001-01-14","291",""
"15125","2001-01-15","291",""
"15125","2001-01-16","291",""
"15125","2001-01-17","291",""
"15125","2001-01-18","291",""
"15125","2001-01-19","291",""
"15125","2001-01-20","288",""
"15125","2001-01-21","284",""
"15125","2001-01-22","284",""
"15125","2001-01-23","284",""
"15125","2001-01-24","284",""
"15125","2001-01-25","284",""
"15125","2001-01-26","284",""
"15125","2001-01-27","284",""
"15125","2001-01-28","284",""
"15125","2001-01-29","282",""
"15125","2001-01-30","280",""
"15125","2001-01-31","280",""
"15125","2001-02-01","280",""
"15125","2001-02-02","275",""
"15125","2001-02-03","270",""
"15125","2001-02-04","270",""
"15125","2001-02-05","270",""
"15125","2001-02-06","270",""
"15125","2001-02-07","270",""
"15125","2001-02-08","270",""
"15125","2001-02-09","270",""
"15125","2001-02-10","270",""
"15125","2001-02-11","270",""
"15125","2001-02-12","270",""
"15125","2001-02-13","270",""
"15125","2001-02-14","270",""
"15125","2001-02-15","270",""
"15125","2001-02-16","269",""
"15125","2001-02-17","269",""
"15125","2001-02-18","269",""
"15125","2001-02-19","253",""
"15125","2001-02-20","237",""
"15125","2001-02-21","237",""
"15125","2001-02-22","237",""
"15125","2001-02-23","214",""
"15125","2001-02-24","194",""
"15125","2001-02-25","194",""
"15125","2001-02-26","194",""
"15125","2001-02-27","194",""
"15125","2001-02-28","145",""
"15125","2001-03-01","96",""
"15125","2001-03-02","96",""
"15125","2001-03-03","96",""
"15125","2001-03-04","96",""
"15125","2001-03-05","96",""
"15125","2001-03-06","96",""
"15125","2001-03-07","96",""
"15125","2001-03-08","96",""
"15125","2001-03-09","96",""
"15125","2001-03-10","96",""
"15125","2001-03-11","96",""
"15125","2001-03-12","96",""
"15125","2001-03-13","96",""
"15125","2001-03-14","96",""
"15125","2001-03-15","96",""
"15125","2001-03-16","96",""
"15125","2001-03-17","96",""
"15125","2001-03-18","96",""
"15125","2001-03-19","96",""
"15125","2001-03-20","96",""
"15125","2001-03-21","170",""
"15125","2001-03-22","244",""
"15125","2001-03-23","244",""
"15125","2001-03-24","244",""
"15125","2001-03-25","244",""
"15125","2001-03-26","244",""
"15125","2001-03-27","244",""
"15125","2001-03-28","244",""
"15125","2001-03-29","244",""
"15125","2001-03-30","244",""
"15125","2001-03-31","244",""
"15125","2001-04-01","244",""
"15125","2001-04-02","244",""
"15125","2001-04-03","244",""
"15125","2001-04-04","244",""
"15125","2001-04-05","244",""
"15125","2001-04-06","244",""
"15125","2001-04-07","244",""
"15125","2001-04-08","244",""
"15125","2001-04-09","244",""
"15125","2001-04-10","244",""
"15125","2001-04-11","244",""
"15125","2001-04-12","244",""
"15125","2001-04-13","244",""
"15125","2001-04-14","244",""
"15125","2001-04-15","244",""
"15125","2001-04-16","244",""
"15125","2001-04-17","244",""
"15125","2001-04-18","244",""
"15125","2001-04-19","244",""
"15125","2001-04-20","244",""
"15125","2001-04-21","244",""
"15125","2001-04-22","244",""
"15125","2001-04-23","244",""
"15125","2001-04-24","230",""
"15125","2001-04-25","215",""
"15125","2001-04-26","215",""
"15125","2001-04-27","215",""
"15125","2001-04-28","209",""
"15125","2001-04-29","203",""
"15125","2001-04-30","203",""
"15125","2001-05-01","203",""
"15125","2001-05-02","184",""
"15125","2001-05-03","164",""
"15125","2001-05-04","162",""
"15125","2001-05-05","167",""
"15125","2001-05-06","167",""
"15125","2001-05-07","174",""
"15125","2001-05-08","181",""
"15125","2001-05-09","181",""
"15125","2001-05-10","181",""
"15125","2001-05-11","181",""
"15125","2001-05-12","181",""
"15125","2001-05-13","181",""
"15125","2001-05-14","181",""
"15125","2001-05-15","181",""
"15125","2001-05-16","180",""
"15125","2001-05-17","178",""
"15125","2001-05-18","180",""
"15125","2001-05-19","179",""
"15125","2001-05-20","176",""
"15125","2001-05-21","176",""
"15125","2001-05-22","176",""
"15125","2001-05-23","176",""
"15125","2001-05-24","176",""
"15125","2001-05-25","176",""
"15125","2001-05-26","176",""
"15125","2001-05-27","175",""
"15125","2001-05-28","175",""
"15125","2001-05-29","175",""
"15125","2001-05-30","175",""
"15125","2001-05-31","174",""
"15125","2001-06-01","173",""
"15125","2001-06-02","173",""
"15125","2001-06-03","173",""
"15125","2001-06-04","173",""
"15125","2001-06-05","173",""
"15125","2001-06-06","173",""
"15125","2001-06-07","173",""
"15125","2001-06-08","175",""
"15125","2001-06-09","177",""
"15125","2001-06-10","177",""
"15125","2001-06-11","177",""
"15125","2001-06-12","177",""
"15125","2001-06-13","177",""
"15125","2001-06-14","177",""
"15125","2001-06-15","177",""
"15125","2001-06-16","177",""
"15125","2001-06-17","177",""
"15125","2001-06-18","177",""
"15125","2001-06-19","176",""
"15125","2001-06-20","176",""
"15125","2001-06-21","176",""
"15125","2001-06-22","179",""
"15125","2001-06-23","182",""
"15125","2001-06-24","182",""
"15125","2001-06-25","184",""
"15125","2001-06-26","182",""
"15125","2001-06-27","184",""
"15125","2001-06-28","179",""
"15125","2001-06-29","176",""
"15125","2001-06-30","176",""
"15125","2001-07-01","176",""
"15125","2001-07-02","176",""
"15125","2001-07-03","166",""
"15125","2001-07-04","156",""
"15125","2001-07-05","156",""
"15125","2001-07-06","156",""
"15125","2001-07-07","156",""
"15125","2001-07-08","156",""
"15125","2001-07-09","156",""
"15125","2001-07-10","156",""
"15125","2001-07-11","156",""
"15125","2001-07-12","156",""
"15125","2001-07-13","154",""
"15125","2001-07-14","152",""
"15125","2001-07-15","152",""
"15125","2001-07-16","152",""
"15125","2001-07-17","152",""
"15125","2001-07-18","152",""
"15125","2001-07-19","152",""
"15125","2001-07-20","152",""
"15125","2001-07-21","151",""
"15125","2001-07-22","151",""
"15125","2001-07-23","151",""
"15125","2001-07-24","151",""
"15125","2001-07-25","151",""
"15125","2001-07-26","149",""
"15125","2001-07-27","146",""
"15125","2001-07-28","146",""
"15125","2001-07-29","146",""
"15125","2001-07-30","146",""
"15125","2001-07-31","138",""
"15125","2001-08-01","130",""
"15125","2001-08-02","130",""
"15125","2001-08-03","130",""
"15125","2001-08-04","130",""
"15125","2001-08-05","130",""
"15125","2001-08-06","130",""
"15125","2001-08-07","130",""
"15125","2001-08-08","130",""
"15125","2001-08-09","130",""
"15125","2001-08-10","130",""
"15125","2001-08-11","130",""
"15125","2001-08-12","130",""
"15125","2001-08-13","130",""
"15125","2001-08-14","130",""
"15125","2001-08-15","130",""
"15125","2001-08-16","130",""
"15125","2001-08-17","130",""
"15125","2001-08-18","130",""
"15125","2001-08-19","130",""
"15125","2001-08-20","130",""
"15125","2001-08-21","130",""
"15125","2001-08-22","130",""
"15125","2001-08-23","130",""
"15125","2001-08-24","130",""
"15125","2001-08-25","130",""
"15125","2001-08-26","130",""
"15125","2001-08-27","134",""
"15125","2001-08-28","138",""
"15125","2001-08-29","134",""
"15125","2001-08-30","130",""
"15125","2001-08-31","130",""
"15125","2001-09-01","130",""
"15125","2001-09-02","130",""
"15125","2001-09-03","130",""
"15125","2001-09-04","130",""
"15125","2001-09-05","130",""
"15125","2001-09-06","130",""
"15125","2001-09-07","133",""
"15125","2001-09-08","135",""
"15125","2001-09-09","135",""
"15125","2001-09-10","135",""
"15125","2001-09-11","135",""
"15125","2001-09-12","135",""
"15125","2001-09-13","135",""
"15125","2001-09-14","125",""
"15125","2001-09-15","115",""
"15125","2001-09-16","115",""
"15125","2001-09-17","115",""
"15125","2001-09-18","115",""
"15125","2001-09-19","115",""
"15125","2001-09-20","115",""
"15125","2001-09-21","115",""
"15125","2001-09-22","115",""
"15125","2001-09-23","115",""
"15125","2001-09-24","115",""
"15125","2001-09-25","115",""
"15125","2001-09-26","115",""
"15125","2001-09-27","115",""
"15125","2001-09-28","115",""
"15125","2001-09-29","115",""
"15125","2001-09-30","115",""
"15125","2001-10-01","115",""
"15125","2001-10-02","115",""
"15125","2001-10-03","115",""
"15125","2001-10-04","115",""
"15125","2001-10-05","115",""
"15125","2001-10-06","115",""
"15125","2001-10-07","115",""
"15125","2001-10-08","115",""
"15125","2001-10-09","115",""
"15125","2001-10-10","115",""
"15125","2001-10-11","115",""
"15125","2001-10-12","115",""
"15125","2001-10-13","115",""
"15125","2001-10-14","115",""
"15125","2001-10-15","115",""
"15125","2001-10-16","115",""
"15125","2001-10-17","115",""
"15125","2001-10-18","115",""
"15125","2001-10-19","115",""
"15125","2001-10-20","115",""
"15125","2001-10-21","115",""
"15125","2001-10-22","115",""
"15125","2001-10-23","115",""
"15125","2001-10-24","115",""
"15125","2001-10-25","115",""
"15125","2001-10-26","105",""
"15125","2001-10-27","95",""
"15125","2001-10-28","151",""
"15125","2001-10-29","221",""
"15125","2001-10-30","236",""
"15125","2001-10-31","236",""
"15125","2001-11-01","238",""
"15125","2001-11-02","238",""
"15125","2001-11-03","238",""
"15125","2001-11-04","238",""
"15125","2001-11-05","238",""
"15125","2001-11-06","256",""
"15125","2001-11-07","288",""
"15125","2001-11-08","301",""
"15125","2001-11-09","301",""
"15125","2001-11-10","213",""
"15125","2001-11-11","124",""
"15125","2001-11-12","124",""
"15125","2001-11-13","124",""
"15125","2001-11-14","124",""
"15125","2001-11-15","124",""
"15125","2001-11-16","124",""
"15125","2001-11-17","124",""
"15125","2001-11-18","124",""
"15125","2001-11-19","218",""
"15125","2001-11-20","312",""
"15125","2001-11-21","312",""
"15125","2001-11-22","312",""
"15125","2001-11-23","312",""
"15125","2001-11-24","312",""
"15125","2001-11-25","312",""
"15125","2001-11-26","312",""
"15125","2001-11-27","310",""
"15125","2001-11-28","307",""
"15125","2001-11-29","307",""
"15125","2001-11-30","307",""
"15125","2001-12-01","307",""
"15125","2001-12-02","313",""
"15125","2001-12-03","319",""
"15125","2001-12-04","319",""
"15125","2001-12-05","319",""
"15125","2001-12-06","319",""
"15125","2001-12-07","319",""
"15125","2001-12-08","319",""
"15125","2001-12-09","319",""
"15125","2001-12-10","319",""
"15125","2001-12-11","319",""
"15125","2001-12-12","310",""
"15125","2001-12-13","300",""
"15125","2001-12-14","300",""
"15125","2001-12-15","300",""
"15125","2001-12-16","300",""
"15125","2001-12-17","300",""
"15125","2001-12-18","300",""
"15125","2001-12-19","296",""
"15125","2001-12-20","292",""
"15125","2001-12-21","292",""
"15125","2001-12-22","292",""
"15125","2001-12-23","292",""
"15125","2001-12-24","292",""
"15125","2001-12-25","292",""
"15125","2001-12-26","292",""
"15125","2001-12-27","292",""
"15125","2001-12-28","289",""
"15125","2001-12-29","285",""
"15125","2001-12-30","285",""
"15125","2001-12-31","285",""
"15125","2002-01-01","292",""
"15125","2002-01-02","292",""
"15125","2002-01-03","249",""
"15125","2002-01-04","205",""
"15125","2002-01-05","205",""
"15125","2002-01-06","205",""
"15125","2002-01-07","205",""
"15125","2002-01-08","205",""
"15125","2002-01-09","205",""
"15125","2002-01-10","202",""
"15125","2002-01-11","199",""
"15125","2002-01-12","199",""
"15125","2002-01-13","199",""
"15125","2002-01-14","199",""
"15125","2002-01-15","201",""
"15125","2002-01-16","202",""
"15125","2002-01-17","202",""
"15125","2002-01-18","202",""
"15125","2002-01-19","202",""
"15125","2002-01-20","219",""
"15125","2002-01-21","236",""
"15125","2002-01-22","236",""
"15125","2002-01-23","236",""
"15125","2002-01-24","236",""
"15125","2002-01-25","234",""
"15125","2002-01-26","234",""
"15125","2002-01-27","234",""
"15125","2002-01-28","234",""
"15125","2002-01-29","234",""
"15125","2002-01-30","236",""
"15125","2002-01-31","237",""
"15125","2002-02-01","190",""
"15125","2002-02-02","142",""
"15125","2002-02-03","142",""
"15125","2002-02-04","118",""
"15125","2002-02-05","95",""
"15125","2002-02-06","95",""
"15125","2002-02-07","95",""
"15125","2002-02-08","95",""
"15125","2002-02-09","95",""
"15125","2002-02-10","95",""
"15125","2002-02-11","95",""
"15125","2002-02-12","134",""
"15125","2002-02-13","172",""
"15125","2002-02-14","172",""
"15125","2002-02-15","172",""
"15125","2002-02-16","172",""
"15125","2002-02-17","172",""
"15125","2002-02-18","172",""
"15125","2002-02-19","174",""
"15125","2002-02-20","175",""
"15125","2002-02-21","175",""
"15125","2002-02-22","175",""
"15125","2002-02-23","175",""
"15125","2002-02-24","175",""
"15125","2002-02-25","176",""
"15125","2002-02-26","176",""
"15125","2002-02-27","200",""
"15125","2002-02-28","225",""
"15125","2002-03-01","225",""
"15125","2002-03-02","225",""
"15125","2002-03-03","225",""
"15125","2002-03-04","225",""
"15125","2002-03-05","186",""
"15125","2002-03-06","148",""
"15125","2002-03-07","148",""
"15125","2002-03-08","148",""
"15125","2002-03-09","149",""
"15125","2002-03-10","149",""
"15125","2002-03-11","149",""
"15125","2002-03-12","149",""
"15125","2002-03-13","207",""
"15125","2002-03-14","265",""
"15125","2002-03-15","265",""
"15125","2002-03-16","265",""
"15125","2002-03-17","265",""
"15125","2002-03-18","265",""
"15125","2002-03-19","265",""
"15125","2002-03-20","265",""
"15125","2002-03-21","265",""
"15125","2002-03-22","265",""
"15125","2002-03-23","265",""
"15125","2002-03-24","265",""
"15125","2002-03-25","265",""
"15125","2002-03-26","265",""
"15125","2002-03-27","265",""
"15125","2002-03-28","297",""
"15125","2002-03-29","297",""
"15125","2002-03-30","297",""
"15125","2002-03-31","297",""
"15125","2002-04-01","297",""
"15125","2002-04-02","297",""
"15125","2002-04-03","300",""
"15125","2002-04-04","302",""
"15125","2002-04-05","302",""
"15125","2002-04-06","302",""
"15125","2002-04-07","302",""
"15125","2002-04-08","302",""
"15125","2002-04-09","302",""
"15125","2002-04-10","297",""
"15125","2002-04-11","292",""
"15125","2002-04-12","292",""
"15125","2002-04-13","292",""
"15125","2002-04-14","292",""
"15125","2002-04-15","270",""
"15125","2002-04-16","249",""
"15125","2002-04-17","249",""
"15125","2002-04-18","250",""
"15125","2002-04-19","266",""
"15125","2002-04-20","281",""
"15125","2002-04-21","281",""
"15125","2002-04-22","289",""
"15125","2002-04-23","336",""
"15125","2002-04-24","339",""
"15125","2002-04-25","343",""
"15125","2002-04-26","343",""
"15125","2002-04-27","343",""
"15125","2002-04-28","370",""
"15125","2002-04-29","362",""
"15125","2002-04-30","328",""
"15125","2002-05-01","328",""
"15125","2002-05-02","356",""
"15125","2002-05-03","385",""
"15125","2002-05-04","385",""
"15125","2002-05-05","385",""
"15125","2002-05-06","377",""
"15125","2002-05-07","369",""
"15125","2002-05-08","372",""
"15125","2002-05-09","376",""
"15125","2002-05-10","376",""
"15125","2002-05-11","376",""
"15125","2002-05-12","376",""
"15125","2002-05-13","376",""
"15125","2002-05-14","376",""
"15125","2002-05-15","388",""
"15125","2002-05-16","400",""
"15125","2002-05-17","400",""
"15125","2002-05-18","400",""
"15125","2002-05-19","400",""
"15125","2002-05-20","400",""
"15125","2002-05-21","364",""
"15125","2002-05-22","364",""
"15125","2002-05-23","364",""
"15125","2002-05-24","358",""
"15125","2002-05-25","352",""
"15125","2002-05-26","352",""
"15125","2002-05-27","352",""
"15125","2002-05-28","328",""
"15125","2002-05-29","303",""
"15125","2002-05-30","303",""
"15125","2002-05-31","303",""
"15125","2002-06-01","303",""
"15125","2002-06-02","303",""
"15125","2002-06-03","306",""
"15125","2002-06-04","309",""
"15125","2002-06-05","309",""
"15125","2002-06-06","309",""
"15125","2002-06-07","309",""
"15125","2002-06-08","309",""
"15125","2002-06-09","309",""
"15125","2002-06-10","309",""
"15125","2002-06-11","309",""
"15125","2002-06-12","309",""
"15125","2002-06-13","312",""
"15125","2002-06-14","315",""
"15125","2002-06-15","315",""
"15125","2002-06-16","315",""
"15125","2002-06-17","315",""
"15125","2002-06-18","315",""
"15125","2002-06-19","315",""
"15125","2002-06-20","315",""
"15125","2002-06-21","310",""
"15125","2002-06-22","305",""
"15125","2002-06-23","305",""
"15125","2002-06-24","270",""
"15125","2002-06-25","234",""
"15125","2002-06-26","234",""
"15125","2002-06-27","234",""
"15125","2002-06-28","234",""
"15125","2002-06-29","240",""
"15125","2002-06-30","247",""
"15125","2002-07-01","270",""
"15125","2002-07-02","293",""
"15125","2002-07-03","293",""
"15125","2002-07-04","293",""
"15125","2002-07-05","293",""
"15125","2002-07-06","293",""
"15125","2002-07-07","293",""
"15125","2002-07-08","293",""
"15125","2002-07-09","292",""
"15125","2002-07-10","291",""
"15125","2002-07-11","291",""
"15125","2002-07-12","291",""
"15125","2002-07-13","291",""
"15125","2002-07-14","291",""
"15125","2002-07-15","291",""
"15125","2002-07-16","299",""
"15125","2002-07-17","307",""
"15125","2002-07-18","307",""
"15125","2002-07-19","307",""
"15125","2002-07-20","307",""
"15125","2002-07-21","307",""
"15125","2002-07-22","307",""
"15125","2002-07-23","307",""
"15125","2002-07-24","269",""
"15125","2002-07-25","269",""
"15125","2002-07-26","269",""
"15125","2002-07-27","269",""
"15125","2002-07-28","269",""
"15125","2002-07-29","269",""
"15125","2002-07-30","269",""
"15125","2002-07-31","269",""
"15125","2002-08-01","269",""
"15125","2002-08-02","269",""
"15125","2002-08-03","249",""
"15125","2002-08-04","229",""
"15125","2002-08-05","229",""
"15125","2002-08-06","229",""
"15125","2002-08-07","229",""
"15125","2002-08-08","229",""
"15125","2002-08-09","206",""
"15125","2002-08-10","182",""
"15125","2002-08-11","182",""
"15125","2002-08-12","168",""
"15125","2002-08-13","153",""
"15125","2002-08-14","153",""
"15125","2002-08-15","148",""
"15125","2002-08-16","143",""
"15125","2002-08-17","143",""
"15125","2002-08-18","143",""
"15125","2002-08-19","143",""
"15125","2002-08-20","143",""
"15125","2002-08-21","188",""
"15125","2002-08-22","234",""
"15125","2002-08-23","234",""
"15125","2002-08-24","234",""
"15125","2002-08-25","234",""
"15125","2002-08-26","234",""
"15125","2002-08-27","234",""
"15125","2002-08-28","234",""
"15125","2002-08-29","234",""
"15125","2002-08-30","234",""
"15125","2002-08-31","234",""
"15125","2002-09-01","234",""
"15125","2002-09-02","234",""
"15125","2002-09-03","264",""
"15125","2002-09-04","295",""
"15125","2002-09-05","295",""
"15125","2002-09-06","292",""
"15125","2002-09-07","288",""
"15125","2002-09-08","288",""
"15125","2002-09-09","288",""
"15125","2002-09-10","288",""
"15125","2002-09-11","306",""
"15125","2002-09-12","324",""
"15125","2002-09-13","324",""
"15125","2002-09-14","324",""
"15125","2002-09-15","317",""
"15125","2002-09-16","315",""
"15125","2002-09-17","313",""
"15125","2002-09-18","298",""
"15125","2002-09-19","282",""
"15125","2002-09-20","248",""
"15125","2002-09-21","213",""
"15125","2002-09-22","213",""
"15125","2002-09-23","205",""
"15125","2002-09-24","197",""
"15125","2002-09-25","208",""
"15125","2002-09-26","220",""
"15125","2002-09-27","229",""
"15125","2002-09-28","238",""
"15125","2002-09-29","238",""
"15125","2002-09-30","252",""
"15125","2002-10-01","265",""
"15125","2002-10-02","265",""
"15125","2002-10-03","265",""
"15125","2002-10-04","174",""
"15125","2002-10-05","82",""
"15125","2002-10-06","82",""
"15125","2002-10-07","82",""
"15125","2002-10-08","82",""
"15125","2002-10-09","82",""
"15125","2002-10-10","82",""
"15125","2002-10-11","82",""
"15125","2002-10-12","82",""
"15125","2002-10-13","82",""
"15125","2002-10-14","82",""
"15125","2002-10-15","82",""
"15125","2002-10-16","82",""
"15125","2002-10-17","82",""
"15125","2002-10-18","82",""
"15125","2002-10-19","82",""
"15125","2002-10-20","82",""
"15125","2002-10-21","170",""
"15125","2002-10-22","280",""
"15125","2002-10-23","297",""
"15125","2002-10-24","291",""
"15125","2002-10-25","291",""
"15125","2002-10-26","291",""
"15125","2002-10-27","291",""
"15125","2002-10-28","296",""
"15125","2002-10-29","302",""
"15125","2002-10-30","302",""
"15125","2002-10-31","302",""
"15125","2002-11-01","302",""
"15125","2002-11-02","302",""
"15125","2002-11-03","302",""
"15125","2002-11-04","302",""
"15125","2002-11-05","302",""
"15125","2002-11-06","302",""
"15125","2002-11-07","302",""
"15125","2002-11-08","302",""
"15125","2002-11-09","302",""
"15125","2002-11-10","302",""
"15125","2002-11-11","302",""
"15125","2002-11-12","302",""
"15125","2002-11-13","302",""
"15125","2002-11-14","302",""
"15125","2002-11-15","302",""
"15125","2002-11-16","302",""
"15125","2002-11-17","302",""
"15125","2002-11-18","302",""
"15125","2002-11-19","296",""
"15125","2002-11-20","289",""
"15125","2002-11-21","289",""
"15125","2002-11-22","289",""
"15125","2002-11-23","289",""
"15125","2002-11-24","289",""
"15125","2002-11-25","289",""
"15125","2002-11-26","289",""
"15125","2002-11-27","289",""
"15125","2002-11-28","289",""
"15125","2002-11-29","287",""
"15125","2002-11-30","285",""
"15125","2002-12-01","285",""
"15125","2002-12-02","285",""
"15125","2002-12-03","285",""
"15125","2002-12-04","273",""
"15125","2002-12-05","261",""
"15125","2002-12-06","261",""
"15125","2002-12-07","261",""
"15125","2002-12-08","261",""
"15125","2002-12-09","250",""
"15125","2002-12-10","239",""
"15125","2002-12-11","239",""
"15125","2002-12-12","239",""
"15125","2002-12-13","239",""
"15125","2002-12-14","239",""
"15125","2002-12-15","239",""
"15125","2002-12-16","239",""
"15125","2002-12-17","239",""
"15125","2002-12-18","239",""
"15125","2002-12-19","239",""
"15125","2002-12-20","239",""
"15125","2002-12-21","239",""
"15125","2002-12-22","239",""
"15125","2002-12-23","239",""
"15125","2002-12-24","239",""
"15125","2002-12-25","239",""
"15125","2002-12-26","239",""
"15125","2002-12-27","239",""
"15125","2002-12-28","239",""
"15125","2002-12-29","241",""
"15125","2002-12-30","243",""
"15125","2002-12-31","243",""
"15125","2003-01-01","243",""
"15125","2003-01-02","243",""
"15125","2003-01-03","243",""
"15125","2003-01-04","243",""
"15125","2003-01-05","243",""
"15125","2003-01-06","243",""
"15125","2003-01-07","243",""
"15125","2003-01-08","243",""
"15125","2003-01-09","246",""
"15125","2003-01-10","249",""
"15125","2003-01-11","249",""
"15125","2003-01-12","249",""
"15125","2003-01-13","249",""
"15125","2003-01-14","249",""
"15125","2003-01-15","249",""
"15125","2003-01-16","249",""
"15125","2003-01-17","249",""
"15125","2003-01-18","249",""
"15125","2003-01-19","249",""
"15125","2003-01-20","249",""
"15125","2003-01-21","249",""
"15125","2003-01-22","249",""
"15125","2003-01-23","249",""
"15125","2003-01-24","249",""
"15125","2003-01-25","249",""
"15125","2003-01-26","249",""
"15125","2003-01-27","249",""
"15125","2003-01-28","249",""
"15125","2003-01-29","249",""
"15125","2003-01-30","249",""
"15125","2003-01-31","249",""
"15125","2003-02-01","249",""
"15125","2003-02-02","249",""
"15125","2003-02-03","249",""
"15125","2003-02-04","249",""
"15125","2003-02-05","249",""
"15125","2003-02-06","249",""
"15125","2003-02-07","249",""
"15125","2003-02-08","249",""
"15125","2003-02-09","249",""
"15125","2003-02-10","249",""
"15125","2003-02-11","249",""
"15125","2003-02-12","249",""
"15125","2003-02-13","241",""
"15125","2003-02-14","233",""
"15125","2003-02-15","233",""
"15125","2003-02-16","233",""
"15125","2003-02-17","233",""
"15125","2003-02-18","233",""
"15125","2003-02-19","233",""
"15125","2003-02-20","234",""
"15125","2003-02-21","234",""
"15125","2003-02-22","234",""
"15125","2003-02-23","234",""
"15125","2003-02-24","234",""
"15125","2003-02-25","234",""
"15125","2003-02-26","234",""
"15125","2003-02-27","210",""
"15125","2003-02-28","186",""
"15125","2003-03-01","186",""
"15125","2003-03-02","186",""
"15125","2003-03-03","186",""
"15125","2003-03-04","186",""
"15125","2003-03-05","186",""
"15125","2003-03-06","186",""
"15125","2003-03-07","186",""
"15125","2003-03-08","186",""
"15125","2003-03-09","186",""
"15125","2003-03-10","186",""
"15125","2003-03-11","186",""
"15125","2003-03-12","186",""
"15125","2003-03-13","186",""
"15125","2003-03-14","186",""
"15125","2003-03-15","186",""
"15125","2003-03-16","186",""
"15125","2003-03-17","186",""
"15125","2003-03-18","186",""
"15125","2003-03-19","186",""
"15125","2003-03-20","190",""
"15125","2003-03-21","194",""
"15125","2003-03-22","194",""
"15125","2003-03-23","194",""
"15125","2003-03-24","194",""
"15125","2003-03-25","195",""
"15125","2003-03-26","218",""
"15125","2003-03-27","242",""
"15125","2003-03-28","242",""
"15125","2003-03-29","242",""
"15125","2003-03-30","242",""
"15125","2003-03-31","242",""
"15125","2003-04-01","242",""
"15125","2003-04-02","252",""
"15125","2003-04-03","263",""
"15125","2003-04-04","263",""
"15125","2003-04-05","263",""
"15125","2003-04-06","263",""
"15125","2003-04-07","272",""
"15125","2003-04-08","280",""
"15125","2003-04-09","280",""
"15125","2003-04-10","289",""
"15125","2003-04-11","298",""
"15125","2003-04-12","298",""
"15125","2003-04-13","298",""
"15125","2003-04-14","298",""
"15125","2003-04-15","298",""
"15125","2003-04-16","298",""
"15125","2003-04-17","298",""
"15125","2003-04-18","298",""
"15125","2003-04-19","298",""
"15125","2003-04-20","298",""
"15125","2003-04-21","298",""
"15125","2003-04-22","298",""
"15125","2003-04-23","298",""
"15125","2003-04-24","298",""
"15125","2003-04-25","298",""
"15125","2003-04-26","298",""
"15125","2003-04-27","298",""
"15125","2003-04-28","298",""
"15125","2003-04-29","298",""
"15125","2003-04-30","298",""
"15125","2003-05-01","299",""
"15125","2003-05-02","299",""
"15125","2003-05-03","299",""
"15125","2003-05-04","299",""
"15125","2003-05-05","299",""
"15125","2003-05-06","299",""
"15125","2003-05-07","299",""
"15125","2003-05-08","299",""
"15125","2003-05-09","299",""
"15125","2003-05-10","299",""
"15125","2003-05-11","299",""
"15125","2003-05-12","299",""
"15125","2003-05-13","299",""
"15125","2003-05-14","299",""
"15125","2003-05-15","299",""
"15125","2003-05-16","299",""
"15125","2003-05-17","294",""
"15125","2003-05-18","290",""
"15125","2003-05-19","290",""
"15125","2003-05-20","278",""
"15125","2003-05-21","258",""
"15125","2003-05-22","248",""
"15125","2003-05-23","248",""
"15125","2003-05-24","248",""
"15125","2003-05-25","248",""
"15125","2003-05-26","236",""
"15125","2003-05-27","224",""
"15125","2003-05-28","224",""
"15125","2003-05-29","224",""
"15125","2003-05-30","224",""
"15125","2003-05-31","224",""
"15125","2003-06-01","224",""
"15125","2003-06-02","224",""
"15125","2003-06-03","224",""
"15125","2003-06-04","224",""
"15125","2003-06-05","224",""
"15125","2003-06-06","224",""
"15125","2003-06-07","294",""
"15125","2003-06-08","300",""
"15125","2003-06-09","300",""
"15125","2003-06-10","300",""
"15125","2003-06-11","300",""
"15125","2003-06-12","300",""
"15125","2003-06-13","300",""
"15125","2003-06-14","300",""
"15125","2003-06-15","300",""
"15125","2003-06-16","300",""
"15125","2003-06-17","300",""
"15125","2003-06-18","288",""
"15125","2003-06-19","262",""
"15125","2003-06-20","249",""
"15125","2003-06-21","249",""
"15125","2003-06-22","249",""
"15125","2003-06-23","249",""
"15125","2003-06-24","249",""
"15125","2003-06-25","260",""
"15125","2003-06-26","271",""
"15125","2003-06-27","271",""
"15125","2003-06-28","271",""
"15125","2003-06-29","271",""
"15125","2003-06-30","271",""
"15125","2003-07-01","271",""
"15125","2003-07-02","270",""
"15125","2003-07-03","270",""
"15125","2003-07-04","270",""
"15125","2003-07-05","269",""
"15125","2003-07-06","269",""
"15125","2003-07-07","268",""
"15125","2003-07-08","268",""
"15125","2003-07-09","268",""
"15125","2003-07-10","268",""
"15125","2003-07-11","265",""
"15125","2003-07-12","265",""
"15125","2003-07-13","265",""
"15125","2003-07-14","265",""
"15125","2003-07-15","265",""
"15125","2003-07-16","265",""
"15125","2003-07-17","276",""
"15125","2003-07-18","288",""
"15125","2003-07-19","288",""
"15125","2003-07-20","288",""
"15125","2003-07-21","288",""
"15125","2003-07-22","302",""
"15125","2003-07-23","316",""
"15125","2003-07-24","316",""
"15125","2003-07-25","316",""
"15125","2003-07-26","316",""
"15125","2003-07-27","316",""
"15125","2003-07-28","316",""
"15125","2003-07-29","316",""
"15125","2003-07-30","316",""
"15125","2003-07-31","316",""
"15125","2003-08-01","316",""
"15125","2003-08-02","316",""
"15125","2003-08-03","316",""
"15125","2003-08-04","316",""
"15125","2003-08-05","316",""
"15125","2003-08-06","316",""
"15125","2003-08-07","316",""
"15125","2003-08-08","312",""
"15125","2003-08-09","309",""
"15125","2003-08-10","309",""
"15125","2003-08-11","309",""
"15125","2003-08-12","289",""
"15125","2003-08-13","269",""
"15125","2003-08-14","269",""
"15125","2003-08-15","269",""
"15125","2003-08-16","269",""
"15125","2003-08-17","269",""
"15125","2003-08-18","266",""
"15125","2003-08-19","254",""
"15125","2003-08-20","244",""
"15125","2003-08-21","244",""
"15125","2003-08-22","244",""
"15125","2003-08-23","243",""
"15125","2003-08-24","242",""
"15125","2003-08-25","242",""
"15125","2003-08-26","178",""
"15125","2003-08-27","178",""
"15125","2003-08-28","177",""
"15125","2003-08-29","210",""
"15125","2003-08-30","244",""
"15125","2003-08-31","244",""
"15125","2003-09-01","244",""
"15125","2003-09-02","244",""
"15125","2003-09-03","262",""
"15125","2003-09-04","281",""
"15125","2003-09-05","281",""
"15125","2003-09-06","281",""
"15125","2003-09-07","281",""
"15125","2003-09-08","281",""
"15125","2003-09-09","281",""
"15125","2003-09-10","281",""
"15125","2003-09-11","230",""
"15125","2003-09-12","180",""
"15125","2003-09-13","182",""
"15125","2003-09-14","182",""
"15125","2003-09-15","182",""
"15125","2003-09-16","218",""
"15125","2003-09-17","254",""
"15125","2003-09-18","248",""
"15125","2003-09-19","243",""
"15125","2003-09-20","166",""
"15125","2003-09-21","88",""
"15125","2003-09-22","88",""
"15125","2003-09-23","88",""
"15125","2003-09-24","88",""
"15125","2003-09-25","88",""
"15125","2003-09-26","86",""
"15125","2003-09-27","85",""
"15125","2003-09-28","85",""
"15125","2003-09-29","85",""
"15125","2003-09-30","85",""
"15125","2003-10-01","85",""
"15125","2003-10-02","85",""
"15125","2003-10-03","85",""
"15125","2003-10-04","85",""
"15125","2003-10-05","85",""
"15125","2003-10-06","85",""
"15125","2003-10-07","85",""
"15125","2003-10-08","85",""
"15125","2003-10-09","85",""
"15125","2003-10-10","82",""
"15125","2003-10-11","78",""
"15125","2003-10-12","78",""
"15125","2003-10-13","78",""
"15125","2003-10-14","78",""
"15125","2003-10-15","78",""
"15125","2003-10-16","78",""
"15125","2003-10-17","78",""
"15125","2003-10-18","78",""
"15125","2003-10-19","78",""
"15125","2003-10-20","78",""
"15125","2003-10-21","78",""
"15125","2003-10-22","78",""
"15125","2003-10-23","78",""
"15125","2003-10-24","78",""
"15125","2003-10-25","114",""
"15125","2003-10-26","168",""
"15125","2003-10-27","188",""
"15125","2003-10-28","188",""
"15125","2003-10-29","218",""
"15125","2003-10-30","249",""
"15125","2003-10-31","288",""
"15125","2003-11-01","328",""
"15125","2003-11-02","328",""
"15125","2003-11-03","328",""
"15125","2003-11-04","334",""
"15125","2003-11-05","340",""
"15125","2003-11-06","340",""
"15125","2003-11-07","346",""
"15125","2003-11-08","351",""
"15125","2003-11-09","351",""
"15125","2003-11-10","351",""
"15125","2003-11-11","351",""
"15125","2003-11-12","351",""
"15125","2003-11-13","351",""
"15125","2003-11-14","351",""
"15125","2003-11-15","351",""
"15125","2003-11-16","351",""
"15125","2003-11-17","351",""
"15125","2003-11-18","357",""
"15125","2003-11-19","363",""
"15125","2003-11-20","362",""
"15125","2003-11-21","361",""
"15125","2003-11-22","361",""
"15125","2003-11-23","360",""
"15125","2003-11-24","360",""
"15125","2003-11-25","360",""
"15125","2003-11-26","359",""
"15125","2003-11-27","358",""
"15125","2003-11-28","356",""
"15125","2003-11-29","356",""
"15125","2003-11-30","354",""
"15125","2003-12-01","354",""
"15125","2003-12-02","353",""
"15125","2003-12-03","352",""
"15125","2003-12-04","352",""
"15125","2003-12-05","350",""
"15125","2003-12-06","350",""
"15125","2003-12-07","348",""
"15125","2003-12-08","348",""
"15125","2003-12-09","347",""
"15125","2003-12-10","329",""
"15125","2003-12-11","322",""
"15125","2003-12-12","322",""
"15125","2003-12-13","322",""
"15125","2003-12-14","320",""
"15125","2003-12-15","318",""
"15125","2003-12-16","316",""
"15125","2003-12-17","314",""
"15125","2003-12-18","312",""
"15125","2003-12-19","310",""
"15125","2003-12-20","310",""
"15125","2003-12-21","310",""
"15125","2003-12-22","310",""
"15125","2003-12-23","336",""
"15125","2003-12-24","362",""
"15125","2003-12-25","362",""
"15125","2003-12-26","316",""
"15125","2003-12-27","270",""
"15125","2003-12-28","270",""
"15125","2003-12-29","270",""
"15125","2003-12-30","270",""
"15125","2003-12-31","270",""
"15125","2005-01-01","264",""
"15125","2005-01-02","264",""
"15125","2005-01-03","264",""
"15125","2005-01-04","264",""
"15125","2005-01-05","264",""
"15125","2005-01-06","264",""
"15125","2005-01-07","262",""
"15125","2005-01-08","259",""
"15125","2005-01-09","259",""
"15125","2005-01-10","259",""
"15125","2005-01-11","259",""
"15125","2005-01-12","259",""
"15125","2005-01-13","259",""
"15125","2005-01-14","259",""
"15125","2005-01-15","235",""
"15125","2005-01-16","211",""
"15125","2005-01-17","211",""
"15125","2005-01-18","211",""
"15125","2005-01-19","211",""
"15125","2005-01-20","211",""
"15125","2005-01-21","211",""
"15125","2005-01-22","211",""
"15125","2005-01-23","211",""
"15125","2005-01-24","211",""
"15125","2005-01-25","211",""
"15125","2005-01-26","211",""
"15125","2005-01-27","211",""
"15125","2005-01-28","211",""
"15125","2005-01-29","211",""
"15125","2005-01-30","211",""
"15125","2005-01-31","211",""
"15125","2005-02-01","211",""
"15125","2005-02-02","211",""
"15125","2005-02-03","211",""
"15125","2005-02-04","211",""
"15125","2005-02-05","211",""
"15125","2005-02-06","211",""
"15125","2005-02-07","211",""
"15125","2005-02-08","211",""
"15125","2005-02-09","211",""
"15125","2005-02-10","212",""
"15125","2005-02-11","213",""
"15125","2005-02-12","214",""
"15125","2005-02-13","215",""
"15125","2005-02-14","217",""
"15125","2005-02-15","219",""
"15125","2005-02-16","220",""
"15125","2005-02-17","220",""
"15125","2005-02-18","231",""
"15125","2005-02-19","242",""
"15125","2005-02-20","242",""
"15125","2005-02-21","242",""
"15125","2005-02-22","242",""
"15125","2005-02-23","242",""
"15125","2005-02-24","242",""
"15125","2005-02-25","242",""
"15125","2005-02-26","242",""
"15125","2005-02-27","242",""
"15125","2005-02-28","245",""
"15125","2005-03-01","252",""
"15125","2005-03-02","257",""
"15125","2005-03-03","262",""
"15125","2005-03-04","266",""
"15125","2005-03-05","266",""
"15125","2005-03-06","270",""
"15125","2005-03-07","275",""
"15125","2005-03-08","275",""
"15125","2005-03-09","281",""
"15125","2005-03-10","287",""
"15125","2005-03-11","287",""
"15125","2005-03-12","287",""
"15125","2005-03-13","287",""
"15125","2005-03-14","287",""
"15125","2005-03-15","287",""
"15125","2005-03-16","287",""
"15125","2005-03-17","287",""
"15125","2005-03-18","287",""
"15125","2005-03-19","287",""
"15125","2005-03-20","287",""
"15125","2005-03-21","287",""
"15125","2005-03-22","287",""
"15125","2005-03-23","287",""
"15125","2005-03-24","289",""
"15125","2005-03-25","291",""
"15125","2005-03-26","291",""
"15125","2005-03-27","295",""
"15125","2005-03-28","308",""
"15125","2005-03-29","312",""
"15125","2005-03-30","315",""
"15125","2005-03-31","315",""
"15125","2005-04-01","315",""
"15125","2005-04-02","315",""
"15125","2005-04-03","315",""
"15125","2005-04-04","315",""
"15125","2005-04-05","315",""
"15125","2005-04-06","315",""
"15125","2005-04-07","315",""
"15125","2005-04-08","315",""
"15125","2005-04-09","315",""
"15125","2005-04-10","315",""
"15125","2005-04-11","306",""
"15125","2005-04-12","297",""
"15125","2005-04-13","297",""
"15125","2005-04-14","297",""
"15125","2005-04-15","297",""
"15125","2005-04-16","297",""
"15125","2005-04-17","297",""
"15125","2005-04-18","297",""
"15125","2005-04-19","297",""
"15125","2005-04-20","297",""
"15125","2005-04-21","297",""
"15125","2005-04-22","297",""
"15125","2005-04-23","297",""
"15125","2005-04-24","297",""
"15125","2005-04-25","297",""
"15125","2005-04-26","297",""
"15125","2005-04-27","297",""
"15125","2005-04-28","297",""
"15125","2005-04-29","297",""
"15125","2005-04-30","297",""
"15125","2005-05-01","297",""
"15125","2005-05-02","297",""
"15125","2005-05-03","297",""
"15125","2005-05-04","286",""
"15125","2005-05-05","260",""
"15125","2005-05-06","244",""
"15125","2005-05-07","244",""
"15125","2005-05-08","244",""
"15125","2005-05-09","244",""
"15125","2005-05-10","244",""
"15125","2005-05-11","244",""
"15125","2005-05-12","244",""
"15125","2005-05-13","244",""
"15125","2005-05-14","244",""
"15125","2005-05-15","244",""
"15125","2005-05-16","244",""
"15125","2005-05-17","244",""
"15125","2005-05-18","244",""
"15125","2005-05-19","244",""
"15125","2005-05-20","244",""
"15125","2005-05-21","244",""
"15125","2005-05-22","244",""
"15125","2005-05-23","244",""
"15125","2005-05-24","244",""
"15125","2005-05-25","244",""
"15125","2005-05-26","244",""
"15125","2005-05-27","244",""
"15125","2005-05-28","244",""
"15125","2005-05-29","244",""
"15125","2005-05-30","244",""
"15125","2005-05-31","244",""
"15125","2005-06-01","244",""
"15125","2005-06-02","244",""
"15125","2005-06-03","244",""
"15125","2005-06-04","244",""
"15125","2005-06-05","244",""
"15125","2005-06-06","244",""
"15125","2005-06-07","244",""
"15125","2005-06-08","252",""
"15125","2005-06-09","270",""
"15125","2005-06-10","286",""
"15125","2005-06-11","294",""
"15125","2005-06-12","294",""
"15125","2005-06-13","294",""
"15125","2005-06-14","299",""
"15125","2005-06-15","304",""
"15125","2005-06-16","298",""
"15125","2005-06-17","293",""
"15125","2005-06-18","293",""
"15125","2005-06-19","293",""
"15125","2005-06-20","238",""
"15125","2005-06-21","168",""
"15125","2005-06-22","153",""
"15125","2005-06-23","153",""
"15125","2005-06-24","153",""
"15125","2005-06-25","153",""
"15125","2005-06-26","153",""
"15125","2005-06-27","153",""
"15125","2005-06-28","153",""
"15125","2005-06-29","153",""
"15125","2005-06-30","171",""
"15125","2005-07-01","189",""
"15125","2005-07-02","189",""
"15125","2005-07-03","189",""
"15125","2005-07-04","189",""
"15125","2005-07-05","189",""
"15125","2005-07-06","192",""
"15125","2005-07-07","194",""
"15125","2005-07-08","208",""
"15125","2005-07-09","222",""
"15125","2005-07-10","222",""
"15125","2005-07-11","222",""
"15125","2005-07-12","222",""
"15125","2005-07-13","222",""
"15125","2005-07-14","222",""
"15125","2005-07-15","222",""
"15125","2005-07-16","222",""
"15125","2005-07-17","222",""
"15125","2005-07-18","221",""
"15125","2005-07-19","220",""
"15125","2005-07-20","220",""
"15125","2005-07-21","220",""
"15125","2005-07-22","220",""
"15125","2005-07-23","178",""
"15125","2005-07-24","135",""
"15125","2005-07-25","135",""
"15125","2005-07-26","129",""
"15125","2005-07-27","123",""
"15125","2005-07-28","123",""
"15125","2005-07-29","123",""
"15125","2005-07-30","129",""
"15125","2005-07-31","135",""
"15125","2005-08-01","133",""
"15125","2005-08-02","131",""
"15125","2005-08-03","131",""
"15125","2005-08-04","131",""
"15125","2005-08-05","131",""
"15125","2005-08-06","131",""
"15125","2005-08-07","131",""
"15125","2005-08-08","131",""
"15125","2005-08-09","131",""
"15125","2005-08-10","131",""
"15125","2005-08-11","131",""
"15125","2005-08-12","131",""
"15125","2005-08-13","131",""
"15125","2005-08-14","131",""
"15125","2005-08-15","131",""
"15125","2005-08-16","131",""
"15125","2005-08-17","131",""
"15125","2005-08-18","131",""
"15125","2005-08-19","131",""
"15125","2005-08-20","131",""
"15125","2005-08-21","131",""
"15125","2005-08-22","131",""
"15125","2005-08-23","126",""
"15125","2005-08-24","121",""
"15125","2005-08-25","121",""
"15125","2005-08-26","121",""
"15125","2005-08-27","121",""
"15125","2005-08-28","121",""
"15125","2005-08-29","121",""
"15125","2005-08-30","121",""
"15125","2005-08-31","118",""
"15125","2005-09-01","115",""
"15125","2005-09-02","115",""
"15125","2005-09-03","115",""
"15125","2005-09-04","115",""
"15125","2005-09-05","115",""
"15125","2005-09-06","115",""
"15125","2005-09-07","112",""
"15125","2005-09-08","108",""
"15125","2005-09-09","108",""
"15125","2005-09-10","108",""
"15125","2005-09-11","108",""
"15125","2005-09-12","108",""
"15125","2005-09-13","108",""
"15125","2005-09-14","108",""
"15125","2005-09-15","108",""
"15125","2005-09-16","108",""
"15125","2005-09-17","108",""
"15125","2005-09-18","108",""
"15125","2005-09-19","108",""
"15125","2005-09-20","108",""
"15125","2005-09-21","108",""
"15125","2005-09-22","108",""
"15125","2005-09-23","108",""
"15125","2005-09-24","108",""
"15125","2005-09-25","136",""
"15125","2005-09-26","165",""
"15125","2005-09-27","165",""
"15125","2005-09-28","165",""
"15125","2005-09-29","165",""
"15125","2005-09-30","165",""
"15125","2005-10-01","165",""
"15125","2005-10-02","165",""
"15125","2005-10-03","178",""
"15125","2005-10-04","202",""
"15125","2005-10-05","225",""
"15125","2005-10-06","236",""
"15125","2005-10-07","236",""
"15125","2005-10-08","236",""
"15125","2005-10-09","248",""
"15125","2005-10-10","274",""
"15125","2005-10-11","287",""
"15125","2005-10-12","287",""
"15125","2005-10-13","292",""
"15125","2005-10-14","298",""
"15125","2005-10-15","298",""
"15125","2005-10-16","298",""
"15125","2005-10-17","308",""
"15125","2005-10-18","308",""
"15125","2005-10-19","298",""
"15125","2005-10-20","301",""
"15125","2005-10-21","304",""
"15125","2005-10-22","304",""
"15125","2005-10-23","304",""
"15125","2005-10-24","304",""
"15125","2005-10-25","304",""
"15125","2005-10-26","304",""
"15125","2005-10-27","304",""
"15125","2005-10-28","304",""
"15125","2005-10-29","304",""
"15125","2005-10-30","304",""
"15125","2005-10-31","304",""
"15125","2005-11-01","304",""
"15125","2005-11-02","304",""
"15125","2005-11-03","304",""
"15125","2005-11-04","304",""
"15125","2005-11-05","304",""
"15125","2005-11-06","304",""
"15125","2005-11-07","304",""
"15125","2005-11-08","304",""
"15125","2005-11-09","304",""
"15125","2005-11-10","304",""
"15125","2005-11-11","304",""
"15125","2005-11-12","304",""
"15125","2005-11-13","304",""
"15125","2005-11-14","304",""
"15125","2005-11-15","304",""
"15125","2005-11-16","304",""
"15125","2005-11-17","304",""
"15125","2005-11-18","304",""
"15125","2005-11-19","304",""
"15125","2005-11-20","304",""
"15125","2005-11-21","304",""
"15125","2005-11-22","304",""
"15125","2005-11-23","304",""
"15125","2005-11-24","304",""
"15125","2005-11-25","304",""
"15125","2005-11-26","304",""
"15125","2005-11-27","304",""
"15125","2005-11-28","304",""
"15125","2005-11-29","304",""
"15125","2005-11-30","304",""
"15125","2005-12-01","304",""
"15125","2005-12-02","304",""
"15125","2005-12-03","304",""
"15125","2005-12-04","304",""
"15125","2005-12-05","304",""
"15125","2005-12-06","304",""
"15125","2005-12-07","304",""
"15125","2005-12-08","304",""
"15125","2005-12-09","304",""
"15125","2005-12-10","304",""
"15125","2005-12-11","304",""
"15125","2005-12-12","304",""
"15125","2005-12-13","304",""
"15125","2005-12-14","304",""
"15125","2005-12-15","304",""
"15125","2005-12-16","304",""
"15125","2005-12-17","304",""
"15125","2005-12-18","304",""
"15125","2005-12-19","304",""
"15125","2005-12-20","304",""
"15125","2005-12-21","304",""
"15125","2005-12-22","304",""
"15125","2005-12-23","304",""
"15125","2005-12-24","304",""
"15125","2005-12-25","304",""
"15125","2005-12-26","304",""
"15125","2005-12-27","304",""
"15125","2005-12-28","304",""
"15125","2005-12-29","304",""
"15125","2005-12-30","304",""
"15125","2005-12-31","304",""
"15125","2006-01-01","304",""
"15125","2006-01-02","304",""
"15125","2006-01-03","304",""
"15125","2006-01-04","304",""
"15125","2006-01-05","298",""
"15125","2006-01-06","287",""
"15125","2006-01-07","283",""
"15125","2006-01-08","283",""
"15125","2006-01-09","283",""
"15125","2006-01-10","283",""
"15125","2006-01-11","283",""
"15125","2006-01-12","283",""
"15125","2006-01-13","283",""
"15125","2006-01-14","283",""
"15125","2006-01-15","283",""
"15125","2006-01-16","283",""
"15125","2006-01-17","283",""
"15125","2006-01-18","283",""
"15125","2006-01-19","283",""
"15125","2006-01-20","283",""
"15125","2006-01-21","265",""
"15125","2006-01-22","265",""
"15125","2006-01-23","265",""
"15125","2006-01-24","265",""
"15125","2006-01-25","265",""
"15125","2006-01-26","265",""
"15125","2006-01-27","265",""
"15125","2006-01-28","264",""
"15125","2006-01-29","260",""
"15125","2006-01-30","254",""
"15125","2006-01-31","244",""
"15125","2006-02-01","243",""
"15125","2006-02-02","248",""
"15125","2006-02-03","248",""
"15125","2006-02-04","248",""
"15125","2006-02-05","248",""
"15125","2006-02-06","248",""
"15125","2006-02-07","248",""
"15125","2006-02-08","248",""
"15125","2006-02-09","248",""
"15125","2006-02-10","248",""
"15125","2006-02-11","248",""
"15125","2006-02-12","248",""
"15125","2006-02-13","248",""
"15125","2006-02-14","248",""
"15125","2006-02-15","248",""
"15125","2006-02-16","248",""
"15125","2006-02-17","248",""
"15125","2006-02-18","248",""
"15125","2006-02-19","248",""
"15125","2006-02-20","248",""
"15125","2006-02-21","238",""
"15125","2006-02-22","238",""
"15125","2006-02-23","238",""
"15125","2006-02-24","238",""
"15125","2006-02-25","238",""
"15125","2006-02-26","238",""
"15125","2006-02-27","238",""
"15125","2006-02-28","238",""
"15125","2006-03-01","238",""
"15125","2006-03-02","238",""
"15125","2006-03-03","238",""
"15125","2006-03-04","238",""
"15125","2006-03-05","238",""
"15125","2006-03-06","238",""
"15125","2006-03-07","239",""
"15125","2006-03-08","239",""
"15125","2006-03-09","239",""
"15125","2006-03-10","239",""
"15125","2006-03-11","239",""
"15125","2006-03-12","239",""
"15125","2006-03-13","239",""
"15125","2006-03-14","239",""
"15125","2006-03-15","239",""
"15125","2006-03-16","239",""
"15125","2006-03-17","239",""
"15125","2006-03-18","239",""
"15125","2006-03-19","239",""
"15125","2006-03-20","239",""
"15125","2006-03-21","239",""
"15125","2006-03-22","239",""
"15125","2006-03-23","239",""
"15125","2006-03-24","239",""
"15125","2006-03-25","239",""
"15125","2006-03-26","239",""
"15125","2006-03-27","239",""
"15125","2006-03-28","239",""
"15125","2006-03-29","239",""
"15125","2006-03-30","239",""
"15125","2006-03-31","239",""
"15125","2006-04-01","239",""
"15125","2006-04-02","239",""
"15125","2006-04-03","239",""
"15125","2006-04-04","239",""
"15125","2006-04-05","239",""
"15125","2006-04-06","239",""
"15125","2006-04-07","239",""
"15125","2006-04-08","239",""
"15125","2006-04-09","239",""
"15125","2006-04-10","239",""
"15125","2006-04-11","239",""
"15125","2006-04-12","239",""
"15125","2006-04-13","239",""
"15125","2006-04-14","239",""
"15125","2006-04-15","239",""
"15125","2006-04-16","239",""
"15125","2006-04-17","239",""
"15125","2006-04-18","239",""
"15125","2006-04-19","239",""
"15125","2006-04-20","239",""
"15125","2006-04-21","239",""
"15125","2006-04-22","239",""
"15125","2006-04-23","239",""
"15125","2006-04-24","239",""
"15125","2006-04-25","239",""
"15125","2006-04-26","239",""
"15125","2006-04-27","239",""
"15125","2006-04-28","239",""
"15125","2006-04-29","239",""
"15125","2006-04-30","239",""
"15125","2006-05-01","239",""
"15125","2006-05-02","239",""
"15125","2006-05-03","239",""
"15125","2006-05-04","239",""
"15125","2006-05-05","239",""
"15125","2006-05-06","239",""
"15125","2006-05-07","239",""
"15125","2006-05-08","239",""
"15125","2006-05-09","239",""
"15125","2006-05-10","239",""
"15125","2006-05-11","239",""
"15125","2006-05-12","210",""
"15125","2006-05-13","210",""
"15125","2006-05-14","210",""
"15125","2006-05-15","210",""
"15125","2006-05-16","210",""
"15125","2006-05-17","210",""
"15125","2006-05-18","210",""
"15125","2006-05-19","210",""
"15125","2006-05-20","210",""
"15125","2006-05-21","237",""
"15125","2006-05-22","237",""
"15125","2006-05-23","237",""
"15125","2006-05-24","237",""
"15125","2006-05-25","237",""
"15125","2006-05-26","237",""
"15125","2006-05-27","237",""
"15125","2006-05-28","237",""
"15125","2006-05-29","237",""
"15125","2006-05-30","200",""
"15125","2006-05-31","164",""
"15125","2006-06-01","164",""
"15125","2006-06-02","164",""
"15125","2006-06-03","164",""
"15125","2006-06-04","164",""
"15125","2006-06-05","164",""
"15125","2006-06-06","164",""
"15125","2006-06-07","164",""
"15125","2006-06-08","164",""
"15125","2006-06-09","151",""
"15125","2006-06-10","138",""
"15125","2006-06-11","138",""
"15125","2006-06-12","138",""
"15125","2006-06-13","138",""
"15125","2006-06-14","138",""
"15125","2006-06-15","138",""
"15125","2006-06-16","138",""
"15125","2006-06-17","138",""
"15125","2006-06-18","138",""
"15125","2006-06-19","138",""
"15125","2006-06-20","138",""
"15125","2006-06-21","170",""
"15125","2006-06-22","170",""
"15125","2006-06-23","158",""
"15125","2006-06-24","145",""
"15125","2006-06-25","145",""
"15125","2006-06-26","145",""
"15125","2006-06-27","145",""
"15125","2006-06-28","145",""
"15125","2006-06-29","140",""
"15125","2006-06-30","136",""
"15125","2006-07-01","136",""
"15125","2006-07-02","136",""
"15125","2006-07-03","136",""
"15125","2006-07-04","136",""
"15125","2006-07-05","136",""
"15125","2006-07-06","136",""
"15125","2006-07-07","136",""
"15125","2006-07-08","136",""
"15125","2006-07-09","136",""
"15125","2006-07-10","136",""
"15125","2006-07-11","136",""
"15125","2006-07-12","136",""
"15125","2006-07-13","136",""
"15125","2006-07-14","136",""
"15125","2006-07-15","136",""
"15125","2006-07-16","136",""
"15125","2006-07-17","136",""
"15125","2006-07-18","136",""
"15125","2006-07-19","136",""
"15125","2006-07-20","136",""
"15125","2006-07-21","136",""
"15125","2006-07-22","136",""
"15125","2006-07-23","136",""
"15125","2006-07-24","131",""
"15125","2006-07-25","126",""
"15125","2006-07-26","126",""
"15125","2006-07-27","126",""
"15125","2006-07-28","126",""
"15125","2006-07-29","126",""
"15125","2006-07-30","126",""
"15125","2006-07-31","126",""
"15125","2006-08-01","126",""
"15125","2006-08-02","126",""
"15125","2006-08-03","126",""
"15125","2006-08-04","126",""
"15125","2006-08-05","126",""
"15125","2006-08-06","126",""
"15125","2006-08-07","126",""
"15125","2006-08-08","126",""
"15125","2006-08-09","126",""
"15125","2006-08-10","126",""
"15125","2006-08-11","121",""
"15125","2006-08-12","116",""
"15125","2006-08-13","116",""
"15125","2006-08-14","116",""
"15125","2006-08-15","116",""
"15125","2006-08-16","116",""
"15125","2006-08-17","116",""
"15125","2006-08-18","116",""
"15125","2006-08-19","116",""
"15125","2006-08-20","116",""
"15125","2006-08-21","116",""
"15125","2006-08-22","116",""
"15125","2006-08-23","116",""
"15125","2006-08-24","116",""
"15125","2006-08-25","116",""
"15125","2006-08-26","116",""
"15125","2006-08-27","116",""
"15125","2006-08-28","116",""
"15125","2006-08-29","110",""
"15125","2006-08-30","105",""
"15125","2006-08-31","105",""
"15125","2006-09-01","105",""
"15125","2006-09-02","105",""
"15125","2006-09-03","105",""
"15125","2006-09-04","105",""
"15125","2006-09-05","105",""
"15125","2006-09-06","112",""
"15125","2006-09-07","120",""
"15125","2006-09-08","120",""
"15125","2006-09-09","120",""
"15125","2006-09-10","120",""
"15125","2006-09-11","120",""
"15125","2006-09-12","120",""
"15125","2006-09-13","120",""
"15125","2006-09-14","120",""
"15125","2006-09-15","120",""
"15125","2006-09-16","120",""
"15125","2006-09-17","120",""
"15125","2006-09-18","120",""
"15125","2006-09-19","120",""
"15125","2006-09-20","120",""
"15125","2006-09-21","110",""
"15125","2006-09-22","103",""
"15125","2006-09-23","86",""
"15125","2006-09-24","77",""
"15125","2006-09-25","77",""
"15125","2006-09-26","77",""
"15125","2006-09-27","77",""
"15125","2006-09-28","85",""
"15125","2006-09-29","93",""
"15125","2006-09-30","93",""
"15125","2006-10-01","93",""
"15125","2006-10-02","93",""
"15125","2006-10-03","117",""
"15125","2006-10-04","141",""
"15125","2006-10-05","141",""
"15125","2006-10-06","141",""
"15125","2006-10-07","141",""
"15125","2006-10-08","141",""
"15125","2006-10-09","141",""
"15125","2006-10-10","141",""
"15125","2006-10-11","161",""
"15125","2006-10-12","181",""
"15125","2006-10-13","181",""
"15125","2006-10-14","181",""
"15125","2006-10-15","181",""
"15125","2006-10-16","181",""
"15125","2006-10-17","181",""
"15125","2006-10-18","181",""
"15125","2006-10-19","181",""
"15125","2006-10-20","181",""
"15125","2006-10-21","231",""
"15125","2006-10-22","231",""
"15125","2006-10-23","231",""
"15125","2006-10-24","231",""
"15125","2006-10-25","231",""
"15125","2006-10-26","231",""
"15125","2006-10-27","231",""
"15125","2006-10-28","231",""
"15125","2006-10-29","231",""
"15125","2006-10-30","231",""
"15125","2006-10-31","242",""
"15125","2006-11-01","252",""
"15125","2006-11-02","252",""
"15125","2006-11-03","252",""
"15125","2006-11-04","252",""
"15125","2006-11-05","252",""
"15125","2006-11-06","252",""
"15125","2006-11-07","252",""
"15125","2006-11-08","252",""
"15125","2006-11-09","252",""
"15125","2006-11-10","252",""
"15125","2006-11-11","252",""
"15125","2006-11-12","252",""
"15125","2006-11-13","252",""
"15125","2006-11-14","252",""
"15125","2006-11-15","252",""
"15125","2006-11-16","252",""
"15125","2006-11-17","252",""
"15125","2006-11-18","252",""
"15125","2006-11-19","252",""
"15125","2006-11-20","252",""
"15125","2006-11-21","252",""
"15125","2006-11-22","249",""
"15125","2006-11-23","246",""
"15125","2006-11-24","246",""
"15125","2006-11-25","246",""
"15125","2006-11-26","246",""
"15125","2006-11-27","246",""
"15125","2006-11-28","246",""
"15125","2006-11-29","246",""
"15125","2006-11-30","246",""
"15125","2006-12-01","246",""
"15125","2006-12-02","243",""
"15125","2006-12-03","240",""
"15125","2006-12-04","238",""
"15125","2006-12-05","236",""
"15125","2006-12-06","236",""
"15125","2006-12-07","236",""
"15125","2006-12-08","236",""
"15125","2006-12-09","236",""
"15125","2006-12-10","236",""
"15125","2006-12-11","236",""
"15125","2006-12-12","236",""
"15125","2006-12-13","236",""
"15125","2006-12-14","236",""
"15125","2006-12-15","236",""
"15125","2006-12-16","236",""
"15125","2006-12-17","236",""
"15125","2006-12-18","236",""
"15125","2006-12-19","236",""
"15125","2006-12-20","236",""
"15125","2006-12-21","236",""
"15125","2006-12-22","236",""
"15125","2006-12-23","236",""
"15125","2006-12-24","236",""
"15125","2006-12-25","236",""
"15125","2006-12-26","236",""
"15125","2006-12-27","236",""
"15125","2006-12-28","236",""
"15125","2006-12-29","236",""
"15125","2006-12-30","236",""
"15125","2006-12-31","236",""
"15125","2007-01-01","236",""
"15125","2007-01-02","236",""
"15125","2007-01-03","227",""
"15125","2007-01-04","236",""
"15125","2007-01-05","236",""
"15125","2007-01-06","236",""
"15125","2007-01-07","236",""
"15125","2007-01-08","236",""
"15125","2007-01-09","236",""
"15125","2007-01-10","236",""
"15125","2007-01-11","236",""
"15125","2007-01-12","236",""
"15125","2007-01-13","236",""
"15125","2007-01-14","236",""
"15125","2007-01-15","236",""
"15125","2007-01-16","236",""
"15125","2007-01-17","236",""
"15125","2007-01-18","236",""
"15125","2007-01-19","235",""
"15125","2007-01-20","235",""
"15125","2007-01-21","235",""
"15125","2007-01-22","235",""
"15125","2007-01-23","235",""
"15125","2007-01-24","235",""
"15125","2007-01-25","235",""
"15125","2007-01-26","235",""
"15125","2007-01-27","235",""
"15125","2007-01-28","235",""
"15125","2007-01-29","235",""
"15125","2007-01-30","235",""
"15125","2007-01-31","235",""
"15125","2007-02-01","235",""
"15125","2007-02-02","235",""
"15125","2007-02-03","235",""
"15125","2007-02-04","235",""
"15125","2007-02-05","235",""
"15125","2007-02-06","235",""
"15125","2007-02-07","235",""
"15125","2007-02-08","235",""
"15125","2007-02-09","235",""
"15125","2007-02-10","235",""
"15125","2007-02-11","235",""
"15125","2007-02-12","235",""
"15125","2007-02-13","226",""
"15125","2007-02-14","216",""
"15125","2007-02-15","216",""
"15125","2007-02-16","216",""
"15125","2007-02-17","216",""
"15125","2007-02-18","216",""
"15125","2007-02-19","216",""
"15125","2007-02-20","216",""
"15125","2007-02-21","216",""
"15125","2007-02-22","216",""
"15125","2007-02-23","211",""
"15125","2007-02-24","206",""
"15125","2007-02-25","206",""
"15125","2007-02-26","206",""
"15125","2007-02-27","206",""
"15125","2007-02-28","195",""
"15125","2007-03-01","184",""
"15125","2007-03-02","184",""
"15125","2007-03-03","184",""
"15125","2007-03-04","184",""
"15125","2007-03-05","184",""
"15125","2007-03-06","184",""
"15125","2007-03-07","184",""
"15125","2007-03-08","184",""
"15125","2007-03-09","184",""
"15125","2007-03-10","184",""
"15125","2007-03-11","184",""
"15125","2007-03-12","184",""
"15125","2007-03-13","184",""
"15125","2007-03-14","228",""
"15125","2007-03-15","273",""
"15125","2007-03-16","273",""
"15125","2007-03-17","273",""
"15125","2007-03-18","273",""
"15125","2007-03-19","277",""
"15125","2007-03-20","281",""
"15125","2007-03-21","281",""
"15125","2007-03-22","281",""
"15125","2007-03-23","281",""
"15125","2007-03-24","281",""
"15125","2007-03-25","281",""
"15125","2007-03-26","281",""
"15125","2007-03-27","281",""
"15125","2007-03-28","281",""
"15125","2007-03-29","281",""
"15125","2007-03-30","281",""
"15125","2007-03-31","281",""
"15125","2007-04-01","281",""
"15125","2007-04-02","281",""
"15125","2007-04-03","281",""
"15125","2007-04-04","281",""
"15125","2007-04-05","281",""
"15125","2007-04-06","281",""
"15125","2007-04-07","281",""
"15125","2007-04-08","281",""
"15125","2007-04-09","281",""
"15125","2007-04-10","281",""
"15125","2007-04-11","281",""
"15125","2007-04-12","281",""
"15125","2007-04-13","281",""
"15125","2007-04-14","281",""
"15125","2007-04-15","182",""
"15125","2007-04-16","82",""
"15125","2007-04-17","82",""
"15125","2007-04-18","74",""
"15125","2007-04-19","67",""
"15125","2007-04-20","67",""
"15125","2007-04-21","67",""
"15125","2007-04-22","67",""
"15125","2007-04-23","67",""
"15125","2007-04-24","90",""
"15125","2007-04-25","104",""
"15125","2007-04-26","94",""
"15125","2007-04-27","94",""
"15125","2007-04-28","94",""
"15125","2007-04-29","94",""
"15125","2007-04-30","94",""
"15125","2007-05-01","94",""
"15125","2007-05-02","94",""
"15125","2007-05-03","94",""
"15125","2007-05-04","100",""
"15125","2007-05-05","105",""
"15125","2007-05-06","105",""
"15125","2007-05-07","105",""
"15125","2007-05-08","105",""
"15125","2007-05-09","105",""
"15125","2007-05-10","105",""
"15125","2007-05-11","105",""
"15125","2007-05-12","115",""
"15125","2007-05-13","125",""
"15125","2007-05-14","125",""
"15125","2007-05-15","125",""
"15125","2007-05-16","125",""
"15125","2007-05-17","125",""
"15125","2007-05-18","125",""
"15125","2007-05-19","125",""
"15125","2007-05-20","125",""
"15125","2007-05-21","125",""
"15125","2007-05-22","125",""
"15125","2007-05-23","125",""
"15125","2007-05-24","125",""
"15125","2007-05-25","125",""
"15125","2007-05-26","125",""
"15125","2007-05-27","125",""
"15125","2007-05-28","125",""
"15125","2007-05-29","125",""
"15125","2007-05-30","125",""
"15125","2007-05-31","125",""
"15125","2007-06-01","125",""
"15125","2007-06-02","125",""
"15125","2007-06-03","125",""
"15125","2007-06-04","128",""
"15125","2007-06-05","131",""
"15125","2007-06-06","137",""
"15125","2007-06-07","143",""
"15125","2007-06-08","143",""
"15125","2007-06-09","143",""
"15125","2007-06-10","143",""
"15125","2007-06-11","143",""
"15125","2007-06-12","143",""
"15125","2007-06-13","143",""
"15125","2007-06-14","143",""
"15125","2007-06-15","143",""
"15125","2007-06-16","143",""
"15125","2007-06-17","143",""
"15125","2007-06-18","143",""
"15125","2007-06-19","143",""
"15125","2007-06-20","143",""
"15125","2007-06-21","150",""
"15125","2007-06-22","150",""
"15125","2007-06-23","150",""
"15125","2007-06-24","150",""
"15125","2007-06-25","150",""
"15125","2007-06-26","150",""
"15125","2007-06-27","150",""
"15125","2007-06-28","150",""
"15125","2007-06-29","150",""
"15125","2007-06-30","150",""
"15125","2007-07-01","150",""
"15125","2007-07-02","150",""
"15125","2007-07-03","150",""
"15125","2007-07-04","150",""
"15125","2007-07-05","150",""
"15125","2007-07-06","150",""
"15125","2007-07-07","150",""
"15125","2007-07-08","150",""
"15125","2007-07-09","150",""
"15125","2007-07-10","148",""
"15125","2007-07-11","147",""
"15125","2007-07-12","147",""
"15125","2007-07-13","147",""
"15125","2007-07-14","147",""
"15125","2007-07-15","147",""
"15125","2007-07-16","147",""
"15125","2007-07-17","147",""
"15125","2007-07-18","146",""
"15125","2007-07-19","146",""
"15125","2007-07-20","146",""
"15125","2007-07-21","146",""
"15125","2007-07-22","146",""
"15125","2007-07-23","146",""
"15125","2007-07-24","146",""
"15125","2007-07-25","146",""
"15125","2007-07-26","146",""
"15125","2007-07-27","146",""
"15125","2007-07-28","146",""
"15125","2007-07-29","146",""
"15125","2007-07-30","146",""
"15125","2007-07-31","146",""
"15125","2007-08-01","146",""
"15125","2007-08-02","146",""
"15125","2007-08-03","146",""
"15125","2007-08-04","146",""
"15125","2007-08-05","146",""
"15125","2007-08-06","146",""
"15125","2007-08-07","146",""
"15125","2007-08-08","146",""
"15125","2007-08-09","146",""
"15125","2007-08-10","146",""
"15125","2007-08-11","146",""
"15125","2007-08-12","146",""
"15125","2007-08-13","146",""
"15125","2007-08-14","146",""
"15125","2007-08-15","144",""
"15125","2007-08-16","141",""
"15125","2007-08-17","141",""
"15125","2007-08-18","141",""
"15125","2007-08-19","141",""
"15125","2007-08-20","141",""
"15125","2007-08-21","141",""
"15125","2007-08-22","141",""
"15125","2007-08-23","141",""
"15125","2007-08-24","141",""
"15125","2007-08-25","136",""
"15125","2007-08-26","131",""
"15125","2007-08-27","131",""
"15125","2007-08-28","131",""
"15125","2007-08-29","131",""
"15125","2007-08-30","131",""
"15125","2007-08-31","131",""
"15125","2007-09-01","131",""
"15125","2007-09-02","131",""
"15125","2007-09-03","131",""
"15125","2007-09-04","131",""
"15125","2007-09-05","128",""
"15125","2007-09-06","124",""
"15125","2007-09-07","124",""
"15125","2007-09-08","124",""
"15125","2007-09-09","124",""
"15125","2007-09-10","124",""
"15125","2007-09-11","124",""
"15125","2007-09-12","124",""
"15125","2007-09-13","124",""
"15125","2007-09-14","124",""
"15125","2007-09-15","124",""
"15125","2007-09-16","124",""
"15125","2007-09-17","118",""
"15125","2007-09-18","111",""
"15125","2007-09-19","111",""
"15125","2007-09-20","111",""
"15125","2007-09-21","111",""
"15125","2007-09-22","111",""
"15125","2007-09-23","111",""
"15125","2007-09-24","111",""
"15125","2007-09-25","106",""
"15125","2007-09-26","102",""
"15125","2007-09-27","102",""
"15125","2007-09-28","100",""
"15125","2007-09-29","97",""
"15125","2007-09-30","",""
"15125","2007-10-01","97",""
"15125","2007-10-02","97",""
"15125","2007-10-03","97",""
"15125","2007-10-04","97",""
"15125","2007-10-05","97",""
"15125","2007-10-06","97",""
"15125","2007-10-07","97",""
"15125","2007-10-08","97",""
"15125","2007-10-09","97",""
"15125","2007-10-10","97",""
"15125","2007-10-11","97",""
"15125","2007-10-12","97",""
"15125","2007-10-13","97",""
"15125","2007-10-14","97",""
"15125","2007-10-15","97",""
"15125","2007-10-16","98",""
"15125","2007-10-17","98",""
"15125","2007-10-18","98",""
"15125","2007-10-19","98",""
"15125","2007-10-20","98",""
"15125","2007-10-21","98",""
"15125","2007-10-22","98",""
"15125","2007-10-23","98",""
"15125","2007-10-24","120",""
"15125","2007-10-25","141",""
"15125","2007-10-26","141",""
"15125","2007-10-27","141",""
"15125","2007-10-28","141",""
"15125","2007-10-29","141",""
"15125","2007-10-30","163",""
"15125","2007-10-31","185",""
"15125","2007-11-01","185",""
"15125","2007-11-02","185",""
"15125","2007-11-03","185",""
"15125","2007-11-04","198",""
"15125","2007-11-05","210",""
"15125","2007-11-06","210",""
"15125","2007-11-07","210",""
"15125","2007-11-08","210",""
"15125","2007-11-09","222",""
"15125","2007-11-10","234",""
"15125","2007-11-11","234",""
"15125","2007-11-12","234",""
"15125","2007-11-13","234",""
"15125","2007-11-14","234",""
"15125","2007-11-15","234",""
"15125","2007-11-16","234",""
"15125","2007-11-17","234",""
"15125","2007-11-18","234",""
"15125","2007-11-19","234",""
"15125","2007-11-20","234",""
"15125","2007-11-21","234",""
"15125","2007-11-22","234",""
"15125","2007-11-23","234",""
"15125","2007-11-24","234",""
"15125","2007-11-25","246",""
"15125","2007-11-26","259",""
"15125","2007-11-27","259",""
"15125","2007-11-28","259",""
"15125","2007-11-29","259",""
"15125","2007-11-30","258",""
"15125","2007-12-01","257",""
"15125","2007-12-02","257",""
"15125","2007-12-03","257",""
"15125","2007-12-04","257",""
"15125","2007-12-05","257",""
"15125","2007-12-06","257",""
"15125","2007-12-07","256",""
"15125","2007-12-08","255",""
"15125","2007-12-09","255",""
"15125","2007-12-10","255",""
"15125","2007-12-11","255",""
"15125","2007-12-12","255",""
"15125","2007-12-13","254",""
"15125","2007-12-14","252",""
"15125","2007-12-15","252",""
"15125","2007-12-16","252",""
"15125","2007-12-17","251",""
"15125","2007-12-18","250",""
"15125","2007-12-19","250",""
"15125","2007-12-20","250",""
"15125","2007-12-21","250",""
"15125","2007-12-22","240",""
"15125","2007-12-23","229",""
"15125","2007-12-24","229",""
"15125","2007-12-25","229",""
"15125","2007-12-26","229",""
"15125","2007-12-27","229",""
"15125","2007-12-28","229",""
"15125","2007-12-29","229",""
"15125","2007-12-30","229",""
"15125","2007-12-31","229",""
"15125","2008-01-01","229",""
"15125","2008-01-02","229",""
"15125","2008-01-03","229",""
"15125","2008-01-04","229",""
"15125","2008-01-05","229",""
"15125","2008-01-06","229",""
"15125","2008-01-07","229",""
"15125","2008-01-08","227",""
"15125","2008-01-09","227",""
"15125","2008-01-10","227",""
"15125","2008-01-11","227",""
"15125","2008-01-12","227",""
"15125","2008-01-13","227",""
"15125","2008-01-14","227",""
"15125","2008-01-15","227",""
"15125","2008-01-16","227",""
"15125","2008-01-17","227",""
"15125","2008-01-18","227",""
"15125","2008-01-19","227",""
"15125","2008-01-20","227",""
"15125","2008-01-21","227",""
"15125","2008-01-22","227",""
"15125","2008-01-23","227",""
"15125","2008-01-24","227",""
"15125","2008-01-25","227",""
"15125","2008-01-26","224",""
"15125","2008-01-27","221",""
"15125","2008-01-28","221",""
"15125","2008-01-29","221",""
"15125","2008-01-30","221",""
"15125","2008-01-31","221",""
"15125","2008-02-01","221",""
"15125","2008-02-02","221",""
"15125","2008-02-03","221",""
"15125","2008-02-04","221",""
"15125","2008-02-05","221",""
"15125","2008-02-06","221",""
"15125","2008-02-07","221",""
"15125","2008-02-08","221",""
"15125","2008-02-09","221",""
"15125","2008-02-10","221",""
"15125","2008-02-11","221",""
"15125","2008-02-12","221",""
"15125","2008-02-13","221",""
"15125","2008-02-14","221",""
"15125","2008-02-15","221",""
"15125","2008-02-16","221",""
"15125","2008-02-17","221",""
"15125","2008-02-18","221",""
"15125","2008-02-19","220",""
"15125","2008-02-20","220",""
"15125","2008-02-21","220",""
"15125","2008-02-22","220",""
"15125","2008-02-23","220",""
"15125","2008-02-24","220",""
"15125","2008-02-25","220",""
"15125","2008-02-26","220",""
"15125","2008-02-27","220",""
"15125","2008-02-28","220",""
"15125","2008-02-29","220",""
"15125","2008-03-01","220",""
"15125","2008-03-02","220",""
"15125","2008-03-03","220",""
"15125","2008-03-04","220",""
"15125","2008-03-05","220",""
"15125","2008-03-06","220",""
"15125","2008-03-07","220",""
"15125","2008-03-08","220",""
"15125","2008-03-09","219",""
"15125","2008-03-10","218",""
"15125","2008-03-11","218",""
"15125","2008-03-12","218",""
"15125","2008-03-13","218",""
"15125","2008-03-14","218",""
"15125","2008-03-15","218",""
"15125","2008-03-16","218",""
"15125","2008-03-17","218",""
"15125","2008-03-18","218",""
"15125","2008-03-19","218",""
"15125","2008-03-20","218",""
"15125","2008-03-21","218",""
"15125","2008-03-22","218",""
"15125","2008-03-23","218",""
"15125","2008-03-24","218",""
"15125","2008-03-25","224",""
"15125","2008-03-26","231",""
"15125","2008-03-27","231",""
"15125","2008-03-28","231",""
"15125","2008-03-29","231",""
"15125","2008-03-30","231",""
"15125","2008-03-31","231",""
"15125","2008-04-01","231",""
"15125","2008-04-02","231",""
"15125","2008-04-03","231",""
"15125","2008-04-04","231",""
"15125","2008-04-05","231",""
"15125","2008-04-06","231",""
"15125","2008-04-07","231",""
"15125","2008-04-08","231",""
"15125","2008-04-09","231",""
"15125","2008-04-10","156",""
"15125","2008-04-11","82",""
"15125","2008-04-12","82",""
"15125","2008-04-13","82",""
"15125","2008-04-14","82",""
"15125","2008-04-15","82",""
"15125","2008-04-16","82",""
"15125","2008-04-17","84",""
"15125","2008-04-18","92",""
"15125","2008-04-19","98",""
"15125","2008-04-20","105",""
"15125","2008-04-21","112",""
"15125","2008-04-22","100",""
"15125","2008-04-23","87",""
"15125","2008-04-24","94",""
"15125","2008-04-25","100",""
"15125","2008-04-26","92",""
"15125","2008-04-27","85",""
"15125","2008-04-28","85",""
"15125","2008-04-29","98",""
"15125","2008-04-30","111",""
"15125","2008-05-01","111",""
"15125","2008-05-02","111",""
"15125","2008-05-03","111",""
"15125","2008-05-04","111",""
"15125","2008-05-05","111",""
"15125","2008-05-06","118",""
"15125","2008-05-07","124",""
"15125","2008-05-08","124",""
"15125","2008-05-09","124",""
"15125","2008-05-10","124",""
"15125","2008-05-11","124",""
"15125","2008-05-12","124",""
"15125","2008-05-13","124",""
"15125","2008-05-14","124",""
"15125","2008-05-15","132",""
"15125","2008-05-16","141",""
"15125","2008-05-17","141",""
"15125","2008-05-18","141",""
"15125","2008-05-19","141",""
"15125","2008-05-20","141",""
"15125","2008-05-21","141",""
"15125","2008-05-22","141",""
"15125","2008-05-23","142",""
"15125","2008-05-24","143",""
"15125","2008-05-25","143",""
"15125","2008-05-26","143",""
"15125","2008-05-27","143",""
"15125","2008-05-28","143",""
"15125","2008-05-29","143",""
"15125","2008-05-30","143",""
"15125","2008-05-31","142",""
"15125","2008-06-01","141",""
"15125","2008-06-02","141",""
"15125","2008-06-03","134",""
"15125","2008-06-04","126",""
"15125","2008-06-05","126",""
"15125","2008-06-06","141",""
"15125","2008-06-07","141",""
"15125","2008-06-08","141",""
"15125","2008-06-09","141",""
"15125","2008-06-10","141",""
"15125","2008-06-11","141",""
"15125","2008-06-12","141",""
"15125","2008-06-13","141",""
"15125","2008-06-14","141",""
"15125","2008-06-15","141",""
"15125","2008-06-16","141",""
"15125","2008-06-17","141",""
"15125","2008-06-18","141",""
"15125","2008-06-19","141",""
"15125","2008-06-20","141",""
"15125","2008-06-21","141",""
"15125","2008-06-22","141",""
"15125","2008-06-23","141",""
"15125","2008-06-24","141",""
"15125","2008-06-25","141",""
"15125","2008-06-26","141",""
"15125","2008-06-27","141",""
"15125","2008-06-28","141",""
"15125","2008-06-29","141",""
"15125","2008-06-30","141",""
"15125","2008-07-01","141",""
"15125","2008-07-02","141",""
"15125","2008-07-03","141",""
"15125","2008-07-04","141",""
"15125","2008-07-05","141",""
"15125","2008-07-06","141",""
"15125","2008-07-07","141",""
"15125","2008-07-08","136",""
"15125","2008-07-09","132",""
"15125","2008-07-10","132",""
"15125","2008-07-11","132",""
"15125","2008-07-12","132",""
"15125","2008-07-13","132",""
"15125","2008-07-14","132",""
"15125","2008-07-15","132",""
"15125","2008-07-16","132",""
"15125","2008-07-17","132",""
"15125","2008-07-18","132",""
"15125","2008-07-19","132",""
"15125","2008-07-20","132",""
"15125","2008-07-21","125",""
"15125","2008-07-22","118",""
"15125","2008-07-23","118",""
"15125","2008-07-24","118",""
"15125","2008-07-25","118",""
"15125","2008-07-26","118",""
"15125","2008-07-27","118",""
"15125","2008-07-28","118",""
"15125","2008-07-29","118",""
"15125","2008-07-30","118",""
"15125","2008-07-31","118",""
"15125","2008-08-01","118",""
"15125","2008-08-02","118",""
"15125","2008-08-03","118",""
"15125","2008-08-04","118",""
"15125","2008-08-05","118",""
"15125","2008-08-06","118",""
"15125","2008-08-07","118",""
"15125","2008-08-08","118",""
"15125","2008-08-09","118",""
"15125","2008-08-10","118",""
"15125","2008-08-11","118",""
"15125","2008-08-12","118",""
"15125","2008-08-13","118",""
"15125","2008-08-14","118",""
"15125","2008-08-15","118",""
"15125","2008-08-16","118",""
"15125","2008-08-17","118",""
"15125","2008-08-18","118",""
"15125","2008-08-19","118",""
"15125","2008-08-20","116",""
"15125","2008-08-21","114",""
"15125","2008-08-22","114",""
"15125","2008-08-23","114",""
"15125","2008-08-24","114",""
"15125","2008-08-25","114",""
"15125","2008-08-26","114",""
"15125","2008-08-27","116",""
"15125","2008-08-28","118",""
"15125","2008-08-29","118",""
"15125","2008-08-30","118",""
"15125","2008-08-31","118",""
"15125","2008-09-01","118",""
"15125","2008-09-02","118",""
"15125","2008-09-03","118",""
"15125","2008-09-04","126",""
"15125","2008-09-05","137",""
"15125","2008-09-06","150",""
"15125","2008-09-07","171",""
"15125","2008-09-08","196",""
"15125","2008-09-09","211",""
"15125","2008-09-10","203",""
"15125","2008-09-11","192",""
"15125","2008-09-12","182",""
"15125","2008-09-13","165",""
"15125","2008-09-14","150",""
"15125","2008-09-15","150",""
"15125","2008-09-16","146",""
"15125","2008-09-17","142",""
"15125","2008-09-18","138",""
"15125","2008-09-19","134",""
"15125","2008-09-20","131",""
"15125","2008-09-21","130",""
"15125","2008-09-22","132",""
"15125","2008-09-23","136",""
"15125","2008-09-24","142",""
"15125","2008-09-25","133",""
"15125","2008-09-26","121",""
"15125","2008-09-27","122",""
"15125","2008-09-28","126",""
"15125","2008-09-29","129",""
"15125","2008-09-30","118",""
"15125","2008-10-01","108",""
"15125","2008-10-02","83",""
"15125","2008-10-03","58",""
"15125","2008-10-04","58",""
"15125","2008-10-05","58",""
"15125","2008-10-06","58",""
"15125","2008-10-07","58",""
"15125","2008-10-08","58",""
"15125","2008-10-09","58",""
"15125","2008-10-10","58",""
"15125","2008-10-11","58",""
"15125","2008-10-12","58",""
"15125","2008-10-13","58",""
"15125","2008-10-14","58",""
"15125","2008-10-15","58",""
"15125","2008-10-16","58",""
"15125","2008-10-17","50",""
"15125","2008-10-18","43",""
"15125","2008-10-19","43",""
"15125","2008-10-20","43",""
"15125","2008-10-21","43",""
"15125","2008-10-22","43",""
"15125","2008-10-23","43",""
"15125","2008-10-24","43",""
"15125","2008-10-25","43",""
"15125","2008-10-26","43",""
"15125","2008-10-27","43",""
"15125","2008-10-28","43",""
"15125","2008-10-29","43",""
"15125","2008-10-30","43",""
"15125","2008-10-31","43",""
"15125","2008-11-01","43",""
"15125","2008-11-02","43",""
"15125","2008-11-03","43",""
"15125","2008-11-04","43",""
"15125","2008-11-05","43",""
"15125","2008-11-06","43",""
"15125","2008-11-07","43",""
"15125","2008-11-08","43",""
"15125","2008-11-09","43",""
"15125","2008-11-10","43",""
"15125","2008-11-11","43",""
"15125","2008-11-12","43",""
"15125","2008-11-13","43",""
"15125","2008-11-14","43",""
"15125","2008-11-15","43",""
"15125","2008-11-16","43",""
"15125","2008-11-17","43",""
"15125","2008-11-18","43",""
"15125","2008-11-19","43",""
"15125","2008-11-20","43",""
"15125","2008-11-21","43",""
"15125","2008-11-22","43",""
"15125","2008-11-23","43",""
"15125","2008-11-24","43",""
"15125","2008-11-25","43",""
"15125","2008-11-26","43",""
"15125","2008-11-27","43",""
"15125","2008-11-28","43",""
"15125","2008-11-29","43",""
"15125","2008-11-30","43",""
"15125","2008-12-01","43",""
"15125","2008-12-02","43",""
"15125","2008-12-03","43",""
"15125","2008-12-04","43",""
"15125","2008-12-05","43",""
"15125","2008-12-06","43",""
"15125","2008-12-07","43",""
"15125","2008-12-08","43",""
"15125","2008-12-09","43",""
"15125","2008-12-10","71",""
"15125","2008-12-11","112",""
"15125","2008-12-12","134",""
"15125","2008-12-13","176",""
"15125","2008-12-14","208",""
"15125","2008-12-15","209",""
"15125","2008-12-16","218",""
"15125","2008-12-17","226",""
"15125","2008-12-18","226",""
"15125","2008-12-19","226",""
"15125","2008-12-20","236",""
"15125","2008-12-21","244",""
"15125","2008-12-22","244",""
"15125","2008-12-23","244",""
"15125","2008-12-24","244",""
"15125","2008-12-25","244",""
"15125","2008-12-26","244",""
"15125","2008-12-27","244",""
"15125","2008-12-28","244",""
"15125","2008-12-29","244",""
"15125","2008-12-30","244",""
"15125","2008-12-31","244",""
"15125","2009-01-01","244",""
"15125","2009-01-02","244",""
"15125","2009-01-03","244",""
"15125","2009-01-04","244",""
"15125","2009-01-05","244",""
"15125","2009-01-06","244",""
"15125","2009-01-07","244",""
"15125","2009-01-08","244",""
"15125","2009-01-09","244",""
"15125","2009-01-10","244",""
"15125","2009-01-11","244",""
"15125","2009-01-12","237",""
"15125","2009-01-13","230",""
"15125","2009-01-14","230",""
"15125","2009-01-15","230",""
"15125","2009-01-16","230",""
"15125","2009-01-17","230",""
"15125","2009-01-18","230",""
"15125","2009-01-19","230",""
"15125","2009-01-20","230",""
"15125","2009-01-21","230",""
"15125","2009-01-22","230",""
"15125","2009-01-23","230",""
"15125","2009-01-24","230",""
"15125","2009-01-25","230",""
"15125","2009-01-26","230",""
"15125","2009-01-27","230",""
"15125","2009-01-28","230",""
"15125","2009-01-29","228",""
"15125","2009-01-30","227",""
"15125","2009-01-31","227",""
"15125","2009-02-01","227",""
"15125","2009-02-02","227",""
"15125","2009-02-03","227",""
"15125","2009-02-04","227",""
"15125","2009-02-05","223",""
"15125","2009-02-06","219",""
"15125","2009-02-07","219",""
"15125","2009-02-08","219",""
"15125","2009-02-09","215",""
"15125","2009-02-10","211",""
"15125","2009-02-11","210",""
"15125","2009-02-12","204",""
"15125","2009-02-13","200",""
"15125","2009-02-14","200",""
"15125","2009-02-15","200",""
"15125","2009-02-16","200",""
"15125","2009-02-17","200",""
"15125","2009-02-18","200",""
"15125","2009-02-19","200",""
"15125","2009-02-20","200",""
"15125","2009-02-21","200",""
"15125","2009-02-22","200",""
"15125","2009-02-23","200",""
"15125","2009-02-24","200",""
"15125","2009-02-25","200",""
"15125","2009-02-26","200",""
"15125","2009-02-27","200",""
"15125","2009-02-28","200",""
"15125","2009-03-01","200",""
"15125","2009-03-02","195",""
"15125","2009-03-03","190",""
"15125","2009-03-04","190",""
"15125","2009-03-05","190",""
"15125","2009-03-06","190",""
"15125","2009-03-07","190",""
"15125","2009-03-08","190",""
"15125","2009-03-09","190",""
"15125","2009-03-10","190",""
"15125","2009-03-11","190",""
"15125","2009-03-12","204",""
"15125","2009-03-13","217",""
"15125","2009-03-14","217",""
"15125","2009-03-15","217",""
"15125","2009-03-16","217",""
"15125","2009-03-17","217",""
"15125","2009-03-18","217",""
"15125","2009-03-19","217",""
"15125","2009-03-20","216",""
"15125","2009-03-21","214",""
"15125","2009-03-22","214",""
"15125","2009-03-23","214",""
"15125","2009-03-24","214",""
"15125","2009-03-25","214",""
"15125","2009-03-26","214",""
"15125","2009-03-27","214",""
"15125","2009-03-28","214",""
"15125","2009-03-29","214",""
"15125","2009-03-30","210",""
"15125","2009-03-31","207",""
"15125","2009-04-01","207",""
"15125","2009-04-02","207",""
"15125","2009-04-03","207",""
"15125","2009-04-04","207",""
"15125","2009-04-05","207",""
"15125","2009-04-06","207",""
"15125","2009-04-07","207",""
"15125","2009-04-08","207",""
"15125","2009-04-09","207",""
"15125","2009-04-10","207",""
"15125","2009-04-11","207",""
"15125","2009-04-12","207",""
"15125","2009-04-13","207",""
"15125","2009-04-14","207",""
"15125","2009-04-15","207",""
"15125","2009-04-16","207",""
"15125","2009-04-17","209",""
"15125","2009-04-18","211",""
"15125","2009-04-19","211",""
"15125","2009-04-20","211",""
"15125","2009-04-21","220",""
"15125","2009-04-22","228",""
"15125","2009-04-23","231",""
"15125","2009-04-24","234",""
"15125","2009-04-25","234",""
"15125","2009-04-26","234",""
"15125","2009-04-27","254",""
"15125","2009-04-28","274",""
"15125","2009-04-29","274",""
"15125","2009-04-30","275",""
"15125","2009-05-01","275",""
"15125","2009-05-02","275",""
"15125","2009-05-03","275",""
"15125","2009-05-04","275",""
"15125","2009-05-05","275",""
"15125","2009-05-06","275",""
"15125","2009-05-07","275",""
"15125","2009-05-08","275",""
"15125","2009-05-09","275",""
"15125","2009-05-10","275",""
"15125","2009-05-11","275",""
"15125","2009-05-12","275",""
"15125","2009-05-13","275",""
"15125","2009-05-14","275",""
"15125","2009-05-15","204",""
"15125","2009-05-16","133",""
"15125","2009-05-17","133",""
"15125","2009-05-18","133",""
"15125","2009-05-19","124",""
"15125","2009-05-20","116",""
"15125","2009-05-21","116",""
"15125","2009-05-22","122",""
"15125","2009-05-23","127",""
"15125","2009-05-24","127",""
"15125","2009-05-25","127",""
"15125","2009-05-26","127",""
"15125","2009-05-27","127",""
"15125","2009-05-28","127",""
"15125","2009-05-29","127",""
"15125","2009-05-30","127",""
"15125","2009-05-31","134",""
"15125","2009-06-01","140",""
"15125","2009-06-02","140",""
"15125","2009-06-03","140",""
"15125","2009-06-04","140",""
"15125","2009-06-05","140",""
"15125","2009-06-06","140",""
"15125","2009-06-07","140",""
"15125","2009-06-08","140",""
"15125","2009-06-09","140",""
"15125","2009-06-10","140",""
"15125","2009-06-11","140",""
"15125","2009-06-12","140",""
"15125","2009-06-13","140",""
"15125","2009-06-14","140",""
"15125","2009-06-15","140",""
"15125","2009-06-16","140",""
"15125","2009-06-17","140",""
"15125","2009-06-18","140",""
"15125","2009-06-19","142",""
"15125","2009-06-20","143",""
"15125","2009-06-21","143",""
"15125","2009-06-22","143",""
"15125","2009-06-23","146",""
"15125","2009-06-24","150",""
"15125","2009-06-25","150",""
"15125","2009-06-26","147",""
"15125","2009-06-27","144",""
"15125","2009-06-28","144",""
"15125","2009-06-29","144",""
"15125","2009-06-30","144",""
"15125","2009-07-01","145",""
"15125","2009-07-02","146",""
"15125","2009-07-03","146",""
"15125","2009-07-04","146",""
"15125","2009-07-05","146",""
"15125","2009-07-06","146",""
"15125","2009-07-07","145",""
"15125","2009-07-08","145",""
"15125","2009-07-09","145",""
"15125","2009-07-10","145",""
"15125","2009-07-11","148",""
"15125","2009-07-12","151",""
"15125","2009-07-13","148",""
"15125","2009-07-14","143",""
"15125","2009-07-15","141",""
"15125","2009-07-16","141",""
"15125","2009-07-17","141",""
"15125","2009-07-18","141",""
"15125","2009-07-19","141",""
"15125","2009-07-20","141",""
"15125","2009-07-21","140",""
"15125","2009-07-22","140",""
"15125","2009-07-23","140",""
"15125","2009-07-24","140",""
"15125","2009-07-25","140",""
"15125","2009-07-26","140",""
"15125","2009-07-27","139",""
"15125","2009-07-28","139",""
"15125","2009-07-29","139",""
"15125","2009-07-30","139",""
"15125","2009-07-31","139",""
"15125","2009-08-01","139",""
"15125","2009-08-02","139",""
"15125","2009-08-03","139",""
"15125","2009-08-04","134",""
"15125","2009-08-05","129",""
"15125","2009-08-06","129",""
"15125","2009-08-07","129",""
"15125","2009-08-08","129",""
"15125","2009-08-09","129",""
"15125","2009-08-10","129",""
"15125","2009-08-11","129",""
"15125","2009-08-12","129",""
"15125","2009-08-13","129",""
"15125","2009-08-14","129",""
"15125","2009-08-15","132",""
"15125","2009-08-16","134",""
"15125","2009-08-17","134",""
"15125","2009-08-18","134",""
"15125","2009-08-19","134",""
"15125","2009-08-20","134",""
"15125","2009-08-21","134",""
"15125","2009-08-22","134",""
"15125","2009-08-23","134",""
"15125","2009-08-24","134",""
"15125","2009-08-25","134",""
"15125","2009-08-26","134",""
"15125","2009-08-27","130",""
"15125","2009-08-28","126",""
"15125","2009-08-29","126",""
"15125","2009-08-30","126",""
"15125","2009-08-31","126",""
"15125","2009-09-01","125",""
"15125","2009-09-02","124",""
"15125","2009-09-03","118",""
"15125","2009-09-04","112",""
"15125","2009-09-05","112",""
"15125","2009-09-06","112",""
"15125","2009-09-07","112",""
"15125","2009-09-08","112",""
"15125","2009-09-09","112",""
"15125","2009-09-10","112",""
"15125","2009-09-11","114",""
"15125","2009-09-12","115",""
"15125","2009-09-13","115",""
"15125","2009-09-14","115",""
"15125","2009-09-15","91",""
"15125","2009-09-16","67",""
"15125","2009-09-17","54",""
"15125","2009-09-18","40",""
"15125","2009-09-19","40",""
"15125","2009-09-20","40",""
"15125","2009-09-21","40",""
"15125","2009-09-22","40",""
"15125","2009-09-23","40",""
"15125","2009-09-24","40",""
"15125","2009-09-25","40",""
"15125","2009-09-26","40",""
"15125","2009-09-27","40",""
"15125","2009-09-28","40",""
"15125","2009-09-29","40",""
"15125","2009-09-30","40",""
"15125","2009-10-01","40",""
"15125","2009-10-02","40",""
"15125","2009-10-03","40",""
"15125","2009-10-04","40",""
"15125","2009-10-05","40",""
"15125","2009-10-06","40",""
"15125","2009-10-07","40",""
"15125","2009-10-08","40",""
"15125","2009-10-09","40",""
"15125","2009-10-10","40",""
"15125","2009-10-11","40",""
"15125","2009-10-12","40",""
"15125","2009-10-13","40",""
"15125","2009-10-14","40",""
"15125","2009-10-15","40",""
"15125","2009-10-16","40",""
"15125","2009-10-17","40",""
"15125","2009-10-18","40",""
"15125","2009-10-19","40",""
"15125","2009-10-20","76",""
"15125","2009-10-21","112",""
"15125","2009-10-22","158",""
"15125","2009-10-23","203",""
"15125","2009-10-24","203",""
"15125","2009-10-25","205",""
"15125","2009-10-26","207",""
"15125","2009-10-27","229",""
"15125","2009-10-28","251",""
"15125","2009-10-29","251",""
"15125","2009-10-30","255",""
"15125","2009-10-31","265",""
"15125","2009-11-01","271",""
"15125","2009-11-02","271",""
"15125","2009-11-03","271",""
"15125","2009-11-04","271",""
"15125","2009-11-05","271",""
"15125","2009-11-06","271",""
"15125","2009-11-07","271",""
"15125","2009-11-08","271",""
"15125","2009-11-09","271",""
"15125","2009-11-10","271",""
"15125","2009-11-11","271",""
"15125","2009-11-12","271",""
"15125","2009-11-13","271",""
"15125","2009-11-14","271",""
"15125","2009-11-15","271",""
"15125","2009-11-16","276",""
"15125","2009-11-17","289",""
"15125","2009-11-18","302",""
"15125","2009-11-19","304",""
"15125","2009-11-20","299",""
"15125","2009-11-21","299",""
"15125","2009-11-22","299",""
"15125","2009-11-23","301",""
"15125","2009-11-24","303",""
"15125","2009-11-25","303",""
"15125","2009-11-26","303",""
"15125","2009-11-27","303",""
"15125","2009-11-28","303",""
"15125","2009-11-29","303",""
"15125","2009-11-30","303",""
"15125","2009-12-01","303",""
"15125","2009-12-02","303",""
"15125","2009-12-03","301",""
"15125","2009-12-04","299",""
"15125","2009-12-05","299",""
"15125","2009-12-06","299",""
"15125","2009-12-07","299",""
"15125","2009-12-08","297",""
"15125","2009-12-09","295",""
"15125","2009-12-10","295",""
"15125","2009-12-11","291",""
"15125","2009-12-12","287",""
"15125","2009-12-13","277",""
"15125","2009-12-14","267",""
"15125","2009-12-15","270",""
"15125","2009-12-16","274",""
"15125","2009-12-17","274",""
"15125","2009-12-18","274",""
"15125","2009-12-19","274",""
"15125","2009-12-20","274",""
"15125","2009-12-21","274",""
"15125","2009-12-22","267",""
"15125","2009-12-23","260",""
"15125","2009-12-24","260",""
"15125","2009-12-25","259",""
"15125","2009-12-26","259",""
"15125","2009-12-27","259",""
"15125","2009-12-28","250",""
"15125","2009-12-29","241",""
"15125","2009-12-30","234",""
"15125","2009-12-31","226",""
"15125","2010-01-01","226",""
"15125","2010-01-02","226",""
"15125","2010-01-03","226",""
"15125","2010-01-04","226",""
"15125","2010-01-05","226",""
"15125","2010-01-06","219",""
"15125","2010-01-07","212",""
"15125","2010-01-08","212",""
"15125","2010-01-09","212",""
"15125","2010-01-10","212",""
"15125","2010-01-11","212",""
"15125","2010-01-12","212",""
"15125","2010-01-13","207",""
"15125","2010-01-14","202",""
"15125","2010-01-15","202",""
"15125","2010-01-16","202",""
"15125","2010-01-17","202",""
"15125","2010-01-18","202",""
"15125","2010-01-19","202",""
"15125","2010-01-20","202",""
"15125","2010-01-21","202",""
"15125","2010-01-22","202",""
"15125","2010-01-23","202",""
"15125","2010-01-24","202",""
"15125","2010-01-25","202",""
"15125","2010-01-26","202",""
"15125","2010-01-27","202",""
"15125","2010-01-28","191",""
"15125","2010-01-29","180",""
"15125","2010-01-30","180",""
"15125","2010-01-31","180",""
"15125","2010-02-01","181",""
"15125","2010-02-02","181",""
"15125","2010-02-03","181",""
"15125","2010-02-04","181",""
"15125","2010-02-05","181",""
"15125","2010-02-06","181",""
"15125","2010-02-07","181",""
"15125","2010-02-08","181",""
"15125","2010-02-09","181",""
"15125","2010-02-10","181",""
"15125","2010-02-11","181",""
"15125","2010-02-12","181",""
"15125","2010-02-13","181",""
"15125","2010-02-14","181",""
"15125","2010-02-15","181",""
"15125","2010-02-16","181",""
"15125","2010-02-17","181",""
"15125","2010-02-18","181",""
"15125","2010-02-19","182",""
"15125","2010-02-20","182",""
"15125","2010-02-21","182",""
"15125","2010-02-22","182",""
"15125","2010-02-23","182",""
"15125","2010-02-24","183",""
"15125","2010-02-25","184",""
"15125","2010-02-26","184",""
"15125","2010-02-27","185",""
"15125","2010-02-28","185",""
"15125","2010-03-01","185",""
"15125","2010-03-02","185",""
"15125","2010-03-03","185",""
"15125","2010-03-04","185",""
"15125","2010-03-05","185",""
"15125","2010-03-06","185",""
"15125","2010-03-07","185",""
"15125","2010-03-08","186",""
"15125","2010-03-09","187",""
"15125","2010-03-10","187",""
"15125","2010-03-11","187",""
"15125","2010-03-12","187",""
"15125","2010-03-13","187",""
"15125","2010-03-14","189",""
"15125","2010-03-15","189",""
"15125","2010-03-16","193",""
"15125","2010-03-17","214",""
"15125","2010-03-18","237",""
"15125","2010-03-19","237",""
"15125","2010-03-20","253",""
"15125","2010-03-21","266",""
"15125","2010-03-22","266",""
"15125","2010-03-23","266",""
"15125","2010-03-24","266",""
"15125","2010-03-25","266",""
"15125","2010-03-26","269",""
"15125","2010-03-27","275",""
"15125","2010-03-28","280",""
"15125","2010-03-29","280",""
"15125","2010-03-30","280",""
"15125","2010-03-31","287",""
"15125","2010-04-01","299",""
"15125","2010-04-02","298",""
"15125","2010-04-03","298",""
"15125","2010-04-04","298",""
"15125","2010-04-05","298",""
"15125","2010-04-06","297",""
"15125","2010-04-07","297",""
"15125","2010-04-08","297",""
"15125","2010-04-09","297",""
"15125","2010-04-10","296",""
"15125","2010-04-11","296",""
"15125","2010-04-12","296",""
"15125","2010-04-13","296",""
"15125","2010-04-14","296",""
"15125","2010-04-15","296",""
"15125","2010-04-16","296",""
"15125","2010-04-17","296",""
"15125","2010-04-18","295",""
"15125","2010-04-19","295",""
"15125","2010-04-20","295",""
"15125","2010-04-21","295",""
"15125","2010-04-22","295",""
"15125","2010-04-23","295",""
"15125","2010-04-24","295",""
"15125","2010-04-25","295",""
"15125","2010-04-26","295",""
"15125","2010-04-27","295",""
"15125","2010-04-28","295",""
"15125","2010-04-29","295",""
"15125","2010-04-30","295",""
"15125","2010-05-01","295",""
"15125","2010-05-02","295",""
"15125","2010-05-03","295",""
"15125","2010-05-04","295",""
"15125","2010-05-05","295",""
"15125","2010-05-06","295",""
"15125","2010-05-07","295",""
"15125","2010-05-08","295",""
"15125","2010-05-09","295",""
"15125","2010-05-10","295",""
"15125","2010-05-11","203",""
"15125","2010-05-12","110",""
"15125","2010-05-13","132",""
"15125","2010-05-14","154",""
"15125","2010-05-15","141",""
"15125","2010-05-16","128",""
"15125","2010-05-17","128",""
"15125","2010-05-18","128",""
"15125","2010-05-19","128",""
"15125","2010-05-20","117",""
"15125","2010-05-21","138",""
"15125","2010-05-22","162",""
"15125","2010-05-23","148",""
"15125","2010-05-24","142",""
"15125","2010-05-25","142",""
"15125","2010-05-26","137",""
"15125","2010-05-27","131",""
"15125","2010-05-28","131",""
"15125","2010-05-29","133",""
"15125","2010-05-30","135",""
"15125","2010-05-31","135",""
"15125","2010-06-01","135",""
"15125","2010-06-02","135",""
"15125","2010-06-03","135",""
"15125","2010-06-04","135",""
"15125","2010-06-05","134",""
"15125","2010-06-06","133",""
"15125","2010-06-07","133",""
"15125","2010-06-08","133",""
"15125","2010-06-09","133",""
"15125","2010-06-10","133",""
"15125","2010-06-11","133",""
"15125","2010-06-12","133",""
"15125","2010-06-13","133",""
"15125","2010-06-14","133",""
"15125","2010-06-15","133",""
"15125","2010-06-16","133",""
"15125","2010-06-17","133",""
"15125","2010-06-18","135",""
"15125","2010-06-19","137",""
"15125","2010-06-20","137",""
"15125","2010-06-21","137",""
"15125","2010-06-22","137",""
"15125","2010-06-23","137",""
"15125","2010-06-24","137",""
"15125","2010-06-25","137",""
"15125","2010-06-26","136",""
"15125","2010-06-27","136",""
"15125","2010-06-28","136",""
"15125","2010-06-29","136",""
"15125","2010-06-30","136",""
"15125","2010-07-01","136",""
"15125","2010-07-02","136",""
"15125","2010-07-03","141",""
"15125","2010-07-04","146",""
"15125","2010-07-05","146",""
"15125","2010-07-06","145",""
"15125","2010-07-07","145",""
"15125","2010-07-08","145",""
"15125","2010-07-09","145",""
"15125","2010-07-10","141",""
"15125","2010-07-11","137",""
"15125","2010-07-12","137",""
"15125","2010-07-13","137",""
"15125","2010-07-14","138",""
"15125","2010-07-15","129",""
"15125","2010-07-16","129",""
"15125","2010-07-17","129",""
"15125","2010-07-18","129",""
"15125","2010-07-19","129",""
"15125","2010-07-20","129",""
"15125","2010-07-21","129",""
"15125","2010-07-22","129",""
"15125","2010-07-23","129",""
"15125","2010-07-24","131",""
"15125","2010-07-25","132",""
"15125","2010-07-26","132",""
"15125","2010-07-27","132",""
"15125","2010-07-28","132",""
"15125","2010-07-29","132",""
"15125","2010-07-30","132",""
"15125","2010-07-31","132",""
"15125","2010-08-01","132",""
"15125","2010-08-02","132",""
"15125","2010-08-03","130",""
"15125","2010-08-04","127",""
"15125","2010-08-05","127",""
"15125","2010-08-06","127",""
"15125","2010-08-07","127",""
"15125","2010-08-08","127",""
"15125","2010-08-09","127",""
"15125","2010-08-10","127",""
"15125","2010-08-11","127",""
"15125","2010-08-12","127",""
"15125","2010-08-13","127",""
"15125","2010-08-14","129",""
"15125","2010-08-15","129",""
"15125","2010-08-16","129",""
"15125","2010-08-17","129",""
"15125","2010-08-18","129",""
"15125","2010-08-19","135",""
"15125","2010-08-20","130",""
"15125","2010-08-21","135",""
"15125","2010-08-22","135",""
"15125","2010-08-23","135",""
"15125","2010-08-24","135",""
"15125","2010-08-25","135",""
"15125","2010-08-26","135",""
"15125","2010-08-27","135",""
"15125","2010-08-28","135",""
"15125","2010-08-29","135",""
"15125","2010-08-30","135",""
"15125","2010-08-31","135",""
"15125","2010-09-01","135",""
"15125","2010-09-02","135",""
"15125","2010-09-03","135",""
"15125","2010-09-04","135",""
"15125","2010-09-05","135",""
"15125","2010-09-06","135",""
"15125","2010-09-07","135",""
"15125","2010-09-08","135",""
"15125","2010-09-09","135",""
"15125","2010-09-10","135",""
"15125","2010-09-11","135",""
"15125","2010-09-12","135",""
"15125","2010-09-13","136",""
"15125","2010-09-14","137",""
"15125","2010-09-15","137",""
"15125","2010-09-16","137",""
"15125","2010-09-17","100",""
"15125","2010-09-18","52",""
"15125","2010-09-19","44",""
"15125","2010-09-20","44",""
"15125","2010-09-21","44",""
"15125","2010-09-22","44",""
"15125","2010-09-23","44",""
"15125","2010-09-24","120",""
"15125","2010-09-25","195",""
"15125","2010-09-26","195",""
"15125","2010-09-27","199",""
"15125","2010-09-28","203",""
"15125","2010-09-29","214",""
"15125","2010-09-30","224",""
"15125","2010-10-01","224",""
"15125","2010-10-02","224",""
"15125","2010-10-03","224",""
"15125","2010-10-04","224",""
"15125","2010-10-05","224",""
"15125","2010-10-06","224",""
"15125","2010-10-07","224",""
"15125","2010-10-08","224",""
"15125","2010-10-09","224",""
"15125","2010-10-10","224",""
"15125","2010-10-11","257",""
"15125","2010-10-12","289",""
"15125","2010-10-13","288",""
"15125","2010-10-14","288",""
"15125","2010-10-15","288",""
"15125","2010-10-16","288",""
"15125","2010-10-17","287",""
"15125","2010-10-18","285",""
"15125","2010-10-19","285",""
"15125","2010-10-20","285",""
"15125","2010-10-21","285",""
"15125","2010-10-22","285",""
"15125","2010-10-23","285",""
"15125","2010-10-24","290",""
"15125","2010-10-25","299",""
"15125","2010-10-26","303",""
"15125","2010-10-27","303",""
"15125","2010-10-28","303",""
"15125","2010-10-29","303",""
"15125","2010-10-30","303",""
"15125","2010-10-31","303",""
"15125","2010-11-01","303",""
"15125","2010-11-02","303",""
"15125","2010-11-03","303",""
"15125","2010-11-04","303",""
"15125","2010-11-05","303",""
"15125","2010-11-06","303",""
"15125","2010-11-07","303",""
"15125","2010-11-08","303",""
"15125","2010-11-09","303",""
"15125","2010-11-10","303",""
"15125","2010-11-11","307",""
"15125","2010-11-12","311",""
"15125","2010-11-13","276",""
"15125","2010-11-14","240",""
"15125","2010-11-15","240",""
"15125","2010-11-16","240",""
"15125","2010-11-17","240",""
"15125","2010-11-18","240",""
"15125","2010-11-19","240",""
"15125","2010-11-20","240",""
"15125","2010-11-21","240",""
"15125","2010-11-22","240",""
"15125","2010-11-23","240",""
"15125","2010-11-24","240",""
"15125","2010-11-25","277",""
"15125","2010-11-26","314",""
"15125","2010-11-27","313",""
"15125","2010-11-28","313",""
"15125","2010-11-29","313",""
"15125","2010-11-30","313",""
"15125","2010-12-01","313",""
"15125","2010-12-02","313",""
"15125","2010-12-03","313",""
"15125","2010-12-04","313",""
"15125","2010-12-05","313",""
"15125","2010-12-06","299",""
"15125","2010-12-07","275",""
"15125","2010-12-08","265",""
"15125","2010-12-09","265",""
"15125","2010-12-10","259",""
"15125","2010-12-11","252",""
"15125","2010-12-12","252",""
"15125","2010-12-13","252",""
"15125","2010-12-14","245",""
"15125","2010-12-15","238",""
"15125","2010-12-16","238",""
"15125","2010-12-17","238",""
"15125","2010-12-18","238",""
"15125","2010-12-19","238",""
"15125","2010-12-20","238",""
"15125","2010-12-21","238",""
"15125","2010-12-22","238",""
"15125","2010-12-23","238",""
"15125","2010-12-24","238",""
"15125","2010-12-25","238",""
"15125","2010-12-26","238",""
"15125","2010-12-27","238",""
"15125","2010-12-28","238",""
"15125","2010-12-29","239",""
"15125","2010-12-30","239",""
"15125","2010-12-31","239",""
"15125","2011-01-01","239",""
"15125","2011-01-02","239",""
"15125","2011-01-03","239",""
"15125","2011-01-04","239",""
"15125","2011-01-05","239",""
"15125","2011-01-06","239",""
"15125","2011-01-07","239",""
"15125","2011-01-08","239",""
"15125","2011-01-09","239",""
"15125","2011-01-10","232",""
"15125","2011-01-11","225",""
"15125","2011-01-12","225",""
"15125","2011-01-13","225",""
"15125","2011-01-14","218",""
"15125","2011-01-15","210",""
"15125","2011-01-16","210",""
"15125","2011-01-17","210",""
"15125","2011-01-18","210",""
"15125","2011-01-19","210",""
"15125","2011-01-20","210",""
"15125","2011-01-21","206",""
"15125","2011-01-22","202",""
"15125","2011-01-23","202",""
"15125","2011-01-24","202",""
"15125","2011-01-25","202",""
"15125","2011-01-26","202",""
"15125","2011-01-27","203",""
"15125","2011-01-28","204",""
"15125","2011-01-29","204",""
"15125","2011-01-30","204",""
"15125","2011-01-31","204",""
"15125","2011-02-01","204",""
"15125","2011-02-02","204",""
"15125","2011-02-03","204",""
"15125","2011-02-04","204",""
"15125","2011-02-05","204",""
"15125","2011-02-06","204",""
"15125","2011-02-07","204",""
"15125","2011-02-08","206",""
"15125","2011-02-09","207",""
"15125","2011-02-10","207",""
"15125","2011-02-11","207",""
"15125","2011-02-12","207",""
"15125","2011-02-13","207",""
"15125","2011-02-14","207",""
"15125","2011-02-15","207",""
"15125","2011-02-16","208",""
"15125","2011-02-17","208",""
"15125","2011-02-18","208",""
"15125","2011-02-19","208",""
"15125","2011-02-20","208",""
"15125","2011-02-21","208",""
"15125","2011-02-22","208",""
"15125","2011-02-23","208",""
"15125","2011-02-24","208",""
"15125","2011-02-25","208",""
"15125","2011-02-26","208",""
"15125","2011-02-27","209",""
"15125","2011-02-28","210",""
"15125","2011-03-01","210",""
"15125","2011-03-02","210",""
"15125","2011-03-03","210",""
"15125","2011-03-04","210",""
"15125","2011-03-05","210",""
"15125","2011-03-06","210",""
"15125","2011-03-07","210",""
"15125","2011-03-08","210",""
"15125","2011-03-09","210",""
"15125","2011-03-10","211",""
"15125","2011-03-11","189",""
"15125","2011-03-12","162",""
"15125","2011-03-13","158",""
"15125","2011-03-14","158",""
"15125","2011-03-15","158",""
"15125","2011-03-16","158",""
"15125","2011-03-17","158",""
"15125","2011-03-18","158",""
"15125","2011-03-19","156",""
"15125","2011-03-20","154",""
"15125","2011-03-21","154",""
"15125","2011-03-22","154",""
"15125","2011-03-23","154",""
"15125","2011-03-24","154",""
"15125","2011-03-25","169",""
"15125","2011-03-26","198",""
"15125","2011-03-27","211",""
"15125","2011-03-28","211",""
"15125","2011-03-29","211",""
"15125","2011-03-30","211",""
"15125","2011-03-31","211",""
"15125","2011-04-01","211",""
"15125","2011-04-02","222",""
"15125","2011-04-03","246",""
"15125","2011-04-04","268",""
"15125","2011-04-05","278",""
"15125","2011-04-06","279",""
"15125","2011-04-07","279",""
"15125","2011-04-08","287",""
"15125","2011-04-09","297",""
"15125","2011-04-10","298",""
"15125","2011-04-11","288",""
"15125","2011-04-12","278",""
"15125","2011-04-13","278",""
"15125","2011-04-14","278",""
"15125","2011-04-15","278",""
"15125","2011-04-16","278",""
"15125","2011-04-17","278",""
"15125","2011-04-18","278",""
"15125","2011-04-19","279",""
"15125","2011-04-20","280",""
"15125","2011-04-21","263",""
"15125","2011-04-22","245",""
"15125","2011-04-23","245",""
"15125","2011-04-24","245",""
"15125","2011-04-25","247",""
"15125","2011-04-26","248",""
"15125","2011-04-27","250",""
"15125","2011-04-28","240",""
"15125","2011-04-29","229",""
"15125","2011-04-30","229",""
"15125","2011-05-01","229",""
"15125","2011-05-02","230",""
"15125","2011-05-03","231",""
"15125","2011-05-04","220",""
"15125","2011-05-05","208",""
"15125","2011-05-06","208",""
"15125","2011-05-07","202",""
"15125","2011-05-08","196",""
"15125","2011-05-09","196",""
"15125","2011-05-10","188",""
"15125","2011-05-11","179",""
"15125","2011-05-12","179",""
"15125","2011-05-13","179",""
"15125","2011-05-14","179",""
"15125","2011-05-15","179",""
"15125","2011-05-16","179",""
"15125","2011-05-17","180",""
"15125","2011-05-18","152",""
"15125","2011-05-19","122",""
"15125","2011-05-20","122",""
"15125","2011-05-21","122",""
"15125","2011-05-22","122",""
"15125","2011-05-23","122",""
"15125","2011-05-24","122",""
"15125","2011-05-25","122",""
"15125","2011-05-26","127",""
"15125","2011-05-27","132",""
"15125","2011-05-28","132",""
"15125","2011-05-29","132",""
"15125","2011-05-30","132",""
"15125","2011-05-31","141",""
"15125","2011-06-01","150",""
"15125","2011-06-02","150",""
"15125","2011-06-03","144",""
"15125","2011-06-04","138",""
"15125","2011-06-05","138",""
"15125","2011-06-06","138",""
"15125","2011-06-07","143",""
"15125","2011-06-08","147",""
"15125","2011-06-09","146",""
"15125","2011-06-10","144",""
"15125","2011-06-11","144",""
"15125","2011-06-12","144",""
"15125","2011-06-13","144",""
"15125","2011-06-14","144",""
"15125","2011-06-15","144",""
"15125","2011-06-16","144",""
"15125","2011-06-17","144",""
"15125","2011-06-18","144",""
"15125","2011-06-19","144",""
"15125","2011-06-20","144",""
"15125","2011-06-21","144",""
"15125","2011-06-22","144",""
"15125","2011-06-23","144",""
"15125","2011-06-24","142",""
"15125","2011-06-25","140",""
"15125","2011-06-26","140",""
"15125","2011-06-27","140",""
"15125","2011-06-28","140",""
"15125","2011-06-29","135",""
"15125","2011-06-30","130",""
"15125","2011-07-01","130",""
"15125","2011-07-02","130",""
"15125","2011-07-03","130",""
"15125","2011-07-04","130",""
"15125","2011-07-05","130",""
"15125","2011-07-06","130",""
"15125","2011-07-07","130",""
"15125","2011-07-08","130",""
"15125","2011-07-09","132",""
"15125","2011-07-10","134",""
"15125","2011-07-11","138",""
"15125","2011-07-12","141",""
"15125","2011-07-13","141",""
"15125","2011-07-14","141",""
"15125","2011-07-15","141",""
"15125","2011-07-16","141",""
"15125","2011-07-17","140",""
"15125","2011-07-18","140",""
"15125","2011-07-19","135",""
"15125","2011-07-20","129",""
"15125","2011-07-21","129",""
"15125","2011-07-22","129",""
"15125","2011-07-23","129",""
"15125","2011-07-24","129",""
"15125","2011-07-25","129",""
"15125","2011-07-26","129",""
"15125","2011-07-27","129",""
"15125","2011-07-28","129",""
"15125","2011-07-29","129",""
"15125","2011-07-30","128",""
"15125","2011-07-31","128",""
"15125","2011-08-01","128",""
"15125","2011-08-02","128",""
"15125","2011-08-03","140",""
"15125","2011-08-04","151",""
"15125","2011-08-05","151",""
"15125","2011-08-06","151",""
"15125","2011-08-07","148",""
"15125","2011-08-08","144",""
"15125","2011-08-09","144",""
"15125","2011-08-10","144",""
"15125","2011-08-11","144",""
"15125","2011-08-12","144",""
"15125","2011-08-13","144",""
"15125","2011-08-14","144",""
"15125","2011-08-15","144",""
"15125","2011-08-16","136",""
"15125","2011-08-17","128",""
"15125","2011-08-18","128",""
"15125","2011-08-19","128",""
"15125","2011-08-20","128",""
"15125","2011-08-21","128",""
"15125","2011-08-22","132",""
"15125","2011-08-23","136",""
"15125","2011-08-24","136",""
"15125","2011-08-25","136",""
"15125","2011-08-26","127",""
"15125","2011-08-27","118",""
"15125","2011-08-28","118",""
"15125","2011-08-29","118",""
"15125","2011-08-30","118",""
"15125","2011-08-31","113",""
"15125","2011-09-01","107",""
"15125","2011-09-02","107",""
"15125","2011-09-03","107",""
"15125","2011-09-04","107",""
"15125","2011-09-05","107",""
"15125","2011-09-06","107",""
"15125","2011-09-07","107",""
"15125","2011-09-08","107",""
"15125","2011-09-09","113",""
"15125","2011-09-10","119",""
"15125","2011-09-11","119",""
"15125","2011-09-12","119",""
"15125","2011-09-13","119",""
"15125","2011-09-14","119",""
"15125","2011-09-15","119",""
"15125","2011-09-16","119",""
"15125","2011-09-17","119",""
"15125","2011-09-18","119",""
"15125","2011-09-19","119",""
"15125","2011-09-20","119",""
"15125","2011-09-21","119",""
"15125","2011-09-22","119",""
"15125","2011-09-23","114",""
"15125","2011-09-24","108",""
"15125","2011-09-25","108",""
"15125","2011-09-26","108",""
"15125","2011-09-27","107",""
"15125","2011-09-28","106",""
"15125","2011-09-29","106",""
"15125","2011-09-30","106",""
"15125","2011-10-01","106",""
"15125","2011-10-02","107",""
"15125","2011-10-03","85",""
"15125","2011-10-04","62",""
"15125","2011-10-05","62",""
"15125","2011-10-06","62",""
"15125","2011-10-07","53",""
"15125","2011-10-08","43","В"
"15125","2011-10-09","43","В"
"15125","2011-10-10","43","В"
"15125","2011-10-11","99",""
"15125","2011-10-12","156",""
"15125","2011-10-13","156",""
"15125","2011-10-14","156",""
"15125","2011-10-15","156",""
"15125","2011-10-16","156",""
"15125","2011-10-17","156",""
"15125","2011-10-18","156",""
"15125","2011-10-19","156",""
"15125","2011-10-20","156",""
"15125","2011-10-21","156",""
"15125","2011-10-22","195",""
"15125","2011-10-23","234",""
"15125","2011-10-24","273",""
"15125","2011-10-25","311",""
"15125","2011-10-26","311",""
"15125","2011-10-27","309",""
"15125","2011-10-28","307",""
"15125","2011-10-29","307",""
"15125","2011-10-30","307",""
"15125","2011-10-31","305",""
"15125","2011-11-01","265",""
"15125","2011-11-02","146",""
"15125","2011-11-03","139",""
"15125","2011-11-04","258",""
"15125","2011-11-05","304",""
"15125","2011-11-06","303",""
"15125","2011-11-07","303",""
"15125","2011-11-08","302",""
"15125","2011-11-09","302",""
"15125","2011-11-10","301",""
"15125","2011-11-11","299",""
"15125","2011-11-12","299",""
"15125","2011-11-13","298",""
"15125","2011-11-14","297",""
"15125","2011-11-15","297",""
"15125","2011-11-16","296",""
"15125","2011-11-17","294",""
"15125","2011-11-18","294",""
"15125","2011-11-19","294",""
"15125","2011-11-20","293",""
"15125","2011-11-21","293",""
"15125","2011-11-22","293",""
"15125","2011-11-23","293",""
"15125","2011-11-24","291",""
"15125","2011-11-25","289",""
"15125","2011-11-26","289",""
"15125","2011-11-27","289",""
"15125","2011-11-28","288",""
"15125","2011-11-29","286",""
"15125","2011-11-30","286",""
"15125","2011-12-01","276",""
"15125","2011-12-02","269",""
"15125","2011-12-03","272",""
"15125","2011-12-04","272",""
"15125","2011-12-05","250",""
"15125","2011-12-06","226",""
"15125","2011-12-07","223",""
"15125","2011-12-08","223",""
"15125","2011-12-09","223",""
"15125","2011-12-10","223",""
"15125","2011-12-11","223",""
"15125","2011-12-12","224",""
"15125","2011-12-13","224",""
"15125","2011-12-14","224",""
"15125","2011-12-15","224",""
"15125","2011-12-16","224",""
"15125","2011-12-17","224",""
"15125","2011-12-18","225",""
"15125","2011-12-19","225",""
"15125","2011-12-20","225",""
"15125","2011-12-21","225",""
"15125","2011-12-22","225",""
"15125","2011-12-23","225",""
"15125","2011-12-24","225",""
"15125","2011-12-25","225",""
"15125","2011-12-26","225",""
"15125","2011-12-27","225",""
"15125","2011-12-28","226",""
"15125","2011-12-29","226",""
"15125","2011-12-30","226",""
"15125","2011-12-31","226",""
"15125","2012-01-01","226","_"
"15125","2012-01-02","226","_"
"15125","2012-01-03","226","_"
"15125","2012-01-04","227","_"
"15125","2012-01-05","227",""
"15125","2012-01-06","227",""
"15125","2012-01-07","228",""
"15125","2012-01-08","228",""
"15125","2012-01-09","229","^"
"15125","2012-01-10","229","^"
"15125","2012-01-11","229","^"
"15125","2012-01-12","229","^"
"15125","2012-01-13","229","^"
"15125","2012-01-14","229","^"
"15125","2012-01-15","229","^"
"15125","2012-01-16","229","^"
"15125","2012-01-17","229","^"
"15125","2012-01-18","229","^"
"15125","2012-01-19","229","^"
"15125","2012-01-20","229","^"
"15125","2012-01-21","229","^"
"15125","2012-01-22","229","^"
"15125","2012-01-23","229","^"
"15125","2012-01-24","229","^"
"15125","2012-01-25","229","^"
"15125","2012-01-26","229","^"
"15125","2012-01-27","228","^"
"15125","2012-01-28","227",""
"15125","2012-01-29","227",""
"15125","2012-01-30","227",""
"15125","2012-01-31","227",""
"15125","2012-02-01","227","^"
"15125","2012-02-02","227","^"
"15125","2012-02-03","227","^"
"15125","2012-02-04","227","^"
"15125","2012-02-05","227","^"
"15125","2012-02-06","227","^"
"15125","2012-02-07","227","^"
"15125","2012-02-08","227","^"
"15125","2012-02-09","226","^"
"15125","2012-02-10","225",""
"15125","2012-02-11","225",""
"15125","2012-02-12","225",""
"15125","2012-02-13","225",""
"15125","2012-02-14","225",""
"15125","2012-02-15","225",""
"15125","2012-02-16","225",""
"15125","2012-02-17","225",""
"15125","2012-02-18","225",""
"15125","2012-02-19","225",""
"15125","2012-02-20","225",""
"15125","2012-02-21","225",""
"15125","2012-02-22","225",""
"15125","2012-02-23","224",""
"15125","2012-02-24","224",""
"15125","2012-02-25","224",""
"15125","2012-02-26","224",""
"15125","2012-02-27","224",""
"15125","2012-02-28","224",""
"15125","2012-02-29","220","_"
"15125","2012-03-01","216",""
"15125","2012-03-02","216",""
"15125","2012-03-03","216",""
"15125","2012-03-04","216",""
"15125","2012-03-05","216",""
"15125","2012-03-06","216",""
"15125","2012-03-07","217",""
"15125","2012-03-08","218",""
"15125","2012-03-09","218",""
"15125","2012-03-10","218",""
"15125","2012-03-11","218",""
"15125","2012-03-12","218",""
"15125","2012-03-13","218",""
"15125","2012-03-14","214","_"
"15125","2012-03-15","210","_"
"15125","2012-03-16","210","_"
"15125","2012-03-17","210","_"
"15125","2012-03-18","210","_"
"15125","2012-03-19","210","_"
"15125","2012-03-20","211","_"
"15125","2012-03-21","217",""
"15125","2012-03-22","222",""
"15125","2012-03-23","222",""
"15125","2012-03-24","222",""
"15125","2012-03-25","223",""
"15125","2012-03-26","230","^"
"15125","2012-03-27","235","^"
"15125","2012-03-28","235","^"
"15125","2012-03-29","235","^"
"15125","2012-03-30","235","^"
"15125","2012-03-31","235","^"
"15125","2012-04-01","235",""
"15125","2012-04-02","240",""
"15125","2012-04-03","245",""
"15125","2012-04-04","246",""
"15125","2012-04-05","252",""
"15125","2012-04-06","258",""
"15125","2012-04-07","258",""
"15125","2012-04-08","258",""
"15125","2012-04-09","258",""
"15125","2012-04-10","263",""
"15125","2012-04-11","267",""
"15125","2012-04-12","274",""
"15125","2012-04-13","280",""
"15125","2012-04-14","280",""
"15125","2012-04-15","280",""
"15125","2012-04-16","281","^"
"15125","2012-04-17","281","^"
"15125","2012-04-18","246","^"
"15125","2012-04-19","162",""
"15125","2012-04-20","104","_"
"15125","2012-04-21","95","_"
"15125","2012-04-22","96",""
"15125","2012-04-23","97",""
"15125","2012-04-24","100",""
"15125","2012-04-25","103",""
"15125","2012-04-26","105",""
"15125","2012-04-27","105",""
"15125","2012-04-28","106",""
"15125","2012-04-29","107",""
"15125","2012-04-30","107",""
"15125","2012-05-01","107","_"
"15125","2012-05-02","107","_"
"15125","2012-05-03","122","_"
"15125","2012-05-04","136",""
"15125","2012-05-05","136",""
"15125","2012-05-06","136",""
"15125","2012-05-07","136",""
"15125","2012-05-08","136",""
"15125","2012-05-09","136",""
"15125","2012-05-10","141","^"
"15125","2012-05-11","146","^"
"15125","2012-05-12","146","^"
"15125","2012-05-13","145",""
"15125","2012-05-14","145",""
"15125","2012-05-15","145",""
"15125","2012-05-16","145",""
"15125","2012-05-17","145",""
"15125","2012-05-18","145",""
"15125","2012-05-19","145",""
"15125","2012-05-20","145",""
"15125","2012-05-21","142",""
"15125","2012-05-22","138",""
"15125","2012-05-23","138",""
"15125","2012-05-24","138",""
"15125","2012-05-25","138",""
"15125","2012-05-26","138",""
"15125","2012-05-27","137",""
"15125","2012-05-28","136",""
"15125","2012-05-29","136",""
"15125","2012-05-30","136",""
"15125","2012-05-31","130",""
"15125","2012-06-01","124",""
"15125","2012-06-02","124",""
"15125","2012-06-03","127",""
"15125","2012-06-04","134",""
"15125","2012-06-05","138",""
"15125","2012-06-06","138",""
"15125","2012-06-07","138",""
"15125","2012-06-08","143","^"
"15125","2012-06-09","148","^"
"15125","2012-06-10","148","^"
"15125","2012-06-11","142","^"
"15125","2012-06-12","136",""
"15125","2012-06-13","136",""
"15125","2012-06-14","135",""
"15125","2012-06-15","134",""
"15125","2012-06-16","134",""
"15125","2012-06-17","134",""
"15125","2012-06-18","134",""
"15125","2012-06-19","134",""
"15125","2012-06-20","134",""
"15125","2012-06-21","133",""
"15125","2012-06-22","133",""
"15125","2012-06-23","133",""
"15125","2012-06-24","133",""
"15125","2012-06-25","122","_"
"15125","2012-06-26","112","_"
"15125","2012-06-27","114",""
"15125","2012-06-28","118",""
"15125","2012-06-29","122",""
"15125","2012-06-30","122",""
"15125","2012-07-01","122",""
"15125","2012-07-02","125","^"
"15125","2012-07-03","127","^"
"15125","2012-07-04","127","^"
"15125","2012-07-05","127","^"
"15125","2012-07-06","127","^"
"15125","2012-07-07","127","^"
"15125","2012-07-08","127","^"
"15125","2012-07-09","127","^"
"15125","2012-07-10","127","^"
"15125","2012-07-11","127","^"
"15125","2012-07-12","121","^"
"15125","2012-07-13","115",""
"15125","2012-07-14","115",""
"15125","2012-07-15","115",""
"15125","2012-07-16","115","_"
"15125","2012-07-17","114","_"
"15125","2012-07-18","114","_"
"15125","2012-07-19","114","_"
"15125","2012-07-20","114","_"
"15125","2012-07-21","114","_"
"15125","2012-07-22","114","_"
"15125","2012-07-23","114","_"
"15125","2012-07-24","114","_"
"15125","2012-07-25","114","_"
"15125","2012-07-26","114","_"
"15125","2012-07-27","114","_"
"15125","2012-07-28","114","_"
"15125","2012-07-29","114","_"
"15125","2012-07-30","114","_"
"15125","2012-07-31","114","_"
"15125","2012-08-01","114","^"
"15125","2012-08-02","112","^"
"15125","2012-08-03","109",""
"15125","2012-08-04","109",""
"15125","2012-08-05","108",""
"15125","2012-08-06","107",""
"15125","2012-08-07","107",""
"15125","2012-08-08","110",""
"15125","2012-08-09","113",""
"15125","2012-08-10","112",""
"15125","2012-08-11","112",""
"15125","2012-08-12","112",""
"15125","2012-08-13","112",""
"15125","2012-08-14","110",""
"15125","2012-08-15","107",""
"15125","2012-08-16","107",""
"15125","2012-08-17","107",""
"15125","2012-08-18","107",""
"15125","2012-08-19","106",""
"15125","2012-08-20","104",""
"15125","2012-08-21","104",""
"15125","2012-08-22","104",""
"15125","2012-08-23","104",""
"15125","2012-08-24","104",""
"15125","2012-08-25","102",""
"15125","2012-08-26","99",""
"15125","2012-08-27","99",""
"15125","2012-08-28","98",""
"15125","2012-08-29","96","_"
"15125","2012-08-30","94","_"
"15125","2012-08-31","94","_"
"15125","2012-09-01","94","^"
"15125","2012-09-02","94","^"
"15125","2012-09-03","93","^"
"15125","2012-09-04","91",""
"15125","2012-09-05","91",""
"15125","2012-09-06","91",""
"15125","2012-09-07","91",""
"15125","2012-09-08","91",""
"15125","2012-09-09","91",""
"15125","2012-09-10","91",""
"15125","2012-09-11","83",""
"15125","2012-09-12","74",""
"15125","2012-09-13","74",""
"15125","2012-09-14","74",""
"15125","2012-09-15","74",""
"15125","2012-09-16","74",""
"15125","2012-09-17","74",""
"15125","2012-09-18","74",""
"15125","2012-09-19","74",""
"15125","2012-09-20","74",""
"15125","2012-09-21","73","_"
"15125","2012-09-22","71","_"
"15125","2012-09-23","71","_"
"15125","2012-09-24","71","_"
"15125","2012-09-25","71","_"
"15125","2012-09-26","71","_"
"15125","2012-09-27","71","_"
"15125","2012-09-28","71","_"
"15125","2012-09-29","71","_"
"15125","2012-09-30","71","_"
"15125","2012-10-01","72",""
"15125","2012-10-02","73",""
"15125","2012-10-03","73",""
"15125","2012-10-04","73",""
"15125","2012-10-05","74",""
"15125","2012-10-06","74",""
"15125","2012-10-07","74",""
"15125","2012-10-08","74",""
"15125","2012-10-09","74",""
"15125","2012-10-10","74",""
"15125","2012-10-11","75","^"
"15125","2012-10-12","55","""В"
"15125","2012-10-13","34","_В"
"15125","2012-10-14","34","_В"
"15125","2012-10-15","34","_В"
"15125","2012-10-16","34","_В"
"15125","2012-10-17","34","_В"
"15125","2012-10-18","39","_В"
"15125","2012-10-19","44","В"
"15125","2012-10-20","44","В"
"15125","2012-10-21","44","В"
"15125","2012-10-22","44","В"
"15125","2012-10-23","44","В"
"15125","2012-10-24","44","В"
"15125","2012-10-25","44","В"
"15125","2012-10-26","45","В"
"15125","2012-10-27","45","В"
"15125","2012-10-28","45","В"
"15125","2012-10-29","45","В"
"15125","2012-10-30","45","В"
"15125","2012-10-31","45","В"
"15125","2012-11-01","45","_В"
"15125","2012-11-02","45","_В"
"15125","2012-11-03","45","_В"
"15125","2012-11-04","45","_В"
"15125","2012-11-05","45","_В"
"15125","2012-11-06","45","_В"
"15125","2012-11-07","45","_В"
"15125","2012-11-08","45","_В"
"15125","2012-11-09","45","_В"
"15125","2012-11-10","45","_В"
"15125","2012-11-11","45","_В"
"15125","2012-11-12","45","_В"
"15125","2012-11-13","45","_В"
"15125","2012-11-14","45","_В"
"15125","2012-11-15","45","_В"
"15125","2012-11-16","165",""
"15125","2012-11-17","165",""
"15125","2012-11-18","165",""
"15125","2012-11-19","171",""
"15125","2012-11-20","192","^"
"15125","2012-11-21","208","^"
"15125","2012-11-22","208","^"
"15125","2012-11-23","208","^"
"15125","2012-11-24","208","^"
"15125","2012-11-25","208","^"
"15125","2012-11-26","208","^"
"15125","2012-11-27","208","^"
"15125","2012-11-28","208","^"
"15125","2012-11-29","208","^"
"15125","2012-11-30","208","^"
"15125","2012-12-01","208","_"
"15125","2012-12-02","208","_"
"15125","2012-12-03","208","_"
"15125","2012-12-04","217","_"
"15125","2012-12-05","225",""
"15125","2012-12-06","225",""
"15125","2012-12-07","225",""
"15125","2012-12-08","225",""
"15125","2012-12-09","225",""
"15125","2012-12-10","225",""
"15125","2012-12-11","235","^"
"15125","2012-12-12","244","^"
"15125","2012-12-13","244","^"
"15125","2012-12-14","244","^"
"15125","2012-12-15","244","^"
"15125","2012-12-16","244","^"
"15125","2012-12-17","244","^"
"15125","2012-12-18","244","^"
"15125","2012-12-19","244","^"
"15125","2012-12-20","244","^"
"15125","2012-12-21","244","^"
"15125","2012-12-22","244","^"
"15125","2012-12-23","244","^"
"15125","2012-12-24","244","^"
"15125","2012-12-25","244","^"
"15125","2012-12-26","242","^"
"15125","2012-12-27","239",""
"15125","2012-12-28","239",""
"15125","2012-12-29","239",""
"15125","2012-12-30","239",""
"15125","2012-12-31","239",""
"15125","2013-01-01","239","^"
"15125","2013-01-02","239","^"
"15125","2013-01-03","239","^"
"15125","2013-01-04","239","^"
"15125","2013-01-05","239","^"
"15125","2013-01-06","239","^"
"15125","2013-01-07","239","^"
"15125","2013-01-08","239","^"
"15125","2013-01-09","239","^"
"15125","2013-01-10","239","^"
"15125","2013-01-11","237","^"
"15125","2013-01-12","235",""
"15125","2013-01-13","235",""
"15125","2013-01-14","235",""
"15125","2013-01-15","235",""
"15125","2013-01-16","235",""
"15125","2013-01-17","235",""
"15125","2013-01-18","235",""
"15125","2013-01-19","235",""
"15125","2013-01-20","235",""
"15125","2013-01-21","235",""
"15125","2013-01-22","235",""
"15125","2013-01-23","230",""
"15125","2013-01-24","225",""
"15125","2013-01-25","225",""
"15125","2013-01-26","225","_"
"15125","2013-01-27","224","_"
"15125","2013-01-28","224","_"
"15125","2013-01-29","224","_"
"15125","2013-01-30","224","_"
"15125","2013-01-31","224","_"
"15125","2013-02-01","224","_"
"15125","2013-02-02","224","_"
"15125","2013-02-03","224","_"
"15125","2013-02-04","224","_"
"15125","2013-02-05","224","_"
"15125","2013-02-06","224","_"
"15125","2013-02-07","224","_"
"15125","2013-02-08","224","_"
"15125","2013-02-09","224","_"
"15125","2013-02-10","225",""""
"15125","2013-02-11","226","^"
"15125","2013-02-12","226","^"
"15125","2013-02-13","226","^"
"15125","2013-02-14","226","^"
"15125","2013-02-15","226","^"
"15125","2013-02-16","226","^"
"15125","2013-02-17","226","^"
"15125","2013-02-18","226","^"
"15125","2013-02-19","226","^"
"15125","2013-02-20","226","^"
"15125","2013-02-21","226","^"
"15125","2013-02-22","226","^"
"15125","2013-02-23","226","^"
"15125","2013-02-24","226","^"
"15125","2013-02-25","226","^"
"15125","2013-02-26","226","^"
"15125","2013-02-27","226","^"
"15125","2013-02-28","225",""
"15125","2013-03-01","225","^"
"15125","2013-03-02","225","^"
"15125","2013-03-03","225","^"
"15125","2013-03-04","194",""""
"15125","2013-03-05","187","_"
"15125","2013-03-06","210",""
"15125","2013-03-07","210",""
"15125","2013-03-08","210",""
"15125","2013-03-09","210",""
"15125","2013-03-10","210",""
"15125","2013-03-11","210",""
"15125","2013-03-12","210",""
"15125","2013-03-13","210",""
"15125","2013-03-14","211",""
"15125","2013-03-15","212",""
"15125","2013-03-16","212",""
"15125","2013-03-17","212",""
"15125","2013-03-18","212",""
"15125","2013-03-19","212",""
"15125","2013-03-20","208",""
"15125","2013-03-21","203",""
"15125","2013-03-22","203",""
"15125","2013-03-23","203",""
"15125","2013-03-24","203",""
"15125","2013-03-25","203",""
"15125","2013-03-26","203",""
"15125","2013-03-27","203",""
"15125","2013-03-28","203",""
"15125","2013-03-29","203",""
"15125","2013-03-30","203",""
"15125","2013-03-31","203",""
"15125","2013-04-01","203","^"
"15125","2013-04-02","153","^"
"15125","2013-04-03","102",""
"15125","2013-04-04","103",""
"15125","2013-04-05","103",""
"15125","2013-04-06","103",""
"15125","2013-04-07","104",""
"15125","2013-04-08","104",""
"15125","2013-04-09","104",""
"15125","2013-04-10","104",""
"15125","2013-04-11","105",""
"15125","2013-04-12","105",""
"15125","2013-04-13","105",""
"15125","2013-04-14","105",""
"15125","2013-04-15","105",""
"15125","2013-04-16","105",""
"15125","2013-04-17","105",""
"15125","2013-04-18","103","_"
"15125","2013-04-19","100","_"
"15125","2013-04-20","100","_"
"15125","2013-04-21","100","_"
"15125","2013-04-22","100","_"
"15125","2013-04-23","100","_"
"15125","2013-04-24","100","_"
"15125","2013-04-25","100","_"
"15125","2013-04-26","100","_"
"15125","2013-04-27","102","_"
"15125","2013-04-28","103",""
"15125","2013-04-29","125",""
"15125","2013-04-30","169",""
"15125","2013-05-01","189",""
"15125","2013-05-02","189",""
"15125","2013-05-03","190","^"
"15125","2013-05-04","190","^"
"15125","2013-05-05","190","^"
"15125","2013-05-06","190","^"
"15125","2013-05-07","190","^"
"15125","2013-05-08","190","^"
"15125","2013-05-09","190","^"
"15125","2013-05-10","190","^"
"15125","2013-05-11","190","^"
"15125","2013-05-12","190","^"
"15125","2013-05-13","190","^"
"15125","2013-05-14","190","^"
"15125","2013-05-15","190","^"
"15125","2013-05-16","190","^"
"15125","2013-05-17","190","^"
"15125","2013-05-18","190","^"
"15125","2013-05-19","190","^"
"15125","2013-05-20","190","^"
"15125","2013-05-21","190","^"
"15125","2013-05-22","190","^"
"15125","2013-05-23","190","^"
"15125","2013-05-24","190","^"
"15125","2013-05-25","190","^"
"15125","2013-05-26","190","^"
"15125","2013-05-27","190","^"
"15125","2013-05-28","190","^"
"15125","2013-05-29","190","^"
"15125","2013-05-30","180",""""
"15125","2013-05-31","170","_"
"15125","2013-06-01","170","^"
"15125","2013-06-02","170","^"
"15125","2013-06-03","170","^"
"15125","2013-06-04","160","^"
"15125","2013-06-05","150",""
"15125","2013-06-06","149",""
"15125","2013-06-07","149",""
"15125","2013-06-08","149",""
"15125","2013-06-09","149",""
"15125","2013-06-10","149",""
"15125","2013-06-11","149",""
"15125","2013-06-12","149",""
"15125","2013-06-13","149",""
"15125","2013-06-14","149",""
"15125","2013-06-15","149",""
"15125","2013-06-16","144","_"
"15125","2013-06-17","139","_"
"15125","2013-06-18","139","_"
"15125","2013-06-19","139","_"
"15125","2013-06-20","139","_"
"15125","2013-06-21","142","_"
"15125","2013-06-22","145",""
"15125","2013-06-23","145",""
"15125","2013-06-24","145",""
"15125","2013-06-25","145",""
"15125","2013-06-26","145",""
"15125","2013-06-27","145",""
"15125","2013-06-28","145",""
"15125","2013-06-29","145",""
"15125","2013-06-30","145",""
"15125","2013-07-01","145","^"
"15125","2013-07-02","145","^"
"15125","2013-07-03","145","^"
"15125","2013-07-04","145","^"
"15125","2013-07-05","145","^"
"15125","2013-07-06","145","^"
"15125","2013-07-07","145","^"
"15125","2013-07-08","145","^"
"15125","2013-07-09","145","^"
"15125","2013-07-10","145","^"
"15125","2013-07-11","144",""
"15125","2013-07-12","144",""
"15125","2013-07-13","144",""
"15125","2013-07-14","144",""
"15125","2013-07-15","144",""
"15125","2013-07-16","144",""
"15125","2013-07-17","144",""
"15125","2013-07-18","144",""
"15125","2013-07-19","144",""
"15125","2013-07-20","144",""
"15125","2013-07-21","144",""
"15125","2013-07-22","144",""
"15125","2013-07-23","144",""
"15125","2013-07-24","144",""
"15125","2013-07-25","144",""
"15125","2013-07-26","144",""
"15125","2013-07-27","144",""
"15125","2013-07-28","144",""
"15125","2013-07-29","144",""
"15125","2013-07-30","144","_"
"15125","2013-07-31","143","_"
"15125","2013-08-01","143",""
"15125","2013-08-02","143",""
"15125","2013-08-03","143",""
"15125","2013-08-04","143",""
"15125","2013-08-05","143",""
"15125","2013-08-06","143",""
"15125","2013-08-07","143",""
"15125","2013-08-08","143",""
"15125","2013-08-09","144","^"
"15125","2013-08-10","144","^"
"15125","2013-08-11","144","^"
"15125","2013-08-12","144","^"
"15125","2013-08-13","144","^"
"15125","2013-08-14","144","^"
"15125","2013-08-15","144","^"
"15125","2013-08-16","144","^"
"15125","2013-08-17","144","^"
"15125","2013-08-18","144","^"
"15125","2013-08-19","129",""""
"15125","2013-08-20","114","_"
"15125","2013-08-21","114","_"
"15125","2013-08-22","114","_"
"15125","2013-08-23","114","_"
"15125","2013-08-24","114","_"
"15125","2013-08-25","114","_"
"15125","2013-08-26","114","_"
"15125","2013-08-27","129",""""
"15125","2013-08-28","144","^"
"15125","2013-08-29","144","^"
"15125","2013-08-30","144","^"
"15125","2013-08-31","129",""""
"15125","2013-09-01","114","^"
"15125","2013-09-02","114","^"
"15125","2013-09-03","114","^"
"15125","2013-09-04","114","^"
"15125","2013-09-05","114","^"
"15125","2013-09-06","114","^"
"15125","2013-09-07","114","^"
"15125","2013-09-08","114","^"
"15125","2013-09-09","114","^"
"15125","2013-09-10","113",""
"15125","2013-09-11","113",""
"15125","2013-09-12","113",""
"15125","2013-09-13","113",""
"15125","2013-09-14","113",""
"15125","2013-09-15","113",""
"15125","2013-09-16","113",""
"15125","2013-09-17","113",""
"15125","2013-09-18","113",""
"15125","2013-09-19","89",""
"15125","2013-09-20","65",""
"15125","2013-09-21","65",""
"15125","2013-09-22","65",""
"15125","2013-09-23","65",""
"15125","2013-09-24","65",""
"15125","2013-09-25","65",""
"15125","2013-09-26","65",""
"15125","2013-09-27","65",""
"15125","2013-09-28","60","_"
"15125","2013-09-29","84","_"
"15125","2013-09-30","112",""
"15125","2013-10-01","112",""
"15125","2013-10-02","112",""
"15125","2013-10-03","112",""
"15125","2013-10-04","112",""
"15125","2013-10-05","112",""
"15125","2013-10-06","112",""
"15125","2013-10-07","110","_"
"15125","2013-10-08","108","_"
"15125","2013-10-09","108","_"
"15125","2013-10-10","108","_"
"15125","2013-10-11","108","_"
"15125","2013-10-12","124","_"
"15125","2013-10-13","140",""
"15125","2013-10-14","140",""
"15125","2013-10-15","140",""
"15125","2013-10-16","140",""
"15125","2013-10-17","140",""
"15125","2013-10-18","155",""
"15125","2013-10-19","169",""
"15125","2013-10-20","169",""
"15125","2013-10-21","169",""
"15125","2013-10-22","169",""
"15125","2013-10-23","169",""
"15125","2013-10-24","169",""
"15125","2013-10-25","169",""
"15125","2013-10-26","169",""
"15125","2013-10-27","169",""
"15125","2013-10-28","169",""
"15125","2013-10-29","169",""
"15125","2013-10-30","186","^"
"15125","2013-10-31","203","^"
"15125","2013-11-01","227",""""
"15125","2013-11-02","251","^"
"15125","2013-11-03","251","^"
"15125","2013-11-04","251","^"
"15125","2013-11-05","251","^"
"15125","2013-11-06","251","^"
"15125","2013-11-07","250",""
"15125","2013-11-08","250",""
"15125","2013-11-09","250",""
"15125","2013-11-10","250",""
"15125","2013-11-11","250",""
"15125","2013-11-12","250",""
"15125","2013-11-13","250",""
"15125","2013-11-14","250",""
"15125","2013-11-15","250",""
"15125","2013-11-16","250",""
"15125","2013-11-17","250",""
"15125","2013-11-18","250",""
"15125","2013-11-19","250",""
"15125","2013-11-20","242",""
"15125","2013-11-21","233",""
"15125","2013-11-22","233",""
"15125","2013-11-23","233",""
"15125","2013-11-24","233",""
"15125","2013-11-25","233",""
"15125","2013-11-26","210",""
"15125","2013-11-27","210",""
"15125","2013-11-28","210",""
"15125","2013-11-29","210",""
"15125","2013-11-30","210",""
"15125","2013-12-01","210",""
"15125","2013-12-02","210",""
"15125","2013-12-03","210",""
"15125","2013-12-04","210",""
"15125","2013-12-05","210",""
"15125","2013-12-06","210",""
"15125","2013-12-07","210",""
"15125","2013-12-08","211","^"
"15125","2013-12-09","212","^"
"15125","2013-12-10","212","^"
"15125","2013-12-11","212","^"
"15125","2013-12-12","212","^"
"15125","2013-12-13","212","^"
"15125","2013-12-14","212","^"
"15125","2013-12-15","212","^"
"15125","2013-12-16","212","^"
"15125","2013-12-17","196","^"
"15125","2013-12-18","180",""
"15125","2013-12-19","180",""
"15125","2013-12-20","180",""
"15125","2013-12-21","182",""
"15125","2013-12-22","183",""
"15125","2013-12-23","183",""
"15125","2013-12-24","183",""
"15125","2013-12-25","183",""
"15125","2013-12-26","178","_"
"15125","2013-12-27","172","_"
"15125","2013-12-28","172","_"
"15125","2013-12-29","172","_"
"15125","2013-12-30","172","_"
"15125","2013-12-31","172","_"
"15125","2014-01-01","172","_"
"15125","2014-01-02","172","_"
"15125","2014-01-03","172","_"
"15125","2014-01-04","172","_"
"15125","2014-01-05","172","_"
"15125","2014-01-06","172","_"
"15125","2014-01-07","172","_"
"15125","2014-01-08","172","_"
"15125","2014-01-09","187","_"
"15125","2014-01-10","202",""
"15125","2014-01-11","202",""
"15125","2014-01-12","202",""
"15125","2014-01-13","202",""
"15125","2014-01-14","202",""
"15125","2014-01-15","202",""
"15125","2014-01-16","202",""
"15125","2014-01-17","203","^"
"15125","2014-01-18","203","^"
"15125","2014-01-19","203","^"
"15125","2014-01-20","203","^"
"15125","2014-01-21","203","^"
"15125","2014-01-22","203","^"
"15125","2014-01-23","203","^"
"15125","2014-01-24","203","^"
"15125","2014-01-25","203","^"
"15125","2014-01-26","203","^"
"15125","2014-01-27","203","^"
"15125","2014-01-28","203","^"
"15125","2014-01-29","203","^"
"15125","2014-01-30","202",""
"15125","2014-01-31","202",""
"15125","2014-02-01","202","_"
"15125","2014-02-02","202","_"
"15125","2014-02-03","202","_"
"15125","2014-02-04","202","_"
"15125","2014-02-05","202","_"
"15125","2014-02-06","202","_"
"15125","2014-02-07","202","_"
"15125","2014-02-08","202","_"
"15125","2014-02-09","203",""""
"15125","2014-02-10","203","^"
"15125","2014-02-11","203","^"
"15125","2014-02-12","203","^"
"15125","2014-02-13","203","^"
"15125","2014-02-14","203","^"
"15125","2014-02-15","203","^"
"15125","2014-02-16","203","^"
"15125","2014-02-17","203","^"
"15125","2014-02-18","203","^"
"15125","2014-02-19","203","^"
"15125","2014-02-20","203","^"
"15125","2014-02-21","203","^"
"15125","2014-02-22","203","^"
"15125","2014-02-23","203","^"
"15125","2014-02-24","203","^"
"15125","2014-02-25","203","^"
"15125","2014-02-26","203","^"
"15125","2014-02-27","203",""""
"15125","2014-02-28","202","_"
"15125","2014-03-01","202",""
"15125","2014-03-02","202",""
"15125","2014-03-03","202",""
"15125","2014-03-04","202",""
"15125","2014-03-05","202",""
"15125","2014-03-06","202",""
"15125","2014-03-07","202",""
"15125","2014-03-08","202",""
"15125","2014-03-09","203","^"
"15125","2014-03-10","203","^"
"15125","2014-03-11","203","^"
"15125","2014-03-12","203","^"
"15125","2014-03-13","203","^"
"15125","2014-03-14","203","^"
"15125","2014-03-15","203","^"
"15125","2014-03-16","203","^"
"15125","2014-03-17","203","^"
"15125","2014-03-18","203","^"
"15125","2014-03-19","203","^"
"15125","2014-03-20","203","^"
"15125","2014-03-21","203","^"
"15125","2014-03-22","203","^"
"15125","2014-03-23","203","^"
"15125","2014-03-24","203","^"
"15125","2014-03-25","203","^"
"15125","2014-03-26","203","^"
"15125","2014-03-27","203","^"
"15125","2014-03-28","203","^"
"15125","2014-03-29","203","^"
"15125","2014-03-30","203","^"
"15125","2014-03-31","198",""""
"15125","2014-04-01","193",""
"15125","2014-04-02","193",""
"15125","2014-04-03","193",""
"15125","2014-04-04","193",""
"15125","2014-04-05","193",""
"15125","2014-04-06","193",""
"15125","2014-04-07","193",""
"15125","2014-04-08","184",""
"15125","2014-04-09","170","_"
"15125","2014-04-10","165","_"
"15125","2014-04-11","165","_"
"15125","2014-04-12","165","_"
"15125","2014-04-13","165","_"
"15125","2014-04-14","165","_"
"15125","2014-04-15","165","_"
"15125","2014-04-16","181","_"
"15125","2014-04-17","197",""
"15125","2014-04-18","197",""
"15125","2014-04-19","203",""
"15125","2014-04-20","208",""
"15125","2014-04-21","208",""
"15125","2014-04-22","208",""
"15125","2014-04-23","208",""
"15125","2014-04-24","208",""
"15125","2014-04-25","208",""
"15125","2014-04-26","208",""
"15125","2014-04-27","211","^"
"15125","2014-04-28","213","^"
"15125","2014-04-29","213","^"
"15125","2014-04-30","213","^"
"15125","2014-05-01","213",""
"15125","2014-05-02","213",""
"15125","2014-05-03","213",""
"15125","2014-05-04","216",""
"15125","2014-05-05","218",""
"15125","2014-05-06","218",""
"15125","2014-05-07","218",""
"15125","2014-05-08","219","^"
"15125","2014-05-09","220","^"
"15125","2014-05-10","220","^"
"15125","2014-05-11","220","^"
"15125","2014-05-12","220","^"
"15125","2014-05-13","220","^"
"15125","2014-05-14","210","^"
"15125","2014-05-15","200",""
"15125","2014-05-16","161","_"
"15125","2014-05-17","121","_"
"15125","2014-05-18","121","_"
"15125","2014-05-19","121","_"
"15125","2014-05-20","121","_"
"15125","2014-05-21","121","_"
"15125","2014-05-22","131","_"
"15125","2014-05-23","140",""
"15125","2014-05-24","140",""
"15125","2014-05-25","140",""
"15125","2014-05-26","140",""
"15125","2014-05-27","144",""
"15125","2014-05-28","149",""
"15125","2014-05-29","149",""
"15125","2014-05-30","149",""
"15125","2014-05-31","149",""
"15125","2014-06-01","149","^"
"15125","2014-06-02","149","^"
"15125","2014-06-03","149","^"
"15125","2014-06-04","149","^"
"15125","2014-06-05","149","^"
"15125","2014-06-06","149","^"
"15125","2014-06-07","149","^"
"15125","2014-06-08","149","^"
"15125","2014-06-09","149","^"
"15125","2014-06-10","149","^"
"15125","2014-06-11","149","^"
"15125","2014-06-12","149","^"
"15125","2014-06-13","149","^"
"15125","2014-06-14","149","^"
"15125","2014-06-15","149","^"
"15125","2014-06-16","149","^"
"15125","2014-06-17","149","^"
"15125","2014-06-18","148","^"
"15125","2014-06-19","147",""
"15125","2014-06-20","147",""
"15125","2014-06-21","147",""
"15125","2014-06-22","147",""
"15125","2014-06-23","147",""
"15125","2014-06-24","147",""
"15125","2014-06-25","147",""
"15125","2014-06-26","147",""
"15125","2014-06-27","147",""
"15125","2014-06-28","146","_"
"15125","2014-06-29","145","_"
"15125","2014-06-30","145","_"
"15125","2014-07-01","145","_"
"15125","2014-07-02","145","_"
"15125","2014-07-03","145","_"
"15125","2014-07-04","145","_"
"15125","2014-07-05","145","_"
"15125","2014-07-06","145","_"
"15125","2014-07-07","145","_"
"15125","2014-07-08","145","_"
"15125","2014-07-09","145","_"
"15125","2014-07-10","147",""""
"15125","2014-07-11","149","^"
"15125","2014-07-12","149","^"
"15125","2014-07-13","149","^"
"15125","2014-07-14","149","^"
"15125","2014-07-15","149","^"
"15125","2014-07-16","149","^"
"15125","2014-07-17","149","^"
"15125","2014-07-18","149","^"
"15125","2014-07-19","148","^"
"15125","2014-07-20","146",""
"15125","2014-07-21","146",""
"15125","2014-07-22","146",""
"15125","2014-07-23","146",""
"15125","2014-07-24","146",""
"15125","2014-07-25","146",""
"15125","2014-07-26","146",""
"15125","2014-07-27","146",""
"15125","2014-07-28","146",""
"15125","2014-07-29","146",""
"15125","2014-07-30","146",""
"15125","2014-07-31","146",""
"15125","2014-08-01","146","^"
"15125","2014-08-02","146","^"
"15125","2014-08-03","146","^"
"15125","2014-08-04","146","^"
"15125","2014-08-05","146","^"
"15125","2014-08-06","134","^"
"15125","2014-08-07","125",""
"15125","2014-08-08","128",""
"15125","2014-08-09","128",""
"15125","2014-08-10","128",""
"15125","2014-08-11","128",""
"15125","2014-08-12","128",""
"15125","2014-08-13","128",""
"15125","2014-08-14","128",""
"15125","2014-08-15","128",""
"15125","2014-08-16","123","_"
"15125","2014-08-17","118","_"
"15125","2014-08-18","118","_"
"15125","2014-08-19","118","_"
"15125","2014-08-20","118","_"
"15125","2014-08-21","118","_"
"15125","2014-08-22","118","_"
"15125","2014-08-23","118","_"
"15125","2014-08-24","118","_"
"15125","2014-08-25","118","_"
"15125","2014-08-26","118","_"
"15125","2014-08-27","118","_"
"15125","2014-08-28","120","_"
"15125","2014-08-29","122",""
"15125","2014-08-30","122",""
"15125","2014-08-31","122",""
"15125","2014-09-01","122","^"
"15125","2014-09-02","122","^"
"15125","2014-09-03","122","^"
"15125","2014-09-04","122","^"
"15125","2014-09-05","122","^"
"15125","2014-09-06","122","^"
"15125","2014-09-07","121","^"
"15125","2014-09-08","120",""
"15125","2014-09-09","120",""
"15125","2014-09-10","120",""
"15125","2014-09-11","120",""
"15125","2014-09-12","120",""
"15125","2014-09-13","120",""
"15125","2014-09-14","120",""
"15125","2014-09-15","120",""
"15125","2014-09-16","100",""
"15125","2014-09-17","79",""
"15125","2014-09-18","79",""
"15125","2014-09-19","79",""
"15125","2014-09-20","79",""
"15125","2014-09-21","79",""
"15125","2014-09-22","79",""
"15125","2014-09-23","79",""
"15125","2014-09-24","79",""
"15125","2014-09-25","79",""
"15125","2014-09-26","79",""
"15125","2014-09-27","71","_В"
"15125","2014-09-28","62","_В"
"15125","2014-09-29","62","_В"
"15125","2014-09-30","62","_В"
"15125","2014-10-01","62","_В"
"15125","2014-10-02","62","_В"
"15125","2014-10-03","62","_В"
"15125","2014-10-04","62","_В"
"15125","2014-10-05","62","_В"
"15125","2014-10-06","62","_В"
"15125","2014-10-07","62","_В"
"15125","2014-10-08","62","_В"
"15125","2014-10-09","62","_В"
"15125","2014-10-10","62","_В"
"15125","2014-10-11","62","_В"
"15125","2014-10-12","62","_В"
"15125","2014-10-13","62","_В"
"15125","2014-10-14","62","_В"
"15125","2014-10-15","62","_В"
"15125","2014-10-16","62","_В"
"15125","2014-10-17","62","_В"
"15125","2014-10-18","62","_В"
"15125","2014-10-19","62","_В"
"15125","2014-10-20","62","_В"
"15125","2014-10-21","62","_В"
"15125","2014-10-22","62","_В"
"15125","2014-10-23","62","_В"
"15125","2014-10-24","62","_В"
"15125","2014-10-25","62","_В"
"15125","2014-10-26","62","_В"
"15125","2014-10-27","62","_В"
"15125","2014-10-28","62","_В"
"15125","2014-10-29","88","""В"
"15125","2014-10-30","113","^"
"15125","2014-10-31","113","^"
"15125","2014-11-01","113","_"
"15125","2014-11-02","113","_"
"15125","2014-11-03","113","_"
"15125","2014-11-04","113","_"
"15125","2014-11-05","113","_"
"15125","2014-11-06","113","_"
"15125","2014-11-07","113","_"
"15125","2014-11-08","113","_"
"15125","2014-11-09","130","_"
"15125","2014-11-10","148","^"
"15125","2014-11-11","149","^"
"15125","2014-11-12","149","^"
"15125","2014-11-13","149","^"
"15125","2014-11-14","149","^"
"15125","2014-11-15","149","^"
"15125","2014-11-16","149","^"
"15125","2014-11-17","148","^"
"15125","2014-11-18","146",""
"15125","2014-11-19","146",""
"15125","2014-11-20","146",""
"15125","2014-11-21","146",""
"15125","2014-11-22","146",""
"15125","2014-11-23","146",""
"15125","2014-11-24","146",""
"15125","2014-11-25","146",""
"15125","2014-11-26","146",""
"15125","2014-11-27","146",""
"15125","2014-11-28","146",""
"15125","2014-11-29","147",""
"15125","2014-11-30","148",""
"15125","2014-12-01","148","_"
"15125","2014-12-02","148","_"
"15125","2014-12-03","148","_"
"15125","2014-12-04","148","_"
"15125","2014-12-05","148","_"
"15125","2014-12-06","148","_"
"15125","2014-12-07","148","_"
"15125","2014-12-08","178","_"
"15125","2014-12-09","208",""
"15125","2014-12-10","208",""
"15125","2014-12-11","208",""
"15125","2014-12-12","208",""
"15125","2014-12-13","208",""
"15125","2014-12-14","208",""
"15125","2014-12-15","208",""
"15125","2014-12-16","208",""
"15125","2014-12-17","208",""
"15125","2014-12-18","208",""
"15125","2014-12-19","208",""
"15125","2014-12-20","208",""
"15125","2014-12-21","208",""
"15125","2014-12-22","208",""
"15125","2014-12-23","208",""
"15125","2014-12-24","210","^"
"15125","2014-12-25","212","^"
"15125","2014-12-26","212","^"
"15125","2014-12-27","212","^"
"15125","2014-12-28","212","^"
"15125","2014-12-29","212","^"
"15125","2014-12-30","212","^"
"15125","2014-12-31","212","^"
"15125","2015-01-01","212","_"
"15125","2015-01-02","212","_"
"15125","2015-01-03","212","_"
"15125","2015-01-04","212","_"
"15125","2015-01-05","212","_"
"15125","2015-01-06","212","_"
"15125","2015-01-07","212","_"
"15125","2015-01-08","212","_"
"15125","2015-01-09","212","_"
"15125","2015-01-10","212","_"
"15125","2015-01-11","212","_"
"15125","2015-01-12","212","_"
"15125","2015-01-13","212","_"
"15125","2015-01-14","212","_"
"15125","2015-01-15","216",""""
"15125","2015-01-16","220","^"
"15125","2015-01-17","220","^"
"15125","2015-01-18","220","^"
"15125","2015-01-19","220","^"
"15125","2015-01-20","220","^"
"15125","2015-01-21","220","^"
"15125","2015-01-22","220","^"
"15125","2015-01-23","220","^"
"15125","2015-01-24","220","^"
"15125","2015-01-25","220","^"
"15125","2015-01-26","220","^"
"15125","2015-01-27","220","^"
"15125","2015-01-28","220","^"
"15125","2015-01-29","220","^"
"15125","2015-01-30","220","^"
"15125","2015-01-31","220","^"
"15125","2015-02-01","220","^"
"15125","2015-02-02","220","^"
"15125","2015-02-03","220","^"
"15125","2015-02-04","220","^"
"15125","2015-02-05","220","^"
"15125","2015-02-06","220","^"
"15125","2015-02-07","220","^"
"15125","2015-02-08","220","^"
"15125","2015-02-09","218","^"
"15125","2015-02-10","216",""
"15125","2015-02-11","216",""
"15125","2015-02-12","216",""
"15125","2015-02-13","216",""
"15125","2015-02-14","216",""
"15125","2015-02-15","216",""
"15125","2015-02-16","211",""
"15125","2015-02-17","206",""
"15125","2015-02-18","206",""
"15125","2015-02-19","206",""
"15125","2015-02-20","203",""
"15125","2015-02-21","200",""
"15125","2015-02-22","200",""
"15125","2015-02-23","200",""
"15125","2015-02-24","200",""
"15125","2015-02-25","200",""
"15125","2015-02-26","200",""
"15125","2015-02-27","200",""
"15125","2015-02-28","190","_"
"15125","2015-03-01","179",""
"15125","2015-03-02","179",""
"15125","2015-03-03","179",""
"15125","2015-03-04","179",""
"15125","2015-03-05","179",""
"15125","2015-03-06","179",""
"15125","2015-03-07","179",""
"15125","2015-03-08","179",""
"15125","2015-03-09","179",""
"15125","2015-03-10","179",""
"15125","2015-03-11","179",""
"15125","2015-03-12","179",""
"15125","2015-03-13","181",""
"15125","2015-03-14","182",""
"15125","2015-03-15","182",""
"15125","2015-03-16","182",""
"15125","2015-03-17","182",""
"15125","2015-03-18","177","_"
"15125","2015-03-19","171","_"
"15125","2015-03-20","171","_"
"15125","2015-03-21","171","_"
"15125","2015-03-22","171","_"
"15125","2015-03-23","171","_"
"15125","2015-03-24","171","_"
"15125","2015-03-25","171","_"
"15125","2015-03-26","180",""""
"15125","2015-03-27","188","^"
"15125","2015-03-28","188","^"
"15125","2015-03-29","188","^"
"15125","2015-03-30","188","^"
"15125","2015-03-31","188","^"
"15125","2015-04-01","174",""
"15125","2015-04-02","160",""
"15125","2015-04-03","167",""
"15125","2015-04-04","174",""
"15125","2015-04-05","174",""
"15125","2015-04-06","174",""
"15125","2015-04-07","174",""
"15125","2015-04-08","174",""
"15125","2015-04-09","174",""
"15125","2015-04-10","174",""
"15125","2015-04-11","174",""
"15125","2015-04-12","174",""
"15125","2015-04-13","174",""
"15125","2015-04-14","182",""
"15125","2015-04-15","218",""
"15125","2015-04-16","246",""
"15125","2015-04-17","251",""
"15125","2015-04-18","251",""
"15125","2015-04-19","255",""
"15125","2015-04-20","259",""
"15125","2015-04-21","259",""
"15125","2015-04-22","259",""
"15125","2015-04-23","260","^"
"15125","2015-04-24","261","^"
"15125","2015-04-25","261","^"
"15125","2015-04-26","215","^"
"15125","2015-04-27","168",""
"15125","2015-04-28","158","_"
"15125","2015-04-29","148","_"
"15125","2015-04-30","193","_"
"15125","2015-05-01","242",""
"15125","2015-05-02","242",""
"15125","2015-05-03","242",""
"15125","2015-05-04","242",""
"15125","2015-05-05","242",""
"15125","2015-05-06","242",""
"15125","2015-05-07","244",""
"15125","2015-05-08","246",""
"15125","2015-05-09","246",""
"15125","2015-05-10","251","^"
"15125","2015-05-11","255","^"
"15125","2015-05-12","255","^"
"15125","2015-05-13","255","^"
"15125","2015-05-14","255","^"
"15125","2015-05-15","255","^"
"15125","2015-05-16","255","^"
"15125","2015-05-17","255","^"
"15125","2015-05-18","247",""""
"15125","2015-05-19","238","_"
"15125","2015-05-20","238","_"
"15125","2015-05-21","238","_"
"15125","2015-05-22","238","_"
"15125","2015-05-23","238","_"
"15125","2015-05-24","238","_"
"15125","2015-05-25","238","_"
"15125","2015-05-26","238","_"
"15125","2015-05-27","238","_"
"15125","2015-05-28","238","_"
"15125","2015-05-29","238","_"
"15125","2015-05-30","238","_"
"15125","2015-05-31","238","_"
"15125","2015-06-01","235",""
"15125","2015-06-02","232",""
"15125","2015-06-03","232",""
"15125","2015-06-04","232",""
"15125","2015-06-05","232",""
"15125","2015-06-06","232",""
"15125","2015-06-07","232",""
"15125","2015-06-08","229","_"
"15125","2015-06-09","226","_"
"15125","2015-06-10","226","_"
"15125","2015-06-11","226","_"
"15125","2015-06-12","226","_"
"15125","2015-06-13","226","_"
"15125","2015-06-14","226","_"
"15125","2015-06-15","226","_"
"15125","2015-06-16","226","_"
"15125","2015-06-17","229","_"
"15125","2015-06-18","232",""
"15125","2015-06-19","232",""
"15125","2015-06-20","232",""
"15125","2015-06-21","232",""
"15125","2015-06-22","232",""
"15125","2015-06-23","232",""
"15125","2015-06-24","232",""
"15125","2015-06-25","232",""
"15125","2015-06-26","232",""
"15125","2015-06-27","232",""
"15125","2015-06-28","347","^"
"15125","2015-06-29","462","^"
"15125","2015-06-30","455","^"
"15125","2015-07-01","448","^"
"15125","2015-07-02","448","^"
"15125","2015-07-03","448","^"
"15125","2015-07-04","448","^"
"15125","2015-07-05","448","^"
"15125","2015-07-06","448","^"
"15125","2015-07-07","448","^"
"15125","2015-07-08","445",""""
"15125","2015-07-09","442","_"
"15125","2015-07-10","442","_"
"15125","2015-07-11","442","_"
"15125","2015-07-12","442","_"
"15125","2015-07-13","442","_"
"15125","2015-07-14","442","_"
"15125","2015-07-15","442","_"
"15125","2015-07-16","442","_"
"15125","2015-07-17","442","_"
"15125","2015-07-18","445","_"
"15125","2015-07-19","447",""
"15125","2015-07-20","447",""
"15125","2015-07-21","447",""
"15125","2015-07-22","447",""
"15125","2015-07-23","447",""
"15125","2015-07-24","447",""
"15125","2015-07-25","447",""
"15125","2015-07-26","447",""
"15125","2015-07-27","447",""
"15125","2015-07-28","446",""
"15125","2015-07-29","444",""
"15125","2015-07-30","444",""
"15125","2015-07-31","444",""
"15125","2015-08-01","444","^"
"15125","2015-08-02","444","^"
"15125","2015-08-03","444","^"
"15125","2015-08-04","444","^"
"15125","2015-08-05","444","^"
"15125","2015-08-06","444","^"
"15125","2015-08-07","444","^"
"15125","2015-08-08","444","^"
"15125","2015-08-09","442","^"
"15125","2015-08-10","440",""
"15125","2015-08-11","440",""
"15125","2015-08-12","440",""
"15125","2015-08-13","440",""
"15125","2015-08-14","440",""
"15125","2015-08-15","440",""
"15125","2015-08-16","440",""
"15125","2015-08-17","440",""
"15125","2015-08-18","440",""
"15125","2015-08-19","440",""
"15125","2015-08-20","439",""
"15125","2015-08-21","437",""
"15125","2015-08-22","437",""
"15125","2015-08-23","437",""
"15125","2015-08-24","437",""
"15125","2015-08-25","437",""
"15125","2015-08-26","437",""
"15125","2015-08-27","437",""
"15125","2015-08-28","436","_"
"15125","2015-08-29","435","_"
"15125","2015-08-30","435","_"
"15125","2015-08-31","435","_"
"15125","2015-09-01","435",""
"15125","2015-09-02","435",""
"15125","2015-09-03","435",""
"15125","2015-09-04","435",""
"15125","2015-09-05","435",""
"15125","2015-09-06","435",""
"15125","2015-09-07","430","_"
"15125","2015-09-08","424","_"
"15125","2015-09-09","424","_"
"15125","2015-09-10","424","_"
"15125","2015-09-11","448",""""
"15125","2015-09-12","472","^"
"15125","2015-09-13","472","^"
"15125","2015-09-14","471","^"
"15125","2015-09-15","470",""
"15125","2015-09-16","470",""
"15125","2015-09-17","470",""
"15125","2015-09-18","470",""
"15125","2015-09-19","470",""
"15125","2015-09-20","470",""
"15125","2015-09-21","470",""
"15125","2015-09-22","467",""
"15125","2015-09-23","464",""
"15125","2015-09-24","464",""
"15125","2015-09-25","464",""
"15125","2015-09-26","464",""
"15125","2015-09-27","464",""
"15125","2015-09-28","464",""
"15125","2015-09-29","463",""
"15125","2015-09-30","463",""
"15125","2015-10-01","463",""
"15125","2015-10-02","463","_"
"15125","2015-10-03","462","_"
"15125","2015-10-04","462","_"
"15125","2015-10-05","462","_"
"15125","2015-10-06","462","_"
"15125","2015-10-07","472","_"
"15125","2015-10-08","487",""
"15125","2015-10-09","493",""
"15125","2015-10-10","493",""
"15125","2015-10-11","493",""
"15125","2015-10-12","493",""
"15125","2015-10-13","493",""
"15125","2015-10-14","493",""
"15125","2015-10-15","493",""
"15125","2015-10-16","493",""
"15125","2015-10-17","493",""
"15125","2015-10-18","493",""
"15125","2015-10-19","495",""
"15125","2015-10-20","496",""
"15125","2015-10-21","496",""
"15125","2015-10-22","496",""
"15125","2015-10-23","496",""
"15125","2015-10-24","496",""
"15125","2015-10-25","496",""
"15125","2015-10-26","497","^"
"15125","2015-10-27","497","^"
"15125","2015-10-28","497","^"
"15125","2015-10-29","497","^"
"15125","2015-10-30","497","^"
"15125","2015-10-31","497","^"
"15125","2015-11-01","497",""
"15125","2015-11-02","497",""
"15125","2015-11-03","497",""
"15125","2015-11-04","497",""
"15125","2015-11-05","463",""
"15125","2015-11-06","429",""
"15125","2015-11-07","429",""
"15125","2015-11-08","429",""
"15125","2015-11-09","472","^"
"15125","2015-11-10","514","^"
"15125","2015-11-11","514","^"
"15125","2015-11-12","514","^"
"15125","2015-11-13","514","^"
"15125","2015-11-14","514","^"
"15125","2015-11-15","514","^"
"15125","2015-11-16","507","^"
"15125","2015-11-17","499",""
"15125","2015-11-18","499",""
"15125","2015-11-19","501",""
"15125","2015-11-20","503",""
"15125","2015-11-21","503",""
"15125","2015-11-22","435",""
"15125","2015-11-23","376",""
"15125","2015-11-24","371","_"
"15125","2015-11-25","357","_"
"15125","2015-11-26","357","_"
"15125","2015-11-27","377","_"
"15125","2015-11-28","399",""
"15125","2015-11-29","400",""
"15125","2015-11-30","400",""
"15125","2015-12-01","400","^"
"15125","2015-12-02","400","^"
"15125","2015-12-03","400","^"
"15125","2015-12-04","399",""
"15125","2015-12-05","399",""
"15125","2015-12-06","399",""
"15125","2015-12-07","399",""
"15125","2015-12-08","399",""
"15125","2015-12-09","399",""
"15125","2015-12-10","399",""
"15125","2015-12-11","399",""
"15125","2015-12-12","399",""
"15125","2015-12-13","399",""
"15125","2015-12-14","397",""
"15125","2015-12-15","381",""
"15125","2015-12-16","367",""
"15125","2015-12-17","372",""
"15125","2015-12-18","377",""
"15125","2015-12-19","377",""
"15125","2015-12-20","377",""
"15125","2015-12-21","377",""
"15125","2015-12-22","377",""
"15125","2015-12-23","367",""
"15125","2015-12-24","357",""
"15125","2015-12-25","357",""
"15125","2015-12-26","357",""
"15125","2015-12-27","357",""
"15125","2015-12-28","357",""
"15125","2015-12-29","357",""
"15125","2015-12-30","348",""
"15125","2015-12-31","338","_"
"15125","2016-01-01","339",""
"15125","2016-01-02","343","^"
"15125","2016-01-03","346","^"
"15125","2016-01-04","346","^"
"15125","2016-01-05","346","^"
"15125","2016-01-06","346","^"
"15125","2016-01-07","346","^"
"15125","2016-01-08","346","^"
"15125","2016-01-09","346","^"
"15125","2016-01-10","343","^"
"15125","2016-01-11","339",""
"15125","2016-01-12","339",""
"15125","2016-01-13","339",""
"15125","2016-01-14","339",""
"15125","2016-01-15","339",""
"15125","2016-01-16","339",""
"15125","2016-01-17","339",""
"15125","2016-01-18","339",""
"15125","2016-01-19","339",""
"15125","2016-01-20","339",""
"15125","2016-01-21","339",""
"15125","2016-01-22","339",""
"15125","2016-01-23","339",""
"15125","2016-01-24","329",""
"15125","2016-01-25","322",""
"15125","2016-01-26","324",""
"15125","2016-01-27","324",""
"15125","2016-01-28","324",""
"15125","2016-01-29","324",""
"15125","2016-01-30","324",""
"15125","2016-01-31","319","_"
"15125","2016-02-01","314","^"
"15125","2016-02-02","314","^"
"15125","2016-02-03","314","^"
"15125","2016-02-04","314","^"
"15125","2016-02-05","314","^"
"15125","2016-02-06","314","^"
"15125","2016-02-07","314","^"
"15125","2016-02-08","314","^"
"15125","2016-02-09","312",""""
"15125","2016-02-10","309","_"
"15125","2016-02-11","309","_"
"15125","2016-02-12","309","_"
"15125","2016-02-13","309","_"
"15125","2016-02-14","309","_"
"15125","2016-02-15","309","_"
"15125","2016-02-16","309","_"
"15125","2016-02-17","309","_"
"15125","2016-02-18","309","_"
"15125","2016-02-19","309","_"
"15125","2016-02-20","309","_"
"15125","2016-02-21","309","_"
"15125","2016-02-22","309","_"
"15125","2016-02-23","309","_"
"15125","2016-02-24","309","_"
"15125","2016-02-25","309","_"
"15125","2016-02-26","310","_"
"15125","2016-02-27","310",""
"15125","2016-02-28","310",""
"15125","2016-02-29","311",""
"15125","2016-03-01","312","^"
"15125","2016-03-02","312","^"
"15125","2016-03-03","312","^"
"15125","2016-03-04","312","^"
"15125","2016-03-05","302","^"
"15125","2016-03-06","291",""
"15125","2016-03-07","291",""
"15125","2016-03-08","291",""
"15125","2016-03-09","291",""
"15125","2016-03-10","291",""
"15125","2016-03-11","290",""
"15125","2016-03-12","289",""
"15125","2016-03-13","289",""
"15125","2016-03-14","289",""
"15125","2016-03-15","289",""
"15125","2016-03-16","289",""
"15125","2016-03-17","289",""
"15125","2016-03-18","288",""
"15125","2016-03-19","288",""
"15125","2016-03-20","288",""
"15125","2016-03-21","288",""
"15125","2016-03-22","288",""
"15125","2016-03-23","288",""
"15125","2016-03-24","288",""
"15125","2016-03-25","288",""
"15125","2016-03-26","278","_"
"15125","2016-03-27","267","_"
"15125","2016-03-28","267","_"
"15125","2016-03-29","267","_"
"15125","2016-03-30","267","_"
"15125","2016-03-31","267","_"
"15125","2016-04-01","267",""
"15125","2016-04-02","219","_"
"15125","2016-04-03","170","_"
"15125","2016-04-04","170","_"
"15125","2016-04-05","246",""""
"15125","2016-04-06","298","^"
"15125","2016-04-07","274",""
"15125","2016-04-08","273",""
"15125","2016-04-09","280",""
"15125","2016-04-10","286",""
"15125","2016-04-11","286",""
"15125","2016-04-12","286",""
"15125","2016-04-13","286",""
"15125","2016-04-14","286",""
"15125","2016-04-15","286",""
"15125","2016-04-16","286",""
"15125","2016-04-17","286",""
"15125","2016-04-18","286",""
"15125","2016-04-19","284",""
"15125","2016-04-20","282",""
"15125","2016-04-21","282",""
"15125","2016-04-22","282",""
"15125","2016-04-23","282",""
"15125","2016-04-24","296",""
"15125","2016-04-25","298",""
"15125","2016-04-26","286",""
"15125","2016-04-27","286",""
"15125","2016-04-28","286",""
"15125","2016-04-29","286",""
"15125","2016-04-30","286",""
"15125","2016-05-01","286","_"
"15125","2016-05-02","286","_"
"15125","2016-05-03","286","_"
"15125","2016-05-04","289","_"
"15125","2016-05-05","292",""
"15125","2016-05-06","292",""
"15125","2016-05-07","340",""
"15125","2016-05-08","386",""
"15125","2016-05-09","385",""
"15125","2016-05-10","385",""
"15125","2016-05-11","384",""
"15125","2016-05-12","387",""
"15125","2016-05-13","390",""
"15125","2016-05-14","390",""
"15125","2016-05-15","395",""
"15125","2016-05-16","399",""
"15125","2016-05-17","399",""
"15125","2016-05-18","399",""
"15125","2016-05-19","406","^"
"15125","2016-05-20","413","^"
"15125","2016-05-21","413","^"
"15125","2016-05-22","413","^"
"15125","2016-05-23","413","^"
"15125","2016-05-24","412","^"
"15125","2016-05-25","410",""
"15125","2016-05-26","410",""
"15125","2016-05-27","409",""
"15125","2016-05-28","409",""
"15125","2016-05-29","403",""
"15125","2016-05-30","397",""
"15125","2016-05-31","397",""
"15125","2016-06-01","397","^"
"15125","2016-06-02","396",""
"15125","2016-06-03","396",""
"15125","2016-06-04","396",""
"15125","2016-06-05","396",""
"15125","2016-06-06","386",""
"15125","2016-06-07","376",""
"15125","2016-06-08","358",""
"15125","2016-06-09","339",""
"15125","2016-06-10","334",""
"15125","2016-06-11","329",""
"15125","2016-06-12","329",""
"15125","2016-06-13","329",""
"15125","2016-06-14","329",""
"15125","2016-06-15","329",""
"15125","2016-06-16","329",""
"15125","2016-06-17","329",""
"15125","2016-06-18","323","_"
"15125","2016-06-19","317","_"
"15125","2016-06-20","317","_"
"15125","2016-06-21","317","_"
"15125","2016-06-22","317","_"
"15125","2016-06-23","317","_"
"15125","2016-06-24","329","_"
"15125","2016-06-25","341",""
"15125","2016-06-26","341",""
"15125","2016-06-27","341",""
"15125","2016-06-28","341",""
"15125","2016-06-29","341",""
"15125","2016-06-30","341",""
"15125","2016-07-01","335","^"
"15125","2016-07-02","329",""
"15125","2016-07-03","329",""
"15125","2016-07-04","329",""
"15125","2016-07-05","329",""
"15125","2016-07-06","321",""
"15125","2016-07-07","313",""
"15125","2016-07-08","313",""
"15125","2016-07-09","313",""
"15125","2016-07-10","313",""
"15125","2016-07-11","313",""
"15125","2016-07-12","313",""
"15125","2016-07-13","313",""
"15125","2016-07-14","313",""
"15125","2016-07-15","313",""
"15125","2016-07-16","307",""
"15125","2016-07-17","300",""
"15125","2016-07-18","300",""
"15125","2016-07-19","300",""
"15125","2016-07-20","300",""
"15125","2016-07-21","300",""
"15125","2016-07-22","283","_"
"15125","2016-07-23","266","_"
"15125","2016-07-24","266","_"
"15125","2016-07-25","266","_"
"15125","2016-07-26","282","_"
"15125","2016-07-27","298",""
"15125","2016-07-28","298",""
"15125","2016-07-29","298",""
"15125","2016-07-30","298",""
"15125","2016-07-31","298",""
"15125","2016-08-01","298","^"
"15125","2016-08-02","298","^"
"15125","2016-08-03","298","^"
"15125","2016-08-04","298","^"
"15125","2016-08-05","298","^"
"15125","2016-08-06","298","^"
"15125","2016-08-07","286","^"
"15125","2016-08-08","274",""
"15125","2016-08-09","274",""
"15125","2016-08-10","274",""
"15125","2016-08-11","274",""
"15125","2016-08-12","274",""
"15125","2016-08-13","274",""
"15125","2016-08-14","274",""
"15125","2016-08-15","255",""
"15125","2016-08-16","235",""
"15125","2016-08-17","235",""
"15125","2016-08-18","235",""
"15125","2016-08-19","235",""
"15125","2016-08-20","233",""
"15125","2016-08-21","230",""
"15125","2016-08-22","230",""
"15125","2016-08-23","230",""
"15125","2016-08-24","230",""
"15125","2016-08-25","230",""
"15125","2016-08-26","229","_"
"15125","2016-08-27","228","_"
"15125","2016-08-28","228","_"
"15125","2016-08-29","228","_"
"15125","2016-08-30","228","_"
"15125","2016-08-31","228","_"
"15125","2016-09-01","246","_"
"15125","2016-09-02","263",""
"15125","2016-09-03","263",""
"15125","2016-09-04","280",""
"15125","2016-09-05","296",""
"15125","2016-09-06","305",""
"15125","2016-09-07","313",""
"15125","2016-09-08","313",""
"15125","2016-09-09","313",""
"15125","2016-09-10","313",""
"15125","2016-09-11","313",""
"15125","2016-09-12","313",""
"15125","2016-09-13","313",""
"15125","2016-09-14","316",""
"15125","2016-09-15","319",""
"15125","2016-09-16","324","^"
"15125","2016-09-17","329","^"
"15125","2016-09-18","329","^"
"15125","2016-09-19","329","^"
"15125","2016-09-20","329","^"
"15125","2016-09-21","329","^"
"15125","2016-09-22","329","^"
"15125","2016-09-23","324","^"
"15125","2016-09-24","319",""
"15125","2016-09-25","319",""
"15125","2016-09-26","324",""
"15125","2016-09-27","328",""
"15125","2016-09-28","328",""
"15125","2016-09-29","328",""
"15125","2016-09-30","328",""
"15125","2016-10-01","328",""
"15125","2016-10-02","328",""
"15125","2016-10-03","328",""
"15125","2016-10-04","333",""
"15125","2016-10-05","337",""
"15125","2016-10-06","270","_"
"15125","2016-10-07","202","_"
"15125","2016-10-08","202","_"
"15125","2016-10-09","202","_"
"15125","2016-10-10","202","_"
"15125","2016-10-11","266","_"
"15125","2016-10-12","330",""
"15125","2016-10-13","330",""
"15125","2016-10-14","330",""
"15125","2016-10-15","330",""
"15125","2016-10-16","330",""
"15125","2016-10-17","330",""
"15125","2016-10-18","330",""
"15125","2016-10-19","349",""
"15125","2016-10-20","368",""
"15125","2016-10-21","368",""
"15125","2016-10-22","368",""
"15125","2016-10-23","368",""
"15125","2016-10-24","373","^"
"15125","2016-10-25","378","^"
"15125","2016-10-26","378","^"
"15125","2016-10-27","378","^"
"15125","2016-10-28","378","^"
"15125","2016-10-29","378","^"
"15125","2016-10-30","378","^"
"15125","2016-10-31","378","^"
"15125","2016-11-01","376","^"
"15125","2016-11-02","373",""
"15125","2016-11-03","373",""
"15125","2016-11-04","373",""
"15125","2016-11-05","373",""
"15125","2016-11-06","368",""
"15125","2016-11-07","363",""
"15125","2016-11-08","363",""
"15125","2016-11-09","363",""
"15125","2016-11-10","363",""
"15125","2016-11-11","359",""
"15125","2016-11-12","355",""
"15125","2016-11-13","355",""
"15125","2016-11-14","355",""
"15125","2016-11-15","355",""
"15125","2016-11-16","349",""
"15125","2016-11-17","343",""
"15125","2016-11-18","343",""
"15125","2016-11-19","343",""
"15125","2016-11-20","343",""
"15125","2016-11-21","343",""
"15125","2016-11-22","343",""
"15125","2016-11-23","341","_"
"15125","2016-11-24","339","_"
"15125","2016-11-25","339","_"
"15125","2016-11-26","339","_"
"15125","2016-11-27","339","_"
"15125","2016-11-28","339","_"
"15125","2016-11-29","339","_"
"15125","2016-11-30","339","_"
"15125","2016-12-01","339","^"
"15125","2016-12-02","339","^"
"15125","2016-12-03","339","^"
"15125","2016-12-04","339","^"
"15125","2016-12-05","332","^"
"15125","2016-12-06","325",""
"15125","2016-12-07","325",""
"15125","2016-12-08","325",""
"15125","2016-12-09","325",""
"15125","2016-12-10","325",""
"15125","2016-12-11","325",""
"15125","2016-12-12","325",""
"15125","2016-12-13","325",""
"15125","2016-12-14","331",""
"15125","2016-12-15","337",""
"15125","2016-12-16","337",""
"15125","2016-12-17","337",""
"15125","2016-12-18","337",""
"15125","2016-12-19","337",""
"15125","2016-12-20","337",""
"15125","2016-12-21","337",""
"15125","2016-12-22","328",""
"15125","2016-12-23","319",""
"15125","2016-12-24","310","_"
"15125","2016-12-25","301","_"
"15125","2016-12-26","301","_"
"15125","2016-12-27","301","_"
"15125","2016-12-28","301","_"
"15125","2016-12-29","301","_"
"15125","2016-12-30","301","_"
"15125","2016-12-31","301","_"
"15125","2017-01-01","301","_"
"15125","2017-01-02","301","_"
"15125","2017-01-03","310",""""
"15125","2017-01-04","319","^"
"15125","2017-01-05","319","^"
"15125","2017-01-06","319","^"
"15125","2017-01-07","319","^"
"15125","2017-01-08","319","^"
"15125","2017-01-09","319","^"
"15125","2017-01-10","319","^"
"15125","2017-01-11","319","^"
"15125","2017-01-12","315","^"
"15125","2017-01-13","311",""
"15125","2017-01-14","311",""
"15125","2017-01-15","311",""
"15125","2017-01-16","311",""
"15125","2017-01-17","311",""
"15125","2017-01-18","311",""
"15125","2017-01-19","311",""
"15125","2017-01-20","307",""
"15125","2017-01-21","302",""
"15125","2017-01-22","302",""
"15125","2017-01-23","302",""
"15125","2017-01-24","302",""
"15125","2017-01-25","302",""
"15125","2017-01-26","302",""
"15125","2017-01-27","302",""
"15125","2017-01-28","302",""
"15125","2017-01-29","302",""
"15125","2017-01-30","302",""
"15125","2017-01-31","302",""
"15125","2017-02-01","310","^"
"15125","2017-02-02","310","^"
"15125","2017-02-03","310","^"
"15125","2017-02-04","310","^"
"15125","2017-02-05","310","^"
"15125","2017-02-06","310","^"
"15125","2017-02-07","310","^"
"15125","2017-02-08","310","^"
"15125","2017-02-09","310","^"
"15125","2017-02-10","310","^"
"15125","2017-02-11","301",""""
"15125","2017-02-12","292","_"
"15125","2017-02-13","292","_"
"15125","2017-02-14","292","_"
"15125","2017-02-15","292","_"
"15125","2017-02-16","292","_"
"15125","2017-02-17","292","_"
"15125","2017-02-18","292","_"
"15125","2017-02-19","292","_"
"15125","2017-02-20","292","_"
"15125","2017-02-21","298","_"
"15125","2017-02-22","304",""
"15125","2017-02-23","304",""
"15125","2017-02-24","304",""
"15125","2017-02-25","304",""
"15125","2017-02-26","304",""
"15125","2017-02-27","305",""
"15125","2017-02-28","306",""
"15125","2017-03-01","306","^"
"15125","2017-03-02","306","^"
"15125","2017-03-03","306","^"
"15125","2017-03-04","306","^"
"15125","2017-03-05","306","^"
"15125","2017-03-06","306","^"
"15125","2017-03-07","306","^"
"15125","2017-03-08","306","^"
"15125","2017-03-09","306","^"
"15125","2017-03-10","306","^"
"15125","2017-03-11","306","^"
"15125","2017-03-12","306","^"
"15125","2017-03-13","306","^"
"15125","2017-03-14","306","^"
"15125","2017-03-15","306","^"
"15125","2017-03-16","306","^"
"15125","2017-03-17","306","^"
"15125","2017-03-18","294",""""
"15125","2017-03-19","282","_"
"15125","2017-03-20","282","_"
"15125","2017-03-21","282","_"
"15125","2017-03-22","282","_"
"15125","2017-03-23","282","_"
"15125","2017-03-24","282","_"
"15125","2017-03-25","282","_"
"15125","2017-03-26","282","_"
"15125","2017-03-27","283","_"
"15125","2017-03-28","284",""
"15125","2017-03-29","284",""
"15125","2017-03-30","284",""
"15125","2017-03-31","284",""
"15125","2017-04-01","284","_"
"15125","2017-04-02","284","_"
"15125","2017-04-03","286","_"
"15125","2017-04-04","300",""
"15125","2017-04-05","312",""
"15125","2017-04-06","312",""
"15125","2017-04-07","312",""
"15125","2017-04-08","320",""
"15125","2017-04-09","328",""
"15125","2017-04-10","328",""
"15125","2017-04-11","328",""
"15125","2017-04-12","328",""
"15125","2017-04-13","328",""
"15125","2017-04-14","334",""
"15125","2017-04-15","339",""
"15125","2017-04-16","339",""
"15125","2017-04-17","339",""
"15125","2017-04-18","347",""
"15125","2017-04-19","354",""
"15125","2017-04-20","354",""
"15125","2017-04-21","354",""
"15125","2017-04-22","362","^"
"15125","2017-04-23","370","^"
"15125","2017-04-24","370","^"
"15125","2017-04-25","370","^"
"15125","2017-04-26","370","^"
"15125","2017-04-27","370","^"
"15125","2017-04-28","370","^"
"15125","2017-04-29","370","^"
"15125","2017-04-30","370","^"
"15125","2017-05-01","378","^"
"15125","2017-05-02","385","^"
"15125","2017-05-03","385","^"
"15125","2017-05-04","385","^"
"15125","2017-05-05","368","^"
"15125","2017-05-06","350",""
"15125","2017-05-07","350",""
"15125","2017-05-08","350",""
"15125","2017-05-09","350",""
"15125","2017-05-10","331","_"
"15125","2017-05-11","312","_"
"15125","2017-05-12","312","_"
"15125","2017-05-13","312","_"
"15125","2017-05-14","312","_"
"15125","2017-05-15","312","_"
"15125","2017-05-16","312","_"
"15125","2017-05-17","314","_"
"15125","2017-05-18","316",""
"15125","2017-05-19","316",""
"15125","2017-05-20","320",""
"15125","2017-05-21","323",""
"15125","2017-05-22","323",""
"15125","2017-05-23","323",""
"15125","2017-05-24","323",""
"15125","2017-05-25","330",""
"15125","2017-05-26","337",""
"15125","2017-05-27","337",""
"15125","2017-05-28","337",""
"15125","2017-05-29","337",""
"15125","2017-05-30","327",""
"15125","2017-05-31","316",""
"15125","2017-06-01","316",""
"15125","2017-06-02","316",""
"15125","2017-06-03","316",""
"15125","2017-06-04","316",""
"15125","2017-06-05","316",""
"15125","2017-06-06","317","^"
"15125","2017-06-07","317","^"
"15125","2017-06-08","301","^"
"15125","2017-06-09","284",""
"15125","2017-06-10","284",""
"15125","2017-06-11","284",""
"15125","2017-06-12","284",""
"15125","2017-06-13","284",""
"15125","2017-06-14","284",""
"15125","2017-06-15","284",""
"15125","2017-06-16","284",""
"15125","2017-06-17","284",""
"15125","2017-06-18","284",""
"15125","2017-06-19","284",""
"15125","2017-06-20","284",""
"15125","2017-06-21","284",""
"15125","2017-06-22","284",""
"15125","2017-06-23","284",""
"15125","2017-06-24","284",""
"15125","2017-06-25","284",""
"15125","2017-06-26","280",""
"15125","2017-06-27","264","_"
"15125","2017-06-28","251","_"
"15125","2017-06-29","251","_"
"15125","2017-06-30","251","_"
"15125","2017-07-01","251","^"
"15125","2017-07-02","245","^"
"15125","2017-07-03","238",""
"15125","2017-07-04","238",""
"15125","2017-07-05","238",""
"15125","2017-07-06","237",""
"15125","2017-07-07","236",""
"15125","2017-07-08","236",""
"15125","2017-07-09","236",""
"15125","2017-07-10","236",""
"15125","2017-07-11","236",""
"15125","2017-07-12","230",""
"15125","2017-07-13","224",""
"15125","2017-07-14","224",""
"15125","2017-07-15","224",""
"15125","2017-07-16","224",""
"15125","2017-07-17","224",""
"15125","2017-07-18","221","_"
"15125","2017-07-19","219","_"
"15125","2017-07-20","219","_"
"15125","2017-07-21","219","_"
"15125","2017-07-22","219","_"
"15125","2017-07-23","221","_"
"15125","2017-07-24","223",""
"15125","2017-07-25","223",""
"15125","2017-07-26","223",""
"15125","2017-07-27","223",""
"15125","2017-07-28","223",""
"15125","2017-07-29","223",""
"15125","2017-07-30","223",""
"15125","2017-07-31","223",""
"15125","2017-08-01","223",""
"15125","2017-08-02","223",""
"15125","2017-08-03","223",""
"15125","2017-08-04","223",""
"15125","2017-08-05","223",""
"15125","2017-08-06","223",""
"15125","2017-08-07","222",""
"15125","2017-08-08","222",""
"15125","2017-08-09","222",""
"15125","2017-08-10","222",""
"15125","2017-08-11","222",""
"15125","2017-08-12","222",""
"15125","2017-08-13","222",""
"15125","2017-08-14","222",""
"15125","2017-08-15","222",""
"15125","2017-08-16","222",""
"15125","2017-08-17","228","^"
"15125","2017-08-18","217",""
"15125","2017-08-19","217",""
"15125","2017-08-20","217",""
"15125","2017-08-21","217",""
"15125","2017-08-22","217",""
"15125","2017-08-23","214",""
"15125","2017-08-24","211",""
"15125","2017-08-25","211",""
"15125","2017-08-26","204","_"
"15125","2017-08-27","196","_"
"15125","2017-08-28","196","_"
"15125","2017-08-29","196","_"
"15125","2017-08-30","196","_"
"15125","2017-08-31","196","_"
"15125","2017-09-01","196",""
"15125","2017-09-02","196",""
"15125","2017-09-03","196",""
"15125","2017-09-04","196",""
"15125","2017-09-05","196",""
"15125","2017-09-06","196",""
"15125","2017-09-07","193","_"
"15125","2017-09-08","190","_"
"15125","2017-09-09","190","_"
"15125","2017-09-10","190","_"
"15125","2017-09-11","190","_"
"15125","2017-09-12","190","_"
"15125","2017-09-13","190","_"
"15125","2017-09-14","190","_"
"15125","2017-09-15","190","_"
"15125","2017-09-16","190","_"
"15125","2017-09-17","190","_"
"15125","2017-09-18","190","_"
"15125","2017-09-19","190","_"
"15125","2017-09-20","190","_"
"15125","2017-09-21","213",""""
"15125","2017-09-22","236","^"
"15125","2017-09-23","236","^"
"15125","2017-09-24","236","^"
"15125","2017-09-25","236","^"
"15125","2017-09-26","236","^"
"15125","2017-09-27","236","^"
"15125","2017-09-28","236","^"
"15125","2017-09-29","236","^"
"15125","2017-09-30","236","^"
"15125","2017-10-01","236","_"
"15125","2017-10-02","257","_"
"15125","2017-10-03","277",""
"15125","2017-10-04","277",""
"15125","2017-10-05","277",""
"15125","2017-10-06","293",""
"15125","2017-10-07","308",""
"15125","2017-10-08","308",""
"15125","2017-10-09","308",""
"15125","2017-10-10","308",""
"15125","2017-10-11","308",""
"15125","2017-10-12","308",""
"15125","2017-10-13","308",""
"15125","2017-10-14","308",""
"15125","2017-10-15","308",""
"15125","2017-10-16","308",""
"15125","2017-10-17","318","^"
"15125","2017-10-18","328","^"
"15125","2017-10-19","328","^"
"15125","2017-10-20","328","^"
"15125","2017-10-21","328","^"
"15125","2017-10-22","328","^"
"15125","2017-10-23","328","^"
"15125","2017-10-24","328","^"
"15125","2017-10-25","328","^"
"15125","2017-10-26","322","^"
"15125","2017-10-27","316",""
"15125","2017-10-28","316",""
"15125","2017-10-29","316",""
"15125","2017-10-30","316",""
"15125","2017-10-31","316",""
"15125","2017-11-01","321","_"
"15125","2017-11-02","326",""
"15125","2017-11-03","326",""
"15125","2017-11-04","326",""
"15125","2017-11-05","326",""
"15125","2017-11-06","326",""
"15125","2017-11-07","326",""
"15125","2017-11-08","332",""
"15125","2017-11-09","338",""
"15125","2017-11-10","338",""
"15125","2017-11-11","338",""
"15125","2017-11-12","338",""
"15125","2017-11-13","338",""
"15125","2017-11-14","338",""
"15125","2017-11-15","338",""
"15125","2017-11-16","348","^"
"15125","2017-11-17","357","^"
"15125","2017-11-18","357","^"
"15125","2017-11-19","357","^"
"15125","2017-11-20","357","^"
"15125","2017-11-21","357","^"
"15125","2017-11-22","357","^"
"15125","2017-11-23","357","^"
"15125","2017-11-24","357","^"
"15125","2017-11-25","357","^"
"15125","2017-11-26","357","^"
"15125","2017-11-27","356","^"
"15125","2017-11-28","354",""
"15125","2017-11-29","354",""
"15125","2017-11-30","354",""
"15125","2017-12-01","354","^"
"15125","2017-12-02","354","^"
"15125","2017-12-03","354","^"
"15125","2017-12-04","354","^"
"15125","2017-12-05","354","^"
"15125","2017-12-06","354","^"
"15125","2017-12-07","354","^"
"15125","2017-12-08","354","^"
"15125","2017-12-09","354","^"
"15125","2017-12-10","354","^"
"15125","2017-12-11","354","^"
"15125","2017-12-12","336","^"
"15125","2017-12-13","317",""
"15125","2017-12-14","317",""
"15125","2017-12-15","317",""
"15125","2017-12-16","317",""
"15125","2017-12-17","317",""
"15125","2017-12-18","317",""
"15125","2017-12-19","317",""
"15125","2017-12-20","317",""
"15125","2017-12-21","317",""
"15125","2017-12-22","317",""
"15125","2017-12-23","317",""
"15125","2017-12-24","309",""
"15125","2017-12-25","301",""
"15125","2017-12-26","301",""
"15125","2017-12-27","299","_"
"15125","2017-12-28","296","_"
"15125","2017-12-29","296","_"
"15125","2017-12-30","296","_"
"15125","2017-12-31","296","_"
"15125","2018-01-01","296","^"
"15125","2018-01-02","296","^"
"15125","2018-01-03","296","^"
"15125","2018-01-04","296","^"
"15125","2018-01-05","296","^"
"15125","2018-01-06","296","^"
"15125","2018-01-07","294","^"
"15125","2018-01-08","291",""
"15125","2018-01-09","291",""
"15125","2018-01-10","291",""
"15125","2018-01-11","289","_"
"15125","2018-01-12","286","_"
"15125","2018-01-13","286","_"
"15125","2018-01-14","286","_"
"15125","2018-01-15","286","_"
"15125","2018-01-16","286","_"
"15125","2018-01-17","286","_"
"15125","2018-01-18","286","_"
"15125","2018-01-19","286","_"
"15125","2018-01-20","286","_"
"15125","2018-01-21","286","_"
"15125","2018-01-22","286","_"
"15125","2018-01-23","286","_"
"15125","2018-01-24","286","_"
"15125","2018-01-25","286","_"
"15125","2018-01-26","286","_"
"15125","2018-01-27","286","_"
"15125","2018-01-28","286","_"
"15125","2018-01-29","286","_"
"15125","2018-01-30","286","_"
"15125","2018-01-31","286","_"
"15125","2018-02-01","284",""""
"15125","2018-02-02","282","_"
"15125","2018-02-03","282","_"
"15125","2018-02-04","282","_"
"15125","2018-02-05","282","_"
"15125","2018-02-06","282","_"
"15125","2018-02-07","282","_"
"15125","2018-02-08","282","_"
"15125","2018-02-09","282","_"
"15125","2018-02-10","282","_"
"15125","2018-02-11","282","_"
"15125","2018-02-12","282","_"
"15125","2018-02-13","282","_"
"15125","2018-02-14","282","_"
"15125","2018-02-15","282","_"
"15125","2018-02-16","282","_"
"15125","2018-02-17","282","_"
"15125","2018-02-18","282","_"
"15125","2018-02-19","282","_"
"15125","2018-02-20","282","_"
"15125","2018-02-21","282","_"
"15125","2018-02-22","282","_"
"15125","2018-02-23","282","_"
"15125","2018-02-24","282","_"
"15125","2018-02-25","282","_"
"15125","2018-02-26","282","_"
"15125","2018-02-27","282","_"
"15125","2018-02-28","282","_"
"15125","2018-03-01","282","_"
"15125","2018-03-02","282","_"
"15125","2018-03-03","287","_"
"15125","2018-03-04","292",""
"15125","2018-03-05","292",""
"15125","2018-03-06","292",""
"15125","2018-03-07","292",""
"15125","2018-03-08","292",""
"15125","2018-03-09","292",""
"15125","2018-03-10","292",""
"15125","2018-03-11","292",""
"15125","2018-03-12","292",""
"15125","2018-03-13","292",""
"15125","2018-03-14","292",""
"15125","2018-03-15","292",""
"15125","2018-03-16","292",""
"15125","2018-03-17","292",""
"15125","2018-03-18","292",""
"15125","2018-03-19","293","^"
"15125","2018-03-20","293","^"
"15125","2018-03-21","293","^"
"15125","2018-03-22","293","^"
"15125","2018-03-23","293","^"
"15125","2018-03-24","293","^"
"15125","2018-03-25","293","^"
"15125","2018-03-26","293","^"
"15125","2018-03-27","293","^"
"15125","2018-03-28","293","^"
"15125","2018-03-29","293","^"
"15125","2018-03-30","293","^"
"15125","2018-03-31","293","^"
"15125","2018-04-01","293","_"
"15125","2018-04-02","293","_"
"15125","2018-04-03","293","_"
"15125","2018-04-04","293","_"
"15125","2018-04-05","293","_"
"15125","2018-04-06","293","_"
"15125","2018-04-07","293","_"
"15125","2018-04-08","293","_"
"15125","2018-04-09","294",""""
"15125","2018-04-10","295","^"
"15125","2018-04-11","295","^"
"15125","2018-04-12","295","^"
"15125","2018-04-13","295","^"
"15125","2018-04-14","295","^"
"15125","2018-04-15","295","^"
"15125","2018-04-16","295","^"
"15125","2018-04-17","295","^"
"15125","2018-04-18","295","^"
"15125","2018-04-19","295","^"
"15125","2018-04-20","295","^"
"15125","2018-04-21","295","^"
"15125","2018-04-22","295","^"
"15125","2018-04-23","295","^"
"15125","2018-04-24","295","^"
"15125","2018-04-25","295","^"
"15125","2018-04-26","295","^"
"15125","2018-04-27","295","^"
"15125","2018-04-28","295","^"
"15125","2018-04-29","295","^"
"15125","2018-04-30","295","^"
"15125","2018-05-01","295","^"
"15125","2018-05-02","295","^"
"15125","2018-05-03","295","^"
"15125","2018-05-04","295","^"
"15125","2018-05-05","295","^"
"15125","2018-05-06","295","^"
"15125","2018-05-07","295","^"
"15125","2018-05-08","295","^"
"15125","2018-05-09","295","^"
"15125","2018-05-10","275","^"
"15125","2018-05-11","255",""
"15125","2018-05-12","255",""
"15125","2018-05-13","255",""
"15125","2018-05-14","255",""
"15125","2018-05-15","255",""
"15125","2018-05-16","255",""
"15125","2018-05-17","258",""
"15125","2018-05-18","261",""
"15125","2018-05-19","249","_"
"15125","2018-05-20","236","_"
"15125","2018-05-21","236","_"
"15125","2018-05-22","236","_"
"15125","2018-05-23","236","_"
"15125","2018-05-24","236","_"
"15125","2018-05-25","236","_"
"15125","2018-05-26","236","_"
"15125","2018-05-27","236","_"
"15125","2018-05-28","236","_"
"15125","2018-05-29","248","_"
"15125","2018-05-30","259",""
"15125","2018-05-31","259",""
"15125","2018-06-01","259","^"
"15125","2018-06-02","259","^"
"15125","2018-06-03","259","^"
"15125","2018-06-04","259","^"
"15125","2018-06-05","259","^"
"15125","2018-06-06","241","^"
"15125","2018-06-07","222",""
"15125","2018-06-08","222",""
"15125","2018-06-09","222",""
"15125","2018-06-10","222",""
"15125","2018-06-11","222",""
"15125","2018-06-12","222",""
"15125","2018-06-13","222",""
"15125","2018-06-14","215",""
"15125","2018-06-15","207",""
"15125","2018-06-16","207",""
"15125","2018-06-17","207",""
"15125","2018-06-18","201","_"
"15125","2018-06-19","195","_"
"15125","2018-06-20","195","_"
"15125","2018-06-21","195","_"
"15125","2018-06-22","195","_"
"15125","2018-06-23","195","_"
"15125","2018-06-24","195","_"
"15125","2018-06-25","195","_"
"15125","2018-06-26","195","_"
"15125","2018-06-27","197","_"
"15125","2018-06-28","198",""
"15125","2018-06-29","198",""
"15125","2018-06-30","198",""
"15125","2018-07-01","198",""""
"15125","2018-07-02","198",""""
"15125","2018-07-03","198",""""
"15125","2018-07-04","198",""""
"15125","2018-07-05","198",""""
"15125","2018-07-06","198",""""
"15125","2018-07-07","198",""""
"15125","2018-07-08","198",""""
"15125","2018-07-09","198",""""
"15125","2018-07-10","198",""""
"15125","2018-07-11","198",""""
"15125","2018-07-12","198",""""
"15125","2018-07-13","198",""""
"15125","2018-07-14","198",""""
"15125","2018-07-15","198",""""
"15125","2018-07-16","198",""""
"15125","2018-07-17","198",""""
"15125","2018-07-18","198",""""
"15125","2018-07-19","198",""""
"15125","2018-07-20","198",""""
"15125","2018-07-21","198",""""
"15125","2018-07-22","198",""""
"15125","2018-07-23","198",""""
"15125","2018-07-24","198",""""
"15125","2018-07-25","198",""""
"15125","2018-07-26","198",""""
"15125","2018-07-27","198",""""
"15125","2018-07-28","198",""""
"15125","2018-07-29","198",""""
"15125","2018-07-30","198",""""
"15125","2018-07-31","198",""""
"15125","2018-08-01","198",""
"15125","2018-08-02","198",""
"15125","2018-08-03","198",""
"15125","2018-08-04","198",""
"15125","2018-08-05","198",""
"15125","2018-08-06","198",""
"15125","2018-08-07","198",""
"15125","2018-08-08","198",""
"15125","2018-08-09","197",""
"15125","2018-08-10","196",""
"15125","2018-08-11","196",""
"15125","2018-08-12","196",""
"15125","2018-08-13","196",""
"15125","2018-08-14","196",""
"15125","2018-08-15","196",""
"15125","2018-08-16","196",""
"15125","2018-08-17","196",""
"15125","2018-08-18","195","_"
"15125","2018-08-19","194","_"
"15125","2018-08-20","194","_"
"15125","2018-08-21","194","_"
"15125","2018-08-22","194","_"
"15125","2018-08-23","194","_"
"15125","2018-08-24","194","_"
"15125","2018-08-25","194","_"
"15125","2018-08-26","255",""""
"15125","2018-08-27","316","^"
"15125","2018-08-28","316","^"
"15125","2018-08-29","316","^"
"15125","2018-08-30","316","^"
"15125","2018-08-31","316","^"
"15125","2018-09-01","316","^"
"15125","2018-09-02","316","^"
"15125","2018-09-03","316","^"
"15125","2018-09-04","316","^"
"15125","2018-09-05","316","^"
"15125","2018-09-06","316","^"
"15125","2018-09-07","316","^"
"15125","2018-09-08","316","^"
"15125","2018-09-09","282",""""
"15125","2018-09-10","247","_"
"15125","2018-09-11","247","_"
"15125","2018-09-12","247","_"
"15125","2018-09-13","247","_"
"15125","2018-09-14","247","_"
"15125","2018-09-15","247","_"
"15125","2018-09-16","247","_"
"15125","2018-09-17","249","_"
"15125","2018-09-18","250",""
"15125","2018-09-19","250",""
"15125","2018-09-20","250",""
"15125","2018-09-21","250",""
"15125","2018-09-22","250",""
"15125","2018-09-23","250",""
"15125","2018-09-24","250",""
"15125","2018-09-25","270",""
"15125","2018-09-26","290",""
"15125","2018-09-27","290",""
"15125","2018-09-28","290",""
"15125","2018-09-29","290",""
"15125","2018-09-30","290",""
"15125","2018-10-01","290","_"
"15125","2018-10-02","290","_"
"15125","2018-10-03","290","_"
"15125","2018-10-04","290","_"
"15125","2018-10-05","290","_"
"15125","2018-10-06","290","_"
"15125","2018-10-07","290","_"
"15125","2018-10-08","290","_"
"15125","2018-10-09","290","_"
"15125","2018-10-10","290","_"
"15125","2018-10-11","290","_"
"15125","2018-10-12","290","_"
"15125","2018-10-13","290","_"
"15125","2018-10-14","290","_"
"15125","2018-10-15","290","_"
"15125","2018-10-16","290","_"
"15125","2018-10-17","290","_"
"15125","2018-10-18","297",""""
"15125","2018-10-19","304","^"
"15125","2018-10-20","304","^"
"15125","2018-10-21","304","^"
"15125","2018-10-22","304","^"
"15125","2018-10-23","304","^"
"15125","2018-10-24","304","^"
"15125","2018-10-25","304","^"
"15125","2018-10-26","301","^"
"15125","2018-10-27","298",""
"15125","2018-10-28","298",""
"15125","2018-10-29","298",""
"15125","2018-10-30","298",""
"15125","2018-10-31","298",""
"15125","2018-11-01","298","_"
"15125","2018-11-02","298","_"
"15125","2018-11-03","298","_"
"15125","2018-11-04","298","_"
"15125","2018-11-05","298","_"
"15125","2018-11-06","328","_"
"15125","2018-11-07","358",""
"15125","2018-11-08","358",""
"15125","2018-11-09","358",""
"15125","2018-11-10","358",""
"15125","2018-11-11","358",""
"15125","2018-11-12","358",""
"15125","2018-11-13","358",""
"15125","2018-11-14","363","^"
"15125","2018-11-15","367","^"
"15125","2018-11-16","367","^"
"15125","2018-11-17","367","^"
"15125","2018-11-18","367","^"
"15125","2018-11-19","367","^"
"15125","2018-11-20","364","^"
"15125","2018-11-21","360",""
"15125","2018-11-22","360",""
"15125","2018-11-23","360",""
"15125","2018-11-24","360",""
"15125","2018-11-25","360",""
"15125","2018-11-26","360",""
"15125","2018-11-27","356",""
"15125","2018-11-28","352",""
"15125","2018-11-29","352",""
"15125","2018-11-30","352",""
"15125","2018-12-01","352","^"
"15125","2018-12-02","352","^"
"15125","2018-12-03","352","^"
"15125","2018-12-04","352","^"
"15125","2018-12-05","352","^"
"15125","2018-12-06","352","^"
"15125","2018-12-07","352","^"
"15125","2018-12-08","342",""""
"15125","2018-12-09","332","_"
"15125","2018-12-10","332","_"
"15125","2018-12-11","332","_"
"15125","2018-12-12","332","_"
"15125","2018-12-13","332","_"
"15125","2018-12-14","332","_"
"15125","2018-12-15","332","_"
"15125","2018-12-16","334","_"
"15125","2018-12-17","336",""
"15125","2018-12-18","336",""
"15125","2018-12-19","336",""
"15125","2018-12-20","336",""
"15125","2018-12-21","336",""
"15125","2018-12-22","336",""
"15125","2018-12-23","336",""
"15125","2018-12-24","336",""
"15125","2018-12-25","336",""
"15125","2018-12-26","336",""
"15125","2018-12-27","334","_"
"15125","2018-12-28","332","_"
"15125","2018-12-29","332","_"
"15125","2018-12-30","332","_"
"15125","2018-12-31","332","_"
"15125","2019-01-01","332",""
"15125","2019-01-02","332",""
"15125","2019-01-03","332",""
"15125","2019-01-04","332",""
"15125","2019-01-05","332",""
"15125","2019-01-06","332",""
"15125","2019-01-07","332",""
"15125","2019-01-08","332",""
"15125","2019-01-09","332",""
"15125","2019-01-10","332",""
"15125","2019-01-11","332",""
"15125","2019-01-12","332",""
"15125","2019-01-13","332",""
"15125","2019-01-14","332",""
"15125","2019-01-15","332",""
"15125","2019-01-16","331",""
"15125","2019-01-17","329",""
"15125","2019-01-18","329",""
"15125","2019-01-19","329",""
"15125","2019-01-20","329",""
"15125","2019-01-21","342","^"
"15125","2019-01-22","355","^"
"15125","2019-01-23","355","^"
"15125","2019-01-24","350","^"
"15125","2019-01-25","345",""
"15125","2019-01-26","345",""
"15125","2019-01-27","345",""
"15125","2019-01-28","345",""
"15125","2019-01-29","332",""
"15125","2019-01-30","307","_"
"15125","2019-01-31","296","_"
"15125","2019-02-01","296","^"
"15125","2019-02-02","296","^"
"15125","2019-02-03","296","^"
"15125","2019-02-04","296","^"
"15125","2019-02-05","282",""""
"15125","2019-02-06","268","_"
"15125","2019-02-07","268","_"
"15125","2019-02-08","268","_"
"15125","2019-02-09","268","_"
"15125","2019-02-10","268","_"
"15125","2019-02-11","268","_"
"15125","2019-02-12","268","_"
"15125","2019-02-13","268","_"
"15125","2019-02-14","268","_"
"15125","2019-02-15","268","_"
"15125","2019-02-16","268","_"
"15125","2019-02-17","268","_"
"15125","2019-02-18","268","_"
"15125","2019-02-19","268","_"
"15125","2019-02-20","268","_"
"15125","2019-02-21","271","_"
"15125","2019-02-22","273",""
"15125","2019-02-23","273",""
"15125","2019-02-24","273",""
"15125","2019-02-25","273",""
"15125","2019-02-26","278",""
"15125","2019-02-27","283",""
"15125","2019-02-28","283",""
"15125","2019-03-01","283",""
"15125","2019-03-02","283",""
"15125","2019-03-03","283",""
"15125","2019-03-04","283",""
"15125","2019-03-05","283",""
"15125","2019-03-06","283",""
"15125","2019-03-07","283",""
"15125","2019-03-08","284","^"
"15125","2019-03-09","284","^"
"15125","2019-03-10","284","^"
"15125","2019-03-11","284","^"
"15125","2019-03-12","267","^"
"15125","2019-03-13","250",""
"15125","2019-03-14","244",""
"15125","2019-03-15","233","_"
"15125","2019-03-16","233","_"
"15125","2019-03-17","238",""
"15125","2019-03-18","238",""
"15125","2019-03-19","238",""
"15125","2019-03-20","238",""
"15125","2019-03-21","238",""
"15125","2019-03-22","238",""
"15125","2019-03-23","238",""
"15125","2019-03-24","238",""
"15125","2019-03-25","238",""
"15125","2019-03-26","238",""
"15125","2019-03-27","238",""
"15125","2019-03-28","238",""
"15125","2019-03-29","238",""
"15125","2019-03-30","238",""
"15125","2019-03-31","238",""
"15125","2019-04-01","238","_"
"15125","2019-04-02","238","_"
"15125","2019-04-03","238","_"
"15125","2019-04-04","272","_"
"15125","2019-04-05","306",""
"15125","2019-04-06","306",""
"15125","2019-04-07","306",""
"15125","2019-04-08","306",""
"15125","2019-04-09","306",""
"15125","2019-04-10","306",""
"15125","2019-04-11","306",""
"15125","2019-04-12","306",""
"15125","2019-04-13","306",""
"15125","2019-04-14","306",""
"15125","2019-04-15","306",""
"15125","2019-04-16","302",""
"15125","2019-04-17","297",""
"15125","2019-04-18","297",""
"15125","2019-04-19","297",""
"15125","2019-04-20","297",""
"15125","2019-04-21","297",""
"15125","2019-04-22","297",""
"15125","2019-04-23","295",""
"15125","2019-04-24","293",""
"15125","2019-04-25","293",""
"15125","2019-04-26","303","^"
"15125","2019-04-27","313","^"
"15125","2019-04-28","313","^"
"15125","2019-04-29","313","^"
"15125","2019-04-30","313","^"
"15125","2019-05-01","313","^"
"15125","2019-05-02","313","^"
"15125","2019-05-03","313","^"
"15125","2019-05-04","313","^"
"15125","2019-05-05","313","^"
"15125","2019-05-06","313","^"
"15125","2019-05-07","313","^"
"15125","2019-05-08","309","^"
"15125","2019-05-09","305",""
"15125","2019-05-10","305",""
"15125","2019-05-11","298",""
"15125","2019-05-12","273",""
"15125","2019-05-13","256",""
"15125","2019-05-14","256",""
"15125","2019-05-15","256",""
"15125","2019-05-16","243",""
"15125","2019-05-17","230",""
"15125","2019-05-18","230",""
"15125","2019-05-19","230",""
"15125","2019-05-20","230",""
"15125","2019-05-21","240",""
"15125","2019-05-22","250",""
"15125","2019-05-23","250",""
"15125","2019-05-24","231",""
"15125","2019-05-25","211",""
"15125","2019-05-26","210",""
"15125","2019-05-27","208",""
"15125","2019-05-28","208",""
"15125","2019-05-29","208",""
"15125","2019-05-30","206","_"
"15125","2019-05-31","204","_"
"15125","2019-06-01","204","^"
"15125","2019-06-02","204","^"
"15125","2019-06-03","204","^"
"15125","2019-06-04","204","^"
"15125","2019-06-05","204","^"
"15125","2019-06-06","204","^"
"15125","2019-06-07","204","^"
"15125","2019-06-08","204","^"
"15125","2019-06-09","204","^"
"15125","2019-06-10","204","^"
"15125","2019-06-11","204","^"
"15125","2019-06-12","204","^"
"15125","2019-06-13","204","^"
"15125","2019-06-14","204","^"
"15125","2019-06-15","204","^"
"15125","2019-06-16","204","^"
"15125","2019-06-17","203",""
"15125","2019-06-18","203",""
"15125","2019-06-19","203",""
"15125","2019-06-20","203",""
"15125","2019-06-21","203",""
"15125","2019-06-22","203",""
"15125","2019-06-23","203",""
"15125","2019-06-24","203",""
"15125","2019-06-25","203",""
"15125","2019-06-26","203",""
"15125","2019-06-27","203","_"
"15125","2019-06-28","202","_"
"15125","2019-06-29","202","_"
"15125","2019-06-30","202","_"
"15125","2019-07-01","202",""
"15125","2019-07-02","202",""
"15125","2019-07-03","202",""
"15125","2019-07-04","202",""
"15125","2019-07-05","202",""
"15125","2019-07-06","202",""
"15125","2019-07-07","200","_"
"15125","2019-07-08","198","_"
"15125","2019-07-09","201","_"
"15125","2019-07-10","203",""
"15125","2019-07-11","203",""
"15125","2019-07-12","203",""
"15125","2019-07-13","203",""
"15125","2019-07-14","203",""
"15125","2019-07-15","203",""
"15125","2019-07-16","215",""
"15125","2019-07-17","226",""
"15125","2019-07-18","226",""
"15125","2019-07-19","226",""
"15125","2019-07-20","226",""
"15125","2019-07-21","226",""
"15125","2019-07-22","226",""
"15125","2019-07-23","226",""
"15125","2019-07-24","226",""
"15125","2019-07-25","226",""
"15125","2019-07-26","247","^"
"15125","2019-07-27","268","^"
"15125","2019-07-28","268","^"
"15125","2019-07-29","268","^"
"15125","2019-07-30","268","^"
"15125","2019-07-31","268","^"
"15125","2019-08-01","268","^"
"15125","2019-08-02","268","^"
"15125","2019-08-03","268","^"
"15125","2019-08-04","268","^"
"15125","2019-08-05","268","^"
"15125","2019-08-06","268","^"
"15125","2019-08-07","268","^"
"15125","2019-08-08","268","^"
"15125","2019-08-09","268","^"
"15125","2019-08-10","268","^"
"15125","2019-08-11","268","^"
"15125","2019-08-12","268","^"
"15125","2019-08-13","268","^"
"15125","2019-08-14","268","^"
"15125","2019-08-15","268","^"
"15125","2019-08-16","267","^"
"15125","2019-08-17","266",""
"15125","2019-08-18","266",""
"15125","2019-08-19","266",""
"15125","2019-08-20","266",""
"15125","2019-08-21","266",""
"15125","2019-08-22","266",""
"15125","2019-08-23","266",""
"15125","2019-08-24","266",""
"15125","2019-08-25","266",""
"15125","2019-08-26","266",""
"15125","2019-08-27","264","_"
"15125","2019-08-28","261","_"
"15125","2019-08-29","261","_"
"15125","2019-08-30","261","_"
"15125","2019-08-31","261","_"
"15125","2019-09-01","261",""
"15125","2019-09-02","261",""
"15125","2019-09-03","260",""
"15125","2019-09-04","258",""
"15125","2019-09-05","248",""
"15125","2019-09-06","238",""
"15125","2019-09-07","238",""
"15125","2019-09-08","238",""
"15125","2019-09-09","238",""
"15125","2019-09-10","238",""
"15125","2019-09-11","238",""
"15125","2019-09-12","238",""
"15125","2019-09-13","238",""
"15125","2019-09-14","238",""
"15125","2019-09-15","237","_"
"15125","2019-09-16","235","_"
"15125","2019-09-17","235","_"
"15125","2019-09-18","235","_"
"15125","2019-09-19","235","_"
"15125","2019-09-20","235","_"
"15125","2019-09-21","235","_"
"15125","2019-09-22","235","_"
"15125","2019-09-23","235","_"
"15125","2019-09-24","235","_"
"15125","2019-09-25","235","_"
"15125","2019-09-26","250",""""
"15125","2019-09-27","264","^"
"15125","2019-09-28","264","^"
"15125","2019-09-29","264","^"
"15125","2019-09-30","264","^"
"15125","2019-10-01","264","_"
"15125","2019-10-02","264","_"
"15125","2019-10-03","264","_"
"15125","2019-10-04","264","_"
"15125","2019-10-05","264","_"
"15125","2019-10-06","264","_"
"15125","2019-10-07","264","_"
"15125","2019-10-08","273","_"
"15125","2019-10-09","281",""
"15125","2019-10-10","281",""
"15125","2019-10-11","281",""
"15125","2019-10-12","281",""
"15125","2019-10-13","281",""
"15125","2019-10-14","281",""
"15125","2019-10-15","281",""
"15125","2019-10-16","281",""
"15125","2019-10-17","288","^"
"15125","2019-10-18","294","^"
"15125","2019-10-19","294","^"
"15125","2019-10-20","294","^"
"15125","2019-10-21","294","^"
"15125","2019-10-22","293","^"
"15125","2019-10-23","292",""
"15125","2019-10-24","292",""
"15125","2019-10-25","292",""
"15125","2019-10-26","292",""
"15125","2019-10-27","278","_"
"15125","2019-10-28","264","_"
"15125","2019-10-29","264","_"
"15125","2019-10-30","264","_"
"15125","2019-10-31","264","_"
"15125","2019-11-01","264","_"
"15125","2019-11-02","264","_"
"15125","2019-11-03","264","_"
"15125","2019-11-04","264","_"
"15125","2019-11-05","264","_"
"15125","2019-11-06","264","_"
"15125","2019-11-07","264","_"
"15125","2019-11-08","264","_"
"15125","2019-11-09","264","_"
"15125","2019-11-10","278","_"
"15125","2019-11-11","292",""
"15125","2019-11-12","292",""
"15125","2019-11-13","292",""
"15125","2019-11-14","292",""
"15125","2019-11-15","292",""
"15125","2019-11-16","292",""
"15125","2019-11-17","310",""
"15125","2019-11-18","328",""
"15125","2019-11-19","328",""
"15125","2019-11-20","328",""
"15125","2019-11-21","328",""
"15125","2019-11-22","328",""
"15125","2019-11-23","328",""
"15125","2019-11-24","328",""
"15125","2019-11-25","328",""
"15125","2019-11-26","328",""
"15125","2019-11-27","333","^"
"15125","2019-11-28","336","^"
"15125","2019-11-29","334",""
"15125","2019-11-30","334",""
"15125","2019-12-01","334",""
"15125","2019-12-02","334",""
"15125","2019-12-03","334",""
"15125","2019-12-04","334",""
"15125","2019-12-05","331",""
"15125","2019-12-06","328",""
"15125","2019-12-07","328",""
"15125","2019-12-08","306","_"
"15125","2019-12-09","284","_"
"15125","2019-12-10","311",""""
"15125","2019-12-11","338","^"
"15125","2019-12-12","338","^"
"15125","2019-12-13","338","^"
"15125","2019-12-14","338","^"
"15125","2019-12-15","337","^"
"15125","2019-12-16","336",""
"15125","2019-12-17","336",""
"15125","2019-12-18","336",""
"15125","2019-12-19","336",""
"15125","2019-12-20","336",""
"15125","2019-12-21","336",""
"15125","2019-12-22","336",""
"15125","2019-12-23","336",""
"15125","2019-12-24","336",""
"15125","2019-12-25","336",""
"15125","2019-12-26","336",""
"15125","2019-12-27","336",""
"15125","2019-12-28","336",""
"15125","2019-12-29","331",""
"15125","2019-12-30","326",""
"15125","2019-12-31","326",""
"15125","2020-01-01","326","^"
"15125","2020-01-02","326","^"
"15125","2020-01-03","326","^"
"15125","2020-01-04","326","^"
"15125","2020-01-05","326","^"
"15125","2020-01-06","326","^"
"15125","2020-01-07","326","^"
"15125","2020-01-08","326","^"
"15125","2020-01-09","326","^"
"15125","2020-01-10","326","^"
"15125","2020-01-11","326","^"
"15125","2020-01-12","326","^"
"15125","2020-01-13","326","^"
"15125","2020-01-14","326","^"
"15125","2020-01-15","326","^"
"15125","2020-01-16","326","^"
"15125","2020-01-17","326","^"
"15125","2020-01-18","326","^"
"15125","2020-01-19","325","^"
"15125","2020-01-20","324",""
"15125","2020-01-21","324",""
"15125","2020-01-22","324",""
"15125","2020-01-23","324",""
"15125","2020-01-24","324",""
"15125","2020-01-25","324",""
"15125","2020-01-26","324",""
"15125","2020-01-27","324",""
"15125","2020-01-28","298","_"
"15125","2020-01-29","298","_"
"15125","2020-01-30","298","_"
"15125","2020-01-31","298","_"
"15125","2020-02-01","298","^"
"15125","2020-02-02","298","^"
"15125","2020-02-03","298","^"
"15125","2020-02-04","298","^"
"15125","2020-02-05","298","^"
"15125","2020-02-06","298","^"
"15125","2020-02-07","298","^"
"15125","2020-02-08","298","^"
"15125","2020-02-09","298","^"
"15125","2020-02-10","298","^"
"15125","2020-02-11","298","^"
"15125","2020-02-12","298","^"
"15125","2020-02-13","298","^"
"15125","2020-02-14","298","^"
"15125","2020-02-15","298","^"
"15125","2020-02-16","298","^"
"15125","2020-02-17","298","^"
"15125","2020-02-18","298","^"
"15125","2020-02-19","298","^"
"15125","2020-02-20","298","^"
"15125","2020-02-21","298","^"
"15125","2020-02-22","298","^"
"15125","2020-02-23","298","^"
"15125","2020-02-24","298","^"
"15125","2020-02-25","295",""""
"15125","2020-02-26","292","_"
"15125","2020-02-27","292","_"
"15125","2020-02-28","292","_"
"15125","2020-02-29","292","_"
"15125","2020-03-01","292","^"
"15125","2020-03-02","292","^"
"15125","2020-03-03","292","^"
"15125","2020-03-04","220",""""
"15125","2020-03-05","182","_"
"15125","2020-03-06","215",""
"15125","2020-03-07","215",""
"15125","2020-03-08","218",""
"15125","2020-03-09","233",""
"15125","2020-03-10","245",""
"15125","2020-03-11","245",""
"15125","2020-03-12","260",""
"15125","2020-03-13","274",""
"15125","2020-03-14","274",""
"15125","2020-03-15","274",""
"15125","2020-03-16","274",""
"15125","2020-03-17","274",""
"15125","2020-03-18","274",""
"15125","2020-03-19","275",""
"15125","2020-03-20","275",""
"15125","2020-03-21","275",""
"15125","2020-03-22","275",""
"15125","2020-03-23","275",""
"15125","2020-03-24","275",""
"15125","2020-03-25","275",""
"15125","2020-03-26","275",""
"15125","2020-03-27","275",""
"15125","2020-03-28","275",""
"15125","2020-03-29","275",""
"15125","2020-03-30","275",""
"15125","2020-03-31","275",""
"15125","2020-04-01","275","_"
"15125","2020-04-02","275","_"
"15125","2020-04-03","275","_"
"15125","2020-04-04","275","_"
"15125","2020-04-05","275","_"
"15125","2020-04-06","275","_"
"15125","2020-04-07","276","_"
"15125","2020-04-08","277",""
"15125","2020-04-09","277",""
"15125","2020-04-10","277",""
"15125","2020-04-11","277",""
"15125","2020-04-12","277",""
"15125","2020-04-13","277",""
"15125","2020-04-14","277",""
"15125","2020-04-15","277",""
"15125","2020-04-16","277",""
"15125","2020-04-17","277",""
"15125","2020-04-18","277",""
"15125","2020-04-19","277",""
"15125","2020-04-20","277",""
"15125","2020-04-21","277",""
"15125","2020-04-22","277",""
"15125","2020-04-23","277",""
"15125","2020-04-24","277",""
"15125","2020-04-25","277",""
"15125","2020-04-26","278","^"
"15125","2020-04-27","278","^"
"15125","2020-04-28","278","^"
"15125","2020-04-29","278","^"
"15125","2020-04-30","278","^"
"15125","2020-05-01","278",""
"15125","2020-05-02","278",""
"15125","2020-05-03","278",""
"15125","2020-05-04","277","_"
"15125","2020-05-05","276","_"
"15125","2020-05-06","276","_"
"15125","2020-05-07","277","_"
"15125","2020-05-08","277",""
"15125","2020-05-09","277",""
"15125","2020-05-10","277",""
"15125","2020-05-11","277",""
"15125","2020-05-12","277",""
"15125","2020-05-13","277",""
"15125","2020-05-14","277",""
"15125","2020-05-15","277",""
"15125","2020-05-16","277",""
"15125","2020-05-17","278",""
"15125","2020-05-18","280","^"
"15125","2020-05-19","280","^"
"15125","2020-05-20","280","^"
"15125","2020-05-21","280","^"
"15125","2020-05-22","280","^"
"15125","2020-05-23","280","^"
"15125","2020-05-24","280","^"
"15125","2020-05-25","280","^"
"15125","2020-05-26","280","^"
"15125","2020-05-27","280","^"
"15125","2020-05-28","280","^"
"15125","2020-05-29","280","^"
"15125","2020-05-30","280","^"
"15125","2020-05-31","280","^"
"15125","2020-06-01","280","^"
"15125","2020-06-02","280","^"
"15125","2020-06-03","259",""""
"15125","2020-06-04","238","_"
"15125","2020-06-05","238","_"
"15125","2020-06-06","240","_"
"15125","2020-06-07","242",""
"15125","2020-06-08","242",""
"15125","2020-06-09","242",""
"15125","2020-06-10","242",""
"15125","2020-06-11","242",""
"15125","2020-06-12","242",""
"15125","2020-06-13","242",""
"15125","2020-06-14","242",""
"15125","2020-06-15","242",""
"15125","2020-06-16","242",""
"15125","2020-06-17","242",""
"15125","2020-06-18","246",""
"15125","2020-06-19","250",""
"15125","2020-06-20","250",""
"15125","2020-06-21","250",""
"15125","2020-06-22","250",""
"15125","2020-06-23","250",""
"15125","2020-06-24","250",""
"15125","2020-06-25","250",""
"15125","2020-06-26","250",""
"15125","2020-06-27","250",""
"15125","2020-06-28","254",""
"15125","2020-06-29","258",""
"15125","2020-06-30","258",""
"15125","2020-07-01","258","^"
"15125","2020-07-02","258","^"
"15125","2020-07-03","258","^"
"15125","2020-07-04","258","^"
"15125","2020-07-05","258","^"
"15125","2020-07-06","258","^"
"15125","2020-07-07","258","^"
"15125","2020-07-08","254","^"
"15125","2020-07-09","250",""
"15125","2020-07-10","250",""
"15125","2020-07-11","250",""
"15125","2020-07-12","250",""
"15125","2020-07-13","250",""
"15125","2020-07-14","250",""
"15125","2020-07-15","250",""
"15125","2020-07-16","250",""
"15125","2020-07-17","250",""
"15125","2020-07-18","249","_"
"15125","2020-07-19","248","_"
"15125","2020-07-20","248","_"
"15125","2020-07-21","248","_"
"15125","2020-07-22","248","_"
"15125","2020-07-23","248","_"
"15125","2020-07-24","248","_"
"15125","2020-07-25","248","_"
"15125","2020-07-26","248","_"
"15125","2020-07-27","248","_"
"15125","2020-07-28","248","_"
"15125","2020-07-29","248","_"
"15125","2020-07-30","248","_"
"15125","2020-07-31","248","_"
"15125","2020-08-01","248","^"
"15125","2020-08-02","248","^"
"15125","2020-08-03","248","^"
"15125","2020-08-04","248","^"
"15125","2020-08-05","248","^"
"15125","2020-08-06","247","^"
"15125","2020-08-07","246",""
"15125","2020-08-08","246",""
"15125","2020-08-09","246",""
"15125","2020-08-10","246",""
"15125","2020-08-11","246",""
"15125","2020-08-12","246",""
"15125","2020-08-13","246",""
"15125","2020-08-14","246",""
"15125","2020-08-15","246",""
"15125","2020-08-16","246",""
"15125","2020-08-17","246",""
"15125","2020-08-18","246",""
"15125","2020-08-19","246",""
"15125","2020-08-20","246",""
"15125","2020-08-21","246",""
"15125","2020-08-22","246",""
"15125","2020-08-23","246",""
"15125","2020-08-24","246",""
"15125","2020-08-25","246",""
"15125","2020-08-26","233","_"
"15125","2020-08-27","220","_"
"15125","2020-08-28","220","_"
"15125","2020-08-29","220","_"
"15125","2020-08-30","220","_"
"15125","2020-08-31","220","_"
"15125","2020-09-01","220","_"
"15125","2020-09-02","220","_"
"15125","2020-09-03","220","_"
"15125","2020-09-04","220","_"
"15125","2020-09-05","220","_"
"15125","2020-09-06","231","_"
"15125","2020-09-07","242",""
"15125","2020-09-08","242",""
"15125","2020-09-09","242",""
"15125","2020-09-10","242",""
"15125","2020-09-11","242",""
"15125","2020-09-12","242",""
"15125","2020-09-13","242",""
"15125","2020-09-14","242",""
"15125","2020-09-15","242",""
"15125","2020-09-16","242",""
"15125","2020-09-17","242",""
"15125","2020-09-18","242",""
"15125","2020-09-19","242",""
"15125","2020-09-20","242",""
"15125","2020-09-21","242",""
"15125","2020-09-22","242",""
"15125","2020-09-23","242",""
"15125","2020-09-24","242",""
"15125","2020-09-25","242",""
"15125","2020-09-26","244","^"
"15125","2020-09-27","245","^"
"15125","2020-09-28","245","^"
"15125","2020-09-29","245","^"
"15125","2020-09-30","245","^"
"15125","2020-10-01","245","_"
"15125","2020-10-02","245","_"
"15125","2020-10-03","245","_"
"15125","2020-10-04","245","_"
"15125","2020-10-05","245","_"
"15125","2020-10-06","245","_"
"15125","2020-10-07","246","_"
"15125","2020-10-08","247",""
"15125","2020-10-09","247",""
"15125","2020-10-10","247",""
"15125","2020-10-11","247",""
"15125","2020-10-12","247",""
"15125","2020-10-13","247",""
"15125","2020-10-14","247",""
"15125","2020-10-15","247",""
"15125","2020-10-16","248",""
"15125","2020-10-17","248",""
"15125","2020-10-18","248",""
"15125","2020-10-19","248",""
"15125","2020-10-20","248",""
"15125","2020-10-21","248",""
"15125","2020-10-22","248",""
"15125","2020-10-23","253",""
"15125","2020-10-24","267",""
"15125","2020-10-25","276",""
"15125","2020-10-26","276",""
"15125","2020-10-27","277","^"
"15125","2020-10-28","278","^"
"15125","2020-10-29","278","^"
"15125","2020-10-30","278","^"
"15125","2020-10-31","278","^"
"15125","2020-11-01","278","_"
"15125","2020-11-02","278","_"
"15125","2020-11-03","280","_"
"15125","2020-11-04","287",""
"15125","2020-11-05","297",""
"15125","2020-11-06","302",""
"15125","2020-11-07","302",""
"15125","2020-11-08","302",""
"15125","2020-11-09","302",""
"15125","2020-11-10","302",""
"15125","2020-11-11","302",""
"15125","2020-11-12","302",""
"15125","2020-11-13","302",""
"15125","2020-11-14","302",""
"15125","2020-11-15","302",""
"15125","2020-11-16","302",""
"15125","2020-11-17","302",""
"15125","2020-11-18","302",""
"15125","2020-11-19","302",""
"15125","2020-11-20","302",""
"15125","2020-11-21","302",""
"15125","2020-11-22","302",""
"15125","2020-11-23","302",""
"15125","2020-11-24","302",""
"15125","2020-11-25","302",""
"15125","2020-11-26","302",""
"15125","2020-11-27","302",""
"15125","2020-11-28","302",""
"15125","2020-11-29","302",""
"15125","2020-11-30","306","^"
"15125","2020-12-01","309","^"
"15125","2020-12-02","309","^"
"15125","2020-12-03","309","^"
"15125","2020-12-04","309","^"
"15125","2020-12-05","309","^"
"15125","2020-12-06","309","^"
"15125","2020-12-07","309","^"
"15125","2020-12-08","309","^"
"15125","2020-12-09","309","^"
"15125","2020-12-10","309","^"
"15125","2020-12-11","309","^"
"15125","2020-12-12","309","^"
"15125","2020-12-13","305",""""
"15125","2020-12-14","301","_"
"15125","2020-12-15","301","_"
"15125","2020-12-16","301","_"
"15125","2020-12-17","302","_"
"15125","2020-12-18","302",""
"15125","2020-12-19","302",""
"15125","2020-12-20","302",""
"15125","2020-12-21","302",""
"15125","2020-12-22","302",""
"15125","2020-12-23","302",""
"15125","2020-12-24","302",""
"15125","2020-12-25","302",""
"15125","2020-12-26","302",""
"15125","2020-12-27","302",""
"15125","2020-12-28","302",""
"15125","2020-12-29","302","_"
"15125","2020-12-30","301","_"
"15125","2020-12-31","301","_"
"15125","2021-01-01","301","^"
"15125","2021-01-02","301","^"
"15125","2021-01-03","301","^"
"15125","2021-01-04","301","^"
"15125","2021-01-05","301","^"
"15125","2021-01-06","301","^"
"15125","2021-01-07","301",""""
"15125","2021-01-08","300","_"
"15125","2021-01-09","300","_"
"15125","2021-01-10","300","_"
"15125","2021-01-11","300","_"
"15125","2021-01-12","300","_"
"15125","2021-01-13","300","_"
"15125","2021-01-14","300","_"
"15125","2021-01-15","300","_"
"15125","2021-01-16","300","_"
"15125","2021-01-17","300","_"
"15125","2021-01-18","300","_"
"15125","2021-01-19","300","_"
"15125","2021-01-20","300","_"
"15125","2021-01-21","300","_"
"15125","2021-01-22","300","_"
"15125","2021-01-23","300","_"
"15125","2021-01-24","300","_"
"15125","2021-01-25","300","_"
"15125","2021-01-26","301",""""
"15125","2021-01-27","301","^"
"15125","2021-01-28","301","^"
"15125","2021-01-29","301","^"
"15125","2021-01-30","301","^"
"15125","2021-01-31","301","^"
"15125","2021-02-01","301",""
"15125","2021-02-02","301",""
"15125","2021-02-03","301",""
"15125","2021-02-04","301",""
"15125","2021-02-05","301",""
"15125","2021-02-06","301",""
"15125","2021-02-07","301",""
"15125","2021-02-08","301",""
"15125","2021-02-09","301",""
"15125","2021-02-10","301",""
"15125","2021-02-11","301",""
"15125","2021-02-12","301",""
"15125","2021-02-13","301",""
"15125","2021-02-14","301",""
"15125","2021-02-15","301",""
"15125","2021-02-16","301",""
"15125","2021-02-17","301",""
"15125","2021-02-18","311","^"
"15125","2021-02-19","309","^"
"15125","2021-02-20","298",""
"15125","2021-02-21","298",""
"15125","2021-02-22","285","_"
"15125","2021-02-23","272","_"
"15125","2021-02-24","281","_"
"15125","2021-02-25","289",""
"15125","2021-02-26","289",""
"15125","2021-02-27","289",""
"15125","2021-02-28","289",""
"15125","2021-03-01","289","^"
"15125","2021-03-02","289","^"
"15125","2021-03-03","289","^"
"15125","2021-03-04","281","^"
"15125","2021-03-05","272",""
"15125","2021-03-06","274",""
"15125","2021-03-07","276",""
"15125","2021-03-08","276",""
"15125","2021-03-09","276",""
"15125","2021-03-10","263","_"
"15125","2021-03-11","250","_"
"15125","2021-03-12","250","_"
"15125","2021-03-13","250","_"
"15125","2021-03-14","250","_"
"15125","2021-03-15","250","_"
"15125","2021-03-16","250","_"
"15125","2021-03-17","251","_"
"15125","2021-03-18","251",""
"15125","2021-03-19","251",""
"15125","2021-03-20","251",""
"15125","2021-03-21","251",""
"15125","2021-03-22","251",""
"15125","2021-03-23","251",""
"15125","2021-03-24","251",""
"15125","2021-03-25","251",""
"15125","2021-03-26","251",""
"15125","2021-03-27","251",""
"15125","2021-03-28","251",""
"15125","2021-03-29","251",""
"15125","2021-03-30","251",""
"15125","2021-03-31","251",""
"15125","2021-04-01","254",""
"15125","2021-04-02","256",""
"15125","2021-04-03","256",""
"15125","2021-04-04","256",""
"15125","2021-04-05","256",""
"15125","2021-04-06","256",""
"15125","2021-04-07","256",""
"15125","2021-04-08","256",""
"15125","2021-04-09","256",""
"15125","2021-04-10","256",""
"15125","2021-04-11","265",""
"15125","2021-04-12","278",""
"15125","2021-04-13","283",""
"15125","2021-04-14","283",""
"15125","2021-04-15","289","^"
"15125","2021-04-16","295","^"
"15125","2021-04-17","295","^"
"15125","2021-04-18","295","^"
"15125","2021-04-19","295","^"
"15125","2021-04-20","295","^"
"15125","2021-04-21","289","^"
"15125","2021-04-22","283",""
"15125","2021-04-23","283",""
"15125","2021-04-24","283",""
"15125","2021-04-25","283",""
"15125","2021-04-26","283",""
"15125","2021-04-27","282",""
"15125","2021-04-28","266",""
"15125","2021-04-29","228","_"
"15125","2021-04-30","205","_"
"15125","2021-05-01","205","_"
"15125","2021-05-02","205","_"
"15125","2021-05-03","205","_"
"15125","2021-05-04","205","_"
"15125","2021-05-05","209","_"
"15125","2021-05-06","213",""
"15125","2021-05-07","213",""
"15125","2021-05-08","212",""
"15125","2021-05-09","212",""
"15125","2021-05-10","212",""
"15125","2021-05-11","212",""
"15125","2021-05-12","222",""
"15125","2021-05-13","232",""
"15125","2021-05-14","232",""
"15125","2021-05-15","232",""
"15125","2021-05-16","232",""
"15125","2021-05-17","232",""
"15125","2021-05-18","232",""
"15125","2021-05-19","232",""
"15125","2021-05-20","232",""
"15125","2021-05-21","232",""
"15125","2021-05-22","232",""
"15125","2021-05-23","232",""
"15125","2021-05-24","232",""
"15125","2021-05-25","232",""
"15125","2021-05-26","243","^"
"15125","2021-05-27","253","^"
"15125","2021-05-28","253","^"
"15125","2021-05-29","253","^"
"15125","2021-05-30","253","^"
"15125","2021-05-31","253","^"
"15125","2021-06-01","253","^"
"15125","2021-06-02","244","^"
"15125","2021-06-03","234",""
"15125","2021-06-04","234",""
"15125","2021-06-05","234",""
"15125","2021-06-06","234",""
"15125","2021-06-07","238",""
"15125","2021-06-08","242",""
"15125","2021-06-09","242",""
"15125","2021-06-10","242",""
"15125","2021-06-11","242",""
"15125","2021-06-12","242",""
"15125","2021-06-13","242",""
"15125","2021-06-14","243",""
"15125","2021-06-15","244",""
"15125","2021-06-16","234","_"
"15125","2021-06-17","223","_"
"15125","2021-06-18","223","_"
"15125","2021-06-19","223","_"
"15125","2021-06-20","223","_"
"15125","2021-06-21","223","_"
"15125","2021-06-22","223","_"
"15125","2021-06-23","223","_"
"15125","2021-06-24","223","_"
"15125","2021-06-25","223","_"
"15125","2021-06-26","236","_"
"15125","2021-06-27","248",""
"15125","2021-06-28","248",""
"15125","2021-06-29","248",""
"15125","2021-06-30","248",""
"15125","2021-07-01","248","^"
"15125","2021-07-02","248","^"
"15125","2021-07-03","248","^"
"15125","2021-07-04","248","^"
"15125","2021-07-05","248","^"
"15125","2021-07-06","248","^"
"15125","2021-07-07","245","^"
"15125","2021-07-08","242",""
"15125","2021-07-09","242",""
"15125","2021-07-10","242",""
"15125","2021-07-11","242",""
"15125","2021-07-12","242",""
"15125","2021-07-13","242",""
"15125","2021-07-14","242",""
"15125","2021-07-15","242",""
"15125","2021-07-16","237","_"
"15125","2021-07-17","232","_"
"15125","2021-07-18","232","_"
"15125","2021-07-19","232","_"
"15125","2021-07-20","232","_"
"15125","2021-07-21","232","_"
"15125","2021-07-22","232","_"
"15125","2021-07-23","232","_"
"15125","2021-07-24","232","_"
"15125","2021-07-25","232","_"
"15125","2021-07-26","232","_"
"15125","2021-07-27","232","_"
"15125","2021-07-28","232","_"
"15125","2021-07-29","232","_"
"15125","2021-07-30","232","_"
"15125","2021-07-31","232","_"
"15125","2021-08-01","232","_"
"15125","2021-08-02","232","_"
"15125","2021-08-03","232","_"
"15125","2021-08-04","232","_"
"15125","2021-08-05","232","_"
"15125","2021-08-06","232","_"
"15125","2021-08-07","232","_"
"15125","2021-08-08","232","_"
"15125","2021-08-09","232","_"
"15125","2021-08-10","232","_"
"15125","2021-08-11","232","_"
"15125","2021-08-12","232","_"
"15125","2021-08-13","232","_"
"15125","2021-08-14","232","_"
"15125","2021-08-15","232","_"
"15125","2021-08-16","234",""""
"15125","2021-08-17","235","^"
"15125","2021-08-18","235","^"
"15125","2021-08-19","235","^"
"15125","2021-08-20","235","^"
"15125","2021-08-21","235","^"
"15125","2021-08-22","235","^"
"15125","2021-08-23","235","^"
"15125","2021-08-24","235","^"
"15125","2021-08-25","234",""""
"15125","2021-08-26","232","_"
"15125","2021-08-27","232","_"
"15125","2021-08-28","232","_"
"15125","2021-08-29","232","_"
"15125","2021-08-30","232","_"
"15125","2021-08-31","232","_"
"15125","2021-09-01","232","^"
"15125","2021-09-02","232","^"
"15125","2021-09-03","232","^"
"15125","2021-09-04","232","^"
"15125","2021-09-05","232","^"
"15125","2021-09-06","232","^"
"15125","2021-09-07","232","^"
"15125","2021-09-08","227",""""
"15125","2021-09-09","222","_"
"15125","2021-09-10","222","_"
"15125","2021-09-11","222","_"
"15125","2021-09-12","222","_"
"15125","2021-09-13","222","_"
"15125","2021-09-14","222","_"
"15125","2021-09-15","222","_"
"15125","2021-09-16","222","_"
"15125","2021-09-17","222","_"
"15125","2021-09-18","222","_"
"15125","2021-09-19","222","_"
"15125","2021-09-20","222","_"
"15125","2021-09-21","222","_"
"15125","2021-09-22","222","_"
"15125","2021-09-23","222","_"
"15125","2021-09-24","222","_"
"15125","2021-09-25","222","_"
"15125","2021-09-26","222","_"
"15125","2021-09-27","222","_"
"15125","2021-09-28","222","_"
"15125","2021-09-29","222","_"
"15125","2021-09-30","222","_"
"15125","2021-10-01","198","""В"
"15125","2021-10-02","174","_В"
"15125","2021-10-03","174","_В"
"15125","2021-10-04","174","_В"
"15125","2021-10-05","174","_В"
"15125","2021-10-06","174","_В"
"15125","2021-10-07","174","_В"
"15125","2021-10-08","174","_В"
"15125","2021-10-09","174","_В"
"15125","2021-10-10","174","_В"
"15125","2021-10-11","174","_В"
"15125","2021-10-12","174","_В"
"15125","2021-10-13","174","_В"
"15125","2021-10-14","174","_В"
"15125","2021-10-15","174","_В"
"15125","2021-10-16","174","_В"
"15125","2021-10-17","174","_В"
"15125","2021-10-18","174","_В"
"15125","2021-10-19","174","_В"
"15125","2021-10-20","174","_В"
"15125","2021-10-21","174","_В"
"15125","2021-10-22","174","_В"
"15125","2021-10-23","174","_В"
"15125","2021-10-24","174","_В"
"15125","2021-10-25","174","_В"
"15125","2021-10-26","174","_В"
"15125","2021-10-27","174","_В"
"15125","2021-10-28","174","_В"
"15125","2021-10-29","174","_В"
"15125","2021-10-30","174","_В"
"15125","2021-10-31","174","_В"
"15125","2021-11-01","174","_В"
"15125","2021-11-02","174","_В"
"15125","2021-11-03","174","_В"
"15125","2021-11-04","174","_В"
"15125","2021-11-05","174","_В"
"15125","2021-11-06","174","_В"
"15125","2021-11-07","174","_В"
"15125","2021-11-08","174","_В"
"15125","2021-11-09","174","_В"
"15125","2021-11-10","174","_В"
"15125","2021-11-11","174","_В"
"15125","2021-11-12","174","_В"
"15125","2021-11-13","174","_В"
"15125","2021-11-14","201","_В"
"15125","2021-11-15","228",""
"15125","2021-11-16","228",""
"15125","2021-11-17","228",""
"15125","2021-11-18","228",""
"15125","2021-11-19","228",""
"15125","2021-11-20","228",""
"15125","2021-11-21","228",""
"15125","2021-11-22","228",""
"15125","2021-11-23","236",""
"15125","2021-11-24","243",""
"15125","2021-11-25","243",""
"15125","2021-11-26","243",""
"15125","2021-11-27","246","^"
"15125","2021-11-28","249","^"
"15125","2021-11-29","249","^"
"15125","2021-11-30","249","^"
"15125","2021-12-01","249","_"
"15125","2021-12-02","249","_"
"15125","2021-12-03","249","_"
"15125","2021-12-04","249","_"
"15125","2021-12-05","249","_"
"15125","2021-12-06","262","_"
"15125","2021-12-07","275",""
"15125","2021-12-08","275",""
"15125","2021-12-09","275",""
"15125","2021-12-10","275",""
"15125","2021-12-11","275",""
"15125","2021-12-12","275",""
"15125","2021-12-13","275",""
"15125","2021-12-14","275",""
"15125","2021-12-15","275",""
"15125","2021-12-16","273",""
"15125","2021-12-17","270",""
"15125","2021-12-18","270",""
"15125","2021-12-19","270",""
"15125","2021-12-20","270",""
"15125","2021-12-21","270",""
"15125","2021-12-22","270",""
"15125","2021-12-23","270",""
"15125","2021-12-24","270",""
"15125","2021-12-25","274",""
"15125","2021-12-26","279","^"
"15125","2021-12-27","280","^"
"15125","2021-12-28","280","^"
"15125","2021-12-29","280","^"
"15125","2021-12-30","280","^"
"15125","2021-12-31","280","^"
"15125","2022-01-01","280","^"
"15125","2022-01-02","280","^"
"15125","2022-01-03","280","^"
"15125","2022-01-04","280","^"
"15125","2022-01-05","280","^"
"15125","2022-01-06","280","^"
"15125","2022-01-07","280","^"
"15125","2022-01-08","280","^"
"15125","2022-01-09","280","^"
"15125","2022-01-10","280","^"
"15125","2022-01-11","280","^"
"15125","2022-01-12","280","^"
"15125","2022-01-13","280","^"
"15125","2022-01-14","280","^"
"15125","2022-01-15","280","^"
"15125","2022-01-16","280","^"
"15125","2022-01-17","280","^"
"15125","2022-01-18","280","^"
"15125","2022-01-19","280","^"
"15125","2022-01-20","280","^"
"15125","2022-01-21","280","^"
"15125","2022-01-22","280","^"
"15125","2022-01-23","280","^"
"15125","2022-01-24","280","^"
"15125","2022-01-25","280","^"
"15125","2022-01-26","280","^"
"15125","2022-01-27","280",""""
"15125","2022-01-28","279","_"
"15125","2022-01-29","279","_"
"15125","2022-01-30","279","_"
"15125","2022-01-31","279","_"
"15125","2022-02-01","279","^"
"15125","2022-02-02","279","^"
"15125","2022-02-03","279","^"
"15125","2022-02-04","279","^"
"15125","2022-02-05","279","^"
"15125","2022-02-06","279","^"
"15125","2022-02-07","266","^"
"15125","2022-02-08","252",""
"15125","2022-02-09","252",""
"15125","2022-02-10","252",""
"15125","2022-02-11","252",""
"15125","2022-02-12","252",""
"15125","2022-02-13","252",""
"15125","2022-02-14","252",""
"15125","2022-02-15","248",""
"15125","2022-02-16","243",""
"15125","2022-02-17","243",""
"15125","2022-02-18","243",""
"15125","2022-02-19","243",""
"15125","2022-02-20","239","_"
"15125","2022-02-21","234","_"
"15125","2022-02-22","234","_"
"15125","2022-02-23","234","_"
"15125","2022-02-24","234","_"
"15125","2022-02-25","234","_"
"15125","2022-02-26","244","_"
"15125","2022-02-27","253",""
"15125","2022-02-28","253",""
"15125","2022-03-01","253","_"
"15125","2022-03-02","253","_"
"15125","2022-03-03","253","_"
"15125","2022-03-04","253","_"
"15125","2022-03-05","253","_"
"15125","2022-03-06","261","_"
"15125","2022-03-07","268",""
"15125","2022-03-08","268",""
"15125","2022-03-09","268",""
"15125","2022-03-10","268",""
"15125","2022-03-11","268",""
"15125","2022-03-12","268",""
"15125","2022-03-13","268",""
"15125","2022-03-14","268",""
"15125","2022-03-15","268",""
"15125","2022-03-16","268",""
"15125","2022-03-17","271",""
"15125","2022-03-18","274",""
"15125","2022-03-19","273",""
"15125","2022-03-20","272",""
"15125","2022-03-21","272",""
"15125","2022-03-22","272",""
"15125","2022-03-23","272",""
"15125","2022-03-24","272",""
"15125","2022-03-25","282",""
"15125","2022-03-26","292",""
"15125","2022-03-27","292",""
"15125","2022-03-28","292",""
"15125","2022-03-29","292",""
"15125","2022-03-30","292",""
"15125","2022-03-31","293","^"
"15125","2022-04-01","293",""
"15125","2022-04-02","293",""
"15125","2022-04-03","293",""
"15125","2022-04-04","293",""
"15125","2022-04-05","293",""
"15125","2022-04-06","293",""
"15125","2022-04-07","294","^"
"15125","2022-04-08","294","^"
"15125","2022-04-09","294","^"
"15125","2022-04-10","294","^"
"15125","2022-04-11","294","^"
"15125","2022-04-12","285","^"
"15125","2022-04-13","263",""
"15125","2022-04-14","237",""
"15125","2022-04-15","217",""
"15125","2022-04-16","212",""
"15125","2022-04-17","212",""
"15125","2022-04-18","212",""
"15125","2022-04-19","207","_"
"15125","2022-04-20","207","_"
"15125","2022-04-21","207","_"
"15125","2022-04-22","207","_"
"15125","2022-04-23","207","_"
"15125","2022-04-24","207","_"
"15125","2022-04-25","207","_"
"15125","2022-04-26","207","_"
"15125","2022-04-27","207","_"
"15125","2022-04-28","207","_"
"15125","2022-04-29","207","_"
"15125","2022-04-30","207","_"
"15125","2022-05-01","207","_"
"15125","2022-05-02","207","_"
"15125","2022-05-03","207","_"
"15125","2022-05-04","207","_"
"15125","2022-05-05","207","_"
"15125","2022-05-06","207","_"
"15125","2022-05-07","207","_"
"15125","2022-05-08","207","_"
"15125","2022-05-09","207","_"
"15125","2022-05-10","207","_"
"15125","2022-05-11","207","_"
"15125","2022-05-12","207","_"
"15125","2022-05-13","207","_"
"15125","2022-05-14","207","_"
"15125","2022-05-15","207","_"
"15125","2022-05-16","207","_"
"15125","2022-05-17","207","_"
"15125","2022-05-18","207","_"
"15125","2022-05-19","207","_"
"15125","2022-05-20","207","_"
"15125","2022-05-21","207","_"
"15125","2022-05-22","207","_"
"15125","2022-05-23","207","_"
"15125","2022-05-24","207","_"
"15125","2022-05-25","207","_"
"15125","2022-05-26","213","_"
"15125","2022-05-27","217",""
"15125","2022-05-28","218",""
"15125","2022-05-29","219","^"
"15125","2022-05-30","220","^"
"15125","2022-05-31","220","^"
"15125","2022-06-01","225",""
"15125","2022-06-02","230",""
"15125","2022-06-03","230",""
"15125","2022-06-04","219","_"
"15125","2022-06-05","218","_"
"15125","2022-06-06","218","_"
"15125","2022-06-07","218","_"
"15125","2022-06-08","218","_"
"15125","2022-06-09","218","_"
"15125","2022-06-10","218","_"
"15125","2022-06-11","218","_"
"15125","2022-06-12","218","_"
"15125","2022-06-13","218","_"
"15125","2022-06-14","218","_"
"15125","2022-06-15","218","_"
"15125","2022-06-16","218","_"
"15125","2022-06-17","218","_"
"15125","2022-06-18","218","_"
"15125","2022-06-19","218","_"
"15125","2022-06-20","218","_"
"15125","2022-06-21","218","_"
"15125","2022-06-22","218","_"
"15125","2022-06-23","218","_"
"15125","2022-06-24","218","_"
"15125","2022-06-25","218","_"
"15125","2022-06-26","218","_"
"15125","2022-06-27","230",""""
"15125","2022-06-28","242","^"
"15125","2022-06-29","242","^"
"15125","2022-06-30","242","^"
"15125","2022-07-01","242",""""
"15125","2022-07-02","242",""""
"15125","2022-07-03","242",""""
"15125","2022-07-04","242",""""
"15125","2022-07-05","242",""""
"15125","2022-07-06","242",""""
"15125","2022-07-07","242",""""
"15125","2022-07-08","242",""""
"15125","2022-07-09","242",""""
"15125","2022-07-10","242",""""
"15125","2022-07-11","242",""""
"15125","2022-07-12","242",""""
"15125","2022-07-13","242",""""
"15125","2022-07-14","242",""""
"15125","2022-07-15","242",""""
"15125","2022-07-16","242",""""
"15125","2022-07-17","242",""""
"15125","2022-07-18","242",""""
"15125","2022-07-19","242",""""
"15125","2022-07-20","242",""""
"15125","2022-07-21","242",""""
"15125","2022-07-22","242",""""
"15125","2022-07-23","242",""""
"15125","2022-07-24","242",""""
"15125","2022-07-25","242",""""
"15125","2022-07-26","242",""""
"15125","2022-07-27","242",""""
"15125","2022-07-28","242",""""
"15125","2022-07-29","242",""""
"15125","2022-07-30","242",""""
"15125","2022-07-31","242",""""
"15125","2022-08-01","242",""""
"15125","2022-08-02","242",""""
"15125","2022-08-03","242",""""
"15125","2022-08-04","242",""""
"15125","2022-08-05","242",""""
"15125","2022-08-06","242",""""
"15125","2022-08-07","242",""""
"15125","2022-08-08","242",""""
"15125","2022-08-09","242",""""
"15125","2022-08-10","242",""""
"15125","2022-08-11","242",""""
"15125","2022-08-12","242",""""
"15125","2022-08-13","242",""""
"15125","2022-08-14","242",""""
"15125","2022-08-15","242",""""
"15125","2022-08-16","242",""""
"15125","2022-08-17","242",""""
"15125","2022-08-18","242",""""
"15125","2022-08-19","242",""""
"15125","2022-08-20","242",""""
"15125","2022-08-21","242",""""
"15125","2022-08-22","242",""""
"15125","2022-08-23","242",""""
"15125","2022-08-24","242",""""
"15125","2022-08-25","242",""""
"15125","2022-08-26","242",""""
"15125","2022-08-27","242",""""
"15125","2022-08-28","242",""""
"15125","2022-08-29","242",""""
"15125","2022-08-30","242",""""
"15125","2022-08-31","242",""""
"15125","2022-09-01","242",""""
"15125","2022-09-02","242",""""
"15125","2022-09-03","242",""""
"15125","2022-09-04","242",""""
"15125","2022-09-05","242",""""
"15125","2022-09-06","242",""""
"15125","2022-09-07","242",""""
"15125","2022-09-08","242",""""
"15125","2022-09-09","242",""""
"15125","2022-09-10","242",""""
"15125","2022-09-11","242",""""
"15125","2022-09-12","242",""""
"15125","2022-09-13","242",""""
"15125","2022-09-14","242",""""
"15125","2022-09-15","242",""""
"15125","2022-09-16","242",""""
"15125","2022-09-17","242",""""
"15125","2022-09-18","242",""""
"15125","2022-09-19","242",""""
"15125","2022-09-20","242",""""
"15125","2022-09-21","242",""""
"15125","2022-09-22","242",""""
"15125","2022-09-23","242",""""
"15125","2022-09-24","242",""""
"15125","2022-09-25","242",""""
"15125","2022-09-26","242",""""
"15125","2022-09-27","242",""""
"15125","2022-09-28","242",""""
"15125","2022-09-29","242",""""
"15125","2022-09-30","242",""""
"15125","2022-10-01","242","_"
"15125","2022-10-02","242","_"
"15125","2022-10-03","242","_"
"15125","2022-10-04","242","_"
"15125","2022-10-05","242","_"
"15125","2022-10-06","242","_"
"15125","2022-10-07","242","_"
"15125","2022-10-08","242","_"
"15125","2022-10-09","242","_"
"15125","2022-10-10","242","_"
"15125","2022-10-11","246","_"
"15125","2022-10-12","250",""
"15125","2022-10-13","253",""
"15125","2022-10-14","255",""
"15125","2022-10-15","255",""
"15125","2022-10-16","257",""
"15125","2022-10-17","260",""
"15125","2022-10-18","260",""
"15125","2022-10-19","260",""
"15125","2022-10-20","267",""
"15125","2022-10-21","267",""
"15125","2022-10-22","267",""
"15125","2022-10-23","267",""
"15125","2022-10-24","267",""
"15125","2022-10-25","269",""
"15125","2022-10-26","270",""
"15125","2022-10-27","270",""
"15125","2022-10-28","275",""
"15125","2022-10-29","275",""
"15125","2022-10-30","277","^"
"15125","2022-10-31","277","^"
"15125","2022-11-01","277","_"
"15125","2022-11-02","277","_"
"15125","2022-11-03","277","_"
"15125","2022-11-04","277","_"
"15125","2022-11-05","277","_"
"15125","2022-11-06","278",""
"15125","2022-11-07","278",""
"15125","2022-11-08","278",""
"15125","2022-11-09","278",""
"15125","2022-11-10","280","^"
"15125","2022-11-11","281","^"
"15125","2022-11-12","281","^"
"15125","2022-11-13","281","^"
"15125","2022-11-14","281","^"
"15125","2022-11-15","281","^"
"15125","2022-11-16","281","^"
"15125","2022-11-17","281","^"
"15125","2022-11-18","281","^"
"15125","2022-11-19","281","^"
"15125","2022-11-20","281","^"
"15125","2022-11-21","281","^"
"15125","2022-11-22","280",""
"15125","2022-11-23","280",""
"15125","2022-11-24","280",""
"15125","2022-11-25","280",""
"15125","2022-11-26","280",""
"15125","2022-11-27","280",""
"15125","2022-11-28","281","^"
"15125","2022-11-29","281","^"
"15125","2022-11-30","281","^"
"15125","2022-12-01","281","_"
"15125","2022-12-02","281","_"
"15125","2022-12-03","281","_"
"15125","2022-12-04","282",""
"15125","2022-12-05","282",""
"15125","2022-12-06","282",""
"15125","2022-12-07","281","_"
"15125","2022-12-08","281","_"
"15125","2022-12-09","281","_"
"15125","2022-12-10","281","_"
"15125","2022-12-11","281","_"
"15125","2022-12-12","281","_"
"15125","2022-12-13","281","_"
"15125","2022-12-14","281","_"
"15125","2022-12-15","287",""
"15125","2022-12-16","287",""
"15125","2022-12-17","287",""
"15125","2022-12-18","287",""
"15125","2022-12-19","288",""
"15125","2022-12-20","288",""
"15125","2022-12-21","288",""
"15125","2022-12-22","288",""
"15125","2022-12-23","288",""
"15125","2022-12-24","288",""
"15125","2022-12-25","288",""
"15125","2022-12-26","288",""
"15125","2022-12-27","302",""
"15125","2022-12-28","302",""
"15125","2022-12-29","302",""
"15125","2022-12-30","303","^"
"15125","2022-12-31","303","^"