"Код поста","Дата","Значение","Условный знак"
"16031","1996-01-01","163",""
"16031","1996-01-02","164",""
"16031","1996-01-03","163",""
"16031","1996-01-04","163",""
"16031","1996-01-05","166",""
"16031","1996-01-06","160",""
"16031","1996-01-07","160",""
"16031","1996-01-08","154",""
"16031","1996-01-09","163",""
"16031","1996-01-10","162",""
"16031","1996-01-11","141",""
"16031","1996-01-12","141",""
"16031","1996-01-13","141",""
"16031","1996-01-14","141",""
"16031","1996-01-15","141",""
"16031","1996-01-16","141",""
"16031","1996-01-17","136",""
"16031","1996-01-18","130",""
"16031","1996-01-19","125",""
"16031","1996-01-20","119",""
"16031","1996-01-21","119",""
"16031","1996-01-22","120",""
"16031","1996-01-23","121",""
"16031","1996-01-24","121",""
"16031","1996-01-25","121",""
"16031","1996-01-26","121",""
"16031","1996-01-27","121",""
"16031","1996-01-28","121",""
"16031","1996-01-29","121",""
"16031","1996-01-30","121",""
"16031","1996-01-31","121",""
"16031","1996-02-01","121",""
"16031","1996-02-02","98",""
"16031","1996-02-03","98",""
"16031","1996-02-04","98",""
"16031","1996-02-05","98",""
"16031","1996-02-06","98",""
"16031","1996-02-07","98",""
"16031","1996-02-08","98",""
"16031","1996-02-09","98",""
"16031","1996-02-10","98",""
"16031","1996-02-11","98",""
"16031","1996-02-12","98",""
"16031","1996-02-13","98",""
"16031","1996-02-14","98",""
"16031","1996-02-15","98",""
"16031","1996-02-16","98",""
"16031","1996-02-17","98",""
"16031","1996-02-18","98",""
"16031","1996-02-19","98",""
"16031","1996-02-20","98",""
"16031","1996-02-21","99",""
"16031","1996-02-22","101",""
"16031","1996-02-23","101",""
"16031","1996-02-24","104",""
"16031","1996-02-25","106",""
"16031","1996-02-26","108",""
"16031","1996-02-27","127",""
"16031","1996-02-28","144",""
"16031","1996-02-29","145",""
"16031","1996-03-01","145",""
"16031","1996-03-02","145",""
"16031","1996-03-03","146",""
"16031","1996-03-04","146",""
"16031","1996-03-05","147",""
"16031","1996-03-06","160",""
"16031","1996-03-07","162",""
"16031","1996-03-08","168",""
"16031","1996-03-09","172",""
"16031","1996-03-10","182",""
"16031","1996-03-11","185",""
"16031","1996-03-12","185",""
"16031","1996-03-13","180",""
"16031","1996-03-14","186",""
"16031","1996-03-15","187",""
"16031","1996-03-16","208",""
"16031","1996-03-17","231",""
"16031","1996-03-18","237",""
"16031","1996-03-19","248",""
"16031","1996-03-20","250",""
"16031","1996-03-21","243",""
"16031","1996-03-22","243",""
"16031","1996-03-23","243",""
"16031","1996-03-24","243",""
"16031","1996-03-25","243",""
"16031","1996-03-26","286",""
"16031","1996-03-27","335",""
"16031","1996-03-28","337",""
"16031","1996-03-29","332",""
"16031","1996-03-30","339",""
"16031","1996-03-31","339",""
"16031","1996-04-01","305",""
"16031","1996-04-02","243",""
"16031","1996-04-03","239",""
"16031","1996-04-04","239",""
"16031","1996-04-05","239",""
"16031","1996-04-06","239",""
"16031","1996-04-07","239",""
"16031","1996-04-08","239",""
"16031","1996-04-09","243",""
"16031","1996-04-10","193",""
"16031","1996-04-11","163",""
"16031","1996-04-12","134",""
"16031","1996-04-13","134",""
"16031","1996-04-14","128",""
"16031","1996-04-15","109",""
"16031","1996-04-16","97",""
"16031","1996-04-17","89",""
"16031","1996-04-18","123",""
"16031","1996-04-19","168",""
"16031","1996-04-20","181",""
"16031","1996-04-21","209",""
"16031","1996-04-22","197",""
"16031","1996-04-23","206",""
"16031","1996-04-24","236",""
"16031","1996-04-25","237",""
"16031","1996-04-26","250",""
"16031","1996-04-27","248",""
"16031","1996-04-28","246",""
"16031","1996-04-29","246",""
"16031","1996-04-30","246",""
"16031","1996-05-01","246",""
"16031","1996-05-02","246",""
"16031","1996-05-03","246",""
"16031","1996-05-04","264",""
"16031","1996-05-05","252",""
"16031","1996-05-06","259",""
"16031","1996-05-07","262",""
"16031","1996-05-08","261",""
"16031","1996-05-09","260",""
"16031","1996-05-10","259",""
"16031","1996-05-11","256",""
"16031","1996-05-12","245",""
"16031","1996-05-13","247",""
"16031","1996-05-14","249",""
"16031","1996-05-15","247",""
"16031","1996-05-16","248",""
"16031","1996-05-17","250",""
"16031","1996-05-18","252",""
"16031","1996-05-19","252",""
"16031","1996-05-20","251",""
"16031","1996-05-21","248",""
"16031","1996-05-22","248",""
"16031","1996-05-23","245",""
"16031","1996-05-24","245",""
"16031","1996-05-25","246",""
"16031","1996-05-26","247",""
"16031","1996-05-27","247",""
"16031","1996-05-28","247",""
"16031","1996-05-29","247",""
"16031","1996-05-30","247",""
"16031","1996-05-31","247",""
"16031","1996-06-01","235",""
"16031","1996-06-02","234",""
"16031","1996-06-03","235",""
"16031","1996-06-04","235",""
"16031","1996-06-05","235",""
"16031","1996-06-06","236",""
"16031","1996-06-07","237",""
"16031","1996-06-08","237",""
"16031","1996-06-09","237",""
"16031","1996-06-10","239",""
"16031","1996-06-11","239",""
"16031","1996-06-12","238",""
"16031","1996-06-13","236",""
"16031","1996-06-14","236",""
"16031","1996-06-15","237",""
"16031","1996-06-16","237",""
"16031","1996-06-17","238",""
"16031","1996-06-18","239",""
"16031","1996-06-19","237",""
"16031","1996-06-20","237",""
"16031","1996-06-21","237",""
"16031","1996-06-22","235",""
"16031","1996-06-23","235",""
"16031","1996-06-24","238",""
"16031","1996-06-25","238",""
"16031","1996-06-26","238",""
"16031","1996-06-27","239",""
"16031","1996-06-28","239",""
"16031","1996-06-29","244",""
"16031","1996-06-30","251",""
"16031","1996-07-01","258",""
"16031","1996-07-02","263",""
"16031","1996-07-03","260",""
"16031","1996-07-04","265",""
"16031","1996-07-05","272",""
"16031","1996-07-06","272",""
"16031","1996-07-07","272",""
"16031","1996-07-08","272",""
"16031","1996-07-09","269",""
"16031","1996-07-10","268",""
"16031","1996-07-11","263",""
"16031","1996-07-12","256",""
"16031","1996-07-13","257",""
"16031","1996-07-14","262",""
"16031","1996-07-15","261",""
"16031","1996-07-16","257",""
"16031","1996-07-17","256",""
"16031","1996-07-18","256",""
"16031","1996-07-19","259",""
"16031","1996-07-20","262",""
"16031","1996-07-21","263",""
"16031","1996-07-22","264",""
"16031","1996-07-23","256",""
"16031","1996-07-24","254",""
"16031","1996-07-25","260",""
"16031","1996-07-26","257",""
"16031","1996-07-27","253",""
"16031","1996-07-28","252",""
"16031","1996-07-29","256",""
"16031","1996-07-30","251",""
"16031","1996-07-31","246",""
"16031","1996-08-01","242",""
"16031","1996-08-02","244",""
"16031","1996-08-03","245",""
"16031","1996-08-04","242",""
"16031","1996-08-05","245",""
"16031","1996-08-06","247",""
"16031","1996-08-07","245",""
"16031","1996-08-08","244",""
"16031","1996-08-09","246",""
"16031","1996-08-10","241",""
"16031","1996-08-11","242",""
"16031","1996-08-12","237",""
"16031","1996-08-13","241",""
"16031","1996-08-14","237",""
"16031","1996-08-15","231",""
"16031","1996-08-16","235",""
"16031","1996-08-17","234",""
"16031","1996-08-18","234",""
"16031","1996-08-19","234",""
"16031","1996-08-20","222",""
"16031","1996-08-21","198",""
"16031","1996-08-22","197",""
"16031","1996-08-23","196",""
"16031","1996-08-24","196",""
"16031","1996-08-25","194",""
"16031","1996-08-26","192",""
"16031","1996-08-27","190",""
"16031","1996-08-28","193",""
"16031","1996-08-29","198",""
"16031","1996-08-30","200",""
"16031","1996-08-31","198",""
"16031","1996-09-01","196",""
"16031","1996-09-02","187",""
"16031","1996-09-03","165",""
"16031","1996-09-04","148",""
"16031","1996-09-05","138",""
"16031","1996-09-06","123",""
"16031","1996-09-07","118",""
"16031","1996-09-08","118",""
"16031","1996-09-09","108",""
"16031","1996-09-10","85",""
"16031","1996-09-11","72",""
"16031","1996-09-12","72",""
"16031","1996-09-13","70",""
"16031","1996-09-14","66",""
"16031","1996-09-15","60",""
"16031","1996-09-16","57",""
"16031","1996-09-17","81",""
"16031","1996-09-18","109",""
"16031","1996-09-19","128",""
"16031","1996-09-20","113",""
"16031","1996-09-21","98",""
"16031","1996-09-22","95",""
"16031","1996-09-23","92",""
"16031","1996-09-24","92",""
"16031","1996-09-25","91",""
"16031","1996-09-26","91",""
"16031","1996-09-27","96",""
"16031","1996-09-28","99",""
"16031","1996-09-29","98",""
"16031","1996-09-30","113",""
"16031","1996-10-01","134",""
"16031","1996-10-02","134",""
"16031","1996-10-03","133",""
"16031","1996-10-04","132",""
"16031","1996-10-05","131",""
"16031","1996-10-06","130",""
"16031","1996-10-07","136",""
"16031","1996-10-08","144",""
"16031","1996-10-09","147",""
"16031","1996-10-10","148",""
"16031","1996-10-11","163",""
"16031","1996-10-12","184",""
"16031","1996-10-13","184",""
"16031","1996-10-14","184",""
"16031","1996-10-15","185",""
"16031","1996-10-16","177",""
"16031","1996-10-17","168",""
"16031","1996-10-18","164",""
"16031","1996-10-19","164",""
"16031","1996-10-20","164",""
"16031","1996-10-21","164",""
"16031","1996-10-22","167",""
"16031","1996-10-23","187",""
"16031","1996-10-24","207",""
"16031","1996-10-25","208",""
"16031","1996-10-26","208",""
"16031","1996-10-27","208",""
"16031","1996-10-28","203",""
"16031","1996-10-29","199",""
"16031","1996-10-30","202",""
"16031","1996-10-31","192",""
"16031","1996-11-01","207",""
"16031","1996-11-02","208",""
"16031","1996-11-03","208",""
"16031","1996-11-04","208",""
"16031","1996-11-05","206",""
"16031","1996-11-06","206",""
"16031","1996-11-07","204",""
"16031","1996-11-08","204",""
"16031","1996-11-09","204",""
"16031","1996-11-10","204",""
"16031","1996-11-11","204",""
"16031","1996-11-12","200",""
"16031","1996-11-13","204",""
"16031","1996-11-14","204",""
"16031","1996-11-15","194",""
"16031","1996-11-16","174",""
"16031","1996-11-17","174",""
"16031","1996-11-18","173",""
"16031","1996-11-19","173",""
"16031","1996-11-20","171",""
"16031","1996-11-21","181",""
"16031","1996-11-22","173",""
"16031","1996-11-23","168",""
"16031","1996-11-24","168",""
"16031","1996-11-25","168",""
"16031","1996-11-26","166",""
"16031","1996-11-27","159",""
"16031","1996-11-28","153",""
"16031","1996-11-29","159",""
"16031","1996-11-30","162",""
"16031","1996-12-01","158",""
"16031","1996-12-02","160",""
"16031","1996-12-03","162",""
"16031","1996-12-04","162",""
"16031","1996-12-05","163",""
"16031","1996-12-06","164",""
"16031","1996-12-07","164",""
"16031","1996-12-08","165",""
"16031","1996-12-09","167",""
"16031","1996-12-10","167",""
"16031","1996-12-11","168",""
"16031","1996-12-12","168",""
"16031","1996-12-13","168",""
"16031","1996-12-14","168",""
"16031","1996-12-15","168",""
"16031","1996-12-16","169",""
"16031","1996-12-17","170",""
"16031","1996-12-18","167",""
"16031","1996-12-19","163",""
"16031","1996-12-20","163",""
"16031","1996-12-21","163",""
"16031","1996-12-22","163",""
"16031","1996-12-23","163",""
"16031","1996-12-24","165",""
"16031","1996-12-25","164",""
"16031","1996-12-26","161",""
"16031","1996-12-27","161",""
"16031","1996-12-28","161",""
"16031","1996-12-29","163",""
"16031","1996-12-30","165",""
"16031","1996-12-31","166",""
"16031","1997-01-01","160",""
"16031","1997-01-02","156",""
"16031","1997-01-03","159",""
"16031","1997-01-04","160",""
"16031","1997-01-05","161",""
"16031","1997-01-06","162",""
"16031","1997-01-07","148",""
"16031","1997-01-08","163",""
"16031","1997-01-09","165",""
"16031","1997-01-10","166",""
"16031","1997-01-11","164",""
"16031","1997-01-12","162",""
"16031","1997-01-13","162",""
"16031","1997-01-14","164",""
"16031","1997-01-15","166",""
"16031","1997-01-16","167",""
"16031","1997-01-17","164",""
"16031","1997-01-18","162",""
"16031","1997-01-19","168",""
"16031","1997-01-20","163",""
"16031","1997-01-21","162",""
"16031","1997-01-22","161",""
"16031","1997-01-23","160",""
"16031","1997-01-24","160",""
"16031","1997-01-25","160",""
"16031","1997-01-26","161",""
"16031","1997-01-27","163",""
"16031","1997-01-28","162",""
"16031","1997-01-29","160",""
"16031","1997-01-30","158",""
"16031","1997-01-31","176",""
"16031","1997-02-01","173",""
"16031","1997-02-02","174",""
"16031","1997-02-03","175",""
"16031","1997-02-04","152",""
"16031","1997-02-05","125",""
"16031","1997-02-06","162",""
"16031","1997-02-07","160",""
"16031","1997-02-08","163",""
"16031","1997-02-09","162",""
"16031","1997-02-10","161",""
"16031","1997-02-11","160",""
"16031","1997-02-12","160",""
"16031","1997-02-13","159",""
"16031","1997-02-14","158",""
"16031","1997-02-15","157",""
"16031","1997-02-16","156",""
"16031","1997-02-17","161",""
"16031","1997-02-18","162",""
"16031","1997-02-19","160",""
"16031","1997-02-20","158",""
"16031","1997-02-21","157",""
"16031","1997-02-22","160",""
"16031","1997-02-23","160",""
"16031","1997-02-24","161",""
"16031","1997-02-25","163",""
"16031","1997-02-26","161",""
"16031","1997-02-27","169",""
"16031","1997-02-28","169",""
"16031","1997-03-01","172",""
"16031","1997-03-02","172",""
"16031","1997-03-03","172",""
"16031","1997-03-04","174",""
"16031","1997-03-05","170",""
"16031","1997-03-06","186",""
"16031","1997-03-07","196",""
"16031","1997-03-08","212",""
"16031","1997-03-09","198",""
"16031","1997-03-10","224",""
"16031","1997-03-11","225",""
"16031","1997-03-12","232",""
"16031","1997-03-13","238",""
"16031","1997-03-14","238",""
"16031","1997-03-15","247",""
"16031","1997-03-16","252",""
"16031","1997-03-17","246",""
"16031","1997-03-18","253",""
"16031","1997-03-19","256",""
"16031","1997-03-20","260",""
"16031","1997-03-21","266",""
"16031","1997-03-22","279",""
"16031","1997-03-23","288",""
"16031","1997-03-24","283",""
"16031","1997-03-25","267",""
"16031","1997-03-26","238",""
"16031","1997-03-27","218",""
"16031","1997-03-28","265",""
"16031","1997-03-29","336",""
"16031","1997-03-30","341",""
"16031","1997-03-31","341",""
"16031","1997-04-01","332",""
"16031","1997-04-02","323",""
"16031","1997-04-03","282",""
"16031","1997-04-04","228",""
"16031","1997-04-05","205",""
"16031","1997-04-06","192",""
"16031","1997-04-07","188",""
"16031","1997-04-08","170",""
"16031","1997-04-09","137",""
"16031","1997-04-10","124",""
"16031","1997-04-11","122",""
"16031","1997-04-12","122",""
"16031","1997-04-13","122",""
"16031","1997-04-14","122",""
"16031","1997-04-15","121",""
"16031","1997-04-16","120",""
"16031","1997-04-17","120",""
"16031","1997-04-18","122",""
"16031","1997-04-19","148",""
"16031","1997-04-20","179",""
"16031","1997-04-21","219",""
"16031","1997-04-22","215",""
"16031","1997-04-23","215",""
"16031","1997-04-24","217",""
"16031","1997-04-25","220",""
"16031","1997-04-26","227",""
"16031","1997-04-27","234",""
"16031","1997-04-28","235",""
"16031","1997-04-29","232",""
"16031","1997-04-30","232",""
"16031","1997-05-01","230",""
"16031","1997-05-02","234",""
"16031","1997-05-03","234",""
"16031","1997-05-04","234",""
"16031","1997-05-05","232",""
"16031","1997-05-06","232",""
"16031","1997-05-07","233",""
"16031","1997-05-08","234",""
"16031","1997-05-09","234",""
"16031","1997-05-10","234",""
"16031","1997-05-11","234",""
"16031","1997-05-12","234",""
"16031","1997-05-13","230",""
"16031","1997-05-14","232",""
"16031","1997-05-15","234",""
"16031","1997-05-16","233",""
"16031","1997-05-17","232",""
"16031","1997-05-18","232",""
"16031","1997-05-19","232",""
"16031","1997-05-20","232",""
"16031","1997-05-21","230",""
"16031","1997-05-22","231",""
"16031","1997-05-23","234",""
"16031","1997-05-24","236",""
"16031","1997-05-25","202",""
"16031","1997-05-26","243",""
"16031","1997-05-27","235",""
"16031","1997-05-28","235",""
"16031","1997-05-29","235",""
"16031","1997-05-30","234",""
"16031","1997-05-31","234",""
"16031","1997-06-01","234",""
"16031","1997-06-02","234",""
"16031","1997-06-03","234",""
"16031","1997-06-04","234",""
"16031","1997-06-05","234",""
"16031","1997-06-06","231",""
"16031","1997-06-07","239",""
"16031","1997-06-08","223",""
"16031","1997-06-09","221",""
"16031","1997-06-10","230",""
"16031","1997-06-11","258",""
"16031","1997-06-12","250",""
"16031","1997-06-13","249",""
"16031","1997-06-14","246",""
"16031","1997-06-15","245",""
"16031","1997-06-16","242",""
"16031","1997-06-17","241",""
"16031","1997-06-18","234",""
"16031","1997-06-19","236",""
"16031","1997-06-20","233",""
"16031","1997-06-21","241",""
"16031","1997-06-22","239",""
"16031","1997-06-23","237",""
"16031","1997-06-24","240",""
"16031","1997-06-25","238",""
"16031","1997-06-26","235",""
"16031","1997-06-27","238",""
"16031","1997-06-28","241",""
"16031","1997-06-29","248",""
"16031","1997-06-30","242",""
"16031","1997-07-01","243",""
"16031","1997-07-02","237",""
"16031","1997-07-03","238",""
"16031","1997-07-04","239",""
"16031","1997-07-05","240",""
"16031","1997-07-06","243",""
"16031","1997-07-07","241",""
"16031","1997-07-08","245",""
"16031","1997-07-09","245",""
"16031","1997-07-10","244",""
"16031","1997-07-11","229",""
"16031","1997-07-12","222",""
"16031","1997-07-13","234",""
"16031","1997-07-14","236",""
"16031","1997-07-15","239",""
"16031","1997-07-16","237",""
"16031","1997-07-17","235",""
"16031","1997-07-18","240",""
"16031","1997-07-19","238",""
"16031","1997-07-20","241",""
"16031","1997-07-21","233",""
"16031","1997-07-22","224",""
"16031","1997-07-23","256",""
"16031","1997-07-24","241",""
"16031","1997-07-25","234",""
"16031","1997-07-26","203",""
"16031","1997-07-27","221",""
"16031","1997-07-28","215",""
"16031","1997-07-29","204",""
"16031","1997-07-30","221",""
"16031","1997-07-31","218",""
"16031","1997-08-01","220",""
"16031","1997-08-02","222",""
"16031","1997-08-03","219",""
"16031","1997-08-04","214",""
"16031","1997-08-05","207",""
"16031","1997-08-06","207",""
"16031","1997-08-07","206",""
"16031","1997-08-08","206",""
"16031","1997-08-09","206",""
"16031","1997-08-10","206",""
"16031","1997-08-11","200",""
"16031","1997-08-12","200",""
"16031","1997-08-13","188",""
"16031","1997-08-14","173",""
"16031","1997-08-15","142",""
"16031","1997-08-16","141",""
"16031","1997-08-17","74",""
"16031","1997-08-18","73",""
"16031","1997-08-19","83",""
"16031","1997-08-20","72",""
"16031","1997-08-21","68",""
"16031","1997-08-22","67",""
"16031","1997-08-23","67",""
"16031","1997-08-24","68",""
"16031","1997-08-25","71",""
"16031","1997-08-26","68",""
"16031","1997-08-27","73",""
"16031","1997-08-28","72",""
"16031","1997-08-29","72",""
"16031","1997-08-30","74",""
"16031","1997-08-31","71",""
"16031","1997-09-01","65",""
"16031","1997-09-02","66",""
"16031","1997-09-03","67",""
"16031","1997-09-04","67",""
"16031","1997-09-05","65",""
"16031","1997-09-06","66",""
"16031","1997-09-07","66",""
"16031","1997-09-08","68",""
"16031","1997-09-09","69",""
"16031","1997-09-10","61",""
"16031","1997-09-11","70",""
"16031","1997-09-12","73",""
"16031","1997-09-13","73",""
"16031","1997-09-14","70",""
"16031","1997-09-15","78",""
"16031","1997-09-16","77",""
"16031","1997-09-17","78",""
"16031","1997-09-18","74",""
"16031","1997-09-19","70",""
"16031","1997-09-20","66",""
"16031","1997-09-21","70",""
"16031","1997-09-22","74",""
"16031","1997-09-23","74",""
"16031","1997-09-24","76",""
"16031","1997-09-25","71",""
"16031","1997-09-26","75",""
"16031","1997-09-27","76",""
"16031","1997-09-28","72",""
"16031","1997-09-29","75",""
"16031","1997-09-30","74",""
"16031","1997-10-01","76",""
"16031","1997-10-02","78",""
"16031","1997-10-03","77",""
"16031","1997-10-04","76",""
"16031","1997-10-05","72",""
"16031","1997-10-06","74",""
"16031","1997-10-07","76",""
"16031","1997-10-08","61",""
"16031","1997-10-09","56",""
"16031","1997-10-10","56",""
"16031","1997-10-11","56",""
"16031","1997-10-12","56",""
"16031","1997-10-13","56",""
"16031","1997-10-14","56",""
"16031","1997-10-15","56",""
"16031","1997-10-16","56",""
"16031","1997-10-17","56",""
"16031","1997-10-18","56",""
"16031","1997-10-19","81",""
"16031","1997-10-20","82",""
"16031","1997-10-21","83",""
"16031","1997-10-22","83",""
"16031","1997-10-23","84",""
"16031","1997-10-24","84",""
"16031","1997-10-25","84",""
"16031","1997-10-26","84",""
"16031","1997-10-27","84",""
"16031","1997-10-28","85",""
"16031","1997-10-29","85",""
"16031","1997-10-30","85",""
"16031","1997-10-31","82",""
"16031","1997-11-01","85",""
"16031","1997-11-02","86",""
"16031","1997-11-03","84",""
"16031","1997-11-04","84",""
"16031","1997-11-05","84",""
"16031","1997-11-06","82",""
"16031","1997-11-07","84",""
"16031","1997-11-08","84",""
"16031","1997-11-09","86",""
"16031","1997-11-10","84",""
"16031","1997-11-11","78",""
"16031","1997-11-12","81",""
"16031","1997-11-13","74",""
"16031","1997-11-14","86",""
"16031","1997-11-15","107",""
"16031","1997-11-16","127",""
"16031","1997-11-17","118",""
"16031","1997-11-18","136",""
"16031","1997-11-19","159",""
"16031","1997-11-20","159",""
"16031","1997-11-21","161",""
"16031","1997-11-22","158",""
"16031","1997-11-23","160",""
"16031","1997-11-24","161",""
"16031","1997-11-25","162",""
"16031","1997-11-26","165",""
"16031","1997-11-27","167",""
"16031","1997-11-28","164",""
"16031","1997-11-29","159",""
"16031","1997-11-30","153",""
"16031","1997-12-01","152",""
"16031","1997-12-02","154",""
"16031","1997-12-03","156",""
"16031","1997-12-04","164",""
"16031","1997-12-05","158",""
"16031","1997-12-06","145",""
"16031","1997-12-07","136",""
"16031","1997-12-08","142",""
"16031","1997-12-09","134",""
"16031","1997-12-10","151",""
"16031","1997-12-11","149",""
"16031","1997-12-12","149",""
"16031","1997-12-13","139",""
"16031","1997-12-14","135",""
"16031","1997-12-15","142",""
"16031","1997-12-16","132",""
"16031","1997-12-17","144",""
"16031","1997-12-18","163",""
"16031","1997-12-19","152",""
"16031","1997-12-20","138",""
"16031","1997-12-21","143",""
"16031","1997-12-22","143",""
"16031","1997-12-23","154",""
"16031","1997-12-24","154",""
"16031","1997-12-25","152",""
"16031","1997-12-26","152",""
"16031","1997-12-27","162",""
"16031","1997-12-28","148",""
"16031","1997-12-29","145",""
"16031","1997-12-30","142",""
"16031","1997-12-31","149",""
"16031","1998-01-01","640",""
"16031","1998-01-02","632",""
"16031","1998-01-03","632",""
"16031","1998-01-04","634",""
"16031","1998-01-05","644",""
"16031","1998-01-06","643",""
"16031","1998-01-07","649",""
"16031","1998-01-08","643",""
"16031","1998-01-09","649",""
"16031","1998-01-10","638",""
"16031","1998-01-11","633",""
"16031","1998-01-12","642",""
"16031","1998-01-13","644",""
"16031","1998-01-14","640",""
"16031","1998-01-15","629",""
"16031","1998-01-16","632",""
"16031","1998-01-17","632",""
"16031","1998-01-18","630",""
"16031","1998-01-19","631",""
"16031","1998-01-20","639",""
"16031","1998-01-21","634",""
"16031","1998-01-22","639",""
"16031","1998-01-23","641",""
"16031","1998-01-24","641",""
"16031","1998-01-25","639",""
"16031","1998-01-26","626",""
"16031","1998-01-27","615",""
"16031","1998-01-28","617",""
"16031","1998-01-29","626",""
"16031","1998-01-30","632",""
"16031","1998-01-31","623",""
"16031","1998-02-01","613",""
"16031","1998-02-02","617",""
"16031","1998-02-03","632",""
"16031","1998-02-04","649",""
"16031","1998-02-05","671",""
"16031","1998-02-06","666",""
"16031","1998-02-07","661",""
"16031","1998-02-08","666",""
"16031","1998-02-09","673",""
"16031","1998-02-10","656",""
"16031","1998-02-11","662",""
"16031","1998-02-12","672",""
"16031","1998-02-13","673",""
"16031","1998-02-14","667",""
"16031","1998-02-15","666",""
"16031","1998-02-16","672",""
"16031","1998-02-17","674",""
"16031","1998-02-18","675",""
"16031","1998-02-19","669",""
"16031","1998-02-20","671",""
"16031","1998-02-21","649",""
"16031","1998-02-22","646",""
"16031","1998-02-23","664",""
"16031","1998-02-24","665",""
"16031","1998-02-25","669",""
"16031","1998-02-26","677",""
"16031","1998-02-27","679",""
"16031","1998-02-28","678",""
"16031","1998-03-01","665",""
"16031","1998-03-02","670",""
"16031","1998-03-03","679",""
"16031","1998-03-04","677",""
"16031","1998-03-05","679",""
"16031","1998-03-06","692",""
"16031","1998-03-07","695",""
"16031","1998-03-08","690",""
"16031","1998-03-09","678",""
"16031","1998-03-10","681",""
"16031","1998-03-11","714",""
"16031","1998-03-12","704",""
"16031","1998-03-13","709",""
"16031","1998-03-14","714",""
"16031","1998-03-15","723",""
"16031","1998-03-16","738",""
"16031","1998-03-17","742",""
"16031","1998-03-18","748",""
"16031","1998-03-19","728",""
"16031","1998-03-20","713",""
"16031","1998-03-21","746",""
"16031","1998-03-22","749",""
"16031","1998-03-23","752",""
"16031","1998-03-24","752",""
"16031","1998-03-25","755",""
"16031","1998-03-26","760",""
"16031","1998-03-27","758",""
"16031","1998-03-28","761",""
"16031","1998-03-29","763",""
"16031","1998-03-30","767",""
"16031","1998-03-31","716",""
"16031","1998-04-01","735",""
"16031","1998-04-02","761",""
"16031","1998-04-03","758",""
"16031","1998-04-04","782",""
"16031","1998-04-05","780",""
"16031","1998-04-06","778",""
"16031","1998-04-07","729",""
"16031","1998-04-08","705",""
"16031","1998-04-09","656",""
"16031","1998-04-10","695",""
"16031","1998-04-11","728",""
"16031","1998-04-12","731",""
"16031","1998-04-13","709",""
"16031","1998-04-14","690",""
"16031","1998-04-15","680",""
"16031","1998-04-16","668",""
"16031","1998-04-17","654",""
"16031","1998-04-18","651",""
"16031","1998-04-19","661",""
"16031","1998-04-20","670",""
"16031","1998-04-21","684",""
"16031","1998-04-22","717",""
"16031","1998-04-23","719",""
"16031","1998-04-24","709",""
"16031","1998-04-25","727",""
"16031","1998-04-26","730",""
"16031","1998-04-27","728",""
"16031","1998-04-28","779",""
"16031","1998-04-29","813",""
"16031","1998-04-30","781",""
"16031","1998-05-01","775",""
"16031","1998-05-02","782",""
"16031","1998-05-03","759",""
"16031","1998-05-04","755",""
"16031","1998-05-05","800",""
"16031","1998-05-06","834",""
"16031","1998-05-07","842",""
"16031","1998-05-08","834",""
"16031","1998-05-09","838",""
"16031","1998-05-10","864",""
"16031","1998-05-11","857",""
"16031","1998-05-12","839",""
"16031","1998-05-13","784",""
"16031","1998-05-14","711",""
"16031","1998-05-15","709",""
"16031","1998-05-16","758",""
"16031","1998-05-17","760",""
"16031","1998-05-18","762",""
"16031","1998-05-19","758",""
"16031","1998-05-20","754",""
"16031","1998-05-21","750",""
"16031","1998-05-22","804",""
"16031","1998-05-23","854",""
"16031","1998-05-24","857",""
"16031","1998-05-25","867",""
"16031","1998-05-26","870",""
"16031","1998-05-27","873",""
"16031","1998-05-28","871",""
"16031","1998-05-29","868",""
"16031","1998-05-30","873",""
"16031","1998-05-31","857",""
"16031","1998-06-01","806",""
"16031","1998-06-02","770",""
"16031","1998-06-03","776",""
"16031","1998-06-04","820",""
"16031","1998-06-05","851",""
"16031","1998-06-06","829",""
"16031","1998-06-07","841",""
"16031","1998-06-08","866",""
"16031","1998-06-09","901",""
"16031","1998-06-10","896",""
"16031","1998-06-11","896",""
"16031","1998-06-12","896",""
"16031","1998-06-13","896",""
"16031","1998-06-14","896",""
"16031","1998-06-15","881",""
"16031","1998-06-16","812",""
"16031","1998-06-17","816",""
"16031","1998-06-18","816",""
"16031","1998-06-19","757",""
"16031","1998-06-20","754",""
"16031","1998-06-21","759",""
"16031","1998-06-22","758",""
"16031","1998-06-23","771",""
"16031","1998-06-24","755",""
"16031","1998-06-25","758",""
"16031","1998-06-26","750",""
"16031","1998-06-27","757",""
"16031","1998-06-28","754",""
"16031","1998-06-29","762",""
"16031","1998-06-30","778",""
"16031","1998-07-01","762",""
"16031","1998-07-02","786",""
"16031","1998-07-03","809",""
"16031","1998-07-04","855",""
"16031","1998-07-05","829",""
"16031","1998-07-06","860",""
"16031","1998-07-07","863",""
"16031","1998-07-08","853",""
"16031","1998-07-09","847",""
"16031","1998-07-10","848",""
"16031","1998-07-11","853",""
"16031","1998-07-12","861",""
"16031","1998-07-13","848",""
"16031","1998-07-14","804",""
"16031","1998-07-15","833",""
"16031","1998-07-16","838",""
"16031","1998-07-17","851",""
"16031","1998-07-18","861",""
"16031","1998-07-19","855",""
"16031","1998-07-20","864",""
"16031","1998-07-21","861",""
"16031","1998-07-22","851",""
"16031","1998-07-23","845",""
"16031","1998-07-24","844",""
"16031","1998-07-25","821",""
"16031","1998-07-26","819",""
"16031","1998-07-27","819",""
"16031","1998-07-28","817",""
"16031","1998-07-29","790",""
"16031","1998-07-30","773",""
"16031","1998-07-31","797",""
"16031","1998-08-01","793",""
"16031","1998-08-02","775",""
"16031","1998-08-03","768",""
"16031","1998-08-04","761",""
"16031","1998-08-05","757",""
"16031","1998-08-06","755",""
"16031","1998-08-07","750",""
"16031","1998-08-08","749",""
"16031","1998-08-09","751",""
"16031","1998-08-10","756",""
"16031","1998-08-11","755",""
"16031","1998-08-12","742",""
"16031","1998-08-13","751",""
"16031","1998-08-14","746",""
"16031","1998-08-15","738",""
"16031","1998-08-16","725",""
"16031","1998-08-17","721",""
"16031","1998-08-18","715",""
"16031","1998-08-19","716",""
"16031","1998-08-20","722",""
"16031","1998-08-21","722",""
"16031","1998-08-22","704",""
"16031","1998-08-23","690",""
"16031","1998-08-24","700",""
"16031","1998-08-25","702",""
"16031","1998-08-26","692",""
"16031","1998-08-27","692",""
"16031","1998-08-28","692",""
"16031","1998-08-29","692",""
"16031","1998-08-30","698",""
"16031","1998-08-31","698",""
"16031","1998-09-01","695",""
"16031","1998-09-02","694",""
"16031","1998-09-03","694",""
"16031","1998-09-04","694",""
"16031","1998-09-05","695",""
"16031","1998-09-06","696",""
"16031","1998-09-07","696",""
"16031","1998-09-08","699",""
"16031","1998-09-09","701",""
"16031","1998-09-10","705",""
"16031","1998-09-11","704",""
"16031","1998-09-12","705",""
"16031","1998-09-13","696",""
"16031","1998-09-14","694",""
"16031","1998-09-15","700",""
"16031","1998-09-16","703",""
"16031","1998-09-17","704",""
"16031","1998-09-18","708",""
"16031","1998-09-19","700",""
"16031","1998-09-20","703",""
"16031","1998-09-21","702",""
"16031","1998-09-22","708",""
"16031","1998-09-23","716",""
"16031","1998-09-24","716",""
"16031","1998-09-25","713",""
"16031","1998-09-26","714",""
"16031","1998-09-27","709",""
"16031","1998-09-28","700",""
"16031","1998-09-29","691",""
"16031","1998-09-30","693",""
"16031","1998-10-01","712",""
"16031","1998-10-02","718",""
"16031","1998-10-03","681",""
"16031","1998-10-04","706",""
"16031","1998-10-05","713",""
"16031","1998-10-06","696",""
"16031","1998-10-07","679",""
"16031","1998-10-08","677",""
"16031","1998-10-09","680",""
"16031","1998-10-10","689",""
"16031","1998-10-11","695",""
"16031","1998-10-12","696",""
"16031","1998-10-13","705",""
"16031","1998-10-14","700",""
"16031","1998-10-15","701",""
"16031","1998-10-16","698",""
"16031","1998-10-17","695",""
"16031","1998-10-18","696",""
"16031","1998-10-19","698",""
"16031","1998-10-20","700",""
"16031","1998-10-21","698",""
"16031","1998-10-22","695",""
"16031","1998-10-23","692",""
"16031","1998-10-24","695",""
"16031","1998-10-25","707",""
"16031","1998-10-26","697",""
"16031","1998-10-27","656",""
"16031","1998-10-28","670",""
"16031","1998-10-29","711",""
"16031","1998-10-30","712",""
"16031","1998-10-31","711",""
"16031","1998-11-01","711",""
"16031","1998-11-02","695",""
"16031","1998-11-03","703",""
"16031","1998-11-04","707",""
"16031","1998-11-05","707",""
"16031","1998-11-06","723",""
"16031","1998-11-07","726",""
"16031","1998-11-08","722",""
"16031","1998-11-09","725",""
"16031","1998-11-10","728",""
"16031","1998-11-11","693",""
"16031","1998-11-12","658",""
"16031","1998-11-13","716",""
"16031","1998-11-14","729",""
"16031","1998-11-15","716",""
"16031","1998-11-16","702",""
"16031","1998-11-17","696",""
"16031","1998-11-18","696",""
"16031","1998-11-19","691",""
"16031","1998-11-20","699",""
"16031","1998-11-21","699",""
"16031","1998-11-22","693",""
"16031","1998-11-23","703",""
"16031","1998-11-24","702",""
"16031","1998-11-25","701",""
"16031","1998-11-26","703",""
"16031","1998-11-27","705",""
"16031","1998-11-28","704",""
"16031","1998-11-29","712",""
"16031","1998-11-30","717",""
"16031","1998-12-01","720",""
"16031","1998-12-02","686",""
"16031","1998-12-03","682",""
"16031","1998-12-04","696",""
"16031","1998-12-05","687",""
"16031","1998-12-06","676",""
"16031","1998-12-07","663",""
"16031","1998-12-08","669",""
"16031","1998-12-09","663",""
"16031","1998-12-10","660",""
"16031","1998-12-11","665",""
"16031","1998-12-12","670",""
"16031","1998-12-13","664",""
"16031","1998-12-14","666",""
"16031","1998-12-15","671",""
"16031","1998-12-16","674",""
"16031","1998-12-17","675",""
"16031","1998-12-18","679",""
"16031","1998-12-19","678",""
"16031","1998-12-20","676",""
"16031","1998-12-21","667",""
"16031","1998-12-22","677",""
"16031","1998-12-23","670",""
"16031","1998-12-24","662",""
"16031","1998-12-25","670",""
"16031","1998-12-26","671",""
"16031","1998-12-27","672",""
"16031","1998-12-28","669",""
"16031","1998-12-29","670",""
"16031","1998-12-30","662",""
"16031","1998-12-31","667",""
"16031","1999-01-01","662",""
"16031","1999-01-02","645",""
"16031","1999-01-03","661",""
"16031","1999-01-04","666",""
"16031","1999-01-05","673",""
"16031","1999-01-06","674",""
"16031","1999-01-07","668",""
"16031","1999-01-08","668",""
"16031","1999-01-09","676",""
"16031","1999-01-10","674",""
"16031","1999-01-11","676",""
"16031","1999-01-12","669",""
"16031","1999-01-13","669",""
"16031","1999-01-14","671",""
"16031","1999-01-15","660",""
"16031","1999-01-16","664",""
"16031","1999-01-17","661",""
"16031","1999-01-18","660",""
"16031","1999-01-19","655",""
"16031","1999-01-20","661",""
"16031","1999-01-21","658",""
"16031","1999-01-22","654",""
"16031","1999-01-23","646",""
"16031","1999-01-24","638",""
"16031","1999-01-25","657",""
"16031","1999-01-26","668",""
"16031","1999-01-27","686",""
"16031","1999-01-28","641",""
"16031","1999-01-29","664",""
"16031","1999-01-30","665",""
"16031","1999-01-31","663",""
"16031","1999-02-01","652",""
"16031","1999-02-02","658",""
"16031","1999-02-03","678",""
"16031","1999-02-04","678",""
"16031","1999-02-05","672",""
"16031","1999-02-06","672",""
"16031","1999-02-07","668",""
"16031","1999-02-08","663",""
"16031","1999-02-09","670",""
"16031","1999-02-10","664",""
"16031","1999-02-11","665",""
"16031","1999-02-12","671",""
"16031","1999-02-13","663",""
"16031","1999-02-14","658",""
"16031","1999-02-15","659",""
"16031","1999-02-16","661",""
"16031","1999-02-17","670",""
"16031","1999-02-18","660",""
"16031","1999-02-19","662",""
"16031","1999-02-20","648",""
"16031","1999-02-21","645",""
"16031","1999-02-22","669",""
"16031","1999-02-23","699",""
"16031","1999-02-24","688",""
"16031","1999-02-25","687",""
"16031","1999-02-26","694",""
"16031","1999-02-27","705",""
"16031","1999-02-28","712",""
"16031","1999-03-01","713",""
"16031","1999-03-02","714",""
"16031","1999-03-03","735",""
"16031","1999-03-04","737",""
"16031","1999-03-05","727",""
"16031","1999-03-06","737",""
"16031","1999-03-07","742",""
"16031","1999-03-08","738",""
"16031","1999-03-09","737",""
"16031","1999-03-10","736",""
"16031","1999-03-11","742",""
"16031","1999-03-12","757",""
"16031","1999-03-13","774",""
"16031","1999-03-14","769",""
"16031","1999-03-15","775",""
"16031","1999-03-16","777",""
"16031","1999-03-17","774",""
"16031","1999-03-18","763",""
"16031","1999-03-19","793",""
"16031","1999-03-20","775",""
"16031","1999-03-21","776",""
"16031","1999-03-22","776",""
"16031","1999-03-23","787",""
"16031","1999-03-24","771",""
"16031","1999-03-25","775",""
"16031","1999-03-26","774",""
"16031","1999-03-27","769",""
"16031","1999-03-28","758",""
"16031","1999-03-29","757",""
"16031","1999-03-30","734",""
"16031","1999-03-31","734",""
"16031","1999-04-01","740",""
"16031","1999-04-02","740",""
"16031","1999-04-03","741",""
"16031","1999-04-04","736",""
"16031","1999-04-05","726",""
"16031","1999-04-06","733",""
"16031","1999-04-07","742",""
"16031","1999-04-08","723",""
"16031","1999-04-09","702",""
"16031","1999-04-10","708",""
"16031","1999-04-11","704",""
"16031","1999-04-12","698",""
"16031","1999-04-13","698",""
"16031","1999-04-14","721",""
"16031","1999-04-15","763",""
"16031","1999-04-16","774",""
"16031","1999-04-17","787",""
"16031","1999-04-18","749",""
"16031","1999-04-19","742",""
"16031","1999-04-20","704",""
"16031","1999-04-21","684",""
"16031","1999-04-22","691",""
"16031","1999-04-23","694",""
"16031","1999-04-24","660",""
"16031","1999-04-25","694",""
"16031","1999-04-26","695",""
"16031","1999-04-27","692",""
"16031","1999-04-28","711",""
"16031","1999-04-29","723",""
"16031","1999-04-30","724",""
"16031","1999-05-01","719",""
"16031","1999-05-02","727",""
"16031","1999-05-03","725",""
"16031","1999-05-04","731",""
"16031","1999-05-05","735",""
"16031","1999-05-06","724",""
"16031","1999-05-07","725",""
"16031","1999-05-08","732",""
"16031","1999-05-09","725",""
"16031","1999-05-10","737",""
"16031","1999-05-11","729",""
"16031","1999-05-12","721",""
"16031","1999-05-13","719",""
"16031","1999-05-14","732",""
"16031","1999-05-15","736",""
"16031","1999-05-16","734",""
"16031","1999-05-17","738",""
"16031","1999-05-18","739",""
"16031","1999-05-19","725",""
"16031","1999-05-20","731",""
"16031","1999-05-21","755",""
"16031","1999-05-22","752",""
"16031","1999-05-23","743",""
"16031","1999-05-24","741",""
"16031","1999-05-25","744",""
"16031","1999-05-26","733",""
"16031","1999-05-27","732",""
"16031","1999-05-28","730",""
"16031","1999-05-29","732",""
"16031","1999-05-30","731",""
"16031","1999-05-31","732",""
"16031","1999-06-01","739",""
"16031","1999-06-02","747",""
"16031","1999-06-03","756",""
"16031","1999-06-04","741",""
"16031","1999-06-05","743",""
"16031","1999-06-06","746",""
"16031","1999-06-07","736",""
"16031","1999-06-08","739",""
"16031","1999-06-09","731",""
"16031","1999-06-10","750",""
"16031","1999-06-11","762",""
"16031","1999-06-12","758",""
"16031","1999-06-13","740",""
"16031","1999-06-14","738",""
"16031","1999-06-15","717",""
"16031","1999-06-16","755",""
"16031","1999-06-17","750",""
"16031","1999-06-18","745",""
"16031","1999-06-19","743",""
"16031","1999-06-20","753",""
"16031","1999-06-21","750",""
"16031","1999-06-22","759",""
"16031","1999-06-23","754",""
"16031","1999-06-24","740",""
"16031","1999-06-25","745",""
"16031","1999-06-26","740",""
"16031","1999-06-27","736",""
"16031","1999-06-28","738",""
"16031","1999-06-29","735",""
"16031","1999-06-30","719",""
"16031","1999-07-01","708",""
"16031","1999-07-02","715",""
"16031","1999-07-03","713",""
"16031","1999-07-04","720",""
"16031","1999-07-05","720",""
"16031","1999-07-06","721",""
"16031","1999-07-07","721",""
"16031","1999-07-08","729",""
"16031","1999-07-09","729",""
"16031","1999-07-10","723",""
"16031","1999-07-11","719",""
"16031","1999-07-12","706",""
"16031","1999-07-13","717",""
"16031","1999-07-14","714",""
"16031","1999-07-15","720",""
"16031","1999-07-16","584",""
"16031","1999-07-17","734",""
"16031","1999-07-18","728",""
"16031","1999-07-19","718",""
"16031","1999-07-20","717",""
"16031","1999-07-21","695",""
"16031","1999-07-22","696",""
"16031","1999-07-23","693",""
"16031","1999-07-24","700",""
"16031","1999-07-25","711",""
"16031","1999-07-26","707",""
"16031","1999-07-27","717",""
"16031","1999-07-28","711",""
"16031","1999-07-29","702",""
"16031","1999-07-30","692",""
"16031","1999-07-31","702",""
"16031","1999-08-01","714",""
"16031","1999-08-02","743",""
"16031","1999-08-03","711",""
"16031","1999-08-04","734",""
"16031","1999-08-05","730",""
"16031","1999-08-06","720",""
"16031","1999-08-07","721",""
"16031","1999-08-08","721",""
"16031","1999-08-09","729",""
"16031","1999-08-10","723",""
"16031","1999-08-11","721",""
"16031","1999-08-12","706",""
"16031","1999-08-13","717",""
"16031","1999-08-14","714",""
"16031","1999-08-15","720",""
"16031","1999-08-16","584",""
"16031","1999-08-17","734",""
"16031","1999-08-18","728",""
"16031","1999-08-19","718",""
"16031","1999-08-20","717",""
"16031","1999-08-21","685",""
"16031","1999-08-22","674",""
"16031","1999-08-23","685",""
"16031","1999-08-24","685",""
"16031","1999-08-25","698",""
"16031","1999-08-26","677",""
"16031","1999-08-27","684",""
"16031","1999-08-28","646",""
"16031","1999-08-29","655",""
"16031","1999-08-30","661",""
"16031","1999-08-31","664",""
"16031","1999-09-01","629",""
"16031","1999-09-02","610",""
"16031","1999-09-03","613",""
"16031","1999-09-04","603",""
"16031","1999-09-05","595",""
"16031","1999-09-06","585",""
"16031","1999-09-07","590",""
"16031","1999-09-08","591",""
"16031","1999-09-09","597",""
"16031","1999-09-10","596",""
"16031","1999-09-11","599",""
"16031","1999-09-12","603",""
"16031","1999-09-13","603",""
"16031","1999-09-14","619",""
"16031","1999-09-15","617",""
"16031","1999-09-16","613",""
"16031","1999-09-17","613",""
"16031","1999-09-18","620",""
"16031","1999-09-19","626",""
"16031","1999-09-20","627",""
"16031","1999-09-21","632",""
"16031","1999-09-22","626",""
"16031","1999-09-23","622",""
"16031","1999-09-24","619",""
"16031","1999-09-25","629",""
"16031","1999-09-26","625",""
"16031","1999-09-27","626",""
"16031","1999-09-28","640",""
"16031","1999-09-29","634",""
"16031","1999-09-30","635",""
"16031","1999-10-01","633",""
"16031","1999-10-02","641",""
"16031","1999-10-03","645",""
"16031","1999-10-04","640",""
"16031","1999-10-05","643",""
"16031","1999-10-06","652",""
"16031","1999-10-07","653",""
"16031","1999-10-08","655",""
"16031","1999-10-09","653",""
"16031","1999-10-10","650",""
"16031","1999-10-11","634",""
"16031","1999-10-12","646",""
"16031","1999-10-13","649",""
"16031","1999-10-14","645",""
"16031","1999-10-15","641",""
"16031","1999-10-16","640",""
"16031","1999-10-17","638",""
"16031","1999-10-18","642",""
"16031","1999-10-19","647",""
"16031","1999-10-20","648",""
"16031","1999-10-21","654",""
"16031","1999-10-22","660",""
"16031","1999-10-23","667",""
"16031","1999-10-24","646",""
"16031","1999-10-25","653",""
"16031","1999-10-26","678",""
"16031","1999-10-27","680",""
"16031","1999-10-28","676",""
"16031","1999-10-29","683",""
"16031","1999-10-30","680",""
"16031","1999-10-31","681",""
"16031","1999-11-01","689",""
"16031","1999-11-02","703",""
"16031","1999-11-03","709",""
"16031","1999-11-04","713",""
"16031","1999-11-05","717",""
"16031","1999-11-06","711",""
"16031","1999-11-07","705",""
"16031","1999-11-08","708",""
"16031","1999-11-09","715",""
"16031","1999-11-10","712",""
"16031","1999-11-11","682",""
"16031","1999-11-12","720",""
"16031","1999-11-13","717",""
"16031","1999-11-14","698",""
"16031","1999-11-15","701",""
"16031","1999-11-16","703",""
"16031","1999-11-17","701",""
"16031","1999-11-18","692",""
"16031","1999-11-19","697",""
"16031","1999-11-20","685",""
"16031","1999-11-21","670",""
"16031","1999-11-22","668",""
"16031","1999-11-23","676",""
"16031","1999-11-24","662",""
"16031","1999-11-25","669",""
"16031","1999-11-26","671",""
"16031","1999-11-27","676",""
"16031","1999-11-28","676",""
"16031","1999-11-29","670",""
"16031","1999-11-30","666",""
"16031","1999-12-01","669",""
"16031","1999-12-02","650",""
"16031","1999-12-03","649",""
"16031","1999-12-04","652",""
"16031","1999-12-05","648",""
"16031","1999-12-06","641",""
"16031","1999-12-07","654",""
"16031","1999-12-08","655",""
"16031","1999-12-09","660",""
"16031","1999-12-10","655",""
"16031","1999-12-11","652",""
"16031","1999-12-12","658",""
"16031","1999-12-13","663",""
"16031","1999-12-14","662",""
"16031","1999-12-15","666",""
"16031","1999-12-16","677",""
"16031","1999-12-17","670",""
"16031","1999-12-18","671",""
"16031","1999-12-19","677",""
"16031","1999-12-20","675",""
"16031","1999-12-21","669",""
"16031","1999-12-22","662",""
"16031","1999-12-23","645",""
"16031","1999-12-24","657",""
"16031","1999-12-25","647",""
"16031","1999-12-26","647",""
"16031","1999-12-27","644",""
"16031","1999-12-28","652",""
"16031","1999-12-29","649",""
"16031","1999-12-30","640",""
"16031","1999-12-31","637",""
"16031","2000-01-01","636",""
"16031","2000-01-02","535",""
"16031","2000-01-03","638",""
"16031","2000-01-04","637",""
"16031","2000-01-05","639",""
"16031","2000-01-06","635",""
"16031","2000-01-07","646",""
"16031","2000-01-08","642",""
"16031","2000-01-09","635",""
"16031","2000-01-10","642",""
"16031","2000-01-11","646",""
"16031","2000-01-12","642",""
"16031","2000-01-13","646",""
"16031","2000-01-14","645",""
"16031","2000-01-15","649",""
"16031","2000-01-16","643",""
"16031","2000-01-17","649",""
"16031","2000-01-18","646",""
"16031","2000-01-19","644",""
"16031","2000-01-20","641",""
"16031","2000-01-21","637",""
"16031","2000-01-22","639",""
"16031","2000-01-23","636",""
"16031","2000-01-24","644",""
"16031","2000-01-25","651",""
"16031","2000-01-26","655",""
"16031","2000-01-27","657",""
"16031","2000-01-28","646",""
"16031","2000-01-29","644",""
"16031","2000-01-30","647",""
"16031","2000-01-31","644",""
"16031","2000-02-01","654",""
"16031","2000-02-02","661",""
"16031","2000-02-03","660",""
"16031","2000-02-04","653",""
"16031","2000-02-05","652",""
"16031","2000-02-06","655",""
"16031","2000-02-07","653",""
"16031","2000-02-08","651",""
"16031","2000-02-09","652",""
"16031","2000-02-10","651",""
"16031","2000-02-11","649",""
"16031","2000-02-12","648",""
"16031","2000-02-13","651",""
"16031","2000-02-14","652",""
"16031","2000-02-15","648",""
"16031","2000-02-16","643",""
"16031","2000-02-17","649",""
"16031","2000-02-18","646",""
"16031","2000-02-19","646",""
"16031","2000-02-20","653",""
"16031","2000-02-21","654",""
"16031","2000-02-22","649",""
"16031","2000-02-23","659",""
"16031","2000-02-24","646",""
"16031","2000-02-25","637",""
"16031","2000-02-26","651",""
"16031","2000-02-27","667",""
"16031","2000-02-28","667",""
"16031","2000-02-29","674",""
"16031","2000-03-01","676",""
"16031","2000-03-02","689",""
"16031","2000-03-03","691",""
"16031","2000-03-04","699",""
"16031","2000-03-05","690",""
"16031","2000-03-06","692",""
"16031","2000-03-07","691",""
"16031","2000-03-08","692",""
"16031","2000-03-09","649",""
"16031","2000-03-10","670",""
"16031","2000-03-11","670",""
"16031","2000-03-12","664",""
"16031","2000-03-13","670",""
"16031","2000-03-14","638",""
"16031","2000-03-15","636",""
"16031","2000-03-16","615",""
"16031","2000-03-17","621",""
"16031","2000-03-18","618",""
"16031","2000-03-19","620",""
"16031","2000-03-20","619",""
"16031","2000-03-21","615",""
"16031","2000-03-22","613",""
"16031","2000-03-23","607",""
"16031","2000-03-24","607",""
"16031","2000-03-25","603",""
"16031","2000-03-26","603",""
"16031","2000-03-27","608",""
"16031","2000-03-28","604",""
"16031","2000-03-29","599",""
"16031","2000-03-30","587",""
"16031","2000-03-31","583",""
"16031","2000-04-01","614",""
"16031","2000-04-02","640",""
"16031","2000-04-03","619",""
"16031","2000-04-04","672",""
"16031","2000-04-05","722",""
"16031","2000-04-06","731",""
"16031","2000-04-07","748",""
"16031","2000-04-08","762",""
"16031","2000-04-09","745",""
"16031","2000-04-10","734",""
"16031","2000-04-11","687",""
"16031","2000-04-12","726",""
"16031","2000-04-13","742",""
"16031","2000-04-14","717",""
"16031","2000-04-15","690",""
"16031","2000-04-16","715",""
"16031","2000-04-17","720",""
"16031","2000-04-18","715",""
"16031","2000-04-19","715",""
"16031","2000-04-20","666",""
"16031","2000-04-21","617",""
"16031","2000-04-22","604",""
"16031","2000-04-23","620",""
"16031","2000-04-24","618",""
"16031","2000-04-25","620",""
"16031","2000-04-26","654",""
"16031","2000-04-27","699",""
"16031","2000-04-28","693",""
"16031","2000-04-29","694",""
"16031","2000-04-30","696",""
"16031","2000-05-01","703",""
"16031","2000-05-02","710",""
"16031","2000-05-03","707",""
"16031","2000-05-04","723",""
"16031","2000-05-05","731",""
"16031","2000-05-06","738",""
"16031","2000-05-07","730",""
"16031","2000-05-08","709",""
"16031","2000-05-09","690",""
"16031","2000-05-10","691",""
"16031","2000-05-11","704",""
"16031","2000-05-12","713",""
"16031","2000-05-13","712",""
"16031","2000-05-14","710",""
"16031","2000-05-15","709",""
"16031","2000-05-16","705",""
"16031","2000-05-17","717",""
"16031","2000-05-18","703",""
"16031","2000-05-19","701",""
"16031","2000-05-20","703",""
"16031","2000-05-21","705",""
"16031","2000-05-22","701",""
"16031","2000-05-23","695",""
"16031","2000-05-24","680",""
"16031","2000-05-25","665",""
"16031","2000-05-26","664",""
"16031","2000-05-27","671",""
"16031","2000-05-28","673",""
"16031","2000-05-29","663",""
"16031","2000-05-30","675",""
"16031","2000-05-31","668",""
"16031","2000-06-01","673",""
"16031","2000-06-02","671",""
"16031","2000-06-03","667",""
"16031","2000-06-04","662",""
"16031","2000-06-05","663",""
"16031","2000-06-06","657",""
"16031","2000-06-07","654",""
"16031","2000-06-08","651",""
"16031","2000-06-09","668",""
"16031","2000-06-10","669",""
"16031","2000-06-11","682",""
"16031","2000-06-12","663",""
"16031","2000-06-13","699",""
"16031","2000-06-14","638",""
"16031","2000-06-15","654",""
"16031","2000-06-16","651",""
"16031","2000-06-17","672",""
"16031","2000-06-18","679",""
"16031","2000-06-19","663",""
"16031","2000-06-20","669",""
"16031","2000-06-21","675",""
"16031","2000-06-22","673",""
"16031","2000-06-23","686",""
"16031","2000-06-24","678",""
"16031","2000-06-25","670",""
"16031","2000-06-26","666",""
"16031","2000-06-27","677",""
"16031","2000-06-28","664",""
"16031","2000-06-29","678",""
"16031","2000-06-30","695",""
"16031","2000-07-01","699",""
"16031","2000-07-02","700",""
"16031","2000-07-03","700",""
"16031","2000-07-04","694",""
"16031","2000-07-05","703",""
"16031","2000-07-06","703",""
"16031","2000-07-07","699",""
"16031","2000-07-08","696",""
"16031","2000-07-09","695",""
"16031","2000-07-10","685",""
"16031","2000-07-11","681",""
"16031","2000-07-12","684",""
"16031","2000-07-13","723",""
"16031","2000-07-14","675",""
"16031","2000-07-15","673",""
"16031","2000-07-16","676",""
"16031","2000-07-17","675",""
"16031","2000-07-18","675",""
"16031","2000-07-19","681",""
"16031","2000-07-20","690",""
"16031","2000-07-21","681",""
"16031","2000-07-22","694",""
"16031","2000-07-23","686",""
"16031","2000-07-24","679",""
"16031","2000-07-25","671",""
"16031","2000-07-26","665",""
"16031","2000-07-27","670",""
"16031","2000-07-28","666",""
"16031","2000-07-29","665",""
"16031","2000-07-30","665",""
"16031","2000-07-31","664",""
"16031","2000-08-01","665",""
"16031","2000-08-02","645",""
"16031","2000-08-03","644",""
"16031","2000-08-04","636",""
"16031","2000-08-05","626",""
"16031","2000-08-06","625",""
"16031","2000-08-07","626",""
"16031","2000-08-08","623",""
"16031","2000-08-09","623",""
"16031","2000-08-10","625",""
"16031","2000-08-11","594",""
"16031","2000-08-12","587",""
"16031","2000-08-13","587",""
"16031","2000-08-14","587",""
"16031","2000-08-15","585",""
"16031","2000-08-16","590",""
"16031","2000-08-17","575",""
"16031","2000-08-18","574",""
"16031","2000-08-19","571",""
"16031","2000-08-20","570",""
"16031","2000-08-21","519",""
"16031","2000-08-22","492",""
"16031","2000-08-23","495",""
"16031","2000-08-24","494",""
"16031","2000-08-25","495",""
"16031","2000-08-26","494",""
"16031","2000-08-27","497",""
"16031","2000-08-28","497",""
"16031","2000-08-29","489",""
"16031","2000-08-30","489",""
"16031","2000-08-31","538",""
"16031","2000-09-01","587",""
"16031","2000-09-02","534",""
"16031","2000-09-03","491",""
"16031","2000-09-04","495",""
"16031","2000-09-05","492",""
"16031","2000-09-06","485",""
"16031","2000-09-07","486",""
"16031","2000-09-08","490",""
"16031","2000-09-09","492",""
"16031","2000-09-10","477",""
"16031","2000-09-11","514",""
"16031","2000-09-12","573",""
"16031","2000-09-13","571",""
"16031","2000-09-14","487",""
"16031","2000-09-15","486",""
"16031","2000-09-16","486",""
"16031","2000-09-17","492",""
"16031","2000-09-18","494",""
"16031","2000-09-19","485",""
"16031","2000-09-20","530",""
"16031","2000-09-21","569",""
"16031","2000-09-22","540",""
"16031","2000-09-23","487",""
"16031","2000-09-24","484",""
"16031","2000-09-25","483",""
"16031","2000-09-26","490",""
"16031","2000-09-27","480",""
"16031","2000-09-28","490",""
"16031","2000-09-29","487",""
"16031","2000-09-30","494",""
"16031","2000-10-01","510",""
"16031","2000-10-02","500",""
"16031","2000-10-03","515",""
"16031","2000-10-04","532",""
"16031","2000-10-05","559",""
"16031","2000-10-06","577",""
"16031","2000-10-07","577",""
"16031","2000-10-08","572",""
"16031","2000-10-09","568",""
"16031","2000-10-10","569",""
"16031","2000-10-11","567",""
"16031","2000-10-12","574",""
"16031","2000-10-13","567",""
"16031","2000-10-14","564",""
"16031","2000-10-15","565",""
"16031","2000-10-16","563",""
"16031","2000-10-17","565",""
"16031","2000-10-18","558",""
"16031","2000-10-19","553",""
"16031","2000-10-20","552",""
"16031","2000-10-21","558",""
"16031","2000-10-22","554",""
"16031","2000-10-23","552",""
"16031","2000-10-24","567",""
"16031","2000-10-25","628",""
"16031","2000-10-26","675",""
"16031","2000-10-27","676",""
"16031","2000-10-28","675",""
"16031","2000-10-29","678",""
"16031","2000-10-30","683",""
"16031","2000-10-31","683",""
"16031","2000-11-01","682",""
"16031","2000-11-02","684",""
"16031","2000-11-03","674",""
"16031","2000-11-04","655",""
"16031","2000-11-05","667",""
"16031","2000-11-06","687",""
"16031","2000-11-07","697",""
"16031","2000-11-08","683",""
"16031","2000-11-09","670",""
"16031","2000-11-10","691",""
"16031","2000-11-11","693",""
"16031","2000-11-12","694",""
"16031","2000-11-13","688",""
"16031","2000-11-14","692",""
"16031","2000-11-15","691",""
"16031","2000-11-16","693",""
"16031","2000-11-17","700",""
"16031","2000-11-18","713",""
"16031","2000-11-19","728",""
"16031","2000-11-20","707",""
"16031","2000-11-21","699",""
"16031","2000-11-22","701",""
"16031","2000-11-23","690",""
"16031","2000-11-24","700",""
"16031","2000-11-25","684",""
"16031","2000-11-26","673",""
"16031","2000-11-27","680",""
"16031","2000-11-28","674",""
"16031","2000-11-29","670",""
"16031","2000-11-30","671",""
"16031","2000-12-01","677",""
"16031","2000-12-02","678",""
"16031","2000-12-03","670",""
"16031","2000-12-04","675",""
"16031","2000-12-05","673",""
"16031","2000-12-06","670",""
"16031","2000-12-07","685",""
"16031","2000-12-08","666",""
"16031","2000-12-09","669",""
"16031","2000-12-10","666",""
"16031","2000-12-11","666",""
"16031","2000-12-12","672",""
"16031","2000-12-13","670",""
"16031","2000-12-14","670",""
"16031","2000-12-15","668",""
"16031","2000-12-16","668",""
"16031","2000-12-17","663",""
"16031","2000-12-18","652",""
"16031","2000-12-19","657",""
"16031","2000-12-20","658",""
"16031","2000-12-21","656",""
"16031","2000-12-22","662",""
"16031","2000-12-23","652",""
"16031","2000-12-24","651",""
"16031","2000-12-25","652",""
"16031","2000-12-26","659",""
"16031","2000-12-27","650",""
"16031","2000-12-28","651",""
"16031","2000-12-29","648",""
"16031","2000-12-30","648",""
"16031","2000-12-31","645",""
"16031","2001-01-01","644",""
"16031","2001-01-02","644",""
"16031","2001-01-03","653",""
"16031","2001-01-04","647",""
"16031","2001-01-05","646",""
"16031","2001-01-06","645",""
"16031","2001-01-07","644",""
"16031","2001-01-08","646",""
"16031","2001-01-09","651",""
"16031","2001-01-10","657",""
"16031","2001-01-11","665",""
"16031","2001-01-12","660",""
"16031","2001-01-13","664",""
"16031","2001-01-14","661",""
"16031","2001-01-15","654",""
"16031","2001-01-16","655",""
"16031","2001-01-17","659",""
"16031","2001-01-18","656",""
"16031","2001-01-19","660",""
"16031","2001-01-20","667",""
"16031","2001-01-21","653",""
"16031","2001-01-22","652",""
"16031","2001-01-23","651",""
"16031","2001-01-24","650",""
"16031","2001-01-25","651",""
"16031","2001-01-26","649",""
"16031","2001-01-27","638",""
"16031","2001-01-28","637",""
"16031","2001-01-29","634",""
"16031","2001-01-30","638",""
"16031","2001-01-31","635",""
"16031","2001-02-01","636",""
"16031","2001-02-02","636",""
"16031","2001-02-03","633",""
"16031","2001-02-04","633",""
"16031","2001-02-05","632",""
"16031","2001-02-06","632",""
"16031","2001-02-07","641",""
"16031","2001-02-08","650",""
"16031","2001-02-09","654",""
"16031","2001-02-10","655",""
"16031","2001-02-11","653",""
"16031","2001-02-12","666",""
"16031","2001-02-13","667",""
"16031","2001-02-14","650",""
"16031","2001-02-15","643",""
"16031","2001-02-16","636",""
"16031","2001-02-17","635",""
"16031","2001-02-18","639",""
"16031","2001-02-19","641",""
"16031","2001-02-20","643",""
"16031","2001-02-21","635",""
"16031","2001-02-22","641",""
"16031","2001-02-23","643",""
"16031","2001-02-24","636",""
"16031","2001-02-25","641",""
"16031","2001-02-26","636",""
"16031","2001-02-27","640",""
"16031","2001-02-28","661",""
"16031","2001-03-01","671",""
"16031","2001-03-02","679",""
"16031","2001-03-03","667",""
"16031","2001-03-04","657",""
"16031","2001-03-05","635",""
"16031","2001-03-06","627",""
"16031","2001-03-07","619",""
"16031","2001-03-08","616",""
"16031","2001-03-09","609",""
"16031","2001-03-10","625",""
"16031","2001-03-11","631",""
"16031","2001-03-12","633",""
"16031","2001-03-13","633",""
"16031","2001-03-14","643",""
"16031","2001-03-15","630",""
"16031","2001-03-16","626",""
"16031","2001-03-17","618",""
"16031","2001-03-18","613",""
"16031","2001-03-19","617",""
"16031","2001-03-20","629",""
"16031","2001-03-21","629",""
"16031","2001-03-22","626",""
"16031","2001-03-23","620",""
"16031","2001-03-24","625",""
"16031","2001-03-25","607",""
"16031","2001-03-26","617",""
"16031","2001-03-27","627",""
"16031","2001-03-28","636",""
"16031","2001-03-29","627",""
"16031","2001-03-30","616",""
"16031","2001-03-31","610",""
"16031","2001-04-01","610",""
"16031","2001-04-02","619",""
"16031","2001-04-03","621",""
"16031","2001-04-04","607",""
"16031","2001-04-05","602",""
"16031","2001-04-06","598",""
"16031","2001-04-07","599",""
"16031","2001-04-08","593",""
"16031","2001-04-09","590",""
"16031","2001-04-10","573",""
"16031","2001-04-11","575",""
"16031","2001-04-12","568",""
"16031","2001-04-13","564",""
"16031","2001-04-14","567",""
"16031","2001-04-15","563",""
"16031","2001-04-16","567",""
"16031","2001-04-17","575",""
"16031","2001-04-18","580",""
"16031","2001-04-19","587",""
"16031","2001-04-20","582",""
"16031","2001-04-21","578",""
"16031","2001-04-22","591",""
"16031","2001-04-23","590",""
"16031","2001-04-24","601",""
"16031","2001-04-25","613",""
"16031","2001-04-26","612",""
"16031","2001-04-27","625",""
"16031","2001-04-28","631",""
"16031","2001-04-29","645",""
"16031","2001-04-30","648",""
"16031","2001-05-01","667",""
"16031","2001-05-02","685",""
"16031","2001-05-03","685",""
"16031","2001-05-04","698",""
"16031","2001-05-05","705",""
"16031","2001-05-06","718",""
"16031","2001-05-07","709",""
"16031","2001-05-08","696",""
"16031","2001-05-09","693",""
"16031","2001-05-10","691",""
"16031","2001-05-11","690",""
"16031","2001-05-12","701",""
"16031","2001-05-13","709",""
"16031","2001-05-14","708",""
"16031","2001-05-15","695",""
"16031","2001-05-16","694",""
"16031","2001-05-17","697",""
"16031","2001-05-18","696",""
"16031","2001-05-19","689",""
"16031","2001-05-20","685",""
"16031","2001-05-21","691",""
"16031","2001-05-22","732",""
"16031","2001-05-23","727",""
"16031","2001-05-24","720",""
"16031","2001-05-25","723",""
"16031","2001-05-26","724",""
"16031","2001-05-27","718",""
"16031","2001-05-28","714",""
"16031","2001-05-29","709",""
"16031","2001-05-30","715",""
"16031","2001-05-31","714",""
"16031","2001-06-01","672",""
"16031","2001-06-02","656",""
"16031","2001-06-03","659",""
"16031","2001-06-04","652",""
"16031","2001-06-05","654",""
"16031","2001-06-06","658",""
"16031","2001-06-07","660",""
"16031","2001-06-08","669",""
"16031","2001-06-09","671",""
"16031","2001-06-10","672",""
"16031","2001-06-11","678",""
"16031","2001-06-12","661",""
"16031","2001-06-13","673",""
"16031","2001-06-14","680",""
"16031","2001-06-15","675",""
"16031","2001-06-16","675",""
"16031","2001-06-17","670",""
"16031","2001-06-18","674",""
"16031","2001-06-19","686",""
"16031","2001-06-20","684",""
"16031","2001-06-21","675",""
"16031","2001-06-22","680",""
"16031","2001-06-23","677",""
"16031","2001-06-24","671",""
"16031","2001-06-25","668",""
"16031","2001-06-26","670",""
"16031","2001-06-27","673",""
"16031","2001-06-28","671",""
"16031","2001-06-29","662",""
"16031","2001-06-30","676",""
"16031","2001-07-01","685",""
"16031","2001-07-02","673",""
"16031","2001-07-03","662",""
"16031","2001-07-04","678",""
"16031","2001-07-05","675",""
"16031","2001-07-06","686",""
"16031","2001-07-07","683",""
"16031","2001-07-08","681",""
"16031","2001-07-09","684",""
"16031","2001-07-10","680",""
"16031","2001-07-11","678",""
"16031","2001-07-12","677",""
"16031","2001-07-13","680",""
"16031","2001-07-14","681",""
"16031","2001-07-15","683",""
"16031","2001-07-16","682",""
"16031","2001-07-17","685",""
"16031","2001-07-18","681",""
"16031","2001-07-19","677",""
"16031","2001-07-20","675",""
"16031","2001-07-21","675",""
"16031","2001-07-22","678",""
"16031","2001-07-23","672",""
"16031","2001-07-24","673",""
"16031","2001-07-25","678",""
"16031","2001-07-26","675",""
"16031","2001-07-27","680",""
"16031","2001-07-28","673",""
"16031","2001-07-29","664",""
"16031","2001-07-30","668",""
"16031","2001-07-31","658",""
"16031","2001-08-01","647",""
"16031","2001-08-02","657",""
"16031","2001-08-03","657",""
"16031","2001-08-04","649",""
"16031","2001-08-05","657",""
"16031","2001-08-06","658",""
"16031","2001-08-07","660",""
"16031","2001-08-08","661",""
"16031","2001-08-09","663",""
"16031","2001-08-10","661",""
"16031","2001-08-11","632",""
"16031","2001-08-12","621",""
"16031","2001-08-13","621",""
"16031","2001-08-14","613",""
"16031","2001-08-15","620",""
"16031","2001-08-16","626",""
"16031","2001-08-17","626",""
"16031","2001-08-18","631",""
"16031","2001-08-19","634",""
"16031","2001-08-20","622",""
"16031","2001-08-21","533",""
"16031","2001-08-22","478",""
"16031","2001-08-23","470",""
"16031","2001-08-24","469",""
"16031","2001-08-25","469",""
"16031","2001-08-26","469",""
"16031","2001-08-27","469",""
"16031","2001-08-28","553",""
"16031","2001-08-29","575",""
"16031","2001-08-30","502",""
"16031","2001-08-31","470",""
"16031","2001-09-01","470",""
"16031","2001-09-02","465",""
"16031","2001-09-03","472",""
"16031","2001-09-04","468",""
"16031","2001-09-05","467",""
"16031","2001-09-06","547",""
"16031","2001-09-07","568",""
"16031","2001-09-08","498",""
"16031","2001-09-09","463",""
"16031","2001-09-10","462",""
"16031","2001-09-11","463",""
"16031","2001-09-12","458",""
"16031","2001-09-13","463",""
"16031","2001-09-14","471",""
"16031","2001-09-15","568",""
"16031","2001-09-16","577",""
"16031","2001-09-17","493",""
"16031","2001-09-18","462",""
"16031","2001-09-19","467",""
"16031","2001-09-20","465",""
"16031","2001-09-21","464",""
"16031","2001-09-22","466",""
"16031","2001-09-23","544",""
"16031","2001-09-24","562",""
"16031","2001-09-25","553",""
"16031","2001-09-26","563",""
"16031","2001-09-27","553",""
"16031","2001-09-28","562",""
"16031","2001-09-29","563",""
"16031","2001-09-30","565",""
"16031","2001-10-01","563",""
"16031","2001-10-02","564",""
"16031","2001-10-03","566",""
"16031","2001-10-04","565",""
"16031","2001-10-05","575",""
"16031","2001-10-06","564",""
"16031","2001-10-07","562",""
"16031","2001-10-08","567",""
"16031","2001-10-09","567",""
"16031","2001-10-10","576",""
"16031","2001-10-11","579",""
"16031","2001-10-12","573",""
"16031","2001-10-13","566",""
"16031","2001-10-14","566",""
"16031","2001-10-15","567",""
"16031","2001-10-16","569",""
"16031","2001-10-17","568",""
"16031","2001-10-18","592",""
"16031","2001-10-19","601",""
"16031","2001-10-20","597",""
"16031","2001-10-21","594",""
"16031","2001-10-22","596",""
"16031","2001-10-23","618",""
"16031","2001-10-24","624",""
"16031","2001-10-25","616",""
"16031","2001-10-26","609",""
"16031","2001-10-27","613",""
"16031","2001-10-28","608",""
"16031","2001-10-29","599",""
"16031","2001-10-30","662",""
"16031","2001-10-31","662",""
"16031","2001-11-01","687",""
"16031","2001-11-02","698",""
"16031","2001-11-03","695",""
"16031","2001-11-04","685",""
"16031","2001-11-05","693",""
"16031","2001-11-06","681",""
"16031","2001-11-07","696",""
"16031","2001-11-08","750",""
"16031","2001-11-09","725",""
"16031","2001-11-10","702",""
"16031","2001-11-11","726",""
"16031","2001-11-12","724",""
"16031","2001-11-13","735",""
"16031","2001-11-14","743",""
"16031","2001-11-15","743",""
"16031","2001-11-16","741",""
"16031","2001-11-17","738",""
"16031","2001-11-18","744",""
"16031","2001-11-19","742",""
"16031","2001-11-20","741",""
"16031","2001-11-21","744",""
"16031","2001-11-22","720",""
"16031","2001-11-23","707",""
"16031","2001-11-24","706",""
"16031","2001-11-25","705",""
"16031","2001-11-26","701",""
"16031","2001-11-27","645",""
"16031","2001-11-28","614",""
"16031","2001-11-29","617",""
"16031","2001-11-30","651",""
"16031","2001-12-01","647",""
"16031","2001-12-02","646",""
"16031","2001-12-03","650",""
"16031","2001-12-04","661",""
"16031","2001-12-05","671",""
"16031","2001-12-06","672",""
"16031","2001-12-07","653",""
"16031","2001-12-08","640",""
"16031","2001-12-09","639",""
"16031","2001-12-10","634",""
"16031","2001-12-11","638",""
"16031","2001-12-12","645",""
"16031","2001-12-13","645",""
"16031","2001-12-14","640",""
"16031","2001-12-15","655",""
"16031","2001-12-16","653",""
"16031","2001-12-17","653",""
"16031","2001-12-18","650",""
"16031","2001-12-19","649",""
"16031","2001-12-20","649",""
"16031","2001-12-21","647",""
"16031","2001-12-22","648",""
"16031","2001-12-23","647",""
"16031","2001-12-24","647",""
"16031","2001-12-25","646",""
"16031","2001-12-26","654",""
"16031","2001-12-27","654",""
"16031","2001-12-28","649",""
"16031","2001-12-29","651",""
"16031","2001-12-30","653",""
"16031","2001-12-31","655",""
"16031","2002-01-01","638",""
"16031","2002-01-02","640",""
"16031","2002-01-03","639",""
"16031","2002-01-04","641",""
"16031","2002-01-05","635",""
"16031","2002-01-06","638",""
"16031","2002-01-07","637",""
"16031","2002-01-08","636",""
"16031","2002-01-09","636",""
"16031","2002-01-10","631",""
"16031","2002-01-11","651",""
"16031","2002-01-12","652",""
"16031","2002-01-13","652",""
"16031","2002-01-14","654",""
"16031","2002-01-15","652",""
"16031","2002-01-16","653",""
"16031","2002-01-17","649",""
"16031","2002-01-18","654",""
"16031","2002-01-19","654",""
"16031","2002-01-20","651",""
"16031","2002-01-21","649",""
"16031","2002-01-22","654",""
"16031","2002-01-23","661",""
"16031","2002-01-24","660",""
"16031","2002-01-25","660",""
"16031","2002-01-26","656",""
"16031","2002-01-27","660",""
"16031","2002-01-28","657",""
"16031","2002-01-29","654",""
"16031","2002-01-30","651",""
"16031","2002-01-31","653",""
"16031","2002-02-01","655",""
"16031","2002-02-02","650",""
"16031","2002-02-03","650",""
"16031","2002-02-04","653",""
"16031","2002-02-05","646",""
"16031","2002-02-06","654",""
"16031","2002-02-07","659",""
"16031","2002-02-08","654",""
"16031","2002-02-09","646",""
"16031","2002-02-10","644",""
"16031","2002-02-11","645",""
"16031","2002-02-12","650",""
"16031","2002-02-13","684",""
"16031","2002-02-14","696",""
"16031","2002-02-15","684",""
"16031","2002-02-16","674",""
"16031","2002-02-17","665",""
"16031","2002-02-18","677",""
"16031","2002-02-19","677",""
"16031","2002-02-20","684",""
"16031","2002-02-21","703",""
"16031","2002-02-22","705",""
"16031","2002-02-23","713",""
"16031","2002-02-24","722",""
"16031","2002-02-25","720",""
"16031","2002-02-26","716",""
"16031","2002-02-27","706",""
"16031","2002-02-28","707",""
"16031","2002-03-01","716",""
"16031","2002-03-02","737",""
"16031","2002-03-03","756",""
"16031","2002-03-04","756",""
"16031","2002-03-05","754",""
"16031","2002-03-06","742",""
"16031","2002-03-07","731",""
"16031","2002-03-08","730",""
"16031","2002-03-09","730",""
"16031","2002-03-10","732",""
"16031","2002-03-11","732",""
"16031","2002-03-12","732",""
"16031","2002-03-13","733",""
"16031","2002-03-14","732",""
"16031","2002-03-15","730",""
"16031","2002-03-16","727",""
"16031","2002-03-17","719",""
"16031","2002-03-18","724",""
"16031","2002-03-19","717",""
"16031","2002-03-20","721",""
"16031","2002-03-21","722",""
"16031","2002-03-22","721",""
"16031","2002-03-23","707",""
"16031","2002-03-24","717",""
"16031","2002-03-25","719",""
"16031","2002-03-26","690",""
"16031","2002-03-27","669",""
"16031","2002-03-28","668",""
"16031","2002-03-29","646",""
"16031","2002-03-30","660",""
"16031","2002-03-31","665",""
"16031","2002-04-01","657",""
"16031","2002-04-02","667",""
"16031","2002-04-03","672",""
"16031","2002-04-04","664",""
"16031","2002-04-05","672",""
"16031","2002-04-06","696",""
"16031","2002-04-07","783",""
"16031","2002-04-08","810",""
"16031","2002-04-09","813",""
"16031","2002-04-10","806",""
"16031","2002-04-11","795",""
"16031","2002-04-12","757",""
"16031","2002-04-13","713",""
"16031","2002-04-14","707",""
"16031","2002-04-15","714",""
"16031","2002-04-16","711",""
"16031","2002-04-17","720",""
"16031","2002-04-18","733",""
"16031","2002-04-19","739",""
"16031","2002-04-20","739",""
"16031","2002-04-21","720",""
"16031","2002-04-22","691",""
"16031","2002-04-23","750",""
"16031","2002-04-24","772",""
"16031","2002-04-25","774",""
"16031","2002-04-26","774",""
"16031","2002-04-27","780",""
"16031","2002-04-28","772",""
"16031","2002-04-29","771",""
"16031","2002-04-30","776",""
"16031","2002-05-01","780",""
"16031","2002-05-02","777",""
"16031","2002-05-03","778",""
"16031","2002-05-04","778",""
"16031","2002-05-05","779",""
"16031","2002-05-06","768",""
"16031","2002-05-07","805",""
"16031","2002-05-08","847",""
"16031","2002-05-09","810",""
"16031","2002-05-10","818",""
"16031","2002-05-11","829",""
"16031","2002-05-12","814",""
"16031","2002-05-13","798",""
"16031","2002-05-14","742",""
"16031","2002-05-15","736",""
"16031","2002-05-16","753",""
"16031","2002-05-17","788",""
"16031","2002-05-18","771",""
"16031","2002-05-19","766",""
"16031","2002-05-20","779",""
"16031","2002-05-21","811",""
"16031","2002-05-22","842",""
"16031","2002-05-23","844",""
"16031","2002-05-24","847",""
"16031","2002-05-25","857",""
"16031","2002-05-26","830",""
"16031","2002-05-27","775",""
"16031","2002-05-28","730",""
"16031","2002-05-29","721",""
"16031","2002-05-30","717",""
"16031","2002-05-31","712",""
"16031","2002-06-01","715",""
"16031","2002-06-02","714",""
"16031","2002-06-03","717",""
"16031","2002-06-04","688",""
"16031","2002-06-05","718",""
"16031","2002-06-06","718",""
"16031","2002-06-07","714",""
"16031","2002-06-08","708",""
"16031","2002-06-09","715",""
"16031","2002-06-10","717",""
"16031","2002-06-11","696",""
"16031","2002-06-12","718",""
"16031","2002-06-13","761",""
"16031","2002-06-14","751",""
"16031","2002-06-15","746",""
"16031","2002-06-16","719",""
"16031","2002-06-17","721",""
"16031","2002-06-18","736",""
"16031","2002-06-19","749",""
"16031","2002-06-20","740",""
"16031","2002-06-21","724",""
"16031","2002-06-22","728",""
"16031","2002-06-23","747",""
"16031","2002-06-24","750",""
"16031","2002-06-25","751",""
"16031","2002-06-26","749",""
"16031","2002-06-27","763",""
"16031","2002-06-28","818",""
"16031","2002-06-29","823",""
"16031","2002-06-30","824",""
"16031","2002-07-01","824",""
"16031","2002-07-02","822",""
"16031","2002-07-03","825",""
"16031","2002-07-04","824",""
"16031","2002-07-05","847",""
"16031","2002-07-06","832",""
"16031","2002-07-07","830",""
"16031","2002-07-08","806",""
"16031","2002-07-09","823",""
"16031","2002-07-10","784",""
"16031","2002-07-11","773",""
"16031","2002-07-12","786",""
"16031","2002-07-13","825",""
"16031","2002-07-14","756",""
"16031","2002-07-15","736",""
"16031","2002-07-16","736",""
"16031","2002-07-17","736",""
"16031","2002-07-18","736",""
"16031","2002-07-19","736",""
"16031","2002-07-20","738",""
"16031","2002-07-21","735",""
"16031","2002-07-22","728",""
"16031","2002-07-23","786",""
"16031","2002-07-24","816",""
"16031","2002-07-25","812",""
"16031","2002-07-26","798",""
"16031","2002-07-27","814",""
"16031","2002-07-28","807",""
"16031","2002-07-29","804",""
"16031","2002-07-30","770",""
"16031","2002-07-31","797",""
"16031","2002-08-01","832",""
"16031","2002-08-02","838",""
"16031","2002-08-03","824",""
"16031","2002-08-04","810",""
"16031","2002-08-05","826",""
"16031","2002-08-06","815",""
"16031","2002-08-07","803",""
"16031","2002-08-08","793",""
"16031","2002-08-09","745",""
"16031","2002-08-10","768",""
"16031","2002-08-11","785",""
"16031","2002-08-12","779",""
"16031","2002-08-13","771",""
"16031","2002-08-14","747",""
"16031","2002-08-15","724",""
"16031","2002-08-16","726",""
"16031","2002-08-17","727",""
"16031","2002-08-18","769",""
"16031","2002-08-19","740",""
"16031","2002-08-20","725",""
"16031","2002-08-21","734",""
"16031","2002-08-22","718",""
"16031","2002-08-23","726",""
"16031","2002-08-24","737",""
"16031","2002-08-25","727",""
"16031","2002-08-26","719",""
"16031","2002-08-27","723",""
"16031","2002-08-28","724",""
"16031","2002-08-29","733",""
"16031","2002-08-30","704",""
"16031","2002-08-31","708",""
"16031","2002-09-01","697",""
"16031","2002-09-02","688",""
"16031","2002-09-03","668",""
"16031","2002-09-04","687",""
"16031","2002-09-05","697",""
"16031","2002-09-06","707",""
"16031","2002-09-07","711",""
"16031","2002-09-08","711",""
"16031","2002-09-09","708",""
"16031","2002-09-10","706",""
"16031","2002-09-11","705",""
"16031","2002-09-12","704",""
"16031","2002-09-13","685",""
"16031","2002-09-14","704",""
"16031","2002-09-15","707",""
"16031","2002-09-16","704",""
"16031","2002-09-17","704",""
"16031","2002-09-18","704",""
"16031","2002-09-19","695",""
"16031","2002-09-20","695",""
"16031","2002-09-21","696",""
"16031","2002-09-22","697",""
"16031","2002-09-23","695",""
"16031","2002-09-24","678",""
"16031","2002-09-25","679",""
"16031","2002-09-26","678",""
"16031","2002-09-27","677",""
"16031","2002-09-28","677",""
"16031","2002-09-29","677",""
"16031","2002-09-30","681",""
"16031","2002-10-01","683",""
"16031","2002-10-02","689",""
"16031","2002-10-03","689",""
"16031","2002-10-04","695",""
"16031","2002-10-05","693",""
"16031","2002-10-06","690",""
"16031","2002-10-07","687",""
"16031","2002-10-08","686",""
"16031","2002-10-09","687",""
"16031","2002-10-10","686",""
"16031","2002-10-11","685",""
"16031","2002-10-12","684",""
"16031","2002-10-13","684",""
"16031","2002-10-14","683",""
"16031","2002-10-15","644",""
"16031","2002-10-16","628",""
"16031","2002-10-17","629",""
"16031","2002-10-18","634",""
"16031","2002-10-19","637",""
"16031","2002-10-20","639",""
"16031","2002-10-21","641",""
"16031","2002-10-22","639",""
"16031","2002-10-23","645",""
"16031","2002-10-24","645",""
"16031","2002-10-25","640",""
"16031","2002-10-26","638",""
"16031","2002-10-27","638",""
"16031","2002-10-28","637",""
"16031","2002-10-29","637",""
"16031","2002-10-30","634",""
"16031","2002-10-31","635",""
"16031","2002-11-01","635",""
"16031","2002-11-02","634",""
"16031","2002-11-03","635",""
"16031","2002-11-04","637",""
"16031","2002-11-05","638",""
"16031","2002-11-06","634",""
"16031","2002-11-07","637",""
"16031","2002-11-08","644",""
"16031","2002-11-09","640",""
"16031","2002-11-10","595",""
"16031","2002-11-11","625",""
"16031","2002-11-12","638",""
"16031","2002-11-13","650",""
"16031","2002-11-14","678",""
"16031","2002-11-15","692",""
"16031","2002-11-16","703",""
"16031","2002-11-17","697",""
"16031","2002-11-18","694",""
"16031","2002-11-19","696",""
"16031","2002-11-20","698",""
"16031","2002-11-21","703",""
"16031","2002-11-22","702",""
"16031","2002-11-23","685",""
"16031","2002-11-24","686",""
"16031","2002-11-25","681",""
"16031","2002-11-26","678",""
"16031","2002-11-27","675",""
"16031","2002-11-28","673",""
"16031","2002-11-29","654",""
"16031","2002-11-30","648",""
"16031","2002-12-01","644",""
"16031","2002-12-02","650",""
"16031","2002-12-03","648",""
"16031","2002-12-04","642",""
"16031","2002-12-05","647",""
"16031","2002-12-06","668",""
"16031","2002-12-07","651",""
"16031","2002-12-08","652",""
"16031","2002-12-09","646",""
"16031","2002-12-10","650",""
"16031","2002-12-11","653",""
"16031","2002-12-12","644",""
"16031","2002-12-13","664",""
"16031","2002-12-14","664",""
"16031","2002-12-15","640",""
"16031","2002-12-16","642",""
"16031","2002-12-17","640",""
"16031","2002-12-18","640",""
"16031","2002-12-19","644",""
"16031","2002-12-20","640",""
"16031","2002-12-21","639",""
"16031","2002-12-22","645",""
"16031","2002-12-23","640",""
"16031","2002-12-24","645",""
"16031","2002-12-25","647",""
"16031","2002-12-26","644",""
"16031","2002-12-27","642",""
"16031","2002-12-28","645",""
"16031","2002-12-29","640",""
"16031","2002-12-30","643",""
"16031","2002-12-31","631",""
"16031","2003-01-01","634",""
"16031","2003-01-02","636",""
"16031","2003-01-03","640",""
"16031","2003-01-04","638",""
"16031","2003-01-05","635",""
"16031","2003-01-06","634",""
"16031","2003-01-07","638",""
"16031","2003-01-08","638",""
"16031","2003-01-09","637",""
"16031","2003-01-10","630",""
"16031","2003-01-11","636",""
"16031","2003-01-12","631",""
"16031","2003-01-13","631",""
"16031","2003-01-14","628",""
"16031","2003-01-15","634",""
"16031","2003-01-16","633",""
"16031","2003-01-17","628",""
"16031","2003-01-18","636",""
"16031","2003-01-19","640",""
"16031","2003-01-20","638",""
"16031","2003-01-21","632",""
"16031","2003-01-22","630",""
"16031","2003-01-23","640",""
"16031","2003-01-24","640",""
"16031","2003-01-25","639",""
"16031","2003-01-26","635",""
"16031","2003-01-27","632",""
"16031","2003-01-28","632",""
"16031","2003-01-29","634",""
"16031","2003-01-30","635",""
"16031","2003-01-31","634",""
"16031","2003-02-01","641",""
"16031","2003-02-02","632",""
"16031","2003-02-03","636",""
"16031","2003-02-04","637",""
"16031","2003-02-05","635",""
"16031","2003-02-06","637",""
"16031","2003-02-07","636",""
"16031","2003-02-08","634",""
"16031","2003-02-09","639",""
"16031","2003-02-10","619",""
"16031","2003-02-11","638",""
"16031","2003-02-12","639",""
"16031","2003-02-13","634",""
"16031","2003-02-14","633",""
"16031","2003-02-15","638",""
"16031","2003-02-16","633",""
"16031","2003-02-17","637",""
"16031","2003-02-18","636",""
"16031","2003-02-19","634",""
"16031","2003-02-20","634",""
"16031","2003-02-21","627",""
"16031","2003-02-22","630",""
"16031","2003-02-23","636",""
"16031","2003-02-24","638",""
"16031","2003-02-25","635",""
"16031","2003-02-26","631",""
"16031","2003-02-27","632",""
"16031","2003-02-28","638",""
"16031","2003-03-01","641",""
"16031","2003-03-02","637",""
"16031","2003-03-03","637",""
"16031","2003-03-04","639",""
"16031","2003-03-05","644",""
"16031","2003-03-06","645",""
"16031","2003-03-07","642",""
"16031","2003-03-08","634",""
"16031","2003-03-09","638",""
"16031","2003-03-10","625",""
"16031","2003-03-11","640",""
"16031","2003-03-12","638",""
"16031","2003-03-13","641",""
"16031","2003-03-14","638",""
"16031","2003-03-15","636",""
"16031","2003-03-16","637",""
"16031","2003-03-17","639",""
"16031","2003-03-18","674",""
"16031","2003-03-19","686",""
"16031","2003-03-20","698",""
"16031","2003-03-21","707",""
"16031","2003-03-22","702",""
"16031","2003-03-23","694",""
"16031","2003-03-24","698",""
"16031","2003-03-25","697",""
"16031","2003-03-26","694",""
"16031","2003-03-27","695",""
"16031","2003-03-28","705",""
"16031","2003-03-29","752",""
"16031","2003-03-30","760",""
"16031","2003-03-31","755",""
"16031","2003-04-01","758",""
"16031","2003-04-02","757",""
"16031","2003-04-03","755",""
"16031","2003-04-04","752",""
"16031","2003-04-05","743",""
"16031","2003-04-06","739",""
"16031","2003-04-07","732",""
"16031","2003-04-08","740",""
"16031","2003-04-09","756",""
"16031","2003-04-10","743",""
"16031","2003-04-11","728",""
"16031","2003-04-12","746",""
"16031","2003-04-13","742",""
"16031","2003-04-14","754",""
"16031","2003-04-15","760",""
"16031","2003-04-16","759",""
"16031","2003-04-17","765",""
"16031","2003-04-18","764",""
"16031","2003-04-19","764",""
"16031","2003-04-20","778",""
"16031","2003-04-21","775",""
"16031","2003-04-22","794",""
"16031","2003-04-23","818",""
"16031","2003-04-24","817",""
"16031","2003-04-25","806",""
"16031","2003-04-26","820",""
"16031","2003-04-27","828",""
"16031","2003-04-28","842",""
"16031","2003-04-29","842",""
"16031","2003-04-30","829",""
"16031","2003-05-01","804",""
"16031","2003-05-02","788",""
"16031","2003-05-03","762",""
"16031","2003-05-04","762",""
"16031","2003-05-05","761",""
"16031","2003-05-06","754",""
"16031","2003-05-07","759",""
"16031","2003-05-08","767",""
"16031","2003-05-09","777",""
"16031","2003-05-10","781",""
"16031","2003-05-11","781",""
"16031","2003-05-12","779",""
"16031","2003-05-13","758",""
"16031","2003-05-14","727",""
"16031","2003-05-15","733",""
"16031","2003-05-16","736",""
"16031","2003-05-17","743",""
"16031","2003-05-18","744",""
"16031","2003-05-19","746",""
"16031","2003-05-20","748",""
"16031","2003-05-21","748",""
"16031","2003-05-22","746",""
"16031","2003-05-23","741",""
"16031","2003-05-24","737",""
"16031","2003-05-25","738",""
"16031","2003-05-26","738",""
"16031","2003-05-27","723",""
"16031","2003-05-28","719",""
"16031","2003-05-29","721",""
"16031","2003-05-30","728",""
"16031","2003-05-31","728",""
"16031","2003-06-01","728",""
"16031","2003-06-02","729",""
"16031","2003-06-03","729",""
"16031","2003-06-04","725",""
"16031","2003-06-05","721",""
"16031","2003-06-06","703",""
"16031","2003-06-07","703",""
"16031","2003-06-08","717",""
"16031","2003-06-09","719",""
"16031","2003-06-10","720",""
"16031","2003-06-11","717",""
"16031","2003-06-12","730",""
"16031","2003-06-13","753",""
"16031","2003-06-14","755",""
"16031","2003-06-15","755",""
"16031","2003-06-16","755",""
"16031","2003-06-17","773",""
"16031","2003-06-18","801",""
"16031","2003-06-19","786",""
"16031","2003-06-20","784",""
"16031","2003-06-21","769",""
"16031","2003-06-22","766",""
"16031","2003-06-23","751",""
"16031","2003-06-24","747",""
"16031","2003-06-25","748",""
"16031","2003-06-26","727",""
"16031","2003-06-27","732",""
"16031","2003-06-28","732",""
"16031","2003-06-29","719",""
"16031","2003-06-30","708",""
"16031","2003-07-01","721",""
"16031","2003-07-02","747",""
"16031","2003-07-03","751",""
"16031","2003-07-04","750",""
"16031","2003-07-05","744",""
"16031","2003-07-06","743",""
"16031","2003-07-07","745",""
"16031","2003-07-08","754",""
"16031","2003-07-09","776",""
"16031","2003-07-10","778",""
"16031","2003-07-11","780",""
"16031","2003-07-12","776",""
"16031","2003-07-13","761",""
"16031","2003-07-14","786",""
"16031","2003-07-15","799",""
"16031","2003-07-16","808",""
"16031","2003-07-17","808",""
"16031","2003-07-18","817",""
"16031","2003-07-19","820",""
"16031","2003-07-20","820",""
"16031","2003-07-21","820",""
"16031","2003-07-22","819",""
"16031","2003-07-23","815",""
"16031","2003-07-24","811",""
"16031","2003-07-25","806",""
"16031","2003-07-26","811",""
"16031","2003-07-27","815",""
"16031","2003-07-28","818",""
"16031","2003-07-29","812",""
"16031","2003-07-30","821",""
"16031","2003-07-31","824",""
"16031","2003-08-01","820",""
"16031","2003-08-02","810",""
"16031","2003-08-03","806",""
"16031","2003-08-04","806",""
"16031","2003-08-05","793",""
"16031","2003-08-06","762",""
"16031","2003-08-07","772",""
"16031","2003-08-08","772",""
"16031","2003-08-09","769",""
"16031","2003-08-10","766",""
"16031","2003-08-11","766",""
"16031","2003-08-12","766",""
"16031","2003-08-13","762",""
"16031","2003-08-14","761",""
"16031","2003-08-15","750",""
"16031","2003-08-16","757",""
"16031","2003-08-17","748",""
"16031","2003-08-18","746",""
"16031","2003-08-19","744",""
"16031","2003-08-20","742",""
"16031","2003-08-21","727",""
"16031","2003-08-22","723",""
"16031","2003-08-23","727",""
"16031","2003-08-24","727",""
"16031","2003-08-25","727",""
"16031","2003-08-26","730",""
"16031","2003-08-27","718",""
"16031","2003-08-28","731",""
"16031","2003-08-29","732",""
"16031","2003-08-30","726",""
"16031","2003-08-31","723",""
"16031","2003-09-01","721",""
"16031","2003-09-02","706",""
"16031","2003-09-03","704",""
"16031","2003-09-04","714",""
"16031","2003-09-05","716",""
"16031","2003-09-06","719",""
"16031","2003-09-07","718",""
"16031","2003-09-08","716",""
"16031","2003-09-09","717",""
"16031","2003-09-10","717",""
"16031","2003-09-11","715",""
"16031","2003-09-12","710",""
"16031","2003-09-13","712",""
"16031","2003-09-14","717",""
"16031","2003-09-15","714",""
"16031","2003-09-16","713",""
"16031","2003-09-17","712",""
"16031","2003-09-18","708",""
"16031","2003-09-19","706",""
"16031","2003-09-20","706",""
"16031","2003-09-21","708",""
"16031","2003-09-22","683",""
"16031","2003-09-23","637",""
"16031","2003-09-24","620",""
"16031","2003-09-25","646",""
"16031","2003-09-26","659",""
"16031","2003-09-27","660",""
"16031","2003-09-28","660",""
"16031","2003-09-29","660",""
"16031","2003-09-30","661",""
"16031","2003-10-01","670",""
"16031","2003-10-02","682",""
"16031","2003-10-03","683",""
"16031","2003-10-04","683",""
"16031","2003-10-05","685",""
"16031","2003-10-06","699",""
"16031","2003-10-07","710",""
"16031","2003-10-08","710",""
"16031","2003-10-09","711",""
"16031","2003-10-10","711",""
"16031","2003-10-11","710",""
"16031","2003-10-12","709",""
"16031","2003-10-13","713",""
"16031","2003-10-14","719",""
"16031","2003-10-15","719",""
"16031","2003-10-16","719",""
"16031","2003-10-17","727",""
"16031","2003-10-18","729",""
"16031","2003-10-19","729",""
"16031","2003-10-20","729",""
"16031","2003-10-21","729",""
"16031","2003-10-22","729",""
"16031","2003-10-23","729",""
"16031","2003-10-24","730",""
"16031","2003-10-25","730",""
"16031","2003-10-26","730",""
"16031","2003-10-27","730",""
"16031","2003-10-28","719",""
"16031","2003-10-29","696",""
"16031","2003-10-30","684",""
"16031","2003-10-31","665",""
"16031","2003-11-01","655",""
"16031","2003-11-02","656",""
"16031","2003-11-03","663",""
"16031","2003-11-04","683",""
"16031","2003-11-05","683",""
"16031","2003-11-06","704",""
"16031","2003-11-07","709",""
"16031","2003-11-08","709",""
"16031","2003-11-09","713",""
"16031","2003-11-10","711",""
"16031","2003-11-11","708",""
"16031","2003-11-12","708",""
"16031","2003-11-13","709",""
"16031","2003-11-14","710",""
"16031","2003-11-15","718",""
"16031","2003-11-16","734",""
"16031","2003-11-17","735",""
"16031","2003-11-18","734",""
"16031","2003-11-19","734",""
"16031","2003-11-20","735",""
"16031","2003-11-21","725",""
"16031","2003-11-22","713",""
"16031","2003-11-23","702",""
"16031","2003-11-24","703",""
"16031","2003-11-25","710",""
"16031","2003-11-26","712",""
"16031","2003-11-27","716",""
"16031","2003-11-28","715",""
"16031","2003-11-29","718",""
"16031","2003-11-30","717",""
"16031","2003-12-01","702",""
"16031","2003-12-02","698",""
"16031","2003-12-03","695",""
"16031","2003-12-04","690",""
"16031","2003-12-05","689",""
"16031","2003-12-06","691",""
"16031","2003-12-07","692",""
"16031","2003-12-08","692",""
"16031","2003-12-09","694",""
"16031","2003-12-10","694",""
"16031","2003-12-11","695",""
"16031","2003-12-12","697",""
"16031","2003-12-13","696",""
"16031","2003-12-14","692",""
"16031","2003-12-15","692",""
"16031","2003-12-16","690",""
"16031","2003-12-17","692",""
"16031","2003-12-18","694",""
"16031","2003-12-19","696",""
"16031","2003-12-20","696",""
"16031","2003-12-21","696",""
"16031","2003-12-22","698",""
"16031","2003-12-23","698",""
"16031","2003-12-24","695",""
"16031","2003-12-25","696",""
"16031","2003-12-26","701",""
"16031","2003-12-27","700",""
"16031","2003-12-28","707",""
"16031","2003-12-29","712",""
"16031","2003-12-30","712",""
"16031","2003-12-31","709",""
"16031","2004-01-01","711",""
"16031","2004-01-02","713",""
"16031","2004-01-03","712",""
"16031","2004-01-04","713",""
"16031","2004-01-05","716",""
"16031","2004-01-06","717",""
"16031","2004-01-07","731",""
"16031","2004-01-08","740",""
"16031","2004-01-09","738",""
"16031","2004-01-10","740",""
"16031","2004-01-11","743",""
"16031","2004-01-12","742",""
"16031","2004-01-13","740",""
"16031","2004-01-14","742",""
"16031","2004-01-15","742",""
"16031","2004-01-16","733",""
"16031","2004-01-17","731",""
"16031","2004-01-18","732",""
"16031","2004-01-19","731",""
"16031","2004-01-20","730",""
"16031","2004-01-21","730",""
"16031","2004-01-22","730",""
"16031","2004-01-23","729",""
"16031","2004-01-24","730",""
"16031","2004-01-25","730",""
"16031","2004-01-26","730",""
"16031","2004-01-27","730",""
"16031","2004-01-28","730",""
"16031","2004-01-29","730",""
"16031","2004-01-30","732",""
"16031","2004-01-31","736",""
"16031","2004-02-01","736",""
"16031","2004-02-02","736",""
"16031","2004-02-03","736",""
"16031","2004-02-04","736",""
"16031","2004-02-05","734",""
"16031","2004-02-06","728",""
"16031","2004-02-07","730",""
"16031","2004-02-08","728",""
"16031","2004-02-09","722",""
"16031","2004-02-10","724",""
"16031","2004-02-11","724",""
"16031","2004-02-12","722",""
"16031","2004-02-13","723",""
"16031","2004-02-14","722",""
"16031","2004-02-15","723",""
"16031","2004-02-16","725",""
"16031","2004-02-17","724",""
"16031","2004-02-18","725",""
"16031","2004-02-19","727",""
"16031","2004-02-20","730",""
"16031","2004-02-21","730",""
"16031","2004-02-22","730",""
"16031","2004-02-23","730",""
"16031","2004-02-24","731",""
"16031","2004-02-25","730",""
"16031","2004-02-26","730",""
"16031","2004-02-27","736",""
"16031","2004-02-28","746",""
"16031","2004-02-29","745",""
"16031","2004-03-01","744",""
"16031","2004-03-02","746",""
"16031","2004-03-03","743",""
"16031","2004-03-04","733",""
"16031","2004-03-05","727",""
"16031","2004-03-06","712",""
"16031","2004-03-07","697",""
"16031","2004-03-08","686",""
"16031","2004-03-09","680",""
"16031","2004-03-10","670",""
"16031","2004-03-11","667",""
"16031","2004-03-12","667",""
"16031","2004-03-13","668",""
"16031","2004-03-14","667",""
"16031","2004-03-15","667",""
"16031","2004-03-16","667",""
"16031","2004-03-17","668",""
"16031","2004-03-18","696",""
"16031","2004-03-19","717",""
"16031","2004-03-20","717",""
"16031","2004-03-21","721",""
"16031","2004-03-22","730",""
"16031","2004-03-23","758",""
"16031","2004-03-24","784",""
"16031","2004-03-25","787",""
"16031","2004-03-26","798",""
"16031","2004-03-27","808",""
"16031","2004-03-28","808",""
"16031","2004-03-29","807",""
"16031","2004-03-30","792",""
"16031","2004-03-31","774",""
"16031","2004-04-01","755",""
"16031","2004-04-02","730",""
"16031","2004-04-03","731",""
"16031","2004-04-04","757",""
"16031","2004-04-05","758",""
"16031","2004-04-06","760",""
"16031","2004-04-07","757",""
"16031","2004-04-08","755",""
"16031","2004-04-09","756",""
"16031","2004-04-10","756",""
"16031","2004-04-11","756",""
"16031","2004-04-12","757",""
"16031","2004-04-13","750",""
"16031","2004-04-14","755",""
"16031","2004-04-15","756",""
"16031","2004-04-16","757",""
"16031","2004-04-17","757",""
"16031","2004-04-18","754",""
"16031","2004-04-19","752",""
"16031","2004-04-20","726",""
"16031","2004-04-21","699",""
"16031","2004-04-22","692",""
"16031","2004-04-23","676",""
"16031","2004-04-24","666",""
"16031","2004-04-25","648",""
"16031","2004-04-26","650",""
"16031","2004-04-27","648",""
"16031","2004-04-28","648",""
"16031","2004-04-29","648",""
"16031","2004-04-30","652",""
"16031","2004-05-01","666",""
"16031","2004-05-02","680",""
"16031","2004-05-03","695",""
"16031","2004-05-04","704",""
"16031","2004-05-05","710",""
"16031","2004-05-06","716",""
"16031","2004-05-07","736",""
"16031","2004-05-08","744",""
"16031","2004-05-09","739",""
"16031","2004-05-10","742",""
"16031","2004-05-11","749",""
"16031","2004-05-12","744",""
"16031","2004-05-13","739",""
"16031","2004-05-14","738",""
"16031","2004-05-15","740",""
"16031","2004-05-16","740",""
"16031","2004-05-17","739",""
"16031","2004-05-18","740",""
"16031","2004-05-19","741",""
"16031","2004-05-20","743",""
"16031","2004-05-21","739",""
"16031","2004-05-22","752",""
"16031","2004-05-23","746",""
"16031","2004-05-24","742",""
"16031","2004-05-25","736",""
"16031","2004-05-26","738",""
"16031","2004-05-27","738",""
"16031","2004-05-28","738",""
"16031","2004-05-29","738",""
"16031","2004-05-30","740",""
"16031","2004-05-31","742",""
"16031","2004-06-01","734",""
"16031","2004-06-02","727",""
"16031","2004-06-03","726",""
"16031","2004-06-04","725",""
"16031","2004-06-05","726",""
"16031","2004-06-06","728",""
"16031","2004-06-07","728",""
"16031","2004-06-08","730",""
"16031","2004-06-09","729",""
"16031","2004-06-10","724",""
"16031","2004-06-11","721",""
"16031","2004-06-12","732",""
"16031","2004-06-13","732",""
"16031","2004-06-14","732",""
"16031","2004-06-15","736",""
"16031","2004-06-16","741",""
"16031","2004-06-17","753",""
"16031","2004-06-18","750",""
"16031","2004-06-19","742",""
"16031","2004-06-20","742",""
"16031","2004-06-21","740",""
"16031","2004-06-22","700",""
"16031","2004-06-23","741",""
"16031","2004-06-24","744",""
"16031","2004-06-25","748",""
"16031","2004-06-26","753",""
"16031","2004-06-27","756",""
"16031","2004-06-28","758",""
"16031","2004-06-29","745",""
"16031","2004-06-30","737",""
"16031","2004-07-01","740",""
"16031","2004-07-02","742",""
"16031","2004-07-03","745",""
"16031","2004-07-04","747",""
"16031","2004-07-05","747",""
"16031","2004-07-06","752",""
"16031","2004-07-07","744",""
"16031","2004-07-08","732",""
"16031","2004-07-09","732",""
"16031","2004-07-10","725",""
"16031","2004-07-11","726",""
"16031","2004-07-12","727",""
"16031","2004-07-13","725",""
"16031","2004-07-14","737",""
"16031","2004-07-15","720",""
"16031","2004-07-16","718",""
"16031","2004-07-17","719",""
"16031","2004-07-18","720",""
"16031","2004-07-19","721",""
"16031","2004-07-20","718",""
"16031","2004-07-21","715",""
"16031","2004-07-22","713",""
"16031","2004-07-23","716",""
"16031","2004-07-24","716",""
"16031","2004-07-25","716",""
"16031","2004-07-26","718",""
"16031","2004-07-27","719",""
"16031","2004-07-28","718",""
"16031","2004-07-29","712",""
"16031","2004-07-30","712",""
"16031","2004-07-31","707",""
"16031","2004-08-01","692",""
"16031","2004-08-02","690",""
"16031","2004-08-03","688",""
"16031","2004-08-04","688",""
"16031","2004-08-05","686",""
"16031","2004-08-06","696",""
"16031","2004-08-07","695",""
"16031","2004-08-08","694",""
"16031","2004-08-09","700",""
"16031","2004-08-10","699",""
"16031","2004-08-11","679",""
"16031","2004-08-12","674",""
"16031","2004-08-13","673",""
"16031","2004-08-14","673",""
"16031","2004-08-15","673",""
"16031","2004-08-16","673",""
"16031","2004-08-17","644",""
"16031","2004-08-18","621",""
"16031","2004-08-19","616",""
"16031","2004-08-20","616",""
"16031","2004-08-21","603",""
"16031","2004-08-22","603",""
"16031","2004-08-23","604",""
"16031","2004-08-24","551",""
"16031","2004-08-25","546",""
"16031","2004-08-26","546",""
"16031","2004-08-27","546",""
"16031","2004-08-28","546",""
"16031","2004-08-29","545",""
"16031","2004-08-30","546",""
"16031","2004-08-31","546",""
"16031","2004-09-01","549",""
"16031","2004-09-02","563",""
"16031","2004-09-03","608",""
"16031","2004-09-04","610",""
"16031","2004-09-05","617",""
"16031","2004-09-06","618",""
"16031","2004-09-07","617",""
"16031","2004-09-08","616",""
"16031","2004-09-09","612",""
"16031","2004-09-10","601",""
"16031","2004-09-11","604",""
"16031","2004-09-12","605",""
"16031","2004-09-13","606",""
"16031","2004-09-14","560",""
"16031","2004-09-15","547",""
"16031","2004-09-16","548",""
"16031","2004-09-17","546",""
"16031","2004-09-18","542",""
"16031","2004-09-19","541",""
"16031","2004-09-20","546",""
"16031","2004-09-21","585",""
"16031","2004-09-22","634",""
"16031","2004-09-23","681",""
"16031","2004-09-24","698",""
"16031","2004-09-25","698",""
"16031","2004-09-26","698",""
"16031","2004-09-27","705",""
"16031","2004-09-28","734",""
"16031","2004-09-29","733",""
"16031","2004-09-30","732",""
"16031","2004-10-01","733",""
"16031","2004-10-02","731",""
"16031","2004-10-03","729",""
"16031","2004-10-04","728",""
"16031","2004-10-05","728",""
"16031","2004-10-06","702",""
"16031","2004-10-07","688",""
"16031","2004-10-08","687",""
"16031","2004-10-09","688",""
"16031","2004-10-10","688",""
"16031","2004-10-11","689",""
"16031","2004-10-12","703",""
"16031","2004-10-13","713",""
"16031","2004-10-14","732",""
"16031","2004-10-15","740",""
"16031","2004-10-16","747",""
"16031","2004-10-17","747",""
"16031","2004-10-18","745",""
"16031","2004-10-19","742",""
"16031","2004-10-20","744",""
"16031","2004-10-21","744",""
"16031","2004-10-22","744",""
"16031","2004-10-23","744",""
"16031","2004-10-24","743",""
"16031","2004-10-25","743",""
"16031","2004-10-26","743",""
"16031","2004-10-27","744",""
"16031","2004-10-28","744",""
"16031","2004-10-29","743",""
"16031","2004-10-30","745",""
"16031","2004-10-31","745",""
"16031","2004-11-01","746",""
"16031","2004-11-02","747",""
"16031","2004-11-03","749",""
"16031","2004-11-04","748",""
"16031","2004-11-05","769",""
"16031","2004-11-06","770",""
"16031","2004-11-07","770",""
"16031","2004-11-08","770",""
"16031","2004-11-09","772",""
"16031","2004-11-10","769",""
"16031","2004-11-11","768",""
"16031","2004-11-12","762",""
"16031","2004-11-13","756",""
"16031","2004-11-14","757",""
"16031","2004-11-15","760",""
"16031","2004-11-16","755",""
"16031","2004-11-17","748",""
"16031","2004-11-18","747",""
"16031","2004-11-19","747",""
"16031","2004-11-20","754",""
"16031","2004-11-21","756",""
"16031","2004-11-22","753",""
"16031","2004-11-23","744",""
"16031","2004-11-24","739",""
"16031","2004-11-25","741",""
"16031","2004-11-26","748",""
"16031","2004-11-27","750",""
"16031","2004-11-28","751",""
"16031","2004-11-29","751",""
"16031","2004-11-30","754",""
"16031","2004-12-01","753",""
"16031","2004-12-02","747",""
"16031","2004-12-03","745",""
"16031","2004-12-04","747",""
"16031","2004-12-05","746",""
"16031","2004-12-06","746",""
"16031","2004-12-07","750",""
"16031","2004-12-08","749",""
"16031","2004-12-09","751",""
"16031","2004-12-10","747",""
"16031","2004-12-11","744",""
"16031","2004-12-12","743",""
"16031","2004-12-13","735",""
"16031","2004-12-14","731",""
"16031","2004-12-15","731",""
"16031","2004-12-16","729",""
"16031","2004-12-17","722",""
"16031","2004-12-18","722",""
"16031","2004-12-19","720",""
"16031","2004-12-20","721",""
"16031","2004-12-21","716",""
"16031","2004-12-22","712",""
"16031","2004-12-23","712",""
"16031","2004-12-24","709",""
"16031","2004-12-25","708",""
"16031","2004-12-26","705",""
"16031","2004-12-27","703",""
"16031","2004-12-28","714",""
"16031","2004-12-29","721",""
"16031","2004-12-30","720",""
"16031","2004-12-31","720",""
"16031","2005-01-01","726",""
"16031","2005-01-02","727",""
"16031","2005-01-03","725",""
"16031","2005-01-04","724",""
"16031","2005-01-05","717",""
"16031","2005-01-06","704",""
"16031","2005-01-07","696",""
"16031","2005-01-08","695",""
"16031","2005-01-09","692",""
"16031","2005-01-10","691",""
"16031","2005-01-11","697",""
"16031","2005-01-12","702",""
"16031","2005-01-13","702",""
"16031","2005-01-14","700",""
"16031","2005-01-15","701",""
"16031","2005-01-16","700",""
"16031","2005-01-17","699",""
"16031","2005-01-18","699",""
"16031","2005-01-19","697",""
"16031","2005-01-20","699",""
"16031","2005-01-21","701",""
"16031","2005-01-22","699",""
"16031","2005-01-23","697",""
"16031","2005-01-24","698",""
"16031","2005-01-25","694",""
"16031","2005-01-26","683",""
"16031","2005-01-27","695",""
"16031","2005-01-28","702",""
"16031","2005-01-29","703",""
"16031","2005-01-30","702",""
"16031","2005-01-31","701",""
"16031","2005-02-01","700",""
"16031","2005-02-02","704",""
"16031","2005-02-03","702",""
"16031","2005-02-04","702",""
"16031","2005-02-05","702",""
"16031","2005-02-06","702",""
"16031","2005-02-07","700",""
"16031","2005-02-08","703",""
"16031","2005-02-09","715",""
"16031","2005-02-10","716",""
"16031","2005-02-11","716",""
"16031","2005-02-12","716",""
"16031","2005-02-13","720",""
"16031","2005-02-14","724",""
"16031","2005-02-15","725",""
"16031","2005-02-16","723",""
"16031","2005-02-17","724",""
"16031","2005-02-18","728",""
"16031","2005-02-19","736",""
"16031","2005-02-20","737",""
"16031","2005-02-21","738",""
"16031","2005-02-22","746",""
"16031","2005-02-23","754",""
"16031","2005-02-24","750",""
"16031","2005-02-25","747",""
"16031","2005-02-26","748",""
"16031","2005-02-27","748",""
"16031","2005-02-28","748",""
"16031","2005-03-01","746",""
"16031","2005-03-02","745",""
"16031","2005-03-03","745",""
"16031","2005-03-04","746",""
"16031","2005-03-05","744",""
"16031","2005-03-06","745",""
"16031","2005-03-07","745",""
"16031","2005-03-08","745",""
"16031","2005-03-09","745",""
"16031","2005-03-10","743",""
"16031","2005-03-11","746",""
"16031","2005-03-12","749",""
"16031","2005-03-13","758",""
"16031","2005-03-14","749",""
"16031","2005-03-15","749",""
"16031","2005-03-16","748",""
"16031","2005-03-17","743",""
"16031","2005-03-18","752",""
"16031","2005-03-19","774",""
"16031","2005-03-20","775",""
"16031","2005-03-21","784",""
"16031","2005-03-22","795",""
"16031","2005-03-23","806",""
"16031","2005-03-24","838",""
"16031","2005-03-25","832",""
"16031","2005-03-26","831",""
"16031","2005-03-27","832",""
"16031","2005-03-28","828",""
"16031","2005-03-29","812",""
"16031","2005-03-30","806",""
"16031","2005-03-31","789",""
"16031","2005-04-01","780",""
"16031","2005-04-02","766",""
"16031","2005-04-03","760",""
"16031","2005-04-04","779",""
"16031","2005-04-05","754",""
"16031","2005-04-06","752",""
"16031","2005-04-07","758",""
"16031","2005-04-08","767",""
"16031","2005-04-09","748",""
"16031","2005-04-10","726",""
"16031","2005-04-11","732",""
"16031","2005-04-12","769",""
"16031","2005-04-13","790",""
"16031","2005-04-14","786",""
"16031","2005-04-15","780",""
"16031","2005-04-16","764",""
"16031","2005-04-17","730",""
"16031","2005-04-18","712",""
"16031","2005-04-19","678",""
"16031","2005-04-20","644",""
"16031","2005-04-21","622",""
"16031","2005-04-22","622",""
"16031","2005-04-23","633",""
"16031","2005-04-24","634",""
"16031","2005-04-25","611",""
"16031","2005-04-26","574",""
"16031","2005-04-27","592",""
"16031","2005-04-28","626",""
"16031","2005-04-29","656",""
"16031","2005-04-30","683",""
"16031","2005-05-01","681",""
"16031","2005-05-02","680",""
"16031","2005-05-03","678",""
"16031","2005-05-04","688",""
"16031","2005-05-05","699",""
"16031","2005-05-06","701",""
"16031","2005-05-07","701",""
"16031","2005-05-08","700",""
"16031","2005-05-09","700",""
"16031","2005-05-10","700",""
"16031","2005-05-11","709",""
"16031","2005-05-12","709",""
"16031","2005-05-13","711",""
"16031","2005-05-14","711",""
"16031","2005-05-15","711",""
"16031","2005-05-16","710",""
"16031","2005-05-17","711",""
"16031","2005-05-18","712",""
"16031","2005-05-19","707",""
"16031","2005-05-20","706",""
"16031","2005-05-21","718",""
"16031","2005-05-22","721",""
"16031","2005-05-23","719",""
"16031","2005-05-24","726",""
"16031","2005-05-25","724",""
"16031","2005-05-26","734",""
"16031","2005-05-27","736",""
"16031","2005-05-28","732",""
"16031","2005-05-29","734",""
"16031","2005-05-30","734",""
"16031","2005-05-31","729",""
"16031","2005-06-01","708",""
"16031","2005-06-02","713",""
"16031","2005-06-03","715",""
"16031","2005-06-04","713",""
"16031","2005-06-05","711",""
"16031","2005-06-06","713",""
"16031","2005-06-07","714",""
"16031","2005-06-08","713",""
"16031","2005-06-09","711",""
"16031","2005-06-10","710",""
"16031","2005-06-11","713",""
"16031","2005-06-12","714",""
"16031","2005-06-13","714",""
"16031","2005-06-14","715",""
"16031","2005-06-15","720",""
"16031","2005-06-16","720",""
"16031","2005-06-17","716",""
"16031","2005-06-18","698",""
"16031","2005-06-19","692",""
"16031","2005-06-20","708",""
"16031","2005-06-21","711",""
"16031","2005-06-22","717",""
"16031","2005-06-23","714",""
"16031","2005-06-24","720",""
"16031","2005-06-25","728",""
"16031","2005-06-26","723",""
"16031","2005-06-27","721",""
"16031","2005-06-28","720",""
"16031","2005-06-29","721",""
"16031","2005-06-30","722",""
"16031","2005-07-01","720",""
"16031","2005-07-02","722",""
"16031","2005-07-03","724",""
"16031","2005-07-04","724",""
"16031","2005-07-05","726",""
"16031","2005-07-06","729",""
"16031","2005-07-07","730",""
"16031","2005-07-08","731",""
"16031","2005-07-09","727",""
"16031","2005-07-10","730",""
"16031","2005-07-11","736",""
"16031","2005-07-12","740",""
"16031","2005-07-13","738",""
"16031","2005-07-14","745",""
"16031","2005-07-15","745",""
"16031","2005-07-16","747",""
"16031","2005-07-17","744",""
"16031","2005-07-18","750",""
"16031","2005-07-19","753",""
"16031","2005-07-20","755",""
"16031","2005-07-21","756",""
"16031","2005-07-22","758",""
"16031","2005-07-23","758",""
"16031","2005-07-24","745",""
"16031","2005-07-25","746",""
"16031","2005-07-26","752",""
"16031","2005-07-27","748",""
"16031","2005-07-28","727",""
"16031","2005-07-29","723",""
"16031","2005-07-30","733",""
"16031","2005-07-31","736",""
"16031","2005-08-01","739",""
"16031","2005-08-02","743",""
"16031","2005-08-03","743",""
"16031","2005-08-04","740",""
"16031","2005-08-05","731",""
"16031","2005-08-06","738",""
"16031","2005-08-07","707",""
"16031","2005-08-08","717",""
"16031","2005-08-09","720",""
"16031","2005-08-10","720",""
"16031","2005-08-11","717",""
"16031","2005-08-12","699",""
"16031","2005-08-13","746",""
"16031","2005-08-14","747",""
"16031","2005-08-15","746",""
"16031","2005-08-16","736",""
"16031","2005-08-17","733",""
"16031","2005-08-18","730",""
"16031","2005-08-19","729",""
"16031","2005-08-20","715",""
"16031","2005-08-21","718",""
"16031","2005-08-22","717",""
"16031","2005-08-23","700",""
"16031","2005-08-24","671",""
"16031","2005-08-25","667",""
"16031","2005-08-26","648",""
"16031","2005-08-27","641",""
"16031","2005-08-28","633",""
"16031","2005-08-29","622",""
"16031","2005-08-30","622",""
"16031","2005-08-31","622",""
"16031","2005-09-01","622",""
"16031","2005-09-02","645",""
"16031","2005-09-03","648",""
"16031","2005-09-04","645",""
"16031","2005-09-05","648",""
"16031","2005-09-06","667",""
"16031","2005-09-07","641",""
"16031","2005-09-08","618",""
"16031","2005-09-09","615",""
"16031","2005-09-10","623",""
"16031","2005-09-11","624",""
"16031","2005-09-12","622",""
"16031","2005-09-13","622",""
"16031","2005-09-14","622",""
"16031","2005-09-15","623",""
"16031","2005-09-16","623",""
"16031","2005-09-17","620",""
"16031","2005-09-18","635",""
"16031","2005-09-19","651",""
"16031","2005-09-20","636",""
"16031","2005-09-21","626",""
"16031","2005-09-22","644",""
"16031","2005-09-23","699",""
"16031","2005-09-24","703",""
"16031","2005-09-25","702",""
"16031","2005-09-26","675",""
"16031","2005-09-27","619",""
"16031","2005-09-28","619",""
"16031","2005-09-29","642",""
"16031","2005-09-30","704",""
"16031","2005-10-01","707",""
"16031","2005-10-02","707",""
"16031","2005-10-03","707",""
"16031","2005-10-04","709",""
"16031","2005-10-05","713",""
"16031","2005-10-06","716",""
"16031","2005-10-07","716",""
"16031","2005-10-08","714",""
"16031","2005-10-09","713",""
"16031","2005-10-10","707",""
"16031","2005-10-11","685",""
"16031","2005-10-12","656",""
"16031","2005-10-13","662",""
"16031","2005-10-14","658",""
"16031","2005-10-15","648",""
"16031","2005-10-16","640",""
"16031","2005-10-17","646",""
"16031","2005-10-18","677",""
"16031","2005-10-19","690",""
"16031","2005-10-20","690",""
"16031","2005-10-21","690",""
"16031","2005-10-22","689",""
"16031","2005-10-23","679",""
"16031","2005-10-24","684",""
"16031","2005-10-25","681",""
"16031","2005-10-26","664",""
"16031","2005-10-27","657",""
"16031","2005-10-28","689",""
"16031","2005-10-29","692",""
"16031","2005-10-30","693",""
"16031","2005-10-31","701",""
"16031","2005-11-01","718",""
"16031","2005-11-02","711",""
"16031","2005-11-03","680",""
"16031","2005-11-04","668",""
"16031","2005-11-05","667",""
"16031","2005-11-06","668",""
"16031","2005-11-07","666",""
"16031","2005-11-08","675",""
"16031","2005-11-09","695",""
"16031","2005-11-10","700",""
"16031","2005-11-11","703",""
"16031","2005-11-12","701",""
"16031","2005-11-13","701",""
"16031","2005-11-14","707",""
"16031","2005-11-15","729",""
"16031","2005-11-16","737",""
"16031","2005-11-17","737",""
"16031","2005-11-18","746",""
"16031","2005-11-19","747",""
"16031","2005-11-20","740",""
"16031","2005-11-21","741",""
"16031","2005-11-22","745",""
"16031","2005-11-23","756",""
"16031","2005-11-24","759",""
"16031","2005-11-25","759",""
"16031","2005-11-26","750",""
"16031","2005-11-27","750",""
"16031","2005-11-28","757",""
"16031","2005-11-29","765",""
"16031","2005-11-30","772",""
"16031","2005-12-01","752",""
"16031","2005-12-02","722",""
"16031","2005-12-03","710",""
"16031","2005-12-04","697",""
"16031","2005-12-05","697",""
"16031","2005-12-06","704",""
"16031","2005-12-07","711",""
"16031","2005-12-08","708",""
"16031","2005-12-09","708",""
"16031","2005-12-10","708",""
"16031","2005-12-11","707",""
"16031","2005-12-12","710",""
"16031","2005-12-13","710",""
"16031","2005-12-14","710",""
"16031","2005-12-15","705",""
"16031","2005-12-16","703",""
"16031","2005-12-17","704",""
"16031","2005-12-18","706",""
"16031","2005-12-19","709",""
"16031","2005-12-20","709",""
"16031","2005-12-21","709",""
"16031","2005-12-22","706",""
"16031","2005-12-23","705",""
"16031","2005-12-24","704",""
"16031","2005-12-25","705",""
"16031","2005-12-26","707",""
"16031","2005-12-27","709",""
"16031","2005-12-28","710",""
"16031","2005-12-29","711",""
"16031","2005-12-30","717",""
"16031","2005-12-31","714",""
"16031","2006-01-01","712",""
"16031","2006-01-02","711",""
"16031","2006-01-03","711",""
"16031","2006-01-04","704",""
"16031","2006-01-05","696",""
"16031","2006-01-06","686",""
"16031","2006-01-07","686",""
"16031","2006-01-08","688",""
"16031","2006-01-09","684",""
"16031","2006-01-10","690",""
"16031","2006-01-11","689",""
"16031","2006-01-12","693",""
"16031","2006-01-13","690",""
"16031","2006-01-14","688",""
"16031","2006-01-15","686",""
"16031","2006-01-16","686",""
"16031","2006-01-17","686",""
"16031","2006-01-18","685",""
"16031","2006-01-19","683",""
"16031","2006-01-20","682",""
"16031","2006-01-21","687",""
"16031","2006-01-22","688",""
"16031","2006-01-23","682",""
"16031","2006-01-24","682",""
"16031","2006-01-25","684",""
"16031","2006-01-26","688",""
"16031","2006-01-27","689",""
"16031","2006-01-28","676",""
"16031","2006-01-29","688",""
"16031","2006-01-30","688",""
"16031","2006-01-31","686",""
"16031","2006-02-01","683",""
"16031","2006-02-02","682",""
"16031","2006-02-03","681",""
"16031","2006-02-04","682",""
"16031","2006-02-05","682",""
"16031","2006-02-06","681",""
"16031","2006-02-07","686",""
"16031","2006-02-08","686",""
"16031","2006-02-09","683",""
"16031","2006-02-10","684",""
"16031","2006-02-11","686",""
"16031","2006-02-12","683",""
"16031","2006-02-13","677",""
"16031","2006-02-14","666",""
"16031","2006-02-15","662",""
"16031","2006-02-16","662",""
"16031","2006-02-17","664",""
"16031","2006-02-18","661",""
"16031","2006-02-19","664",""
"16031","2006-02-20","661",""
"16031","2006-02-21","662",""
"16031","2006-02-22","659",""
"16031","2006-02-23","659",""
"16031","2006-02-24","660",""
"16031","2006-02-25","661",""
"16031","2006-02-26","673",""
"16031","2006-02-27","694",""
"16031","2006-02-28","711",""
"16031","2006-03-01","737",""
"16031","2006-03-02","742",""
"16031","2006-03-03","742",""
"16031","2006-03-04","751",""
"16031","2006-03-05","752",""
"16031","2006-03-06","752",""
"16031","2006-03-07","747",""
"16031","2006-03-08","746",""
"16031","2006-03-09","747",""
"16031","2006-03-10","751",""
"16031","2006-03-11","755",""
"16031","2006-03-12","756",""
"16031","2006-03-13","737",""
"16031","2006-03-14","705",""
"16031","2006-03-15","704",""
"16031","2006-03-16","705",""
"16031","2006-03-17","705",""
"16031","2006-03-18","705",""
"16031","2006-03-19","719",""
"16031","2006-03-20","683",""
"16031","2006-03-21","654",""
"16031","2006-03-22","652",""
"16031","2006-03-23","652",""
"16031","2006-03-24","659",""
"16031","2006-03-25","664",""
"16031","2006-03-26","665",""
"16031","2006-03-27","651",""
"16031","2006-03-28","650",""
"16031","2006-03-29","657",""
"16031","2006-03-30","662",""
"16031","2006-03-31","659",""
"16031","2006-04-01","642",""
"16031","2006-04-02","627",""
"16031","2006-04-03","627",""
"16031","2006-04-04","628",""
"16031","2006-04-05","599",""
"16031","2006-04-06","598",""
"16031","2006-04-07","595",""
"16031","2006-04-08","595",""
"16031","2006-04-09","595",""
"16031","2006-04-10","594",""
"16031","2006-04-11","593",""
"16031","2006-04-12","594",""
"16031","2006-04-13","646",""
"16031","2006-04-14","655",""
"16031","2006-04-15","654",""
"16031","2006-04-16","658",""
"16031","2006-04-17","668",""
"16031","2006-04-18","681",""
"16031","2006-04-19","690",""
"16031","2006-04-20","691",""
"16031","2006-04-21","691",""
"16031","2006-04-22","690",""
"16031","2006-04-23","691",""
"16031","2006-04-24","691",""
"16031","2006-04-25","671",""
"16031","2006-04-26","669",""
"16031","2006-04-27","671",""
"16031","2006-04-28","659",""
"16031","2006-04-29","634",""
"16031","2006-04-30","631",""
"16031","2006-05-01","629",""
"16031","2006-05-02","681",""
"16031","2006-05-03","636",""
"16031","2006-05-04","682",""
"16031","2006-05-05","688",""
"16031","2006-05-06","688",""
"16031","2006-05-07","684",""
"16031","2006-05-08","688",""
"16031","2006-05-09","687",""
"16031","2006-05-10","676",""
"16031","2006-05-11","680",""
"16031","2006-05-12","676",""
"16031","2006-05-13","682",""
"16031","2006-05-14","682",""
"16031","2006-05-15","682",""
"16031","2006-05-16","681",""
"16031","2006-05-17","679",""
"16031","2006-05-18","678",""
"16031","2006-05-19","678",""
"16031","2006-05-20","678",""
"16031","2006-05-21","672",""
"16031","2006-05-22","676",""
"16031","2006-05-23","686",""
"16031","2006-05-24","687",""
"16031","2006-05-25","686",""
"16031","2006-05-26","671",""
"16031","2006-05-27","668",""
"16031","2006-05-28","668",""
"16031","2006-05-29","666",""
"16031","2006-05-30","666",""
"16031","2006-05-31","666",""
"16031","2006-06-01","667",""
"16031","2006-06-02","666",""
"16031","2006-06-03","664",""
"16031","2006-06-04","662",""
"16031","2006-06-05","662",""
"16031","2006-06-06","668",""
"16031","2006-06-07","664",""
"16031","2006-06-08","659",""
"16031","2006-06-09","666",""
"16031","2006-06-10","671",""
"16031","2006-06-11","671",""
"16031","2006-06-12","666",""
"16031","2006-06-13","670",""
"16031","2006-06-14","668",""
"16031","2006-06-15","670",""
"16031","2006-06-16","668",""
"16031","2006-06-17","668",""
"16031","2006-06-18","668",""
"16031","2006-06-19","670",""
"16031","2006-06-20","674",""
"16031","2006-06-21","675",""
"16031","2006-06-22","674",""
"16031","2006-06-23","676",""
"16031","2006-06-24","674",""
"16031","2006-06-25","675",""
"16031","2006-06-26","692",""
"16031","2006-06-27","679",""
"16031","2006-06-28","674",""
"16031","2006-06-29","673",""
"16031","2006-06-30","674",""
"16031","2006-07-01","673",""
"16031","2006-07-02","672",""
"16031","2006-07-03","682",""
"16031","2006-07-04","684",""
"16031","2006-07-05","670",""
"16031","2006-07-06","670",""
"16031","2006-07-07","670",""
"16031","2006-07-08","672",""
"16031","2006-07-09","671",""
"16031","2006-07-10","678",""
"16031","2006-07-11","672",""
"16031","2006-07-12","672",""
"16031","2006-07-13","669",""
"16031","2006-07-14","669",""
"16031","2006-07-15","666",""
"16031","2006-07-16","668",""
"16031","2006-07-17","672",""
"16031","2006-07-18","672",""
"16031","2006-07-19","670",""
"16031","2006-07-20","670",""
"16031","2006-07-21","671",""
"16031","2006-07-22","671",""
"16031","2006-07-23","672",""
"16031","2006-07-24","670",""
"16031","2006-07-25","667",""
"16031","2006-07-26","676",""
"16031","2006-07-27","666",""
"16031","2006-07-28","664",""
"16031","2006-07-29","664",""
"16031","2006-07-30","666",""
"16031","2006-07-31","674",""
"16031","2006-08-01","650",""
"16031","2006-08-02","660",""
"16031","2006-08-03","670",""
"16031","2006-08-04","664",""
"16031","2006-08-05","667",""
"16031","2006-08-06","668",""
"16031","2006-08-07","671",""
"16031","2006-08-08","670",""
"16031","2006-08-09","670",""
"16031","2006-08-10","658",""
"16031","2006-08-11","642",""
"16031","2006-08-12","640",""
"16031","2006-08-13","637",""
"16031","2006-08-14","636",""
"16031","2006-08-15","635",""
"16031","2006-08-16","552",""
"16031","2006-08-17","500",""
"16031","2006-08-18","469",""
"16031","2006-08-19","548",""
"16031","2006-08-20","476",""
"16031","2006-08-21","463",""
"16031","2006-08-22","462",""
"16031","2006-08-23","560",""
"16031","2006-08-24","488",""
"16031","2006-08-25","464",""
"16031","2006-08-26","462",""
"16031","2006-08-27","560",""
"16031","2006-08-28","476",""
"16031","2006-08-29","462",""
"16031","2006-08-30","464",""
"16031","2006-08-31","556",""
"16031","2006-09-01","526",""
"16031","2006-09-02","518",""
"16031","2006-09-03","517",""
"16031","2006-09-04","560",""
"16031","2006-09-05","498",""
"16031","2006-09-06","488",""
"16031","2006-09-07","488",""
"16031","2006-09-08","556",""
"16031","2006-09-09","496",""
"16031","2006-09-10","487",""
"16031","2006-09-11","487",""
"16031","2006-09-12","557",""
"16031","2006-09-13","497",""
"16031","2006-09-14","486",""
"16031","2006-09-15","486",""
"16031","2006-09-16","556",""
"16031","2006-09-17","495",""
"16031","2006-09-18","490",""
"16031","2006-09-19","532",""
"16031","2006-09-20","562",""
"16031","2006-09-21","560",""
"16031","2006-09-22","562",""
"16031","2006-09-23","564",""
"16031","2006-09-24","566",""
"16031","2006-09-25","566",""
"16031","2006-09-26","568",""
"16031","2006-09-27","596",""
"16031","2006-09-28","614",""
"16031","2006-09-29","622",""
"16031","2006-09-30","597",""
"16031","2006-10-01","594",""
"16031","2006-10-02","594",""
"16031","2006-10-03","582",""
"16031","2006-10-04","591",""
"16031","2006-10-05","593",""
"16031","2006-10-06","594",""
"16031","2006-10-07","580",""
"16031","2006-10-08","579",""
"16031","2006-10-09","579",""
"16031","2006-10-10","590",""
"16031","2006-10-11","595",""
"16031","2006-10-12","598",""
"16031","2006-10-13","602",""
"16031","2006-10-14","601",""
"16031","2006-10-15","600",""
"16031","2006-10-16","600",""
"16031","2006-10-17","622",""
"16031","2006-10-18","608",""
"16031","2006-10-19","608",""
"16031","2006-10-20","610",""
"16031","2006-10-21","623",""
"16031","2006-10-22","630",""
"16031","2006-10-23","638",""
"16031","2006-10-24","650",""
"16031","2006-10-25","653",""
"16031","2006-10-26","660",""
"16031","2006-10-27","670",""
"16031","2006-10-28","618",""
"16031","2006-10-29","589",""
"16031","2006-10-30","588",""
"16031","2006-10-31","588",""
"16031","2006-11-01","596",""
"16031","2006-11-02","628",""
"16031","2006-11-03","660",""
"16031","2006-11-04","664",""
"16031","2006-11-05","664",""
"16031","2006-11-06","674",""
"16031","2006-11-07","678",""
"16031","2006-11-08","691",""
"16031","2006-11-09","692",""
"16031","2006-11-10","686",""
"16031","2006-11-11","676",""
"16031","2006-11-12","681",""
"16031","2006-11-13","684",""
"16031","2006-11-14","694",""
"16031","2006-11-15","712",""
"16031","2006-11-16","720",""
"16031","2006-11-17","718",""
"16031","2006-11-18","718",""
"16031","2006-11-19","717",""
"16031","2006-11-20","716",""
"16031","2006-11-21","721",""
"16031","2006-11-22","714",""
"16031","2006-11-23","722",""
"16031","2006-11-24","737",""
"16031","2006-11-25","744",""
"16031","2006-11-26","758",""
"16031","2006-11-27","762",""
"16031","2006-11-28","767",""
"16031","2006-11-29","770",""
"16031","2006-11-30","774",""
"16031","2006-12-01","752",""
"16031","2006-12-02","734",""
"16031","2006-12-03","706",""
"16031","2006-12-04","707",""
"16031","2006-12-05","714",""
"16031","2006-12-06","718",""
"16031","2006-12-07","718",""
"16031","2006-12-08","718",""
"16031","2006-12-09","719",""
"16031","2006-12-10","720",""
"16031","2006-12-11","720",""
"16031","2006-12-12","721",""
"16031","2006-12-13","705",""
"16031","2006-12-14","704",""
"16031","2006-12-15","704",""
"16031","2006-12-16","703",""
"16031","2006-12-17","702",""
"16031","2006-12-18","708",""
"16031","2006-12-19","706",""
"16031","2006-12-20","687",""
"16031","2006-12-21","685",""
"16031","2006-12-22","683",""
"16031","2006-12-23","683",""
"16031","2006-12-24","682",""
"16031","2006-12-25","682",""
"16031","2006-12-26","680",""
"16031","2006-12-27","680",""
"16031","2006-12-28","680",""
"16031","2006-12-29","680",""
"16031","2006-12-30","679",""
"16031","2006-12-31","683",""
"16031","2007-01-01","684",""
"16031","2007-01-02","683",""
"16031","2007-01-03","681",""
"16031","2007-01-04","679",""
"16031","2007-01-05","682",""
"16031","2007-01-06","680",""
"16031","2007-01-07","678",""
"16031","2007-01-08","678",""
"16031","2007-01-09","678",""
"16031","2007-01-10","679",""
"16031","2007-01-11","680",""
"16031","2007-01-12","680",""
"16031","2007-01-13","680",""
"16031","2007-01-14","680",""
"16031","2007-01-15","678",""
"16031","2007-01-16","680",""
"16031","2007-01-17","680",""
"16031","2007-01-18","678",""
"16031","2007-01-19","676",""
"16031","2007-01-20","680",""
"16031","2007-01-21","682",""
"16031","2007-01-22","679",""
"16031","2007-01-23","680",""
"16031","2007-01-24","682",""
"16031","2007-01-25","683",""
"16031","2007-01-26","682",""
"16031","2007-01-27","682",""
"16031","2007-01-28","682",""
"16031","2007-01-29","676",""
"16031","2007-01-30","681",""
"16031","2007-01-31","682",""
"16031","2007-02-01","684",""
"16031","2007-02-02","686",""
"16031","2007-02-03","685",""
"16031","2007-02-04","684",""
"16031","2007-02-05","684",""
"16031","2007-02-06","664",""
"16031","2007-02-07","662",""
"16031","2007-02-08","650",""
"16031","2007-02-09","650",""
"16031","2007-02-10","652",""
"16031","2007-02-11","630",""
"16031","2007-02-12","628",""
"16031","2007-02-13","625",""
"16031","2007-02-14","631",""
"16031","2007-02-15","634",""
"16031","2007-02-16","626",""
"16031","2007-02-17","622",""
"16031","2007-02-18","623",""
"16031","2007-02-19","622",""
"16031","2007-02-20","622",""
"16031","2007-02-21","598",""
"16031","2007-02-22","590",""
"16031","2007-02-23","589",""
"16031","2007-02-24","590",""
"16031","2007-02-25","550",""
"16031","2007-02-26","546",""
"16031","2007-02-27","546",""
"16031","2007-02-28","543",""
"16031","2007-03-01","538",""
"16031","2007-03-02","535",""
"16031","2007-03-03","536",""
"16031","2007-03-04","536",""
"16031","2007-03-05","536",""
"16031","2007-03-06","538",""
"16031","2007-03-07","538",""
"16031","2007-03-08","537",""
"16031","2007-03-09","536",""
"16031","2007-03-10","536",""
"16031","2007-03-11","536",""
"16031","2007-03-12","544",""
"16031","2007-03-13","544",""
"16031","2007-03-14","542",""
"16031","2007-03-15","542",""
"16031","2007-03-16","580",""
"16031","2007-03-17","584",""
"16031","2007-03-18","584",""
"16031","2007-03-19","582",""
"16031","2007-03-20","582",""
"16031","2007-03-21","584",""
"16031","2007-03-22","584",""
"16031","2007-03-23","588",""
"16031","2007-03-24","588",""
"16031","2007-03-25","588",""
"16031","2007-03-26","588",""
"16031","2007-03-27","586",""
"16031","2007-03-28","587",""
"16031","2007-03-29","600",""
"16031","2007-03-30","642",""
"16031","2007-03-31","708",""
"16031","2007-04-01","758",""
"16031","2007-04-02","769",""
"16031","2007-04-03","770",""
"16031","2007-04-04","769",""
"16031","2007-04-05","762",""
"16031","2007-04-06","766",""
"16031","2007-04-07","786",""
"16031","2007-04-08","787",""
"16031","2007-04-09","784",""
"16031","2007-04-10","772",""
"16031","2007-04-11","770",""
"16031","2007-04-12","816",""
"16031","2007-04-13","810",""
"16031","2007-04-14","810",""
"16031","2007-04-15","810",""
"16031","2007-04-16","793",""
"16031","2007-04-17","788",""
"16031","2007-04-18","812",""
"16031","2007-04-19","813",""
"16031","2007-04-20","816",""
"16031","2007-04-21","816",""
"16031","2007-04-22","810",""
"16031","2007-04-23","781",""
"16031","2007-04-24","744",""
"16031","2007-04-25","720",""
"16031","2007-04-26","694",""
"16031","2007-04-27","684",""
"16031","2007-04-28","684",""
"16031","2007-04-29","684",""
"16031","2007-04-30","684",""
"16031","2007-05-01","633",""
"16031","2007-05-02","612",""
"16031","2007-05-03","624",""
"16031","2007-05-04","627",""
"16031","2007-05-05","628",""
"16031","2007-05-06","632",""
"16031","2007-05-07","653",""
"16031","2007-05-08","642",""
"16031","2007-05-09","654",""
"16031","2007-05-10","688",""
"16031","2007-05-11","678",""
"16031","2007-05-12","669",""
"16031","2007-05-13","667",""
"16031","2007-05-14","667",""
"16031","2007-05-15","667",""
"16031","2007-05-16","667",""
"16031","2007-05-17","670",""
"16031","2007-05-18","668",""
"16031","2007-05-19","668",""
"16031","2007-05-20","668",""
"16031","2007-05-21","677",""
"16031","2007-05-22","684",""
"16031","2007-05-23","686",""
"16031","2007-05-24","662",""
"16031","2007-05-25","678",""
"16031","2007-05-26","684",""
"16031","2007-05-27","684",""
"16031","2007-05-28","685",""
"16031","2007-05-29","684",""
"16031","2007-05-30","683",""
"16031","2007-05-31","684",""
"16031","2007-06-01","684",""
"16031","2007-06-02","684",""
"16031","2007-06-03","685",""
"16031","2007-06-04","680",""
"16031","2007-06-05","683",""
"16031","2007-06-06","678",""
"16031","2007-06-07","688",""
"16031","2007-06-08","690",""
"16031","2007-06-09","690",""
"16031","2007-06-10","667",""
"16031","2007-06-11","641",""
"16031","2007-06-12","640",""
"16031","2007-06-13","642",""
"16031","2007-06-14","686",""
"16031","2007-06-15","690",""
"16031","2007-06-16","689",""
"16031","2007-06-17","689",""
"16031","2007-06-18","690",""
"16031","2007-06-19","690",""
"16031","2007-06-20","690",""
"16031","2007-06-21","690",""
"16031","2007-06-22","690",""
"16031","2007-06-23","690",""
"16031","2007-06-24","692",""
"16031","2007-06-25","692",""
"16031","2007-06-26","692",""
"16031","2007-06-27","678",""
"16031","2007-06-28","692",""
"16031","2007-06-29","694",""
"16031","2007-06-30","694",""
"16031","2007-07-01","694",""
"16031","2007-07-02","694",""
"16031","2007-07-03","694",""
"16031","2007-07-04","696",""
"16031","2007-07-05","697",""
"16031","2007-07-06","696",""
"16031","2007-07-07","698",""
"16031","2007-07-08","698",""
"16031","2007-07-09","700",""
"16031","2007-07-10","702",""
"16031","2007-07-11","703",""
"16031","2007-07-12","704",""
"16031","2007-07-13","704",""
"16031","2007-07-14","704",""
"16031","2007-07-15","704",""
"16031","2007-07-16","707",""
"16031","2007-07-17","708",""
"16031","2007-07-18","708",""
"16031","2007-07-19","712",""
"16031","2007-07-20","714",""
"16031","2007-07-21","716",""
"16031","2007-07-22","716",""
"16031","2007-07-23","718",""
"16031","2007-07-24","718",""
"16031","2007-07-25","716",""
"16031","2007-07-26","699",""
"16031","2007-07-27","668",""
"16031","2007-07-28","668",""
"16031","2007-07-29","726",""
"16031","2007-07-30","735",""
"16031","2007-07-31","741",""
"16031","2007-08-01","737",""
"16031","2007-08-02","748",""
"16031","2007-08-03","740",""
"16031","2007-08-04","745",""
"16031","2007-08-05","745",""
"16031","2007-08-06","744",""
"16031","2007-08-07","742",""
"16031","2007-08-08","720",""
"16031","2007-08-09","692",""
"16031","2007-08-10","744",""
"16031","2007-08-11","743",""
"16031","2007-08-12","740",""
"16031","2007-08-13","724",""
"16031","2007-08-14","712",""
"16031","2007-08-15","732",""
"16031","2007-08-16","737",""
"16031","2007-08-17","734",""
"16031","2007-08-18","733",""
"16031","2007-08-19","732",""
"16031","2007-08-20","729",""
"16031","2007-08-21","726",""
"16031","2007-08-22","694",""
"16031","2007-08-23","649",""
"16031","2007-08-24","602",""
"16031","2007-08-25","595",""
"16031","2007-08-26","594",""
"16031","2007-08-27","600",""
"16031","2007-08-28","608",""
"16031","2007-08-29","605",""
"16031","2007-08-30","608",""
"16031","2007-08-31","610",""
"16031","2007-09-01","608",""
"16031","2007-09-02","603",""
"16031","2007-09-03","603",""
"16031","2007-09-04","602",""
"16031","2007-09-05","602",""
"16031","2007-09-06","601",""
"16031","2007-09-07","601",""
"16031","2007-09-08","603",""
"16031","2007-09-09","604",""
"16031","2007-09-10","590",""
"16031","2007-09-11","651",""
"16031","2007-09-12","662",""
"16031","2007-09-13","662",""
"16031","2007-09-14","654",""
"16031","2007-09-15","666",""
"16031","2007-09-16","666",""
"16031","2007-09-17","642",""
"16031","2007-09-18","608",""
"16031","2007-09-19","608",""
"16031","2007-09-20","668",""
"16031","2007-09-21","678",""
"16031","2007-09-22","674",""
"16031","2007-09-23","670",""
"16031","2007-09-24","668",""
"16031","2007-09-25","669",""
"16031","2007-09-26","608",""
"16031","2007-09-27","540",""
"16031","2007-09-28","534",""
"16031","2007-09-29","534",""
"16031","2007-09-30","534",""
"16031","2007-10-01","536",""
"16031","2007-10-02","540",""
"16031","2007-10-03","536",""
"16031","2007-10-04","544",""
"16031","2007-10-05","556",""
"16031","2007-10-06","570",""
"16031","2007-10-07","575",""
"16031","2007-10-08","578",""
"16031","2007-10-09","579",""
"16031","2007-10-10","582",""
"16031","2007-10-11","584",""
"16031","2007-10-12","579",""
"16031","2007-10-13","583",""
"16031","2007-10-14","584",""
"16031","2007-10-15","582",""
"16031","2007-10-16","605",""
"16031","2007-10-17","644",""
"16031","2007-10-18","656",""
"16031","2007-10-19","667",""
"16031","2007-10-20","666",""
"16031","2007-10-21","664",""
"16031","2007-10-22","665",""
"16031","2007-10-23","664",""
"16031","2007-10-24","610",""
"16031","2007-10-25","600",""
"16031","2007-10-26","600",""
"16031","2007-10-27","600",""
"16031","2007-10-28","600",""
"16031","2007-10-29","600",""
"16031","2007-10-30","600",""
"16031","2007-10-31","600",""
"16031","2007-11-01","600",""
"16031","2007-11-02","600",""
"16031","2007-11-03","600",""
"16031","2007-11-04","600",""
"16031","2007-11-05","600",""
"16031","2007-11-06","600",""
"16031","2007-11-07","617",""
"16031","2007-11-08","620",""
"16031","2007-11-09","638",""
"16031","2007-11-10","657",""
"16031","2007-11-11","658",""
"16031","2007-11-12","666",""
"16031","2007-11-13","672",""
"16031","2007-11-14","626",""
"16031","2007-11-15","638",""
"16031","2007-11-16","607",""
"16031","2007-11-17","606",""
"16031","2007-11-18","607",""
"16031","2007-11-19","607",""
"16031","2007-11-20","608",""
"16031","2007-11-21","609",""
"16031","2007-11-22","608",""
"16031","2007-11-23","612",""
"16031","2007-11-24","612",""
"16031","2007-11-25","612",""
"16031","2007-11-26","614",""
"16031","2007-11-27","618",""
"16031","2007-11-28","616",""
"16031","2007-11-29","612",""
"16031","2007-11-30","578",""
"16031","2007-12-01","522",""
"16031","2007-12-02","522",""
"16031","2007-12-03","524",""
"16031","2007-12-04","560",""
"16031","2007-12-05","643",""
"16031","2007-12-06","621",""
"16031","2007-12-07","631",""
"16031","2007-12-08","656",""
"16031","2007-12-09","671",""
"16031","2007-12-10","671",""
"16031","2007-12-11","674",""
"16031","2007-12-12","678",""
"16031","2007-12-13","674",""
"16031","2007-12-14","678",""
"16031","2007-12-15","678",""
"16031","2007-12-16","677",""
"16031","2007-12-17","677",""
"16031","2007-12-18","676",""
"16031","2007-12-19","675",""
"16031","2007-12-20","673",""
"16031","2007-12-21","674",""
"16031","2007-12-22","673",""
"16031","2007-12-23","673",""
"16031","2007-12-24","674",""
"16031","2007-12-25","678",""
"16031","2007-12-26","680",""
"16031","2007-12-27","683",""
"16031","2007-12-28","700",""
"16031","2007-12-29","704",""
"16031","2007-12-30","690",""
"16031","2007-12-31","686",""
"16031","2008-01-01","651",""
"16031","2008-01-02","651",""
"16031","2008-01-03","639",""
"16031","2008-01-04","639",""
"16031","2008-01-05","643",""
"16031","2008-01-06","655",""
"16031","2008-01-07","663",""
"16031","2008-01-08","663",""
"16031","2008-01-09","667",""
"16031","2008-01-10","671",""
"16031","2008-01-11","655",""
"16031","2008-01-12","676",""
"16031","2008-01-13","659",""
"16031","2008-01-14","667",""
"16031","2008-01-15","663",""
"16031","2008-01-16","663",""
"16031","2008-01-17","643",""
"16031","2008-01-18","651",""
"16031","2008-01-19","651",""
"16031","2008-01-20","655",""
"16031","2008-01-21","643",""
"16031","2008-01-22","684",""
"16031","2008-01-23","697",""
"16031","2008-01-24","705",""
"16031","2008-01-25","731",""
"16031","2008-01-26","754",""
"16031","2008-01-27","776",""
"16031","2008-01-28","786",""
"16031","2008-01-29","786",""
"16031","2008-01-30","758",""
"16031","2008-01-31","740",""
"16031","2008-02-01","740",""
"16031","2008-02-02","740",""
"16031","2008-02-03","740",""
"16031","2008-02-04","740",""
"16031","2008-02-05","740",""
"16031","2008-02-06","740",""
"16031","2008-02-07","740",""
"16031","2008-02-08","740",""
"16031","2008-02-09","740",""
"16031","2008-02-10","740",""
"16031","2008-02-11","740",""
"16031","2008-02-12","740",""
"16031","2008-02-13","740",""
"16031","2008-02-14","740",""
"16031","2008-02-15","736",""
"16031","2008-02-16","611",""
"16031","2008-02-17","611",""
"16031","2008-02-18","731",""
"16031","2008-02-19","727",""
"16031","2008-02-20","631",""
"16031","2008-02-21","731",""
"16031","2008-02-22","754",""
"16031","2008-02-23","745",""
"16031","2008-02-24","749",""
"16031","2008-02-25","745",""
"16031","2008-02-26","745",""
"16031","2008-02-27","740",""
"16031","2008-02-28","740",""
"16031","2008-02-29","718",""
"16031","2008-03-01","671",""
"16031","2008-03-02","627",""
"16031","2008-03-03","580",""
"16031","2008-03-04","572",""
"16031","2008-03-05","565",""
"16031","2008-03-06","507",""
"16031","2008-03-07","500",""
"16031","2008-03-08","497",""
"16031","2008-03-09","497",""
"16031","2008-03-10","500",""
"16031","2008-03-11","587",""
"16031","2008-03-12","599",""
"16031","2008-03-13","607",""
"16031","2008-03-14","607",""
"16031","2008-03-15","584",""
"16031","2008-03-16","595",""
"16031","2008-03-17","603",""
"16031","2008-03-18","603",""
"16031","2008-03-19","607",""
"16031","2008-03-20","607",""
"16031","2008-03-21","554",""
"16031","2008-03-22","497",""
"16031","2008-03-23","453",""
"16031","2008-03-24","456",""
"16031","2008-03-25","456",""
"16031","2008-03-26","243",""
"16031","2008-03-27","138",""
"16031","2008-03-28","134",""
"16031","2008-03-29","134",""
"16031","2008-03-30","137",""
"16031","2008-03-31","135",""
"16031","2008-04-01","335",""
"16031","2008-04-02","374",""
"16031","2008-04-03","143",""
"16031","2008-04-04","134",""
"16031","2008-04-05","134",""
"16031","2008-04-06","134",""
"16031","2008-04-07","134",""
"16031","2008-04-08","129",""
"16031","2008-04-09","131",""
"16031","2008-04-10","129",""
"16031","2008-04-11","124",""
"16031","2008-04-12","132",""
"16031","2008-04-13","131",""
"16031","2008-04-14","131",""
"16031","2008-04-15","128",""
"16031","2008-04-16","277",""
"16031","2008-04-17","319",""
"16031","2008-04-18","319",""
"16031","2008-04-19","256",""
"16031","2008-04-20","268",""
"16031","2008-04-21","277",""
"16031","2008-04-22","297",""
"16031","2008-04-23","319",""
"16031","2008-04-24","312",""
"16031","2008-04-25","304",""
"16031","2008-04-26","304",""
"16031","2008-04-27","307",""
"16031","2008-04-28","425",""
"16031","2008-04-29","486",""
"16031","2008-04-30","473",""
"16031","2008-05-01","450",""
"16031","2008-05-02","444",""
"16031","2008-05-03","447",""
"16031","2008-05-04","418",""
"16031","2008-05-05","444",""
"16031","2008-05-06","450",""
"16031","2008-05-07","447",""
"16031","2008-05-08","444",""
"16031","2008-05-09","444",""
"16031","2008-05-10","444",""
"16031","2008-05-11","444",""
"16031","2008-05-12","444",""
"16031","2008-05-13","431",""
"16031","2008-05-14","428",""
"16031","2008-05-15","428",""
"16031","2008-05-16","425",""
"16031","2008-05-17","428",""
"16031","2008-05-18","431",""
"16031","2008-05-19","431",""
"16031","2008-05-20","428",""
"16031","2008-05-21","428",""
"16031","2008-05-22","431",""
"16031","2008-05-23","431",""
"16031","2008-05-24","434",""
"16031","2008-05-25","434",""
"16031","2008-05-26","437",""
"16031","2008-05-27","434",""
"16031","2008-05-28","431",""
"16031","2008-05-29","431",""
"16031","2008-05-30","437",""
"16031","2008-05-31","440",""
"16031","2008-06-01","444",""
"16031","2008-06-02","450",""
"16031","2008-06-03","447",""
"16031","2008-06-04","450",""
"16031","2008-06-05","397",""
"16031","2008-06-06","391",""
"16031","2008-06-07","383",""
"16031","2008-06-08","380",""
"16031","2008-06-09","383",""
"16031","2008-06-10","385",""
"16031","2008-06-11","394",""
"16031","2008-06-12","394",""
"16031","2008-06-13","397",""
"16031","2008-06-14","397",""
"16031","2008-06-15","397",""
"16031","2008-06-16","403",""
"16031","2008-06-17","400",""
"16031","2008-06-18","403",""
"16031","2008-06-19","403",""
"16031","2008-06-20","403",""
"16031","2008-06-21","400",""
"16031","2008-06-22","397",""
"16031","2008-06-23","397",""
"16031","2008-06-24","400",""
"16031","2008-06-25","406",""
"16031","2008-06-26","406",""
"16031","2008-06-27","403",""
"16031","2008-06-28","403",""
"16031","2008-06-29","406",""
"16031","2008-06-30","403",""
"16031","2008-07-01","400",""
"16031","2008-07-02","400",""
"16031","2008-07-03","400",""
"16031","2008-07-04","403",""
"16031","2008-07-05","403",""
"16031","2008-07-06","406",""
"16031","2008-07-07","406",""
"16031","2008-07-08","406",""
"16031","2008-07-09","397",""
"16031","2008-07-10","418",""
"16031","2008-07-11","440",""
"16031","2008-07-12","440",""
"16031","2008-07-13","440",""
"16031","2008-07-14","440",""
"16031","2008-07-15","450",""
"16031","2008-07-16","444",""
"16031","2008-07-17","444",""
"16031","2008-07-18","437",""
"16031","2008-07-19","437",""
"16031","2008-07-20","428",""
"16031","2008-07-21","388",""
"16031","2008-07-22","434",""
"16031","2008-07-23","444",""
"16031","2008-07-24","444",""
"16031","2008-07-25","444",""
"16031","2008-07-26","444",""
"16031","2008-07-27","440",""
"16031","2008-07-28","371",""
"16031","2008-07-29","440",""
"16031","2008-07-30","440",""
"16031","2008-07-31","444",""
"16031","2008-08-01","391",""
"16031","2008-08-02","385",""
"16031","2008-08-03","383",""
"16031","2008-08-04","388",""
"16031","2008-08-05","391",""
"16031","2008-08-06","360",""
"16031","2008-08-07","354",""
"16031","2008-08-08","354",""
"16031","2008-08-09","365",""
"16031","2008-08-10","371",""
"16031","2008-08-11","259",""
"16031","2008-08-12","254",""
"16031","2008-08-13","193",""
"16031","2008-08-14","191",""
"16031","2008-08-15","151",""
"16031","2008-08-16","110",""
"16031","2008-08-17","109",""
"16031","2008-08-18","109",""
"16031","2008-08-19","108",""
"16031","2008-08-20","108",""
"16031","2008-08-21","106",""
"16031","2008-08-22","106",""
"16031","2008-08-23","108",""
"16031","2008-08-24","108",""
"16031","2008-08-25","108",""
"16031","2008-08-26","70.1",""
"16031","2008-08-27","68.2",""
"16031","2008-08-28","68.2",""
"16031","2008-08-29","64.4",""
"16031","2008-08-30","64.4",""
"16031","2008-08-31","64.4",""
"16031","2008-09-01","64.4",""
"16031","2008-09-02","64.4",""
"16031","2008-09-03","66.3",""
"16031","2008-09-04","64.4",""
"16031","2008-09-05","64.4",""
"16031","2008-09-06","61.6",""
"16031","2008-09-07","60.7",""
"16031","2008-09-08","60.7",""
"16031","2008-09-09","60.7",""
"16031","2008-09-10","60.7",""
"16031","2008-09-11","59.9",""
"16031","2008-09-12","59.9",""
"16031","2008-09-13","59.9",""
"16031","2008-09-14","59.9",""
"16031","2008-09-15","59.9",""
"16031","2008-09-16","58.1",""
"16031","2008-09-17","58.1",""
"16031","2008-09-18","60.7",""
"16031","2008-09-19","59",".0"
"16031","2008-09-20","57.2",""
"16031","2008-09-21","57.2",""
"16031","2008-09-22","57.2",""
"16031","2008-09-23","56.4",""
"16031","2008-09-24","65.3",""
"16031","2008-09-25","38.2",""
"16031","2008-09-26","36.9",""
"16031","2008-09-27","47.5",""
"16031","2008-09-28","127",""
"16031","2008-09-29","131",""
"16031","2008-09-30","171",""
"16031","2008-10-01","200",""
"16031","2008-10-02","218",""
"16031","2008-10-03","220",""
"16031","2008-10-04","222",""
"16031","2008-10-05","226",""
"16031","2008-10-06","226",""
"16031","2008-10-07","228",""
"16031","2008-10-08","228",""
"16031","2008-10-09","228",""
"16031","2008-10-10","230",""
"16031","2008-10-11","185",""
"16031","2008-10-12","185",""
"16031","2008-10-13","85.9",""
"16031","2008-10-14","82.6",""
"16031","2008-10-15","81.5",""
"16031","2008-10-16","81.5",""
"16031","2008-10-17","60.7",""
"16031","2008-10-18","59",".0"
"16031","2008-10-19","59",".0"
"16031","2008-10-20","59",".0"
"16031","2008-10-21","58.1",""
"16031","2008-10-22","56.4",""
"16031","2008-10-23","57.2",""
"16031","2008-10-24","55.5",""
"16031","2008-10-25","56.4",""
"16031","2008-10-26","56.4",""
"16031","2008-10-27","56.4",""
"16031","2008-10-28","56.4",""
"16031","2008-10-29","54.7",""
"16031","2008-10-30","53.9",""
"16031","2008-10-31","53.9",""
"16031","2008-11-01","54.7",""
"16031","2008-11-02","52.2",""
"16031","2008-11-03","53.9",""
"16031","2008-11-04","54.7",""
"16031","2008-11-05","53",".0"
"16031","2008-11-06","52.2",""
"16031","2008-11-07","53.9",""
"16031","2008-11-08","53.9",""
"16031","2008-11-09","53",".0"
"16031","2008-11-10","53",".0"
"16031","2008-11-11","80.4",""
"16031","2008-11-12","75.1",""
"16031","2008-11-13","85.9",""
"16031","2008-11-14","82.6",""
"16031","2008-11-15","78.3",""
"16031","2008-11-16","63.5",""
"16031","2008-11-17","29.5",""
"16031","2008-11-18","28",".0"
"16031","2008-11-19","29",".0"
"16031","2008-11-20","30.6",""
"16031","2008-11-21","30.8",""
"16031","2008-11-22","32.8",""
"16031","2008-11-23","34.4",""
"16031","2008-11-24","44.9",""
"16031","2008-11-25","50.4",""
"16031","2008-11-26","91.8",""
"16031","2008-11-27","124",""
"16031","2008-11-28","201",""
"16031","2008-11-29","298",""
"16031","2008-11-30","456",""
"16031","2008-12-01","511",""
"16031","2008-12-02","539",""
"16031","2008-12-03","403",""
"16031","2008-12-04","267",""
"16031","2008-12-05","264",""
"16031","2008-12-06","262",""
"16031","2008-12-07","262",""
"16031","2008-12-08","262",""
"16031","2008-12-09","264",""
"16031","2008-12-10","264",""
"16031","2008-12-11","264",""
"16031","2008-12-12","262",""
"16031","2008-12-13","262",""
"16031","2008-12-14","264",""
"16031","2008-12-15","262",""
"16031","2008-12-16","262",""
"16031","2008-12-17","262",""
"16031","2008-12-18","262",""
"16031","2008-12-19","267",""
"16031","2008-12-20","262",""
"16031","2008-12-21","262",""
"16031","2008-12-22","260",""
"16031","2008-12-23","260",""
"16031","2008-12-24","267",""
"16031","2008-12-25","267",""
"16031","2008-12-26","269",""
"16031","2008-12-27","269",""
"16031","2008-12-28","269",""
"16031","2008-12-29","282",""
"16031","2008-12-30","280",""
"16031","2008-12-31","280",""
"16031","2009-01-01","554",""
"16031","2009-01-02","554",""
"16031","2009-01-03","554",""
"16031","2009-01-04","556",""
"16031","2009-01-05","555",""
"16031","2009-01-06","562",""
"16031","2009-01-07","568",""
"16031","2009-01-08","574",""
"16031","2009-01-09","578",""
"16031","2009-01-10","585",""
"16031","2009-01-11","588",""
"16031","2009-01-12","594",""
"16031","2009-01-13","598",""
"16031","2009-01-14","602",""
"16031","2009-01-15","606",""
"16031","2009-01-16","610",""
"16031","2009-01-17","610",""
"16031","2009-01-18","610",""
"16031","2009-01-19","610",""
"16031","2009-01-20","606",""
"16031","2009-01-21","606",""
"16031","2009-01-22","606",""
"16031","2009-01-23","592",""
"16031","2009-01-24","590",""
"16031","2009-01-25","590",""
"16031","2009-01-26","582",""
"16031","2009-01-27","580",""
"16031","2009-01-28","581",""
"16031","2009-01-29","580",""
"16031","2009-01-30","580",""
"16031","2009-01-31","579",""
"16031","2009-02-01","579",""
"16031","2009-02-02","578",""
"16031","2009-02-03","577",""
"16031","2009-02-04","576",""
"16031","2009-02-05","575",""
"16031","2009-02-06","549",""
"16031","2009-02-07","536",""
"16031","2009-02-08","532",""
"16031","2009-02-09","532",""
"16031","2009-02-10","532",""
"16031","2009-02-11","532",""
"16031","2009-02-12","530",""
"16031","2009-02-13","530",""
"16031","2009-02-14","530",""
"16031","2009-02-15","528",""
"16031","2009-02-16","528",""
"16031","2009-02-17","528",""
"16031","2009-02-18","528",""
"16031","2009-02-19","528",""
"16031","2009-02-20","526",""
"16031","2009-02-21","526",""
"16031","2009-02-22","526",""
"16031","2009-02-23","526",""
"16031","2009-02-24","526",""
"16031","2009-02-25","528",""
"16031","2009-02-26","530",""
"16031","2009-02-27","530",""
"16031","2009-02-28","530",""
"16031","2009-03-01","530",""
"16031","2009-03-02","529",""
"16031","2009-03-03","530",""
"16031","2009-03-04","532",""
"16031","2009-03-05","514",""
"16031","2009-03-06","486",""
"16031","2009-03-07","484",""
"16031","2009-03-08","484",""
"16031","2009-03-09","485",""
"16031","2009-03-10","485",""
"16031","2009-03-11","485",""
"16031","2009-03-12","484",""
"16031","2009-03-13","484",""
"16031","2009-03-14","484",""
"16031","2009-03-15","484",""
"16031","2009-03-16","484",""
"16031","2009-03-17","484",""
"16031","2009-03-18","484",""
"16031","2009-03-19","483",""
"16031","2009-03-20","483",""
"16031","2009-03-21","483",""
"16031","2009-03-22","483",""
"16031","2009-03-23","483",""
"16031","2009-03-24","483",""
"16031","2009-03-25","482",""
"16031","2009-03-26","482",""
"16031","2009-03-27","496",""
"16031","2009-03-28","512",""
"16031","2009-03-29","503",""
"16031","2009-03-30","500",""
"16031","2009-03-31","502",""
"16031","2009-04-01","539",""
"16031","2009-04-02","547",""
"16031","2009-04-03","547",""
"16031","2009-04-04","547",""
"16031","2009-04-05","547",""
"16031","2009-04-06","547",""
"16031","2009-04-07","556",""
"16031","2009-04-08","570",""
"16031","2009-04-09","575",""
"16031","2009-04-10","586",""
"16031","2009-04-11","596",""
"16031","2009-04-12","598",""
"16031","2009-04-13","599",""
"16031","2009-04-14","599",""
"16031","2009-04-15","626",""
"16031","2009-04-16","667",""
"16031","2009-04-17","670",""
"16031","2009-04-18","686",""
"16031","2009-04-19","715",""
"16031","2009-04-20","766",""
"16031","2009-04-21","738",""
"16031","2009-04-22","734",""
"16031","2009-04-23","749",""
"16031","2009-04-24","761",""
"16031","2009-04-25","761",""
"16031","2009-04-26","761",""
"16031","2009-04-27","760",""
"16031","2009-04-28","762",""
"16031","2009-04-29","777",""
"16031","2009-04-30","779",""
"16031","2009-05-01","779",""
"16031","2009-05-02","777",""
"16031","2009-05-03","770",""
"16031","2009-05-04","752",""
"16031","2009-05-05","779",""
"16031","2009-05-06","778",""
"16031","2009-05-07","771",""
"16031","2009-05-08","754",""
"16031","2009-05-09","754",""
"16031","2009-05-10","754",""
"16031","2009-05-11","755",""
"16031","2009-05-12","757",""
"16031","2009-05-13","757",""
"16031","2009-05-14","758",""
"16031","2009-05-15","760",""
"16031","2009-05-16","748",""
"16031","2009-05-17","730",""
"16031","2009-05-18","733",""
"16031","2009-05-19","712",""
"16031","2009-05-20","679",""
"16031","2009-05-21","680",""
"16031","2009-05-22","679",""
"16031","2009-05-23","679",""
"16031","2009-05-24","680",""
"16031","2009-05-25","680",""
"16031","2009-05-26","676",""
"16031","2009-05-27","659",""
"16031","2009-05-28","671",""
"16031","2009-05-29","672",""
"16031","2009-05-30","672",""
"16031","2009-05-31","672",""
"16031","2009-06-01","671",""
"16031","2009-06-02","670",""
"16031","2009-06-03","671",""
"16031","2009-06-04","671",""
"16031","2009-06-05","672",""
"16031","2009-06-06","672",""
"16031","2009-06-07","672",""
"16031","2009-06-08","672",""
"16031","2009-06-09","672",""
"16031","2009-06-10","672",""
"16031","2009-06-11","678",""
"16031","2009-06-12","679",""
"16031","2009-06-13","678",""
"16031","2009-06-14","679",""
"16031","2009-06-15","679",""
"16031","2009-06-16","661",""
"16031","2009-06-17","678",""
"16031","2009-06-18","679",""
"16031","2009-06-19","680",""
"16031","2009-06-20","680",""
"16031","2009-06-21","680",""
"16031","2009-06-22","680",""
"16031","2009-06-23","680",""
"16031","2009-06-24","680",""
"16031","2009-06-25","680",""
"16031","2009-06-26","680",""
"16031","2009-06-27","681",""
"16031","2009-06-28","680",""
"16031","2009-06-29","681",""
"16031","2009-06-30","679",""
"16031","2009-07-01","680",""
"16031","2009-07-02","680",""
"16031","2009-07-03","667",""
"16031","2009-07-04","679",""
"16031","2009-07-05","682",""
"16031","2009-07-06","681",""
"16031","2009-07-07","678",""
"16031","2009-07-08","684",""
"16031","2009-07-09","685",""
"16031","2009-07-10","685",""
"16031","2009-07-11","684",""
"16031","2009-07-12","686",""
"16031","2009-07-13","687",""
"16031","2009-07-14","671",""
"16031","2009-07-15","685",""
"16031","2009-07-16","687",""
"16031","2009-07-17","692",""
"16031","2009-07-18","693",""
"16031","2009-07-19","693",""
"16031","2009-07-20","690",""
"16031","2009-07-21","694",""
"16031","2009-07-22","697",""
"16031","2009-07-23","699",""
"16031","2009-07-24","701",""
"16031","2009-07-25","700",""
"16031","2009-07-26","680",""
"16031","2009-07-27","674",""
"16031","2009-07-28","677",""
"16031","2009-07-29","679",""
"16031","2009-07-30","680",""
"16031","2009-07-31","681",""
"16031","2009-08-01","684",""
"16031","2009-08-02","687",""
"16031","2009-08-03","688",""
"16031","2009-08-04","687",""
"16031","2009-08-05","685",""
"16031","2009-08-06","687",""
"16031","2009-08-07","688",""
"16031","2009-08-08","688",""
"16031","2009-08-09","689",""
"16031","2009-08-10","690",""
"16031","2009-08-11","687",""
"16031","2009-08-12","680",""
"16031","2009-08-13","680",""
"16031","2009-08-14","682",""
"16031","2009-08-15","683",""
"16031","2009-08-16","678",""
"16031","2009-08-17","685",""
"16031","2009-08-18","733",""
"16031","2009-08-19","713",""
"16031","2009-08-20","664",""
"16031","2009-08-21","707",""
"16031","2009-08-22","719",""
"16031","2009-08-23","734",""
"16031","2009-08-24","736",""
"16031","2009-08-25","733",""
"16031","2009-08-26","734",""
"16031","2009-08-27","718",""
"16031","2009-08-28","717",""
"16031","2009-08-29","707",""
"16031","2009-08-30","712",""
"16031","2009-08-31","712",""
"16031","2009-09-01","709",""
"16031","2009-09-02","692",""
"16031","2009-09-03","698",""
"16031","2009-09-04","700",""
"16031","2009-09-05","645",""
"16031","2009-09-06","630",""
"16031","2009-09-07","630",""
"16031","2009-09-08","631",""
"16031","2009-09-09","632",""
"16031","2009-09-10","633",""
"16031","2009-09-11","633",""
"16031","2009-09-12","635",""
"16031","2009-09-13","637",""
"16031","2009-09-14","638",""
"16031","2009-09-15","620",""
"16031","2009-09-16","588",""
"16031","2009-09-17","632",""
"16031","2009-09-18","631",""
"16031","2009-09-19","630",""
"16031","2009-09-20","634",""
"16031","2009-09-21","628",""
"16031","2009-09-22","646",""
"16031","2009-09-23","693",""
"16031","2009-09-24","705",""
"16031","2009-09-25","701",""
"16031","2009-09-26","688",""
"16031","2009-09-27","682",""
"16031","2009-09-28","685",""
"16031","2009-09-29","689",""
"16031","2009-09-30","686",""
"16031","2009-10-01","719",""
"16031","2009-10-02","717",""
"16031","2009-10-03","709",""
"16031","2009-10-04","695",""
"16031","2009-10-05","688",""
"16031","2009-10-06","634",""
"16031","2009-10-07","597",""
"16031","2009-10-08","568",""
"16031","2009-10-09","517",""
"16031","2009-10-10","502",""
"16031","2009-10-11","499",""
"16031","2009-10-12","499",""
"16031","2009-10-13","498",""
"16031","2009-10-14","498",""
"16031","2009-10-15","497",""
"16031","2009-10-16","497",""
"16031","2009-10-17","498",""
"16031","2009-10-18","498",""
"16031","2009-10-19","499",""
"16031","2009-10-20","500",""
"16031","2009-10-21","501",""
"16031","2009-10-22","504",""
"16031","2009-10-23","500",""
"16031","2009-10-24","501",""
"16031","2009-10-25","503",""
"16031","2009-10-26","502",""
"16031","2009-10-27","501",""
"16031","2009-10-28","504",""
"16031","2009-10-29","504",""
"16031","2009-10-30","504",""
"16031","2009-10-31","504",""
"16031","2009-11-01","503",""
"16031","2009-11-02","504",""
"16031","2009-11-03","502",""
"16031","2009-11-04","502",""
"16031","2009-11-05","502",""
"16031","2009-11-06","458",""
"16031","2009-11-07","450",""
"16031","2009-11-08","450",""
"16031","2009-11-09","450",""
"16031","2009-11-10","449",""
"16031","2009-11-11","448",""
"16031","2009-11-12","450",""
"16031","2009-11-13","450",""
"16031","2009-11-14","455",""
"16031","2009-11-15","455",""
"16031","2009-11-16","454",""
"16031","2009-11-17","455",""
"16031","2009-11-18","457",""
"16031","2009-11-19","456",""
"16031","2009-11-20","457",""
"16031","2009-11-21","458",""
"16031","2009-11-22","457",""
"16031","2009-11-23","456",""
"16031","2009-11-24","442",""
"16031","2009-11-25","438",""
"16031","2009-11-26","428",""
"16031","2009-11-27","426",""
"16031","2009-11-28","425",""
"16031","2009-11-29","426",""
"16031","2009-11-30","426",""
"16031","2009-12-01","428",""
"16031","2009-12-02","424",""
"16031","2009-12-03","402",""
"16031","2009-12-04","396",""
"16031","2009-12-05","386",""
"16031","2009-12-06","430",""
"16031","2009-12-07","511",""
"16031","2009-12-08","552",""
"16031","2009-12-09","590",""
"16031","2009-12-10","633",""
"16031","2009-12-11","654",""
"16031","2009-12-12","654",""
"16031","2009-12-13","654",""
"16031","2009-12-14","654",""
"16031","2009-12-15","665",""
"16031","2009-12-16","670",""
"16031","2009-12-17","670",""
"16031","2009-12-18","670",""
"16031","2009-12-19","671",""
"16031","2009-12-20","672",""
"16031","2009-12-21","676",""
"16031","2009-12-22","685",""
"16031","2009-12-23","686",""
"16031","2009-12-24","684",""
"16031","2009-12-25","684",""
"16031","2009-12-26","684",""
"16031","2009-12-27","669",""
"16031","2009-12-28","650",""
"16031","2009-12-29","652",""
"16031","2009-12-30","654",""
"16031","2009-12-31","666",""
"16031","2010-01-01","672",""
"16031","2010-01-02","671",""
"16031","2010-01-03","671",""
"16031","2010-01-04","674",""
"16031","2010-01-05","676",""
"16031","2010-01-06","676",""
"16031","2010-01-07","648",""
"16031","2010-01-08","644",""
"16031","2010-01-09","644",""
"16031","2010-01-10","644",""
"16031","2010-01-11","640",""
"16031","2010-01-12","639",""
"16031","2010-01-13","639",""
"16031","2010-01-14","638",""
"16031","2010-01-15","638",""
"16031","2010-01-16","639",""
"16031","2010-01-17","639",""
"16031","2010-01-18","639",""
"16031","2010-01-19","636",""
"16031","2010-01-20","636",""
"16031","2010-01-21","634",""
"16031","2010-01-22","634",""
"16031","2010-01-23","632",""
"16031","2010-01-24","631",""
"16031","2010-01-25","631",""
"16031","2010-01-26","634",""
"16031","2010-01-27","633",""
"16031","2010-01-28","634",""
"16031","2010-01-29","634",""
"16031","2010-01-30","634",""
"16031","2010-01-31","635",""
"16031","2010-02-01","634",""
"16031","2010-02-02","609",""
"16031","2010-02-03","607",""
"16031","2010-02-04","608",""
"16031","2010-02-05","604",""
"16031","2010-02-06","602",""
"16031","2010-02-07","602",""
"16031","2010-02-08","602",""
"16031","2010-02-09","602",""
"16031","2010-02-10","601",""
"16031","2010-02-11","616",""
"16031","2010-02-12","624",""
"16031","2010-02-13","624",""
"16031","2010-02-14","626",""
"16031","2010-02-15","624",""
"16031","2010-02-16","633",""
"16031","2010-02-17","631",""
"16031","2010-02-18","639",""
"16031","2010-02-19","648",""
"16031","2010-02-20","648",""
"16031","2010-02-21","648",""
"16031","2010-02-22","662",""
"16031","2010-02-23","686",""
"16031","2010-02-24","684",""
"16031","2010-02-25","687",""
"16031","2010-02-26","726",""
"16031","2010-02-27","744",""
"16031","2010-02-28","742",""
"16031","2010-03-01","748",""
"16031","2010-03-02","762",""
"16031","2010-03-03","762",""
"16031","2010-03-04","762",""
"16031","2010-03-05","762",""
"16031","2010-03-06","763",""
"16031","2010-03-07","764",""
"16031","2010-03-08","764",""
"16031","2010-03-09","763",""
"16031","2010-03-10","763",""
"16031","2010-03-11","756",""
"16031","2010-03-12","762",""
"16031","2010-03-13","763",""
"16031","2010-03-14","777",""
"16031","2010-03-15","808",""
"16031","2010-03-16","814",""
"16031","2010-03-17","820",""
"16031","2010-03-18","822",""
"16031","2010-03-19","821",""
"16031","2010-03-20","822",""
"16031","2010-03-21","822",""
"16031","2010-03-22","823",""
"16031","2010-03-23","822",""
"16031","2010-03-24","852",""
"16031","2010-03-25","867",""
"16031","2010-03-26","854",""
"16031","2010-03-27","784",""
"16031","2010-03-28","738",""
"16031","2010-03-29","732",""
"16031","2010-03-30","738",""
"16031","2010-03-31","754",""
"16031","2010-04-01","695",""
"16031","2010-04-02","690",""
"16031","2010-04-03","690",""
"16031","2010-04-04","690",""
"16031","2010-04-05","687",""
"16031","2010-04-06","650",""
"16031","2010-04-07","647",""
"16031","2010-04-08","647",""
"16031","2010-04-09","646",""
"16031","2010-04-10","673",""
"16031","2010-04-11","675",""
"16031","2010-04-12","682",""
"16031","2010-04-13","713",""
"16031","2010-04-14","772",""
"16031","2010-04-15","792",""
"16031","2010-04-16","794",""
"16031","2010-04-17","818",""
"16031","2010-04-18","820",""
"16031","2010-04-19","820",""
"16031","2010-04-20","820",""
"16031","2010-04-21","820",""
"16031","2010-04-22","809",""
"16031","2010-04-23","820",""
"16031","2010-04-24","837",""
"16031","2010-04-25","838",""
"16031","2010-04-26","838",""
"16031","2010-04-27","832",""
"16031","2010-04-28","782",""
"16031","2010-04-29","781",""
"16031","2010-04-30","746",""
"16031","2010-05-01","774",""
"16031","2010-05-02","748",""
"16031","2010-05-03","728",""
"16031","2010-05-04","747",""
"16031","2010-05-05","728",""
"16031","2010-05-06","734",""
"16031","2010-05-07","735",""
"16031","2010-05-08","710",""
"16031","2010-05-09","707",""
"16031","2010-05-10","678",""
"16031","2010-05-11","670",""
"16031","2010-05-12","735",""
"16031","2010-05-13","770",""
"16031","2010-05-14","792",""
"16031","2010-05-15","832",""
"16031","2010-05-16","844",""
"16031","2010-05-17","852",""
"16031","2010-05-18","863",""
"16031","2010-05-19","846",""
"16031","2010-05-20","862",""
"16031","2010-05-21","860",""
"16031","2010-05-22","804",""
"16031","2010-05-23","800",""
"16031","2010-05-24","799",""
"16031","2010-05-25","840",""
"16031","2010-05-26","842",""
"16031","2010-05-27","840",""
"16031","2010-05-28","839",""
"16031","2010-05-29","839",""
"16031","2010-05-30","842",""
"16031","2010-05-31","844",""
"16031","2010-06-01","844",""
"16031","2010-06-02","853",""
"16031","2010-06-03","868",""
"16031","2010-06-04","868",""
"16031","2010-06-05","868",""
"16031","2010-06-06","866",""
"16031","2010-06-07","868",""
"16031","2010-06-08","866",""
"16031","2010-06-09","856",""
"16031","2010-06-10","858",""
"16031","2010-06-11","858",""
"16031","2010-06-12","858",""
"16031","2010-06-13","844",""
"16031","2010-06-14","856",""
"16031","2010-06-15","860",""
"16031","2010-06-16","860",""
"16031","2010-06-17","851",""
"16031","2010-06-18","835",""
"16031","2010-06-19","835",""
"16031","2010-06-20","835",""
"16031","2010-06-21","838",""
"16031","2010-06-22","862",""
"16031","2010-06-23","864",""
"16031","2010-06-24","863",""
"16031","2010-06-25","864",""
"16031","2010-06-26","852",""
"16031","2010-06-27","868",""
"16031","2010-06-28","854",""
"16031","2010-06-29","862",""
"16031","2010-06-30","870",""
"16031","2010-07-01","862",""
"16031","2010-07-02","812",""
"16031","2010-07-03","811",""
"16031","2010-07-04","814",""
"16031","2010-07-05","814",""
"16031","2010-07-06","816",""
"16031","2010-07-07","807",""
"16031","2010-07-08","814",""
"16031","2010-07-09","796",""
"16031","2010-07-10","738",""
"16031","2010-07-11","708",""
"16031","2010-07-12","706",""
"16031","2010-07-13","696",""
"16031","2010-07-14","700",""
"16031","2010-07-15","708",""
"16031","2010-07-16","712",""
"16031","2010-07-17","713",""
"16031","2010-07-18","712",""
"16031","2010-07-19","716",""
"16031","2010-07-20","720",""
"16031","2010-07-21","722",""
"16031","2010-07-22","718",""
"16031","2010-07-23","724",""
"16031","2010-07-24","730",""
"16031","2010-07-25","732",""
"16031","2010-07-26","732",""
"16031","2010-07-27","726",""
"16031","2010-07-28","711",""
"16031","2010-07-29","710",""
"16031","2010-07-30","712",""
"16031","2010-07-31","713",""
"16031","2010-08-01","713",""
"16031","2010-08-02","716",""
"16031","2010-08-03","712",""
"16031","2010-08-04","708",""
"16031","2010-08-05","700",""
"16031","2010-08-06","703",""
"16031","2010-08-07","716",""
"16031","2010-08-08","722",""
"16031","2010-08-09","724",""
"16031","2010-08-10","718",""
"16031","2010-08-11","708",""
"16031","2010-08-12","700",""
"16031","2010-08-13","700",""
"16031","2010-08-14","704",""
"16031","2010-08-15","706",""
"16031","2010-08-16","706",""
"16031","2010-08-17","716",""
"16031","2010-08-18","718",""
"16031","2010-08-19","716",""
"16031","2010-08-20","716",""
"16031","2010-08-21","684",""
"16031","2010-08-22","666",""
"16031","2010-08-23","650",""
"16031","2010-08-24","613",""
"16031","2010-08-25","582",""
"16031","2010-08-26","578",""
"16031","2010-08-27","578",""
"16031","2010-08-28","578",""
"16031","2010-08-29","578",""
"16031","2010-08-30","577",""
"16031","2010-08-31","577",""
"16031","2010-09-01","576",""
"16031","2010-09-02","575",""
"16031","2010-09-03","574",""
"16031","2010-09-04","574",""
"16031","2010-09-05","574",""
"16031","2010-09-06","590",""
"16031","2010-09-07","592",""
"16031","2010-09-08","592",""
"16031","2010-09-09","630",""
"16031","2010-09-10","644",""
"16031","2010-09-11","672",""
"16031","2010-09-12","684",""
"16031","2010-09-13","662",""
"16031","2010-09-14","664",""
"16031","2010-09-15","692",""
"16031","2010-09-16","687",""
"16031","2010-09-17","712",""
"16031","2010-09-18","718",""
"16031","2010-09-19","720",""
"16031","2010-09-20","726",""
"16031","2010-09-21","774",""
"16031","2010-09-22","778",""
"16031","2010-09-23","778",""
"16031","2010-09-24","775",""
"16031","2010-09-25","749",""
"16031","2010-09-26","740",""
"16031","2010-09-27","734",""
"16031","2010-09-28","746",""
"16031","2010-09-29","758",""
"16031","2010-09-30","756",""
"16031","2010-10-01","748",""
"16031","2010-10-02","724",""
"16031","2010-10-03","696",""
"16031","2010-10-04","692",""
"16031","2010-10-05","692",""
"16031","2010-10-06","692",""
"16031","2010-10-07","692",""
"16031","2010-10-08","692",""
"16031","2010-10-09","691",""
"16031","2010-10-10","716",""
"16031","2010-10-11","719",""
"16031","2010-10-12","720",""
"16031","2010-10-13","720",""
"16031","2010-10-14","721",""
"16031","2010-10-15","721",""
"16031","2010-10-16","722",""
"16031","2010-10-17","722",""
"16031","2010-10-18","719",""
"16031","2010-10-19","705",""
"16031","2010-10-20","692",""
"16031","2010-10-21","672",""
"16031","2010-10-22","652",""
"16031","2010-10-23","653",""
"16031","2010-10-24","650",""
"16031","2010-10-25","656",""
"16031","2010-10-26","654",""
"16031","2010-10-27","652",""
"16031","2010-10-28","682",""
"16031","2010-10-29","708",""
"16031","2010-10-30","709",""
"16031","2010-10-31","709",""
"16031","2010-11-01","709",""
"16031","2010-11-02","711",""
"16031","2010-11-03","710",""
"16031","2010-11-04","711",""
"16031","2010-11-05","714",""
"16031","2010-11-06","711",""
"16031","2010-11-07","711",""
"16031","2010-11-08","712",""
"16031","2010-11-09","712",""
"16031","2010-11-10","712",""
"16031","2010-11-11","711",""
"16031","2010-11-12","710",""
"16031","2010-11-13","707",""
"16031","2010-11-14","710",""
"16031","2010-11-15","710",""
"16031","2010-11-16","711",""
"16031","2010-11-17","711",""
"16031","2010-11-18","710",""
"16031","2010-11-19","711",""
"16031","2010-11-20","709",""
"16031","2010-11-21","680",""
"16031","2010-11-22","676",""
"16031","2010-11-23","674",""
"16031","2010-11-24","668",""
"16031","2010-11-25","674",""
"16031","2010-11-26","686",""
"16031","2010-11-27","694",""
"16031","2010-11-28","696",""
"16031","2010-11-29","692",""
"16031","2010-11-30","682",""
"16031","2010-12-01","670",""
"16031","2010-12-02","672",""
"16031","2010-12-03","676",""
"16031","2010-12-04","678",""
"16031","2010-12-05","678",""
"16031","2010-12-06","676",""
"16031","2010-12-07","674",""
"16031","2010-12-08","660",""
"16031","2010-12-09","684",""
"16031","2010-12-10","686",""
"16031","2010-12-11","686",""
"16031","2010-12-12","683",""
"16031","2010-12-13","674",""
"16031","2010-12-14","687",""
"16031","2010-12-15","684",""
"16031","2010-12-16","686",""
"16031","2010-12-17","684",""
"16031","2010-12-18","686",""
"16031","2010-12-19","690",""
"16031","2010-12-20","698",""
"16031","2010-12-21","693",""
"16031","2010-12-22","688",""
"16031","2010-12-23","687",""
"16031","2010-12-24","686",""
"16031","2010-12-25","690",""
"16031","2010-12-26","692",""
"16031","2010-12-27","660",""
"16031","2010-12-28","646",""
"16031","2010-12-29","686",""
"16031","2010-12-30","688",""
"16031","2010-12-31","690",""
"16031","2011-01-01","682",""
"16031","2011-01-02","641",""
"16031","2011-01-03","680",""
"16031","2011-01-04","682",""
"16031","2011-01-05","681",""
"16031","2011-01-06","683",""
"16031","2011-01-07","684",""
"16031","2011-01-08","684",""
"16031","2011-01-09","685",""
"16031","2011-01-10","684",""
"16031","2011-01-11","684",""
"16031","2011-01-12","684",""
"16031","2011-01-13","684",""
"16031","2011-01-14","682",""
"16031","2011-01-15","670",""
"16031","2011-01-16","656",""
"16031","2011-01-17","662",""
"16031","2011-01-18","651",""
"16031","2011-01-19","643",""
"16031","2011-01-20","642",""
"16031","2011-01-21","660",""
"16031","2011-01-22","668",""
"16031","2011-01-23","663",""
"16031","2011-01-24","660",""
"16031","2011-01-25","690",""
"16031","2011-01-26","693",""
"16031","2011-01-27","694",""
"16031","2011-01-28","695",""
"16031","2011-01-29","695",""
"16031","2011-01-30","696",""
"16031","2011-01-31","696",""
"16031","2011-02-01","696",""
"16031","2011-02-02","694",""
"16031","2011-02-03","694",""
"16031","2011-02-04","688",""
"16031","2011-02-05","684",""
"16031","2011-02-06","693",""
"16031","2011-02-07","692",""
"16031","2011-02-08","662",""
"16031","2011-02-09","636",""
"16031","2011-02-10","610",""
"16031","2011-02-11","563",""
"16031","2011-02-12","558",""
"16031","2011-02-13","556",""
"16031","2011-02-14","556",""
"16031","2011-02-15","556",""
"16031","2011-02-16","554",""
"16031","2011-02-17","553",""
"16031","2011-02-18","553",""
"16031","2011-02-19","552",""
"16031","2011-02-20","550",""
"16031","2011-02-21","550",""
"16031","2011-02-22","552",""
"16031","2011-02-23","550",""
"16031","2011-02-24","555",""
"16031","2011-02-25","582",""
"16031","2011-02-26","584",""
"16031","2011-02-27","584",""
"16031","2011-02-28","584",""
"16031","2011-03-01","582",""
"16031","2011-03-02","581",""
"16031","2011-03-03","583",""
"16031","2011-03-04","586",""
"16031","2011-03-05","586",""
"16031","2011-03-06","586",""
"16031","2011-03-07","585",""
"16031","2011-03-08","584",""
"16031","2011-03-09","593",""
"16031","2011-03-10","618",""
"16031","2011-03-11","630",""
"16031","2011-03-12","662",""
"16031","2011-03-13","664",""
"16031","2011-03-14","664",""
"16031","2011-03-15","665",""
"16031","2011-03-16","666",""
"16031","2011-03-17","666",""
"16031","2011-03-18","664",""
"16031","2011-03-19","666",""
"16031","2011-03-20","665",""
"16031","2011-03-21","665",""
"16031","2011-03-22","665",""
"16031","2011-03-23","665",""
"16031","2011-03-24","662",""
"16031","2011-03-25","662",""
"16031","2011-03-26","658",""
"16031","2011-03-27","660",""
"16031","2011-03-28","659",""
"16031","2011-03-29","646",""
"16031","2011-03-30","624",""
"16031","2011-03-31","618",""
"16031","2011-04-01","618",""
"16031","2011-04-02","618",""
"16031","2011-04-03","619",""
"16031","2011-04-04","618",""
"16031","2011-04-05","587",""
"16031","2011-04-06","581",""
"16031","2011-04-07","581",""
"16031","2011-04-08","580",""
"16031","2011-04-09","586",""
"16031","2011-04-10","588",""
"16031","2011-04-11","629",""
"16031","2011-04-12","633",""
"16031","2011-04-13","631",""
"16031","2011-04-14","631",""
"16031","2011-04-15","640",""
"16031","2011-04-16","637",""
"16031","2011-04-17","637",""
"16031","2011-04-18","638",""
"16031","2011-04-19","636",""
"16031","2011-04-20","636",""
"16031","2011-04-21","662",""
"16031","2011-04-22","665",""
"16031","2011-04-23","666",""
"16031","2011-04-24","664",""
"16031","2011-04-25","684",""
"16031","2011-04-26","716",""
"16031","2011-04-27","716",""
"16031","2011-04-28","690",""
"16031","2011-04-29","665",""
"16031","2011-04-30","663",""
"16031","2011-05-01","610",""
"16031","2011-05-02","604",""
"16031","2011-05-03","604",""
"16031","2011-05-04","604",""
"16031","2011-05-05","606",""
"16031","2011-05-06","602",""
"16031","2011-05-07","607",""
"16031","2011-05-08","606",""
"16031","2011-05-09","606",""
"16031","2011-05-10","605",""
"16031","2011-05-11","605",""
"16031","2011-05-12","570",""
"16031","2011-05-13","571",""
"16031","2011-05-14","574",""
"16031","2011-05-15","572",""
"16031","2011-05-16","545",""
"16031","2011-05-17","567",""
"16031","2011-05-18","573",""
"16031","2011-05-19","583",""
"16031","2011-05-20","561",""
"16031","2011-05-21","539",""
"16031","2011-05-22","538",""
"16031","2011-05-23","554",""
"16031","2011-05-24","573",""
"16031","2011-05-25","572",""
"16031","2011-05-26","574",""
"16031","2011-05-27","574",""
"16031","2011-05-28","575",""
"16031","2011-05-29","575",""
"16031","2011-05-30","575",""
"16031","2011-05-31","574",""
"16031","2011-06-01","542",""
"16031","2011-06-02","533",""
"16031","2011-06-03","552",""
"16031","2011-06-04","564",""
"16031","2011-06-05","576",""
"16031","2011-06-06","574",""
"16031","2011-06-07","568",""
"16031","2011-06-08","566",""
"16031","2011-06-09","564",""
"16031","2011-06-10","564",""
"16031","2011-06-11","566",""
"16031","2011-06-12","572",""
"16031","2011-06-13","572",""
"16031","2011-06-14","572",""
"16031","2011-06-15","600",""
"16031","2011-06-16","605",""
"16031","2011-06-17","611",""
"16031","2011-06-18","622",""
"16031","2011-06-19","622",""
"16031","2011-06-20","624",""
"16031","2011-06-21","635",""
"16031","2011-06-22","636",""
"16031","2011-06-23","652",""
"16031","2011-06-24","652",""
"16031","2011-06-25","646",""
"16031","2011-06-26","646",""
"16031","2011-06-27","647",""
"16031","2011-06-28","654",""
"16031","2011-06-29","665",""
"16031","2011-06-30","666",""
"16031","2011-07-01","666",""
"16031","2011-07-02","664",""
"16031","2011-07-03","666",""
"16031","2011-07-04","666",""
"16031","2011-07-05","667",""
"16031","2011-07-06","668",""
"16031","2011-07-07","674",""
"16031","2011-07-08","681",""
"16031","2011-07-09","682",""
"16031","2011-07-10","680",""
"16031","2011-07-11","679",""
"16031","2011-07-12","675",""
"16031","2011-07-13","687",""
"16031","2011-07-14","689",""
"16031","2011-07-15","672",""
"16031","2011-07-16","671",""
"16031","2011-07-17","675",""
"16031","2011-07-18","676",""
"16031","2011-07-19","665",""
"16031","2011-07-20","663",""
"16031","2011-07-21","672",""
"16031","2011-07-22","680",""
"16031","2011-07-23","682",""
"16031","2011-07-24","682",""
"16031","2011-07-25","676",""
"16031","2011-07-26","674",""
"16031","2011-07-27","678",""
"16031","2011-07-28","686",""
"16031","2011-07-29","681",""
"16031","2011-07-30","678",""
"16031","2011-07-31","679",""
"16031","2011-08-01","656",""
"16031","2011-08-02","649",""
"16031","2011-08-03","655",""
"16031","2011-08-04","661",""
"16031","2011-08-05","667",""
"16031","2011-08-06","620",""
"16031","2011-08-07","605",""
"16031","2011-08-08","608",""
"16031","2011-08-09","610",""
"16031","2011-08-10","615",""
"16031","2011-08-11","607",""
"16031","2011-08-12","521",""
"16031","2011-08-13","439",""
"16031","2011-08-14","429",""
"16031","2011-08-15","436",""
"16031","2011-08-16","432",""
"16031","2011-08-17","426",""
"16031","2011-08-18","425",""
"16031","2011-08-19","410",""
"16031","2011-08-20","417",""
"16031","2011-08-21","411",""
"16031","2011-08-22","406",""
"16031","2011-08-23","410",""
"16031","2011-08-24","410",""
"16031","2011-08-25","410",""
"16031","2011-08-26","408",""
"16031","2011-08-27","404",""
"16031","2011-08-28","404",""
"16031","2011-08-29","405",""
"16031","2011-08-30","404",""
"16031","2011-08-31","402",""
"16031","2011-09-01","401",""
"16031","2011-09-02","400",""
"16031","2011-09-03","401",""
"16031","2011-09-04","403",""
"16031","2011-09-05","404",""
"16031","2011-09-06","403",""
"16031","2011-09-07","403",""
"16031","2011-09-08","404",""
"16031","2011-09-09","404",""
"16031","2011-09-10","403",""
"16031","2011-09-11","402",""
"16031","2011-09-12","401",""
"16031","2011-09-13","402",""
"16031","2011-09-14","403",""
"16031","2011-09-15","402",""
"16031","2011-09-16","402",""
"16031","2011-09-17","400",""
"16031","2011-09-18","399",""
"16031","2011-09-19","399",""
"16031","2011-09-20","403",""
"16031","2011-09-21","402",""
"16031","2011-09-22","402",""
"16031","2011-09-23","402",""
"16031","2011-09-24","462",""
"16031","2011-09-25","496",""
"16031","2011-09-26","498",""
"16031","2011-09-27","499",""
"16031","2011-09-28","490",""
"16031","2011-09-29","493",""
"16031","2011-09-30","491",""
"16031","2011-10-01","492",""
"16031","2011-10-02","494",""
"16031","2011-10-03","490",""
"16031","2011-10-04","492",""
"16031","2011-10-05","492",""
"16031","2011-10-06","493",""
"16031","2011-10-07","494",""
"16031","2011-10-08","496",""
"16031","2011-10-09","487",""
"16031","2011-10-10","488",""
"16031","2011-10-11","470",""
"16031","2011-10-12","482",""
"16031","2011-10-13","505",""
"16031","2011-10-14","511",""
"16031","2011-10-15","512",""
"16031","2011-10-16","510",""
"16031","2011-10-17","511",""
"16031","2011-10-18","512",""
"16031","2011-10-19","512",""
"16031","2011-10-20","494",""
"16031","2011-10-21","474",""
"16031","2011-10-22","442",""
"16031","2011-10-23","426",""
"16031","2011-10-24","418",""
"16031","2011-10-25","392",""
"16031","2011-10-26","406",""
"16031","2011-10-27","400",""
"16031","2011-10-28","396",""
"16031","2011-10-29","436",""
"16031","2011-10-30","488",""
"16031","2011-10-31","518",""
"16031","2011-11-01","520",""
"16031","2011-11-02","514",""
"16031","2011-11-03","509",""
"16031","2011-11-04","518",""
"16031","2011-11-05","518",""
"16031","2011-11-06","518",""
"16031","2011-11-07","522",""
"16031","2011-11-08","537",""
"16031","2011-11-09","549",""
"16031","2011-11-10","552",""
"16031","2011-11-11","558",""
"16031","2011-11-12","580",""
"16031","2011-11-13","586",""
"16031","2011-11-14","590",""
"16031","2011-11-15","608",""
"16031","2011-11-16","623",""
"16031","2011-11-17","623",""
"16031","2011-11-18","620",""
"16031","2011-11-19","622",""
"16031","2011-11-20","622",""
"16031","2011-11-21","620",""
"16031","2011-11-22","626",""
"16031","2011-11-23","648",""
"16031","2011-11-24","666",""
"16031","2011-11-25","664",""
"16031","2011-11-26","662",""
"16031","2011-11-27","646",""
"16031","2011-11-28","656",""
"16031","2011-11-29","663",""
"16031","2011-11-30","660",""
"16031","2011-12-01","650",""
"16031","2011-12-02","650",""
"16031","2011-12-03","658",""
"16031","2011-12-04","672",""
"16031","2011-12-05","678",""
"16031","2011-12-06","696",""
"16031","2011-12-07","713",""
"16031","2011-12-08","712",""
"16031","2011-12-09","718",""
"16031","2011-12-10","706",""
"16031","2011-12-11","714",""
"16031","2011-12-12","714",""
"16031","2011-12-13","712",""
"16031","2011-12-14","706",""
"16031","2011-12-15","706",""
"16031","2011-12-16","701",""
"16031","2011-12-17","700",""
"16031","2011-12-18","700",""
"16031","2011-12-19","700",""
"16031","2011-12-20","702",""
"16031","2011-12-21","710",""
"16031","2011-12-22","718",""
"16031","2011-12-23","718",""
"16031","2011-12-24","714",""
"16031","2011-12-25","714",""
"16031","2011-12-26","714",""
"16031","2011-12-27","732",""
"16031","2011-12-28","758",""
"16031","2011-12-29","764",""
"16031","2011-12-30","764",""
"16031","2011-12-31","762",""
"16031","2012-01-01","762","^"
"16031","2012-01-02","762","^"
"16031","2012-01-03","762","^"
"16031","2012-01-04","762","^"
"16031","2012-01-05","762","^"
"16031","2012-01-06","761","^"
"16031","2012-01-07","760",""
"16031","2012-01-08","761",""
"16031","2012-01-09","761",""
"16031","2012-01-10","761",""
"16031","2012-01-11","761",""
"16031","2012-01-12","761",""
"16031","2012-01-13","761",""
"16031","2012-01-14","761","^"
"16031","2012-01-15","761",""
"16031","2012-01-16","761",""
"16031","2012-01-17","760",""
"16031","2012-01-18","760",""
"16031","2012-01-19","760",""
"16031","2012-01-20","760",""
"16031","2012-01-21","759",""
"16031","2012-01-22","761",""
"16031","2012-01-23","761","^"
"16031","2012-01-24","760",""
"16031","2012-01-25","760",""
"16031","2012-01-26","760",""
"16031","2012-01-27","760",""
"16031","2012-01-28","760",""
"16031","2012-01-29","756",""
"16031","2012-01-30","756",""
"16031","2012-01-31","748","_"
"16031","2012-02-01","709",""
"16031","2012-02-02","710",""
"16031","2012-02-03","713",""
"16031","2012-02-04","711",""
"16031","2012-02-05","710",""
"16031","2012-02-06","707",""
"16031","2012-02-07","708",""
"16031","2012-02-08","708",""
"16031","2012-02-09","707",""
"16031","2012-02-10","709",""
"16031","2012-02-11","711",""
"16031","2012-02-12","705",""
"16031","2012-02-13","711",""
"16031","2012-02-14","710",""
"16031","2012-02-15","710",""
"16031","2012-02-16","710",""
"16031","2012-02-17","710",""
"16031","2012-02-18","706",""
"16031","2012-02-19","708",""
"16031","2012-02-20","708",""
"16031","2012-02-21","709",""
"16031","2012-02-22","712",""
"16031","2012-02-23","719",""
"16031","2012-02-24","730",""
"16031","2012-02-25","733","^"
"16031","2012-02-26","677","_"
"16031","2012-02-27","678","_"
"16031","2012-02-28","686",""
"16031","2012-02-29","691",""
"16031","2012-03-01","691",""
"16031","2012-03-02","690",""
"16031","2012-03-03","712",""
"16031","2012-03-04","712",""
"16031","2012-03-05","714",""
"16031","2012-03-06","712",""
"16031","2012-03-07","713",""
"16031","2012-03-08","708",""
"16031","2012-03-09","714",""
"16031","2012-03-10","714",""
"16031","2012-03-11","714",""
"16031","2012-03-12","713",""
"16031","2012-03-13","684",""
"16031","2012-03-14","681",""
"16031","2012-03-15","711",""
"16031","2012-03-16","714",""
"16031","2012-03-17","675",""
"16031","2012-03-18","658","_"
"16031","2012-03-19","670",""
"16031","2012-03-20","672",""
"16031","2012-03-21","672",""
"16031","2012-03-22","671",""
"16031","2012-03-23","677",""
"16031","2012-03-24","708",""
"16031","2012-03-25","708",""
"16031","2012-03-26","731",""
"16031","2012-03-27","750",""
"16031","2012-03-28","755",""
"16031","2012-03-29","771",""
"16031","2012-03-30","786","^"
"16031","2012-03-31","787","^"
"16031","2012-04-01","754",""
"16031","2012-04-02","761",""
"16031","2012-04-03","770",""
"16031","2012-04-04","802",""
"16031","2012-04-05","806",""
"16031","2012-04-06","806",""
"16031","2012-04-07","807","^"
"16031","2012-04-08","798","^"
"16031","2012-04-09","743",""
"16031","2012-04-10","675",""
"16031","2012-04-11","673",""
"16031","2012-04-12","675",""
"16031","2012-04-13","660",""
"16031","2012-04-14","634",""
"16031","2012-04-15","604",""
"16031","2012-04-16","597",""
"16031","2012-04-17","596",""
"16031","2012-04-18","596",""
"16031","2012-04-19","596",""
"16031","2012-04-20","594",""
"16031","2012-04-21","576",""
"16031","2012-04-22","551",""
"16031","2012-04-23","547",""
"16031","2012-04-24","546",""
"16031","2012-04-25","539",""
"16031","2012-04-26","536",""
"16031","2012-04-27","535",""
"16031","2012-04-28","534",""
"16031","2012-04-29","531",""
"16031","2012-04-30","530","_"
"16031","2012-05-01","530",""
"16031","2012-05-02","529",""
"16031","2012-05-03","523",""
"16031","2012-05-04","523",""
"16031","2012-05-05","524",""
"16031","2012-05-06","524",""
"16031","2012-05-07","524",""
"16031","2012-05-08","523",""
"16031","2012-05-09","523",""
"16031","2012-05-10","523",""
"16031","2012-05-11","524",""
"16031","2012-05-12","522",""
"16031","2012-05-13","523",""
"16031","2012-05-14","524",""
"16031","2012-05-15","522",""
"16031","2012-05-16","521",""
"16031","2012-05-17","521",""
"16031","2012-05-18","521",""
"16031","2012-05-19","520",""
"16031","2012-05-20","522",""
"16031","2012-05-21","521",""
"16031","2012-05-22","521",""
"16031","2012-05-23","521",""
"16031","2012-05-24","546",""
"16031","2012-05-25","603","^"
"16031","2012-05-26","596","^"
"16031","2012-05-27","559",""
"16031","2012-05-28","515","_"
"16031","2012-05-29","522",""
"16031","2012-05-30","522",""
"16031","2012-05-31","522",""
"16031","2012-06-01","522",""
"16031","2012-06-02","520",""
"16031","2012-06-03","519",""
"16031","2012-06-04","518",""
"16031","2012-06-05","518",""
"16031","2012-06-06","517",""
"16031","2012-06-07","516",""
"16031","2012-06-08","516",""
"16031","2012-06-09","515",""
"16031","2012-06-10","516",""
"16031","2012-06-11","515","_"
"16031","2012-06-12","515","_"
"16031","2012-06-13","515","_"
"16031","2012-06-14","515",""
"16031","2012-06-15","558",""
"16031","2012-06-16","564",""
"16031","2012-06-17","566",""
"16031","2012-06-18","564",""
"16031","2012-06-19","564",""
"16031","2012-06-20","603",""
"16031","2012-06-21","606",""
"16031","2012-06-22","609","^"
"16031","2012-06-23","609","^"
"16031","2012-06-24","609","^"
"16031","2012-06-25","609","^"
"16031","2012-06-26","604",""
"16031","2012-06-27","604",""
"16031","2012-06-28","603",""
"16031","2012-06-29","604",""
"16031","2012-06-30","604",""
"16031","2012-07-01","658","_"
"16031","2012-07-02","664",""
"16031","2012-07-03","665",""
"16031","2012-07-04","665",""
"16031","2012-07-05","666",""
"16031","2012-07-06","667",""
"16031","2012-07-07","666",""
"16031","2012-07-08","668",""
"16031","2012-07-09","668",""
"16031","2012-07-10","670",""
"16031","2012-07-11","681",""
"16031","2012-07-12","684",""
"16031","2012-07-13","685",""
"16031","2012-07-14","686",""
"16031","2012-07-15","687",""
"16031","2012-07-16","688",""
"16031","2012-07-17","689",""
"16031","2012-07-18","693",""
"16031","2012-07-19","694","^"
"16031","2012-07-20","693","^"
"16031","2012-07-21","687",""
"16031","2012-07-22","689",""
"16031","2012-07-23","691",""
"16031","2012-07-24","691",""
"16031","2012-07-25","687",""
"16031","2012-07-26","687",""
"16031","2012-07-27","687",""
"16031","2012-07-28","686",""
"16031","2012-07-29","688",""
"16031","2012-07-30","691",""
"16031","2012-07-31","688",""
"16031","2012-08-01","692",""
"16031","2012-08-02","690",""
"16031","2012-08-03","694",""
"16031","2012-08-04","694",""
"16031","2012-08-05","693",""
"16031","2012-08-06","689","^"
"16031","2012-08-07","683",""
"16031","2012-08-08","684",""
"16031","2012-08-09","685",""
"16031","2012-08-10","688",""
"16031","2012-08-11","688",""
"16031","2012-08-12","660",""
"16031","2012-08-13","638",""
"16031","2012-08-14","641",""
"16031","2012-08-15","638",""
"16031","2012-08-16","635",""
"16031","2012-08-17","632",""
"16031","2012-08-18","631",""
"16031","2012-08-19","632",""
"16031","2012-08-20","630",""
"16031","2012-08-21","629",""
"16031","2012-08-22","605",""
"16031","2012-08-23","593",""
"16031","2012-08-24","598",""
"16031","2012-08-25","597",""
"16031","2012-08-26","597",""
"16031","2012-08-27","597",""
"16031","2012-08-28","581",""
"16031","2012-08-29","573","_"
"16031","2012-08-30","572","_"
"16031","2012-08-31","576","_"
"16031","2012-09-01","573",""
"16031","2012-09-02","573",""
"16031","2012-09-03","573",""
"16031","2012-09-04","575",""
"16031","2012-09-05","575",""
"16031","2012-09-06","559",""
"16031","2012-09-07","554","_"
"16031","2012-09-08","556",""
"16031","2012-09-09","559",""
"16031","2012-09-10","559",""
"16031","2012-09-11","558",""
"16031","2012-09-12","560",""
"16031","2012-09-13","575",""
"16031","2012-09-14","621",""
"16031","2012-09-15","629",""
"16031","2012-09-16","630",""
"16031","2012-09-17","631",""
"16031","2012-09-18","627",""
"16031","2012-09-19","623",""
"16031","2012-09-20","659",""
"16031","2012-09-21","679","^"
"16031","2012-09-22","665",""
"16031","2012-09-23","663",""
"16031","2012-09-24","664",""
"16031","2012-09-25","655",""
"16031","2012-09-26","643",""
"16031","2012-09-27","635",""
"16031","2012-09-28","603",""
"16031","2012-09-29","578",""
"16031","2012-09-30","580",""
"16031","2012-10-01","581","^"
"16031","2012-10-02","536",""
"16031","2012-10-03","490",""
"16031","2012-10-04","488",""
"16031","2012-10-05","487",""
"16031","2012-10-06","487",""
"16031","2012-10-07","487",""
"16031","2012-10-08","485","_"
"16031","2012-10-09","509",""
"16031","2012-10-10","525",""
"16031","2012-10-11","519",""
"16031","2012-10-12","513",""
"16031","2012-10-13","513",""
"16031","2012-10-14","513",""
"16031","2012-10-15","509",""
"16031","2012-10-16","506",""
"16031","2012-10-17","506",""
"16031","2012-10-18","501",""
"16031","2012-10-19","506",""
"16031","2012-10-20","513",""
"16031","2012-10-21","515",""
"16031","2012-10-22","531",""
"16031","2012-10-23","539",""
"16031","2012-10-24","541",""
"16031","2012-10-25","540",""
"16031","2012-10-26","546",""
"16031","2012-10-27","551",""
"16031","2012-10-28","552",""
"16031","2012-10-29","559",""
"16031","2012-10-30","573",""
"16031","2012-10-31","580",""
"16031","2012-11-01","577",""
"16031","2012-11-02","593",""
"16031","2012-11-03","614",""
"16031","2012-11-04","598",""
"16031","2012-11-05","587",""
"16031","2012-11-06","599",""
"16031","2012-11-07","617",""
"16031","2012-11-08","637",""
"16031","2012-11-09","624",""
"16031","2012-11-10","631",""
"16031","2012-11-11","641",""
"16031","2012-11-12","610",""
"16031","2012-11-13","598","_"
"16031","2012-11-14","639",""
"16031","2012-11-15","652",""
"16031","2012-11-16","662",""
"16031","2012-11-17","662",""
"16031","2012-11-18","675",""
"16031","2012-11-19","694",""
"16031","2012-11-20","716",""
"16031","2012-11-21","730",""
"16031","2012-11-22","742",""
"16031","2012-11-23","745",""
"16031","2012-11-24","755",""
"16031","2012-11-25","753",""
"16031","2012-11-26","759",""
"16031","2012-11-27","767",""
"16031","2012-11-28","766",""
"16031","2012-11-29","767",""
"16031","2012-11-30","769","^"
"16031","2012-12-01","770",""
"16031","2012-12-02","770",""
"16031","2012-12-03","770",""
"16031","2012-12-04","769",""
"16031","2012-12-05","759",""
"16031","2012-12-06","764",""
"16031","2012-12-07","763",""
"16031","2012-12-08","767",""
"16031","2012-12-09","768",""
"16031","2012-12-10","769",""
"16031","2012-12-11","769",""
"16031","2012-12-12","773",""
"16031","2012-12-13","775","^"
"16031","2012-12-14","772","^"
"16031","2012-12-15","732",""
"16031","2012-12-16","710",""
"16031","2012-12-17","711",""
"16031","2012-12-18","713",""
"16031","2012-12-19","714",""
"16031","2012-12-20","718",""
"16031","2012-12-21","719",""
"16031","2012-12-22","719",""
"16031","2012-12-23","719",""
"16031","2012-12-24","725",""
"16031","2012-12-25","726",""
"16031","2012-12-26","717",""
"16031","2012-12-27","685",""
"16031","2012-12-28","687",""
"16031","2012-12-29","678",""
"16031","2012-12-30","634",""
"16031","2012-12-31","625","_"
"16031","2013-01-01","623",""
"16031","2013-01-02","622",""
"16031","2013-01-03","621",""
"16031","2013-01-04","621",""
"16031","2013-01-05","626",""
"16031","2013-01-06","626",""
"16031","2013-01-07","626",""
"16031","2013-01-08","624",""
"16031","2013-01-09","630",""
"16031","2013-01-10","634",""
"16031","2013-01-11","635",""
"16031","2013-01-12","634",""
"16031","2013-01-13","634",""
"16031","2013-01-14","637","^"
"16031","2013-01-15","638","^"
"16031","2013-01-16","634",""
"16031","2013-01-17","635",""
"16031","2013-01-18","636",""
"16031","2013-01-19","635",""
"16031","2013-01-20","612",""
"16031","2013-01-21","601","_"
"16031","2013-01-22","601","_"
"16031","2013-01-23","603",""
"16031","2013-01-24","603",""
"16031","2013-01-25","602",""
"16031","2013-01-26","602","_"
"16031","2013-01-27","603",""
"16031","2013-01-28","603",""
"16031","2013-01-29","602",""
"16031","2013-01-30","602",""
"16031","2013-01-31","603",""
"16031","2013-02-01","602",""
"16031","2013-02-02","602",""
"16031","2013-02-03","601",""
"16031","2013-02-04","600",""
"16031","2013-02-05","601",""
"16031","2013-02-06","601",""
"16031","2013-02-07","600",""
"16031","2013-02-08","600",""
"16031","2013-02-09","601",""
"16031","2013-02-10","602",""
"16031","2013-02-11","601",""
"16031","2013-02-12","599","_"
"16031","2013-02-13","599",""
"16031","2013-02-14","599","_"
"16031","2013-02-15","607","_"
"16031","2013-02-16","624",""
"16031","2013-02-17","639",""
"16031","2013-02-18","654",""
"16031","2013-02-19","671",""
"16031","2013-02-20","680",""
"16031","2013-02-21","680","^"
"16031","2013-02-22","680",""
"16031","2013-02-23","678",""
"16031","2013-02-24","679",""
"16031","2013-02-25","678",""
"16031","2013-02-26","678",""
"16031","2013-02-27","677",""
"16031","2013-02-28","677",""
"16031","2013-03-01","677",""
"16031","2013-03-02","676",""
"16031","2013-03-03","665","_"
"16031","2013-03-04","678",""
"16031","2013-03-05","677",""
"16031","2013-03-06","677",""
"16031","2013-03-07","677",""
"16031","2013-03-08","678",""
"16031","2013-03-09","679",""
"16031","2013-03-10","678",""
"16031","2013-03-11","677",""
"16031","2013-03-12","678",""
"16031","2013-03-13","673",""
"16031","2013-03-14","750",""
"16031","2013-03-15","753",""
"16031","2013-03-16","749",""
"16031","2013-03-17","763",""
"16031","2013-03-18","763",""
"16031","2013-03-19","763",""
"16031","2013-03-20","760",""
"16031","2013-03-21","752",""
"16031","2013-03-22","744",""
"16031","2013-03-23","722",""
"16031","2013-03-24","706",""
"16031","2013-03-25","752",""
"16031","2013-03-26","787",""
"16031","2013-03-27","772","^"
"16031","2013-03-28","733",""
"16031","2013-03-29","700",""
"16031","2013-03-30","674",""
"16031","2013-03-31","672",""
"16031","2013-04-01","674",""
"16031","2013-04-02","675",""
"16031","2013-04-03","675",""
"16031","2013-04-04","672",""
"16031","2013-04-05","674",""
"16031","2013-04-06","675",""
"16031","2013-04-07","677","^"
"16031","2013-04-08","676",""
"16031","2013-04-09","642",""
"16031","2013-04-10","613",""
"16031","2013-04-11","613",""
"16031","2013-04-12","613",""
"16031","2013-04-13","609",""
"16031","2013-04-14","608",""
"16031","2013-04-15","609",""
"16031","2013-04-16","595",""
"16031","2013-04-17","575",""
"16031","2013-04-18","561",""
"16031","2013-04-19","561",""
"16031","2013-04-20","559",""
"16031","2013-04-21","559",""
"16031","2013-04-22","559",""
"16031","2013-04-23","531",""
"16031","2013-04-24","518",""
"16031","2013-04-25","517",""
"16031","2013-04-26","516","_"
"16031","2013-04-27","518",""
"16031","2013-04-28","533",""
"16031","2013-04-29","565",""
"16031","2013-04-30","588",""
"16031","2013-05-01","602",""
"16031","2013-05-02","618",""
"16031","2013-05-03","619","^"
"16031","2013-05-04","595",""
"16031","2013-05-05","591",""
"16031","2013-05-06","592",""
"16031","2013-05-07","557",""
"16031","2013-05-08","554",""
"16031","2013-05-09","554",""
"16031","2013-05-10","555",""
"16031","2013-05-11","555",""
"16031","2013-05-12","555",""
"16031","2013-05-13","556",""
"16031","2013-05-14","537",""
"16031","2013-05-15","511",""
"16031","2013-05-16","509",""
"16031","2013-05-17","509",""
"16031","2013-05-18","509",""
"16031","2013-05-19","507","_"
"16031","2013-05-20","508","_"
"16031","2013-05-21","509",""
"16031","2013-05-22","509",""
"16031","2013-05-23","508",""
"16031","2013-05-24","509",""
"16031","2013-05-25","510",""
"16031","2013-05-26","508",""
"16031","2013-05-27","508",""
"16031","2013-05-28","508",""
"16031","2013-05-29","508",""
"16031","2013-05-30","508","_"
"16031","2013-05-31","509",""
"16031","2013-06-01","508",""
"16031","2013-06-02","508",""
"16031","2013-06-03","495",""
"16031","2013-06-04","478",""
"16031","2013-06-05","477","_"
"16031","2013-06-06","477",""
"16031","2013-06-07","476",""
"16031","2013-06-08","476",""
"16031","2013-06-09","476","_"
"16031","2013-06-10","476",""
"16031","2013-06-11","477",""
"16031","2013-06-12","478",""
"16031","2013-06-13","478",""
"16031","2013-06-14","476","_"
"16031","2013-06-15","476","_"
"16031","2013-06-16","477",""
"16031","2013-06-17","479",""
"16031","2013-06-18","478",""
"16031","2013-06-19","476","_"
"16031","2013-06-20","476","_"
"16031","2013-06-21","522",""
"16031","2013-06-22","528",""
"16031","2013-06-23","532",""
"16031","2013-06-24","532",""
"16031","2013-06-25","534","^"
"16031","2013-06-26","531",""
"16031","2013-06-27","527",""
"16031","2013-06-28","527",""
"16031","2013-06-29","527",""
"16031","2013-06-30","529",""
"16031","2013-07-01","552",""
"16031","2013-07-02","554",""
"16031","2013-07-03","552",""
"16031","2013-07-04","547","_"
"16031","2013-07-05","568",""
"16031","2013-07-06","571",""
"16031","2013-07-07","571",""
"16031","2013-07-08","571",""
"16031","2013-07-09","571",""
"16031","2013-07-10","573",""
"16031","2013-07-11","591",""
"16031","2013-07-12","590",""
"16031","2013-07-13","588",""
"16031","2013-07-14","588",""
"16031","2013-07-15","589",""
"16031","2013-07-16","590",""
"16031","2013-07-17","591",""
"16031","2013-07-18","607",""
"16031","2013-07-19","623",""
"16031","2013-07-20","625",""
"16031","2013-07-21","638",""
"16031","2013-07-22","660",""
"16031","2013-07-23","662","^"
"16031","2013-07-24","658",""
"16031","2013-07-25","660",""
"16031","2013-07-26","659",""
"16031","2013-07-27","654",""
"16031","2013-07-28","653",""
"16031","2013-07-29","654",""
"16031","2013-07-30","657",""
"16031","2013-07-31","655",""
"16031","2013-08-01","647","^"
"16031","2013-08-02","635",""
"16031","2013-08-03","636",""
"16031","2013-08-04","639",""
"16031","2013-08-05","642",""
"16031","2013-08-06","634",""
"16031","2013-08-07","624",""
"16031","2013-08-08","621",""
"16031","2013-08-09","621",""
"16031","2013-08-10","622",""
"16031","2013-08-11","622",""
"16031","2013-08-12","623",""
"16031","2013-08-13","623",""
"16031","2013-08-14","623",""
"16031","2013-08-15","624",""
"16031","2013-08-16","605",""
"16031","2013-08-17","602",""
"16031","2013-08-18","603",""
"16031","2013-08-19","588",""
"16031","2013-08-20","564",""
"16031","2013-08-21","548",""
"16031","2013-08-22","529",""
"16031","2013-08-23","509",""
"16031","2013-08-24","492",""
"16031","2013-08-25","465",""
"16031","2013-08-26","462",""
"16031","2013-08-27","459",""
"16031","2013-08-28","458","_"
"16031","2013-08-29","460",""
"16031","2013-08-30","460",""
"16031","2013-08-31","459",""
"16031","2013-09-01","460",""
"16031","2013-09-02","460",""
"16031","2013-09-03","458",""
"16031","2013-09-04","457","_"
"16031","2013-09-05","458",""
"16031","2013-09-06","458",""
"16031","2013-09-07","458",""
"16031","2013-09-08","458",""
"16031","2013-09-09","458",""
"16031","2013-09-10","458",""
"16031","2013-09-11","458",""
"16031","2013-09-12","458",""
"16031","2013-09-13","457",""
"16031","2013-09-14","457",""
"16031","2013-09-15","457",""
"16031","2013-09-16","457",""
"16031","2013-09-17","457",""
"16031","2013-09-18","457",""
"16031","2013-09-19","458",""
"16031","2013-09-20","459",""
"16031","2013-09-21","472",""
"16031","2013-09-22","473",""
"16031","2013-09-23","475",""
"16031","2013-09-24","475",""
"16031","2013-09-25","476",""
"16031","2013-09-26","477","^"
"16031","2013-09-27","477",""
"16031","2013-09-28","475",""
"16031","2013-09-29","475",""
"16031","2013-09-30","475",""
"16031","2013-10-01","476",""
"16031","2013-10-02","476",""
"16031","2013-10-03","476",""
"16031","2013-10-04","476",""
"16031","2013-10-05","476",""
"16031","2013-10-06","475",""
"16031","2013-10-07","475",""
"16031","2013-10-08","475",""
"16031","2013-10-09","474",""
"16031","2013-10-10","474",""
"16031","2013-10-11","478",""
"16031","2013-10-12","474",""
"16031","2013-10-13","475",""
"16031","2013-10-14","474","_"
"16031","2013-10-15","473","_"
"16031","2013-10-16","473",""
"16031","2013-10-17","474",""
"16031","2013-10-18","474",""
"16031","2013-10-19","478",""
"16031","2013-10-20","502",""
"16031","2013-10-21","506",""
"16031","2013-10-22","506",""
"16031","2013-10-23","506",""
"16031","2013-10-24","505",""
"16031","2013-10-25","505",""
"16031","2013-10-26","507","^"
"16031","2013-10-27","508","^"
"16031","2013-10-28","507",""
"16031","2013-10-29","508","^"
"16031","2013-10-30","507",""
"16031","2013-10-31","507",""
"16031","2013-11-01","506",""
"16031","2013-11-02","495",""
"16031","2013-11-03","478",""
"16031","2013-11-04","456",""
"16031","2013-11-05","457",""
"16031","2013-11-06","456",""
"16031","2013-11-07","456",""
"16031","2013-11-08","455",""
"16031","2013-11-09","447",""
"16031","2013-11-10","445",""
"16031","2013-11-11","444","_"
"16031","2013-11-12","444","_"
"16031","2013-11-13","454","_"
"16031","2013-11-14","505",""
"16031","2013-11-15","549",""
"16031","2013-11-16","583",""
"16031","2013-11-17","610",""
"16031","2013-11-18","614",""
"16031","2013-11-19","615",""
"16031","2013-11-20","617",""
"16031","2013-11-21","615",""
"16031","2013-11-22","615",""
"16031","2013-11-23","608",""
"16031","2013-11-24","608",""
"16031","2013-11-25","621",""
"16031","2013-11-26","642",""
"16031","2013-11-27","648",""
"16031","2013-11-28","650",""
"16031","2013-11-29","652","^"
"16031","2013-11-30","653","^"
"16031","2013-12-01","650",""
"16031","2013-12-02","651",""
"16031","2013-12-03","650",""
"16031","2013-12-04","650",""
"16031","2013-12-05","652",""
"16031","2013-12-06","654",""
"16031","2013-12-07","654",""
"16031","2013-12-08","654",""
"16031","2013-12-09","652",""
"16031","2013-12-10","648",""
"16031","2013-12-11","645","_"
"16031","2013-12-12","643","_"
"16031","2013-12-13","647",""
"16031","2013-12-14","647",""
"16031","2013-12-15","645",""
"16031","2013-12-16","646",""
"16031","2013-12-17","648",""
"16031","2013-12-18","647",""
"16031","2013-12-19","644","_"
"16031","2013-12-20","646",""
"16031","2013-12-21","650",""
"16031","2013-12-22","651",""
"16031","2013-12-23","651",""
"16031","2013-12-24","650",""
"16031","2013-12-25","650",""
"16031","2013-12-26","651",""
"16031","2013-12-27","653",""
"16031","2013-12-28","655",""
"16031","2013-12-29","655","^"
"16031","2013-12-30","653",""
"16031","2013-12-31","652",""
"16031","2014-01-01","653",""
"16031","2014-01-02","654",""
"16031","2014-01-03","651",""
"16031","2014-01-04","651",""
"16031","2014-01-05","651",""
"16031","2014-01-06","650",""
"16031","2014-01-07","649",""
"16031","2014-01-08","648","_"
"16031","2014-01-09","652",""
"16031","2014-01-10","653",""
"16031","2014-01-11","652",""
"16031","2014-01-12","651",""
"16031","2014-01-13","651",""
"16031","2014-01-14","692",""
"16031","2014-01-15","700",""
"16031","2014-01-16","709",""
"16031","2014-01-17","712","^"
"16031","2014-01-18","705","^"
"16031","2014-01-19","686",""
"16031","2014-01-20","691",""
"16031","2014-01-21","695",""
"16031","2014-01-22","694",""
"16031","2014-01-23","695",""
"16031","2014-01-24","695",""
"16031","2014-01-25","698",""
"16031","2014-01-26","699",""
"16031","2014-01-27","700",""
"16031","2014-01-28","697",""
"16031","2014-01-29","696",""
"16031","2014-01-30","694",""
"16031","2014-01-31","695",""
"16031","2014-02-01","695",""
"16031","2014-02-02","693",""
"16031","2014-02-03","693",""
"16031","2014-02-04","691",""
"16031","2014-02-05","694",""
"16031","2014-02-06","692",""
"16031","2014-02-07","692",""
"16031","2014-02-08","694",""
"16031","2014-02-09","721",""
"16031","2014-02-10","716",""
"16031","2014-02-11","687",""
"16031","2014-02-12","681","_"
"16031","2014-02-13","685","_"
"16031","2014-02-14","705",""
"16031","2014-02-15","720",""
"16031","2014-02-16","722",""
"16031","2014-02-17","721",""
"16031","2014-02-18","722",""
"16031","2014-02-19","727",""
"16031","2014-02-20","725",""
"16031","2014-02-21","730",""
"16031","2014-02-22","719",""
"16031","2014-02-23","736",""
"16031","2014-02-24","756",""
"16031","2014-02-25","755",""
"16031","2014-02-26","760","^"
"16031","2014-02-27","754",""
"16031","2014-02-28","753",""
"16031","2014-03-01","753",""
"16031","2014-03-02","754",""
"16031","2014-03-03","753",""
"16031","2014-03-04","753",""
"16031","2014-03-05","752",""
"16031","2014-03-06","753",""
"16031","2014-03-07","754",""
"16031","2014-03-08","757",""
"16031","2014-03-09","756",""
"16031","2014-03-10","756",""
"16031","2014-03-11","753",""
"16031","2014-03-12","732",""
"16031","2014-03-13","729",""
"16031","2014-03-14","724",""
"16031","2014-03-15","709",""
"16031","2014-03-16","700",""
"16031","2014-03-17","709",""
"16031","2014-03-18","747",""
"16031","2014-03-19","764",""
"16031","2014-03-20","761",""
"16031","2014-03-21","737",""
"16031","2014-03-22","721",""
"16031","2014-03-23","695",""
"16031","2014-03-24","694","_"
"16031","2014-03-25","721",""
"16031","2014-03-26","752",""
"16031","2014-03-27","783",""
"16031","2014-03-28","799","^"
"16031","2014-03-29","799","^"
"16031","2014-03-30","786","^"
"16031","2014-03-31","794",""
"16031","2014-04-01","788","^"
"16031","2014-04-02","762",""
"16031","2014-04-03","741",""
"16031","2014-04-04","722",""
"16031","2014-04-05","700",""
"16031","2014-04-06","706",""
"16031","2014-04-07","714",""
"16031","2014-04-08","713",""
"16031","2014-04-09","689",""
"16031","2014-04-10","671",""
"16031","2014-04-11","671",""
"16031","2014-04-12","671",""
"16031","2014-04-13","670",""
"16031","2014-04-14","668",""
"16031","2014-04-15","670",""
"16031","2014-04-16","675",""
"16031","2014-04-17","685",""
"16031","2014-04-18","701",""
"16031","2014-04-19","701",""
"16031","2014-04-20","700",""
"16031","2014-04-21","717",""
"16031","2014-04-22","722",""
"16031","2014-04-23","693",""
"16031","2014-04-24","669",""
"16031","2014-04-25","665",""
"16031","2014-04-26","670",""
"16031","2014-04-27","665",""
"16031","2014-04-28","651",""
"16031","2014-04-29","616",""
"16031","2014-04-30","605","_"
"16031","2014-05-01","587",""
"16031","2014-05-02","562",""
"16031","2014-05-03","540",""
"16031","2014-05-04","538",""
"16031","2014-05-05","555",""
"16031","2014-05-06","587",""
"16031","2014-05-07","665",""
"16031","2014-05-08","668",""
"16031","2014-05-09","668",""
"16031","2014-05-10","668","^"
"16031","2014-05-11","646","^"
"16031","2014-05-12","604",""
"16031","2014-05-13","560",""
"16031","2014-05-14","536",""
"16031","2014-05-15","531",""
"16031","2014-05-16","523",""
"16031","2014-05-17","523",""
"16031","2014-05-18","522",""
"16031","2014-05-19","518",""
"16031","2014-05-20","514",""
"16031","2014-05-21","514",""
"16031","2014-05-22","512",""
"16031","2014-05-23","512",""
"16031","2014-05-24","513",""
"16031","2014-05-25","513",""
"16031","2014-05-26","512",""
"16031","2014-05-27","486",""
"16031","2014-05-28","481","_"
"16031","2014-05-29","521",""
"16031","2014-05-30","529",""
"16031","2014-05-31","530",""
"16031","2014-06-01","530",""
"16031","2014-06-02","532","_"
"16031","2014-06-03","540",""
"16031","2014-06-04","542",""
"16031","2014-06-05","547",""
"16031","2014-06-06","548",""
"16031","2014-06-07","547",""
"16031","2014-06-08","546",""
"16031","2014-06-09","546",""
"16031","2014-06-10","545",""
"16031","2014-06-11","544",""
"16031","2014-06-12","544",""
"16031","2014-06-13","543",""
"16031","2014-06-14","542",""
"16031","2014-06-15","542",""
"16031","2014-06-16","541",""
"16031","2014-06-17","538",""
"16031","2014-06-18","535",""
"16031","2014-06-19","537",""
"16031","2014-06-20","538",""
"16031","2014-06-21","538",""
"16031","2014-06-22","538",""
"16031","2014-06-23","538",""
"16031","2014-06-24","540",""
"16031","2014-06-25","541",""
"16031","2014-06-26","539",""
"16031","2014-06-27","535",""
"16031","2014-06-28","567",""
"16031","2014-06-29","585",""
"16031","2014-06-30","587","^"
"16031","2014-07-01","588","_"
"16031","2014-07-02","593",""
"16031","2014-07-03","593",""
"16031","2014-07-04","594",""
"16031","2014-07-05","594",""
"16031","2014-07-06","596",""
"16031","2014-07-07","596",""
"16031","2014-07-08","596",""
"16031","2014-07-09","600",""
"16031","2014-07-10","599",""
"16031","2014-07-11","600",""
"16031","2014-07-12","623",""
"16031","2014-07-13","626",""
"16031","2014-07-14","628",""
"16031","2014-07-15","629",""
"16031","2014-07-16","631",""
"16031","2014-07-17","632",""
"16031","2014-07-18","631",""
"16031","2014-07-19","629",""
"16031","2014-07-20","629",""
"16031","2014-07-21","630",""
"16031","2014-07-22","631",""
"16031","2014-07-23","648",""
"16031","2014-07-24","652",""
"16031","2014-07-25","652",""
"16031","2014-07-26","669",""
"16031","2014-07-27","674","^"
"16031","2014-07-28","673",""
"16031","2014-07-29","667",""
"16031","2014-07-30","662",""
"16031","2014-07-31","664",""
"16031","2014-08-01","657",""
"16031","2014-08-02","650",""
"16031","2014-08-03","650",""
"16031","2014-08-04","651",""
"16031","2014-08-05","653",""
"16031","2014-08-06","657",""
"16031","2014-08-07","660","^"
"16031","2014-08-08","656",""
"16031","2014-08-09","658",""
"16031","2014-08-10","659",""
"16031","2014-08-11","634",""
"16031","2014-08-12","626",""
"16031","2014-08-13","624",""
"16031","2014-08-14","618",""
"16031","2014-08-15","587",""
"16031","2014-08-16","562","_"
"16031","2014-08-17","562",""
"16031","2014-08-18","562",""
"16031","2014-08-19","563",""
"16031","2014-08-20","565",""
"16031","2014-08-21","566",""
"16031","2014-08-22","566",""
"16031","2014-08-23","567",""
"16031","2014-08-24","569",""
"16031","2014-08-25","573",""
"16031","2014-08-26","594",""
"16031","2014-08-27","596",""
"16031","2014-08-28","596",""
"16031","2014-08-29","597",""
"16031","2014-08-30","600",""
"16031","2014-08-31","600",""
"16031","2014-09-01","578","^"
"16031","2014-09-02","559",""
"16031","2014-09-03","539",""
"16031","2014-09-04","519",""
"16031","2014-09-05","500",""
"16031","2014-09-06","477",""
"16031","2014-09-07","424",""
"16031","2014-09-08","423",""
"16031","2014-09-09","421","_"
"16031","2014-09-10","422",""
"16031","2014-09-11","431",""
"16031","2014-09-12","447",""
"16031","2014-09-13","446",""
"16031","2014-09-14","449",""
"16031","2014-09-15","448",""
"16031","2014-09-16","447",""
"16031","2014-09-17","452",""
"16031","2014-09-18","452",""
"16031","2014-09-19","453",""
"16031","2014-09-20","453",""
"16031","2014-09-21","453",""
"16031","2014-09-22","452",""
"16031","2014-09-23","450",""
"16031","2014-09-24","449",""
"16031","2014-09-25","450",""
"16031","2014-09-26","452",""
"16031","2014-09-27","455",""
"16031","2014-09-28","455",""
"16031","2014-09-29","452",""
"16031","2014-09-30","452",""
"16031","2014-10-01","455",""
"16031","2014-10-02","454",""
"16031","2014-10-03","466",""
"16031","2014-10-04","476",""
"16031","2014-10-05","477",""
"16031","2014-10-06","476",""
"16031","2014-10-07","474",""
"16031","2014-10-08","476",""
"16031","2014-10-09","478",""
"16031","2014-10-10","477",""
"16031","2014-10-11","478",""
"16031","2014-10-12","478",""
"16031","2014-10-13","476",""
"16031","2014-10-14","419",""
"16031","2014-10-15","412",""
"16031","2014-10-16","417",""
"16031","2014-10-17","475",""
"16031","2014-10-18","484",""
"16031","2014-10-19","483",""
"16031","2014-10-20","479","^"
"16031","2014-10-21","480",""
"16031","2014-10-22","475",""
"16031","2014-10-23","385",""
"16031","2014-10-24","363",""
"16031","2014-10-25","361",""
"16031","2014-10-26","359","_"
"16031","2014-10-27","384","_"
"16031","2014-10-28","473",""
"16031","2014-10-29","475",""
"16031","2014-10-30","475",""
"16031","2014-10-31","476",""
"16031","2014-11-01","501","_"
"16031","2014-11-02","527",""
"16031","2014-11-03","559",""
"16031","2014-11-04","560",""
"16031","2014-11-05","555",""
"16031","2014-11-06","549",""
"16031","2014-11-07","547",""
"16031","2014-11-08","548",""
"16031","2014-11-09","551",""
"16031","2014-11-10","566",""
"16031","2014-11-11","588",""
"16031","2014-11-12","588",""
"16031","2014-11-13","588",""
"16031","2014-11-14","583",""
"16031","2014-11-15","590",""
"16031","2014-11-16","589",""
"16031","2014-11-17","584",""
"16031","2014-11-18","588",""
"16031","2014-11-19","588",""
"16031","2014-11-20","601",""
"16031","2014-11-21","616",""
"16031","2014-11-22","620",""
"16031","2014-11-23","623",""
"16031","2014-11-24","617",""
"16031","2014-11-25","618",""
"16031","2014-11-26","650",""
"16031","2014-11-27","652",""
"16031","2014-11-28","655","^"
"16031","2014-11-29","653",""
"16031","2014-11-30","654",""
"16031","2014-12-01","653",""
"16031","2014-12-02","652",""
"16031","2014-12-03","649",""
"16031","2014-12-04","651",""
"16031","2014-12-05","655",""
"16031","2014-12-06","650",""
"16031","2014-12-07","653",""
"16031","2014-12-08","652",""
"16031","2014-12-09","650",""
"16031","2014-12-10","651",""
"16031","2014-12-11","648",""
"16031","2014-12-12","647",""
"16031","2014-12-13","646",""
"16031","2014-12-14","644",""
"16031","2014-12-15","644",""
"16031","2014-12-16","643",""
"16031","2014-12-17","643",""
"16031","2014-12-18","642","_"
"16031","2014-12-19","641","_"
"16031","2014-12-20","645",""
"16031","2014-12-21","646",""
"16031","2014-12-22","645",""
"16031","2014-12-23","643",""
"16031","2014-12-24","649",""
"16031","2014-12-25","655",""
"16031","2014-12-26","661","^"
"16031","2014-12-27","648",""
"16031","2014-12-28","651",""
"16031","2014-12-29","655","^"
"16031","2014-12-30","657",""
"16031","2014-12-31","657",""
"16031","2015-01-01","643",""
"16031","2015-01-02","642",""
"16031","2015-01-03","641","_"
"16031","2015-01-04","641","_"
"16031","2015-01-05","663",""
"16031","2015-01-06","700",""
"16031","2015-01-07","711",""
"16031","2015-01-08","715","^"
"16031","2015-01-09","706",""
"16031","2015-01-10","690",""
"16031","2015-01-11","688",""
"16031","2015-01-12","689",""
"16031","2015-01-13","694",""
"16031","2015-01-14","698",""
"16031","2015-01-15","702",""
"16031","2015-01-16","697",""
"16031","2015-01-17","697",""
"16031","2015-01-18","696",""
"16031","2015-01-19","696",""
"16031","2015-01-20","693",""
"16031","2015-01-21","669",""
"16031","2015-01-22","666",""
"16031","2015-01-23","665",""
"16031","2015-01-24","671",""
"16031","2015-01-25","672",""
"16031","2015-01-26","672",""
"16031","2015-01-27","673",""
"16031","2015-01-28","672",""
"16031","2015-01-29","672",""
"16031","2015-01-30","670",""
"16031","2015-01-31","670",""
"16031","2015-02-01","669",""
"16031","2015-02-02","670",""
"16031","2015-02-03","672","^"
"16031","2015-02-04","667","^"
"16031","2015-02-05","655",""
"16031","2015-02-06","646",""
"16031","2015-02-07","646",""
"16031","2015-02-08","646",""
"16031","2015-02-09","645",""
"16031","2015-02-10","645",""
"16031","2015-02-11","643",""
"16031","2015-02-12","630",""
"16031","2015-02-13","629",""
"16031","2015-02-14","628",""
"16031","2015-02-15","627",""
"16031","2015-02-16","626",""
"16031","2015-02-17","619",""
"16031","2015-02-18","610",""
"16031","2015-02-19","608",""
"16031","2015-02-20","608",""
"16031","2015-02-21","608",""
"16031","2015-02-22","608",""
"16031","2015-02-23","605","_"
"16031","2015-02-24","606","_"
"16031","2015-02-25","607",""
"16031","2015-02-26","607",""
"16031","2015-02-27","609",""
"16031","2015-02-28","626",""
"16031","2015-03-01","634",""
"16031","2015-03-02","635",""
"16031","2015-03-03","643",""
"16031","2015-03-04","697",""
"16031","2015-03-05","731",""
"16031","2015-03-06","734","^"
"16031","2015-03-07","726",""
"16031","2015-03-08","716",""
"16031","2015-03-09","711",""
"16031","2015-03-10","711",""
"16031","2015-03-11","705",""
"16031","2015-03-12","687",""
"16031","2015-03-13","667",""
"16031","2015-03-14","667",""
"16031","2015-03-15","707",""
"16031","2015-03-16","663",""
"16031","2015-03-17","671",""
"16031","2015-03-18","662",""
"16031","2015-03-19","665",""
"16031","2015-03-20","667",""
"16031","2015-03-21","662",""
"16031","2015-03-22","662",""
"16031","2015-03-23","662",""
"16031","2015-03-24","662",""
"16031","2015-03-25","650",""
"16031","2015-03-26","658",""
"16031","2015-03-27","639",""
"16031","2015-03-28","619",""
"16031","2015-03-29","596",""
"16031","2015-03-30","583","_"
"16031","2015-03-31","609",""
"16031","2015-04-01","611",""
"16031","2015-04-02","612",""
"16031","2015-04-03","573",""
"16031","2015-04-04","527",""
"16031","2015-04-05","527",""
"16031","2015-04-06","525",""
"16031","2015-04-07","526",""
"16031","2015-04-08","524",""
"16031","2015-04-09","624",""
"16031","2015-04-10","650","^"
"16031","2015-04-11","603",""
"16031","2015-04-12","556",""
"16031","2015-04-13","553",""
"16031","2015-04-14","553",""
"16031","2015-04-15","535",""
"16031","2015-04-16","523",""
"16031","2015-04-17","522",""
"16031","2015-04-18","511",""
"16031","2015-04-19","506",""
"16031","2015-04-20","505",""
"16031","2015-04-21","506",""
"16031","2015-04-22","518",""
"16031","2015-04-23","542",""
"16031","2015-04-24","549",""
"16031","2015-04-25","549",""
"16031","2015-04-26","545",""
"16031","2015-04-27","539",""
"16031","2015-04-28","504",""
"16031","2015-04-29","508","_"
"16031","2015-04-30","517",""
"16031","2015-05-01","519",""
"16031","2015-05-02","548",""
"16031","2015-05-03","550",""
"16031","2015-05-04","541",""
"16031","2015-05-05","504",""
"16031","2015-05-06","502",""
"16031","2015-05-07","501",""
"16031","2015-05-08","500",""
"16031","2015-05-09","500","_"
"16031","2015-05-10","500",""
"16031","2015-05-11","500","_"
"16031","2015-05-12","503","_"
"16031","2015-05-13","522",""
"16031","2015-05-14","539",""
"16031","2015-05-15","546",""
"16031","2015-05-16","520",""
"16031","2015-05-17","513",""
"16031","2015-05-18","524",""
"16031","2015-05-19","536",""
"16031","2015-05-20","557",""
"16031","2015-05-21","591",""
"16031","2015-05-22","589",""
"16031","2015-05-23","578","^"
"16031","2015-05-24","560",""
"16031","2015-05-25","560",""
"16031","2015-05-26","561",""
"16031","2015-05-27","560",""
"16031","2015-05-28","560",""
"16031","2015-05-29","560",""
"16031","2015-05-30","561",""
"16031","2015-05-31","561",""
"16031","2015-06-01","549","^"
"16031","2015-06-02","533",""
"16031","2015-06-03","516",""
"16031","2015-06-04","514",""
"16031","2015-06-05","509",""
"16031","2015-06-06","484",""
"16031","2015-06-07","480",""
"16031","2015-06-08","479",""
"16031","2015-06-09","478",""
"16031","2015-06-10","478",""
"16031","2015-06-11","478",""
"16031","2015-06-12","484",""
"16031","2015-06-13","485",""
"16031","2015-06-14","479",""
"16031","2015-06-15","477","_"
"16031","2015-06-16","477","_"
"16031","2015-06-17","479",""
"16031","2015-06-18","493",""
"16031","2015-06-19","513",""
"16031","2015-06-20","514",""
"16031","2015-06-21","513",""
"16031","2015-06-22","509",""
"16031","2015-06-23","500",""
"16031","2015-06-24","497",""
"16031","2015-06-25","501",""
"16031","2015-06-26","500",""
"16031","2015-06-27","498",""
"16031","2015-06-28","498",""
"16031","2015-06-29","497",""
"16031","2015-06-30","498",""
"16031","2015-07-01","512","_"
"16031","2015-07-02","535",""
"16031","2015-07-03","538",""
"16031","2015-07-04","539",""
"16031","2015-07-05","549",""
"16031","2015-07-06","569",""
"16031","2015-07-07","569",""
"16031","2015-07-08","570",""
"16031","2015-07-09","573",""
"16031","2015-07-10","574",""
"16031","2015-07-11","574",""
"16031","2015-07-12","575",""
"16031","2015-07-13","583",""
"16031","2015-07-14","595",""
"16031","2015-07-15","603",""
"16031","2015-07-16","618",""
"16031","2015-07-17","630",""
"16031","2015-07-18","633",""
"16031","2015-07-19","635",""
"16031","2015-07-20","629",""
"16031","2015-07-21","628",""
"16031","2015-07-22","636",""
"16031","2015-07-23","641",""
"16031","2015-07-24","650",""
"16031","2015-07-25","658",""
"16031","2015-07-26","657",""
"16031","2015-07-27","659","^"
"16031","2015-07-28","653",""
"16031","2015-07-29","647",""
"16031","2015-07-30","641",""
"16031","2015-07-31","626",""
"16031","2015-08-01","614",""
"16031","2015-08-02","626",""
"16031","2015-08-03","628",""
"16031","2015-08-04","629","^"
"16031","2015-08-05","620",""
"16031","2015-08-06","585",""
"16031","2015-08-07","594",""
"16031","2015-08-08","606",""
"16031","2015-08-09","609",""
"16031","2015-08-10","608",""
"16031","2015-08-11","571",""
"16031","2015-08-12","569",""
"16031","2015-08-13","570",""
"16031","2015-08-14","569",""
"16031","2015-08-15","568",""
"16031","2015-08-16","547",""
"16031","2015-08-17","547",""
"16031","2015-08-18","555",""
"16031","2015-08-19","556",""
"16031","2015-08-20","554",""
"16031","2015-08-21","561",""
"16031","2015-08-22","553",""
"16031","2015-08-23","549",""
"16031","2015-08-24","549",""
"16031","2015-08-25","547",""
"16031","2015-08-26","547",""
"16031","2015-08-27","546",""
"16031","2015-08-28","544",""
"16031","2015-08-29","543","_"
"16031","2015-08-30","542","_"
"16031","2015-08-31","542","_"
"16031","2015-09-01","474","^"
"16031","2015-09-02","467",""
"16031","2015-09-03","469",""
"16031","2015-09-04","475",""
"16031","2015-09-05","475",""
"16031","2015-09-06","474",""
"16031","2015-09-07","477",""
"16031","2015-09-08","471",""
"16031","2015-09-09","466",""
"16031","2015-09-10","469",""
"16031","2015-09-11","465",""
"16031","2015-09-12","465",""
"16031","2015-09-13","466",""
"16031","2015-09-14","465",""
"16031","2015-09-15","465",""
"16031","2015-09-16","431",""
"16031","2015-09-17","355",""
"16031","2015-09-18","332",""
"16031","2015-09-19","328",""
"16031","2015-09-20","326",""
"16031","2015-09-21","326",""
"16031","2015-09-22","418",""
"16031","2015-09-23","338",""
"16031","2015-09-24","323",""
"16031","2015-09-25","320","_"
"16031","2015-09-26","428",""
"16031","2015-09-27","439",""
"16031","2015-09-28","442",""
"16031","2015-09-29","442",""
"16031","2015-09-30","441",""
"16031","2015-10-01","441",""
"16031","2015-10-02","443",""
"16031","2015-10-03","445",""
"16031","2015-10-04","441",""
"16031","2015-10-05","442",""
"16031","2015-10-06","444",""
"16031","2015-10-07","444",""
"16031","2015-10-08","439",""
"16031","2015-10-09","443",""
"16031","2015-10-10","433",""
"16031","2015-10-11","412",""
"16031","2015-10-12","411",""
"16031","2015-10-13","411",""
"16031","2015-10-14","411",""
"16031","2015-10-15","411",""
"16031","2015-10-16","353",""
"16031","2015-10-17","322",""
"16031","2015-10-18","320",""
"16031","2015-10-19","314",""
"16031","2015-10-20","313",""
"16031","2015-10-21","311",""
"16031","2015-10-22","310",""
"16031","2015-10-23","310","_"
"16031","2015-10-24","415",""
"16031","2015-10-25","482",""
"16031","2015-10-26","595",""
"16031","2015-10-27","646",""
"16031","2015-10-28","655","^"
"16031","2015-10-29","651",""
"16031","2015-10-30","647",""
"16031","2015-10-31","647",""
"16031","2015-11-01","646",""
"16031","2015-11-02","647",""
"16031","2015-11-03","646",""
"16031","2015-11-04","639",""
"16031","2015-11-05","658",""
"16031","2015-11-06","686","^"
"16031","2015-11-07","693","^"
"16031","2015-11-08","693","^"
"16031","2015-11-09","692","^"
"16031","2015-11-10","692",""
"16031","2015-11-11","692",""
"16031","2015-11-12","691",""
"16031","2015-11-13","691",""
"16031","2015-11-14","692",""
"16031","2015-11-15","691",""
"16031","2015-11-16","692",""
"16031","2015-11-17","692",""
"16031","2015-11-18","692",""
"16031","2015-11-19","691",""
"16031","2015-11-20","689",""
"16031","2015-11-21","674",""
"16031","2015-11-22","646",""
"16031","2015-11-23","631","_"
"16031","2015-11-24","629",""
"16031","2015-11-25","632",""
"16031","2015-11-26","632",""
"16031","2015-11-27","637",""
"16031","2015-11-28","640",""
"16031","2015-11-29","639",""
"16031","2015-11-30","632",""
"16031","2015-12-01","627",""
"16031","2015-12-02","627",""
"16031","2015-12-03","629",""
"16031","2015-12-04","628",""
"16031","2015-12-05","627",""
"16031","2015-12-06","628",""
"16031","2015-12-07","628",""
"16031","2015-12-08","629",""
"16031","2015-12-09","629",""
"16031","2015-12-10","628",""
"16031","2015-12-11","629",""
"16031","2015-12-12","629",""
"16031","2015-12-13","629",""
"16031","2015-12-14","628",""
"16031","2015-12-15","628",""
"16031","2015-12-16","628",""
"16031","2015-12-17","627",""
"16031","2015-12-18","627",""
"16031","2015-12-19","628",""
"16031","2015-12-20","627","_"
"16031","2015-12-21","651",""
"16031","2015-12-22","672",""
"16031","2015-12-23","682",""
"16031","2015-12-24","682",""
"16031","2015-12-25","682",""
"16031","2015-12-26","682",""
"16031","2015-12-27","683","^"
"16031","2015-12-28","683","^"
"16031","2015-12-29","682","^"
"16031","2015-12-30","681",""
"16031","2015-12-31","682",""
"16031","2016-01-01","700",""
"16031","2016-01-02","711",""
"16031","2016-01-03","711",""
"16031","2016-01-04","712","^"
"16031","2016-01-05","711",""
"16031","2016-01-06","711",""
"16031","2016-01-07","712","^"
"16031","2016-01-08","709",""
"16031","2016-01-09","710",""
"16031","2016-01-10","698",""
"16031","2016-01-11","649",""
"16031","2016-01-12","618",""
"16031","2016-01-13","616",""
"16031","2016-01-14","656",""
"16031","2016-01-15","651",""
"16031","2016-01-16","626",""
"16031","2016-01-17","630",""
"16031","2016-01-18","626",""
"16031","2016-01-19","602",""
"16031","2016-01-20","600",""
"16031","2016-01-21","564",""
"16031","2016-01-22","543",""
"16031","2016-01-23","536",""
"16031","2016-01-24","517",""
"16031","2016-01-25","516",""
"16031","2016-01-26","517",""
"16031","2016-01-27","516",""
"16031","2016-01-28","513",""
"16031","2016-01-29","500",""
"16031","2016-01-30","497",""
"16031","2016-01-31","497","_"
"16031","2016-02-01","509","_"
"16031","2016-02-02","575",""
"16031","2016-02-03","609",""
"16031","2016-02-04","607",""
"16031","2016-02-05","565",""
"16031","2016-02-06","551",""
"16031","2016-02-07","551",""
"16031","2016-02-08","550",""
"16031","2016-02-09","547",""
"16031","2016-02-10","549",""
"16031","2016-02-11","547",""
"16031","2016-02-12","546",""
"16031","2016-02-13","546",""
"16031","2016-02-14","558",""
"16031","2016-02-15","635",""
"16031","2016-02-16","641","^"
"16031","2016-02-17","637",""
"16031","2016-02-18","636",""
"16031","2016-02-19","622",""
"16031","2016-02-20","632",""
"16031","2016-02-21","633",""
"16031","2016-02-22","630",""
"16031","2016-02-23","631",""
"16031","2016-02-24","632",""
"16031","2016-02-25","618",""
"16031","2016-02-26","595",""
"16031","2016-02-27","596",""
"16031","2016-02-28","596",""
"16031","2016-02-29","595",""
"16031","2016-03-01","592",""
"16031","2016-03-02","537",""
"16031","2016-03-03","459",""
"16031","2016-03-04","421",""
"16031","2016-03-05","416","_"
"16031","2016-03-06","426",""
"16031","2016-03-07","433",""
"16031","2016-03-08","422",""
"16031","2016-03-09","418",""
"16031","2016-03-10","416",""
"16031","2016-03-11","418",""
"16031","2016-03-12","417",""
"16031","2016-03-13","417",""
"16031","2016-03-14","418",""
"16031","2016-03-15","431",""
"16031","2016-03-16","423",""
"16031","2016-03-17","422",""
"16031","2016-03-18","429",""
"16031","2016-03-19","447",""
"16031","2016-03-20","454",""
"16031","2016-03-21","454",""
"16031","2016-03-22","456",""
"16031","2016-03-23","471",""
"16031","2016-03-24","454",""
"16031","2016-03-25","447",""
"16031","2016-03-26","507",""
"16031","2016-03-27","532",""
"16031","2016-03-28","532",""
"16031","2016-03-29","532",""
"16031","2016-03-30","558",""
"16031","2016-03-31","627","^"
"16031","2016-04-01","625",""
"16031","2016-04-02","632",""
"16031","2016-04-03","631",""
"16031","2016-04-04","630",""
"16031","2016-04-05","630",""
"16031","2016-04-06","632",""
"16031","2016-04-07","631",""
"16031","2016-04-08","631",""
"16031","2016-04-09","631",""
"16031","2016-04-10","631",""
"16031","2016-04-11","640",""
"16031","2016-04-12","680","^"
"16031","2016-04-13","677",""
"16031","2016-04-14","678",""
"16031","2016-04-15","665",""
"16031","2016-04-16","613",""
"16031","2016-04-17","549",""
"16031","2016-04-18","530",""
"16031","2016-04-19","529",""
"16031","2016-04-20","521",""
"16031","2016-04-21","529",""
"16031","2016-04-22","528",""
"16031","2016-04-23","498",""
"16031","2016-04-24","450",""
"16031","2016-04-25","439","_"
"16031","2016-04-26","438",""
"16031","2016-04-27","438",""
"16031","2016-04-28","438",""
"16031","2016-04-29","437",""
"16031","2016-04-30","438",""
"16031","2016-05-01","437",""
"16031","2016-05-02","437",""
"16031","2016-05-03","461",""
"16031","2016-05-04","437",""
"16031","2016-05-05","438",""
"16031","2016-05-06","442",""
"16031","2016-05-07","450",""
"16031","2016-05-08","447",""
"16031","2016-05-09","452",""
"16031","2016-05-10","452",""
"16031","2016-05-11","461",""
"16031","2016-05-12","419","_"
"16031","2016-05-13","437",""
"16031","2016-05-14","458",""
"16031","2016-05-15","448",""
"16031","2016-05-16","452",""
"16031","2016-05-17","463",""
"16031","2016-05-18","555",""
"16031","2016-05-19","742",""
"16031","2016-05-20","784","^"
"16031","2016-05-21","776",""
"16031","2016-05-22","776",""
"16031","2016-05-23","776",""
"16031","2016-05-24","777",""
"16031","2016-05-25","754",""
"16031","2016-05-26","675",""
"16031","2016-05-27","544",""
"16031","2016-05-28","525",""
"16031","2016-05-29","525",""
"16031","2016-05-30","524",""
"16031","2016-05-31","580",""
"16031","2016-06-01","606",""
"16031","2016-06-02","538",""
"16031","2016-06-03","531","_"
"16031","2016-06-04","536",""
"16031","2016-06-05","524","_"
"16031","2016-06-06","548","_"
"16031","2016-06-07","598",""
"16031","2016-06-08","596",""
"16031","2016-06-09","620",""
"16031","2016-06-10","644",""
"16031","2016-06-11","676",""
"16031","2016-06-12","697",""
"16031","2016-06-13","699","^"
"16031","2016-06-14","673",""
"16031","2016-06-15","609",""
"16031","2016-06-16","607",""
"16031","2016-06-17","591",""
"16031","2016-06-18","551",""
"16031","2016-06-19","578","_"
"16031","2016-06-20","607",""
"16031","2016-06-21","571",""
"16031","2016-06-22","570",""
"16031","2016-06-23","568",""
"16031","2016-06-24","581",""
"16031","2016-06-25","608",""
"16031","2016-06-26","609",""
"16031","2016-06-27","610",""
"16031","2016-06-28","608",""
"16031","2016-06-29","604",""
"16031","2016-06-30","600",""
"16031","2016-07-01","636",""
"16031","2016-07-02","640",""
"16031","2016-07-03","640",""
"16031","2016-07-04","639",""
"16031","2016-07-05","635","_"
"16031","2016-07-06","635","_"
"16031","2016-07-07","643",""
"16031","2016-07-08","651",""
"16031","2016-07-09","653",""
"16031","2016-07-10","652",""
"16031","2016-07-11","652",""
"16031","2016-07-12","651",""
"16031","2016-07-13","663",""
"16031","2016-07-14","675",""
"16031","2016-07-15","695",""
"16031","2016-07-16","691",""
"16031","2016-07-17","689",""
"16031","2016-07-18","690",""
"16031","2016-07-19","692",""
"16031","2016-07-20","692",""
"16031","2016-07-21","693",""
"16031","2016-07-22","702",""
"16031","2016-07-23","725",""
"16031","2016-07-24","723",""
"16031","2016-07-25","734",""
"16031","2016-07-26","775",""
"16031","2016-07-27","775","^"
"16031","2016-07-28","764",""
"16031","2016-07-29","756",""
"16031","2016-07-30","742",""
"16031","2016-07-31","743",""
"16031","2016-08-01","734","^"
"16031","2016-08-02","708",""
"16031","2016-08-03","705",""
"16031","2016-08-04","697",""
"16031","2016-08-05","676",""
"16031","2016-08-06","669",""
"16031","2016-08-07","670",""
"16031","2016-08-08","670",""
"16031","2016-08-09","669",""
"16031","2016-08-10","663",""
"16031","2016-08-11","611",""
"16031","2016-08-12","592",""
"16031","2016-08-13","603",""
"16031","2016-08-14","608",""
"16031","2016-08-15","611",""
"16031","2016-08-16","615",""
"16031","2016-08-17","617",""
"16031","2016-08-18","608",""
"16031","2016-08-19","585",""
"16031","2016-08-20","572",""
"16031","2016-08-21","571",""
"16031","2016-08-22","571",""
"16031","2016-08-23","567",""
"16031","2016-08-24","557","_"
"16031","2016-08-25","565",""
"16031","2016-08-26","565",""
"16031","2016-08-27","565",""
"16031","2016-08-28","567",""
"16031","2016-08-29","572",""
"16031","2016-08-30","573",""
"16031","2016-08-31","566",""
"16031","2016-09-01","563",""
"16031","2016-09-02","623",""
"16031","2016-09-03","642",""
"16031","2016-09-04","643","^"
"16031","2016-09-05","643","^"
"16031","2016-09-06","640",""
"16031","2016-09-07","636",""
"16031","2016-09-08","616",""
"16031","2016-09-09","559",""
"16031","2016-09-10","539",""
"16031","2016-09-11","385",""
"16031","2016-09-12","350",""
"16031","2016-09-13","327",""
"16031","2016-09-14","326",""
"16031","2016-09-15","322",""
"16031","2016-09-16","320",""
"16031","2016-09-17","317",""
"16031","2016-09-18","317","_"
"16031","2016-09-19","316","_"
"16031","2016-09-20","443",""
"16031","2016-09-21","456",""
"16031","2016-09-22","459",""
"16031","2016-09-23","461",""
"16031","2016-09-24","467",""
"16031","2016-09-25","467",""
"16031","2016-09-26","468",""
"16031","2016-09-27","465",""
"16031","2016-09-28","465",""
"16031","2016-09-29","461",""
"16031","2016-09-30","460",""
"16031","2016-10-01","441",""
"16031","2016-10-02","396",""
"16031","2016-10-03","340",""
"16031","2016-10-04","348",""
"16031","2016-10-05","457",""
"16031","2016-10-06","444",""
"16031","2016-10-07","415",""
"16031","2016-10-08","337",""
"16031","2016-10-09","312",""
"16031","2016-10-10","305",""
"16031","2016-10-11","303",""
"16031","2016-10-12","302",""
"16031","2016-10-13","300",""
"16031","2016-10-14","298","_"
"16031","2016-10-15","419",""
"16031","2016-10-16","458",""
"16031","2016-10-17","459",""
"16031","2016-10-18","463",""
"16031","2016-10-19","467",""
"16031","2016-10-20","473",""
"16031","2016-10-21","471",""
"16031","2016-10-22","501",""
"16031","2016-10-23","513",""
"16031","2016-10-24","523",""
"16031","2016-10-25","535",""
"16031","2016-10-26","536",""
"16031","2016-10-27","536",""
"16031","2016-10-28","536",""
"16031","2016-10-29","535",""
"16031","2016-10-30","536",""
"16031","2016-10-31","555","^"
"16031","2016-11-01","594","_"
"16031","2016-11-02","598",""
"16031","2016-11-03","608",""
"16031","2016-11-04","629",""
"16031","2016-11-05","631",""
"16031","2016-11-06","631",""
"16031","2016-11-07","631",""
"16031","2016-11-08","631",""
"16031","2016-11-09","631",""
"16031","2016-11-10","631",""
"16031","2016-11-11","627",""
"16031","2016-11-12","631",""
"16031","2016-11-13","630",""
"16031","2016-11-14","630",""
"16031","2016-11-15","631",""
"16031","2016-11-16","631",""
"16031","2016-11-17","632",""
"16031","2016-11-18","632",""
"16031","2016-11-19","632",""
"16031","2016-11-20","631",""
"16031","2016-11-21","632",""
"16031","2016-11-22","632",""
"16031","2016-11-23","632",""
"16031","2016-11-24","633",""
"16031","2016-11-25","633",""
"16031","2016-11-26","634",""
"16031","2016-11-27","634",""
"16031","2016-11-28","636",""
"16031","2016-11-29","638","^"
"16031","2016-11-30","634",""
"16031","2016-12-01","634",""
"16031","2016-12-02","634",""
"16031","2016-12-03","635",""
"16031","2016-12-04","634",""
"16031","2016-12-05","637",""
"16031","2016-12-06","637",""
"16031","2016-12-07","633","_"
"16031","2016-12-08","633","_"
"16031","2016-12-09","633","_"
"16031","2016-12-10","633",""
"16031","2016-12-11","634",""
"16031","2016-12-12","634",""
"16031","2016-12-13","634",""
"16031","2016-12-14","661",""
"16031","2016-12-15","734","^"
"16031","2016-12-16","731",""
"16031","2016-12-17","732",""
"16031","2016-12-18","732",""
"16031","2016-12-19","732",""
"16031","2016-12-20","732",""
"16031","2016-12-21","718",""
"16031","2016-12-22","708",""
"16031","2016-12-23","700",""
"16031","2016-12-24","698",""
"16031","2016-12-25","686",""
"16031","2016-12-26","735",""
"16031","2016-12-27","732","^"
"16031","2016-12-28","730","^"
"16031","2016-12-29","715",""
"16031","2016-12-30","704",""
"16031","2016-12-31","677",""
"16031","2017-01-01","670",""
"16031","2017-01-02","686",""
"16031","2017-01-03","682",""
"16031","2017-01-04","676",""
"16031","2017-01-05","680",""
"16031","2017-01-06","687",""
"16031","2017-01-07","688",""
"16031","2017-01-08","691","^"
"16031","2017-01-09","691","^"
"16031","2017-01-10","689",""
"16031","2017-01-11","689",""
"16031","2017-01-12","690",""
"16031","2017-01-13","683",""
"16031","2017-01-14","669",""
"16031","2017-01-15","670",""
"16031","2017-01-16","670",""
"16031","2017-01-17","669",""
"16031","2017-01-18","668",""
"16031","2017-01-19","669",""
"16031","2017-01-20","667",""
"16031","2017-01-21","645",""
"16031","2017-01-22","637",""
"16031","2017-01-23","637",""
"16031","2017-01-24","635",""
"16031","2017-01-25","633",""
"16031","2017-01-26","631",""
"16031","2017-01-27","632",""
"16031","2017-01-28","632",""
"16031","2017-01-29","631",""
"16031","2017-01-30","629","_"
"16031","2017-01-31","630",""
"16031","2017-02-01","605",""
"16031","2017-02-02","591",""
"16031","2017-02-03","591",""
"16031","2017-02-04","590",""
"16031","2017-02-05","590",""
"16031","2017-02-06","588",""
"16031","2017-02-07","586","_"
"16031","2017-02-08","590",""
"16031","2017-02-09","594",""
"16031","2017-02-10","594",""
"16031","2017-02-11","594",""
"16031","2017-02-12","594",""
"16031","2017-02-13","600",""
"16031","2017-02-14","622",""
"16031","2017-02-15","627",""
"16031","2017-02-16","647",""
"16031","2017-02-17","662",""
"16031","2017-02-18","663",""
"16031","2017-02-19","663",""
"16031","2017-02-20","671",""
"16031","2017-02-21","687",""
"16031","2017-02-22","687",""
"16031","2017-02-23","686",""
"16031","2017-02-24","679",""
"16031","2017-02-25","685",""
"16031","2017-02-26","685",""
"16031","2017-02-27","687",""
"16031","2017-02-28","690","^"
"16031","2017-03-01","688",""
"16031","2017-03-02","690",""
"16031","2017-03-03","690",""
"16031","2017-03-04","701",""
"16031","2017-03-05","726",""
"16031","2017-03-06","734",""
"16031","2017-03-07","757","^"
"16031","2017-03-08","748",""
"16031","2017-03-09","746",""
"16031","2017-03-10","745",""
"16031","2017-03-11","743",""
"16031","2017-03-12","745",""
"16031","2017-03-13","745",""
"16031","2017-03-14","745",""
"16031","2017-03-15","734",""
"16031","2017-03-16","679",""
"16031","2017-03-17","683",""
"16031","2017-03-18","690",""
"16031","2017-03-19","690",""
"16031","2017-03-20","672",""
"16031","2017-03-21","652",""
"16031","2017-03-22","652",""
"16031","2017-03-23","652",""
"16031","2017-03-24","652",""
"16031","2017-03-25","651",""
"16031","2017-03-26","630",""
"16031","2017-03-27","606",""
"16031","2017-03-28","604",""
"16031","2017-03-29","604","_"
"16031","2017-03-30","607","_"
"16031","2017-03-31","690",""
"16031","2017-04-01","685",""
"16031","2017-04-02","662","_"
"16031","2017-04-03","662","_"
"16031","2017-04-04","727",""
"16031","2017-04-05","763",""
"16031","2017-04-06","762",""
"16031","2017-04-07","748",""
"16031","2017-04-08","760",""
"16031","2017-04-09","760",""
"16031","2017-04-10","760",""
"16031","2017-04-11","758",""
"16031","2017-04-12","759",""
"16031","2017-04-13","752",""
"16031","2017-04-14","774",""
"16031","2017-04-15","774",""
"16031","2017-04-16","756",""
"16031","2017-04-17","796",""
"16031","2017-04-18","794",""
"16031","2017-04-19","756",""
"16031","2017-04-20","754",""
"16031","2017-04-21","776",""
"16031","2017-04-22","777",""
"16031","2017-04-23","779",""
"16031","2017-04-24","810",""
"16031","2017-04-25","822",""
"16031","2017-04-26","823",""
"16031","2017-04-27","822",""
"16031","2017-04-28","825",""
"16031","2017-04-29","826",""
"16031","2017-04-30","827","^"
"16031","2017-05-01","827",""
"16031","2017-05-02","829","^"
"16031","2017-05-03","828",""
"16031","2017-05-04","828",""
"16031","2017-05-05","828",""
"16031","2017-05-06","828",""
"16031","2017-05-07","796",""
"16031","2017-05-08","782",""
"16031","2017-05-09","783",""
"16031","2017-05-10","777",""
"16031","2017-05-11","762",""
"16031","2017-05-12","739",""
"16031","2017-05-13","716",""
"16031","2017-05-14","693",""
"16031","2017-05-15","662",""
"16031","2017-05-16","629",""
"16031","2017-05-17","627","_"
"16031","2017-05-18","628","_"
"16031","2017-05-19","627","_"
"16031","2017-05-20","641","_"
"16031","2017-05-21","657",""
"16031","2017-05-22","657",""
"16031","2017-05-23","657",""
"16031","2017-05-24","657",""
"16031","2017-05-25","657",""
"16031","2017-05-26","658",""
"16031","2017-05-27","657",""
"16031","2017-05-28","658",""
"16031","2017-05-29","657",""
"16031","2017-05-30","657",""
"16031","2017-05-31","657",""
"16031","2017-06-01","657",""
"16031","2017-06-02","657",""
"16031","2017-06-03","656",""
"16031","2017-06-04","657",""
"16031","2017-06-05","657",""
"16031","2017-06-06","661",""
"16031","2017-06-07","670",""
"16031","2017-06-08","670",""
"16031","2017-06-09","670",""
"16031","2017-06-10","671",""
"16031","2017-06-11","670",""
"16031","2017-06-12","669",""
"16031","2017-06-13","666",""
"16031","2017-06-14","635",""
"16031","2017-06-15","624",""
"16031","2017-06-16","625",""
"16031","2017-06-17","626",""
"16031","2017-06-18","625",""
"16031","2017-06-19","624",""
"16031","2017-06-20","617","_"
"16031","2017-06-21","654",""
"16031","2017-06-22","666",""
"16031","2017-06-23","682",""
"16031","2017-06-24","684",""
"16031","2017-06-25","685",""
"16031","2017-06-26","695",""
"16031","2017-06-27","710",""
"16031","2017-06-28","711","^"
"16031","2017-06-29","709",""
"16031","2017-06-30","708",""
"16031","2017-07-01","708",""
"16031","2017-07-02","711",""
"16031","2017-07-03","709",""
"16031","2017-07-04","710",""
"16031","2017-07-05","706",""
"16031","2017-07-06","667",""
"16031","2017-07-07","659",""
"16031","2017-07-08","658",""
"16031","2017-07-09","659",""
"16031","2017-07-10","649",""
"16031","2017-07-11","609",""
"16031","2017-07-12","597","_"
"16031","2017-07-13","613",""
"16031","2017-07-14","629",""
"16031","2017-07-15","660",""
"16031","2017-07-16","662",""
"16031","2017-07-17","667",""
"16031","2017-07-18","708",""
"16031","2017-07-19","714",""
"16031","2017-07-20","711",""
"16031","2017-07-21","718",""
"16031","2017-07-22","736",""
"16031","2017-07-23","738",""
"16031","2017-07-24","735",""
"16031","2017-07-25","733",""
"16031","2017-07-26","733",""
"16031","2017-07-27","756","^"
"16031","2017-07-28","758","^"
"16031","2017-07-29","734",""
"16031","2017-07-30","726",""
"16031","2017-07-31","726",""
"16031","2017-08-01","724",""
"16031","2017-08-02","724","^"
"16031","2017-08-03","720",""
"16031","2017-08-04","719",""
"16031","2017-08-05","718",""
"16031","2017-08-06","711",""
"16031","2017-08-07","674",""
"16031","2017-08-08","672",""
"16031","2017-08-09","671",""
"16031","2017-08-10","664",""
"16031","2017-08-11","661",""
"16031","2017-08-12","664",""
"16031","2017-08-13","664",""
"16031","2017-08-14","661",""
"16031","2017-08-15","640",""
"16031","2017-08-16","633",""
"16031","2017-08-17","631",""
"16031","2017-08-18","639",""
"16031","2017-08-19","652",""
"16031","2017-08-20","650",""
"16031","2017-08-21","648",""
"16031","2017-08-22","647",""
"16031","2017-08-23","646",""
"16031","2017-08-24","645",""
"16031","2017-08-25","638",""
"16031","2017-08-26","608",""
"16031","2017-08-27","555",""
"16031","2017-08-28","473",""
"16031","2017-08-29","398",""
"16031","2017-08-30","394","_"
"16031","2017-08-31","394","_"
"16031","2017-09-01","391",""
"16031","2017-09-02","391","_"
"16031","2017-09-03","394",""
"16031","2017-09-04","397",""
"16031","2017-09-05","457",""
"16031","2017-09-06","552",""
"16031","2017-09-07","553","^"
"16031","2017-09-08","552","^"
"16031","2017-09-09","551",""
"16031","2017-09-10","525",""
"16031","2017-09-11","484",""
"16031","2017-09-12","474",""
"16031","2017-09-13","472",""
"16031","2017-09-14","478",""
"16031","2017-09-15","475",""
"16031","2017-09-16","475",""
"16031","2017-09-17","475",""
"16031","2017-09-18","475",""
"16031","2017-09-19","475",""
"16031","2017-09-20","475",""
"16031","2017-09-21","474",""
"16031","2017-09-22","473",""
"16031","2017-09-23","473",""
"16031","2017-09-24","472",""
"16031","2017-09-25","472",""
"16031","2017-09-26","472",""
"16031","2017-09-27","472",""
"16031","2017-09-28","472",""
"16031","2017-09-29","437",""
"16031","2017-09-30","510",""
"16031","2017-10-01","565",""
"16031","2017-10-02","505",""
"16031","2017-10-03","511","_"
"16031","2017-10-04","588",""
"16031","2017-10-05","617",""
"16031","2017-10-06","638",""
"16031","2017-10-07","691",""
"16031","2017-10-08","718",""
"16031","2017-10-09","718",""
"16031","2017-10-10","728",""
"16031","2017-10-11","760",""
"16031","2017-10-12","764",""
"16031","2017-10-13","773","^"
"16031","2017-10-14","772",""
"16031","2017-10-15","770",""
"16031","2017-10-16","769",""
"16031","2017-10-17","768",""
"16031","2017-10-18","762",""
"16031","2017-10-19","766",""
"16031","2017-10-20","766",""
"16031","2017-10-21","764",""
"16031","2017-10-22","763",""
"16031","2017-10-23","758",""
"16031","2017-10-24","729",""
"16031","2017-10-25","710",""
"16031","2017-10-26","686",""
"16031","2017-10-27","660",""
"16031","2017-10-28","603",""
"16031","2017-10-29","573",""
"16031","2017-10-30","575",""
"16031","2017-10-31","568",""
"16031","2017-11-01","565","_"
"16031","2017-11-02","594",""
"16031","2017-11-03","661",""
"16031","2017-11-04","662",""
"16031","2017-11-05","683",""
"16031","2017-11-06","698",""
"16031","2017-11-07","717","^"
"16031","2017-11-08","707","^"
"16031","2017-11-09","672",""
"16031","2017-11-10","640",""
"16031","2017-11-11","632",""
"16031","2017-11-12","632",""
"16031","2017-11-13","633",""
"16031","2017-11-14","628",""
"16031","2017-11-15","620",""
"16031","2017-11-16","614",""
"16031","2017-11-17","611",""
"16031","2017-11-18","619",""
"16031","2017-11-19","628",""
"16031","2017-11-20","628",""
"16031","2017-11-21","628",""
"16031","2017-11-22","628",""
"16031","2017-11-23","630",""
"16031","2017-11-24","630",""
"16031","2017-11-25","630",""
"16031","2017-11-26","631",""
"16031","2017-11-27","631",""
"16031","2017-11-28","631",""
"16031","2017-11-29","632",""
"16031","2017-11-30","634",""
"16031","2017-12-01","634","_"
"16031","2017-12-02","634","_"
"16031","2017-12-03","635",""
"16031","2017-12-04","635",""
"16031","2017-12-05","636",""
"16031","2017-12-06","636",""
"16031","2017-12-07","635","_"
"16031","2017-12-08","635","_"
"16031","2017-12-09","635",""
"16031","2017-12-10","636",""
"16031","2017-12-11","637",""
"16031","2017-12-12","667",""
"16031","2017-12-13","711",""
"16031","2017-12-14","726",""
"16031","2017-12-15","731",""
"16031","2017-12-16","731",""
"16031","2017-12-17","731",""
"16031","2017-12-18","731",""
"16031","2017-12-19","729",""
"16031","2017-12-20","731",""
"16031","2017-12-21","735","^"
"16031","2017-12-22","735",""
"16031","2017-12-23","735",""
"16031","2017-12-24","734",""
"16031","2017-12-25","733",""
"16031","2017-12-26","720",""
"16031","2017-12-27","681",""
"16031","2017-12-28","681",""
"16031","2017-12-29","681",""
"16031","2017-12-30","681",""
"16031","2017-12-31","681",""
"16031","2018-01-01","685",""
"16031","2018-01-02","689","^"
"16031","2018-01-03","687","^"
"16031","2018-01-04","685",""
"16031","2018-01-05","686",""
"16031","2018-01-06","686",""
"16031","2018-01-07","687",""
"16031","2018-01-08","686",""
"16031","2018-01-09","686",""
"16031","2018-01-10","678",""
"16031","2018-01-11","666",""
"16031","2018-01-12","654",""
"16031","2018-01-13","661",""
"16031","2018-01-14","664",""
"16031","2018-01-15","663",""
"16031","2018-01-16","662",""
"16031","2018-01-17","660",""
"16031","2018-01-18","660",""
"16031","2018-01-19","661",""
"16031","2018-01-20","661",""
"16031","2018-01-21","661",""
"16031","2018-01-22","661",""
"16031","2018-01-23","661",""
"16031","2018-01-24","649",""
"16031","2018-01-25","634",""
"16031","2018-01-26","635",""
"16031","2018-01-27","623",""
"16031","2018-01-28","602","_"
"16031","2018-01-29","604","_"
"16031","2018-01-30","605",""
"16031","2018-01-31","605",""
"16031","2018-02-01","606","^"
"16031","2018-02-02","606","^"
"16031","2018-02-03","605",""
"16031","2018-02-04","604",""
"16031","2018-02-05","601",""
"16031","2018-02-06","598",""
"16031","2018-02-07","598",""
"16031","2018-02-08","597",""
"16031","2018-02-09","591",""
"16031","2018-02-10","593",""
"16031","2018-02-11","593",""
"16031","2018-02-12","594",""
"16031","2018-02-13","596",""
"16031","2018-02-14","596",""
"16031","2018-02-15","596",""
"16031","2018-02-16","594",""
"16031","2018-02-17","593",""
"16031","2018-02-18","593",""
"16031","2018-02-19","594",""
"16031","2018-02-20","592",""
"16031","2018-02-21","592",""
"16031","2018-02-22","591",""
"16031","2018-02-23","589",""
"16031","2018-02-24","588",""
"16031","2018-02-25","586",""
"16031","2018-02-26","587","_"
"16031","2018-02-27","593",""
"16031","2018-02-28","599",""
"16031","2018-03-01","581","^"
"16031","2018-03-02","553",""
"16031","2018-03-03","552",""
"16031","2018-03-04","555",""
"16031","2018-03-05","556",""
"16031","2018-03-06","559",""
"16031","2018-03-07","558",""
"16031","2018-03-08","558",""
"16031","2018-03-09","557",""
"16031","2018-03-10","556",""
"16031","2018-03-11","554",""
"16031","2018-03-12","554",""
"16031","2018-03-13","554",""
"16031","2018-03-14","554",""
"16031","2018-03-15","556",""
"16031","2018-03-16","562",""
"16031","2018-03-17","562",""
"16031","2018-03-18","562",""
"16031","2018-03-19","562",""
"16031","2018-03-20","562",""
"16031","2018-03-21","562",""
"16031","2018-03-22","561",""
"16031","2018-03-23","560",""
"16031","2018-03-24","560",""
"16031","2018-03-25","551",""
"16031","2018-03-26","547",""
"16031","2018-03-27","530",""
"16031","2018-03-28","528",""
"16031","2018-03-29","528",""
"16031","2018-03-30","528","_"
"16031","2018-03-31","528","_"
"16031","2018-04-01","528",""
"16031","2018-04-02","467",""
"16031","2018-04-03","438",""
"16031","2018-04-04","454",""
"16031","2018-04-05","441",""
"16031","2018-04-06","439","_"
"16031","2018-04-07","444",""
"16031","2018-04-08","444",""
"16031","2018-04-09","443",""
"16031","2018-04-10","440",""
"16031","2018-04-11","440",""
"16031","2018-04-12","440",""
"16031","2018-04-13","440",""
"16031","2018-04-14","440",""
"16031","2018-04-15","438",""
"16031","2018-04-16","451",""
"16031","2018-04-17","465",""
"16031","2018-04-18","463",""
"16031","2018-04-19","463",""
"16031","2018-04-20","465",""
"16031","2018-04-21","465",""
"16031","2018-04-22","463",""
"16031","2018-04-23","463",""
"16031","2018-04-24","465",""
"16031","2018-04-25","465",""
"16031","2018-04-26","465",""
"16031","2018-04-27","465",""
"16031","2018-04-28","475",""
"16031","2018-04-29","525",""
"16031","2018-04-30","543","^"
"16031","2018-05-01","551",""
"16031","2018-05-02","554",""
"16031","2018-05-03","557",""
"16031","2018-05-04","556",""
"16031","2018-05-05","557",""
"16031","2018-05-06","558",""
"16031","2018-05-07","557",""
"16031","2018-05-08","557",""
"16031","2018-05-09","557",""
"16031","2018-05-10","560","^"
"16031","2018-05-11","562","^"
"16031","2018-05-12","562","^"
"16031","2018-05-13","562","^"
"16031","2018-05-14","562","^"
"16031","2018-05-15","562","^"
"16031","2018-05-16","557",""
"16031","2018-05-17","552",""
"16031","2018-05-18","553",""
"16031","2018-05-19","553",""
"16031","2018-05-20","553",""
"16031","2018-05-21","552",""
"16031","2018-05-22","553",""
"16031","2018-05-23","553",""
"16031","2018-05-24","555",""
"16031","2018-05-25","555",""
"16031","2018-05-26","555",""
"16031","2018-05-27","555",""
"16031","2018-05-28","557",""
"16031","2018-05-29","557",""
"16031","2018-05-30","557",""
"16031","2018-05-31","551","_"
"16031","2018-06-01","529",""
"16031","2018-06-02","529",""
"16031","2018-06-03","528",""
"16031","2018-06-04","528",""
"16031","2018-06-05","527",""
"16031","2018-06-06","527",""
"16031","2018-06-07","527",""
"16031","2018-06-08","527",""
"16031","2018-06-09","528",""
"16031","2018-06-10","529",""
"16031","2018-06-11","529",""
"16031","2018-06-12","526",""
"16031","2018-06-13","525",""
"16031","2018-06-14","526",""
"16031","2018-06-15","527",""
"16031","2018-06-16","526",""
"16031","2018-06-17","527",""
"16031","2018-06-18","526",""
"16031","2018-06-19","503",""
"16031","2018-06-20","490","_"
"16031","2018-06-21","527",""
"16031","2018-06-22","527",""
"16031","2018-06-23","528",""
"16031","2018-06-24","527",""
"16031","2018-06-25","528",""
"16031","2018-06-26","530",""
"16031","2018-06-27","530",""
"16031","2018-06-28","530",""
"16031","2018-06-29","530",""
"16031","2018-06-30","531","^"
"16031","2018-07-01","532","_"
"16031","2018-07-02","533","_"
"16031","2018-07-03","533","_"
"16031","2018-07-04","535",""
"16031","2018-07-05","534",""
"16031","2018-07-06","534",""
"16031","2018-07-07","534",""
"16031","2018-07-08","554",""
"16031","2018-07-09","623",""
"16031","2018-07-10","631",""
"16031","2018-07-11","632",""
"16031","2018-07-12","634",""
"16031","2018-07-13","635",""
"16031","2018-07-14","649",""
"16031","2018-07-15","649",""
"16031","2018-07-16","662",""
"16031","2018-07-17","664",""
"16031","2018-07-18","664",""
"16031","2018-07-19","662",""
"16031","2018-07-20","662",""
"16031","2018-07-21","665","^"
"16031","2018-07-22","665","^"
"16031","2018-07-23","663",""
"16031","2018-07-24","660",""
"16031","2018-07-25","658",""
"16031","2018-07-26","653",""
"16031","2018-07-27","656",""
"16031","2018-07-28","657",""
"16031","2018-07-29","656",""
"16031","2018-07-30","653",""
"16031","2018-07-31","657",""
"16031","2018-08-01","668","^"
"16031","2018-08-02","666",""
"16031","2018-08-03","662",""
"16031","2018-08-04","661",""
"16031","2018-08-05","631",""
"16031","2018-08-06","627",""
"16031","2018-08-07","624",""
"16031","2018-08-08","623",""
"16031","2018-08-09","622",""
"16031","2018-08-10","593",""
"16031","2018-08-11","557",""
"16031","2018-08-12","523",""
"16031","2018-08-13","491",""
"16031","2018-08-14","456",""
"16031","2018-08-15","454",""
"16031","2018-08-16","440",""
"16031","2018-08-17","447",""
"16031","2018-08-18","543",""
"16031","2018-08-19","555",""
"16031","2018-08-20","558",""
"16031","2018-08-21","563",""
"16031","2018-08-22","518",""
"16031","2018-08-23","431",""
"16031","2018-08-24","439",""
"16031","2018-08-25","463",""
"16031","2018-08-26","462",""
"16031","2018-08-27","456",""
"16031","2018-08-28","437",""
"16031","2018-08-29","422",""
"16031","2018-08-30","415",""
"16031","2018-08-31","411","_"
"16031","2018-09-01","414",""
"16031","2018-09-02","422",""
"16031","2018-09-03","418",""
"16031","2018-09-04","401",""
"16031","2018-09-05","392",""
"16031","2018-09-06","391",""
"16031","2018-09-07","390",""
"16031","2018-09-08","390",""
"16031","2018-09-09","391",""
"16031","2018-09-10","396",""
"16031","2018-09-11","394",""
"16031","2018-09-12","394",""
"16031","2018-09-13","393",""
"16031","2018-09-14","393",""
"16031","2018-09-15","393",""
"16031","2018-09-16","393",""
"16031","2018-09-17","393",""
"16031","2018-09-18","392",""
"16031","2018-09-19","416",""
"16031","2018-09-20","380",""
"16031","2018-09-21","","prsh"
"16031","2018-09-22","","prsh"
"16031","2018-09-23","","prsh"
"16031","2018-09-24","","prsh"
"16031","2018-09-25","422",""
"16031","2018-09-26","443",""
"16031","2018-09-27","449",""
"16031","2018-09-28","453","^"
"16031","2018-09-29","449",""
"16031","2018-09-30","449",""
"16031","2018-10-01","450",""
"16031","2018-10-02","447",""
"16031","2018-10-03","444",""
"16031","2018-10-04","443",""
"16031","2018-10-05","446",""
"16031","2018-10-06","443",""
"16031","2018-10-07","444",""
"16031","2018-10-08","448",""
"16031","2018-10-09","454",""
"16031","2018-10-10","453",""
"16031","2018-10-11","430",""
"16031","2018-10-12","410",""
"16031","2018-10-13","417",""
"16031","2018-10-14","413",""
"16031","2018-10-15","407","_"
"16031","2018-10-16","434",""
"16031","2018-10-17","473",""
"16031","2018-10-18","480",""
"16031","2018-10-19","489",""
"16031","2018-10-20","493",""
"16031","2018-10-21","494",""
"16031","2018-10-22","495",""
"16031","2018-10-23","533",""
"16031","2018-10-24","575",""
"16031","2018-10-25","607",""
"16031","2018-10-26","613",""
"16031","2018-10-27","616",""
"16031","2018-10-28","617","^"
"16031","2018-10-29","607","^"
"16031","2018-10-30","581",""
"16031","2018-10-31","581",""
"16031","2018-11-01","581",""
"16031","2018-11-02","580",""
"16031","2018-11-03","578",""
"16031","2018-11-04","578",""
"16031","2018-11-05","575",""
"16031","2018-11-06","549","_"
"16031","2018-11-07","549",""
"16031","2018-11-08","550",""
"16031","2018-11-09","551",""
"16031","2018-11-10","555",""
"16031","2018-11-11","555",""
"16031","2018-11-12","557",""
"16031","2018-11-13","557",""
"16031","2018-11-14","567",""
"16031","2018-11-15","567",""
"16031","2018-11-16","567",""
"16031","2018-11-17","567",""
"16031","2018-11-18","580",""
"16031","2018-11-19","602",""
"16031","2018-11-20","604",""
"16031","2018-11-21","608",""
"16031","2018-11-22","612","^"
"16031","2018-11-23","601",""
"16031","2018-11-24","609",""
"16031","2018-11-25","609",""
"16031","2018-11-26","610",""
"16031","2018-11-27","609",""
"16031","2018-11-28","607",""
"16031","2018-11-29","609",""
"16031","2018-11-30","610",""
"16031","2018-12-01","607","_"
"16031","2018-12-02","607","_"
"16031","2018-12-03","607","_"
"16031","2018-12-04","608",""
"16031","2018-12-05","607","_"
"16031","2018-12-06","613",""
"16031","2018-12-07","615",""
"16031","2018-12-08","615",""
"16031","2018-12-09","615",""
"16031","2018-12-10","615",""
"16031","2018-12-11","615",""
"16031","2018-12-12","612",""
"16031","2018-12-13","615",""
"16031","2018-12-14","616",""
"16031","2018-12-15","617",""
"16031","2018-12-16","615",""
"16031","2018-12-17","613",""
"16031","2018-12-18","612",""
"16031","2018-12-19","613",""
"16031","2018-12-20","622","^"
"16031","2018-12-21","618",""
"16031","2018-12-22","619",""
"16031","2018-12-23","619",""
"16031","2018-12-24","616",""
"16031","2018-12-25","614",""
"16031","2018-12-26","612",""
"16031","2018-12-27","614",""
"16031","2018-12-28","618",""
"16031","2018-12-29","620",""
"16031","2018-12-30","620",""
"16031","2018-12-31","621",""
"16031","2019-01-01","619",""
"16031","2019-01-02","651",""
"16031","2019-01-03","685","^"
"16031","2019-01-04","686","^"
"16031","2019-01-05","682",""
"16031","2019-01-06","682",""
"16031","2019-01-07","680",""
"16031","2019-01-08","680",""
"16031","2019-01-09","657",""
"16031","2019-01-10","654",""
"16031","2019-01-11","654",""
"16031","2019-01-12","656",""
"16031","2019-01-13","630",""
"16031","2019-01-14","628",""
"16031","2019-01-15","625",""
"16031","2019-01-16","624",""
"16031","2019-01-17","606",""
"16031","2019-01-18","568",""
"16031","2019-01-19","574",""
"16031","2019-01-20","606",""
"16031","2019-01-21","608",""
"16031","2019-01-22","608",""
"16031","2019-01-23","600",""
"16031","2019-01-24","599",""
"16031","2019-01-25","603",""
"16031","2019-01-26","602",""
"16031","2019-01-27","602",""
"16031","2019-01-28","585",""
"16031","2019-01-29","595",""
"16031","2019-01-30","598",""
"16031","2019-01-31","575","_"
"16031","2019-02-01","598",""
"16031","2019-02-02","598",""
"16031","2019-02-03","597",""
"16031","2019-02-04","596",""
"16031","2019-02-05","597",""
"16031","2019-02-06","597",""
"16031","2019-02-07","591",""
"16031","2019-02-08","595",""
"16031","2019-02-09","620",""
"16031","2019-02-10","627",""
"16031","2019-02-11","628",""
"16031","2019-02-12","599",""
"16031","2019-02-13","595",""
"16031","2019-02-14","594",""
"16031","2019-02-15","594",""
"16031","2019-02-16","601",""
"16031","2019-02-17","632","^"
"16031","2019-02-18","633",""
"16031","2019-02-19","621",""
"16031","2019-02-20","610",""
"16031","2019-02-21","562",""
"16031","2019-02-22","564",""
"16031","2019-02-23","561","_"
"16031","2019-02-24","564",""
"16031","2019-02-25","562",""
"16031","2019-02-26","563",""
"16031","2019-02-27","565",""
"16031","2019-02-28","564",""
"16031","2019-03-01","564",""
"16031","2019-03-02","565","^"
"16031","2019-03-03","565","^"
"16031","2019-03-04","558","^"
"16031","2019-03-05","552",""
"16031","2019-03-06","552",""
"16031","2019-03-07","551",""
"16031","2019-03-08","550",""
"16031","2019-03-09","550",""
"16031","2019-03-10","550",""
"16031","2019-03-11","550",""
"16031","2019-03-12","545",""
"16031","2019-03-13","542",""
"16031","2019-03-14","507",""
"16031","2019-03-15","492",""
"16031","2019-03-16","474",""
"16031","2019-03-17","473",""
"16031","2019-03-18","473",""
"16031","2019-03-19","481",""
"16031","2019-03-20","496",""
"16031","2019-03-21","477",""
"16031","2019-03-22","478","_"
"16031","2019-03-23","474",""
"16031","2019-03-24","478",""
"16031","2019-03-25","478",""
"16031","2019-03-26","488",""
"16031","2019-03-27","484",""
"16031","2019-03-28","488",""
"16031","2019-03-29","479",""
"16031","2019-03-30","497",""
"16031","2019-03-31","497",""
"16031","2019-04-01","498","_"
"16031","2019-04-02","533",""
"16031","2019-04-03","579",""
"16031","2019-04-04","591",""
"16031","2019-04-05","599",""
"16031","2019-04-06","599",""
"16031","2019-04-07","591",""
"16031","2019-04-08","588",""
"16031","2019-04-09","588",""
"16031","2019-04-10","561",""
"16031","2019-04-11","527",""
"16031","2019-04-12","527",""
"16031","2019-04-13","528",""
"16031","2019-04-14","528",""
"16031","2019-04-15","527",""
"16031","2019-04-16","516",""
"16031","2019-04-17","512",""
"16031","2019-04-18","514",""
"16031","2019-04-19","513",""
"16031","2019-04-20","521",""
"16031","2019-04-21","539",""
"16031","2019-04-22","570",""
"16031","2019-04-23","702",""
"16031","2019-04-24","779",""
"16031","2019-04-25","805",""
"16031","2019-04-26","820",""
"16031","2019-04-27","829","^"
"16031","2019-04-28","830","^"
"16031","2019-04-29","830","^"
"16031","2019-04-30","820","^"
"16031","2019-05-01","826","^"
"16031","2019-05-02","821","^"
"16031","2019-05-03","770",""
"16031","2019-05-04","763",""
"16031","2019-05-05","763",""
"16031","2019-05-06","742",""
"16031","2019-05-07","667",""
"16031","2019-05-08","656",""
"16031","2019-05-09","622",""
"16031","2019-05-10","572",""
"16031","2019-05-11","530",""
"16031","2019-05-12","528",""
"16031","2019-05-13","529",""
"16031","2019-05-14","531",""
"16031","2019-05-15","539",""
"16031","2019-05-16","562",""
"16031","2019-05-17","560",""
"16031","2019-05-18","560",""
"16031","2019-05-19","561",""
"16031","2019-05-20","561",""
"16031","2019-05-21","561",""
"16031","2019-05-22","561",""
"16031","2019-05-23","561",""
"16031","2019-05-24","561",""
"16031","2019-05-25","562",""
"16031","2019-05-26","562",""
"16031","2019-05-27","553",""
"16031","2019-05-28","527","_"
"16031","2019-05-29","537",""
"16031","2019-05-30","531",""
"16031","2019-05-31","526",""
"16031","2019-06-01","527",""
"16031","2019-06-02","528",""
"16031","2019-06-03","529",""
"16031","2019-06-04","529",""
"16031","2019-06-05","526",""
"16031","2019-06-06","527",""
"16031","2019-06-07","527",""
"16031","2019-06-08","528",""
"16031","2019-06-09","527",""
"16031","2019-06-10","528",""
"16031","2019-06-11","521",""
"16031","2019-06-12","533",""
"16031","2019-06-13","532",""
"16031","2019-06-14","529",""
"16031","2019-06-15","528",""
"16031","2019-06-16","527",""
"16031","2019-06-17","524",""
"16031","2019-06-18","513","_"
"16031","2019-06-19","522",""
"16031","2019-06-20","521",""
"16031","2019-06-21","517",""
"16031","2019-06-22","523",""
"16031","2019-06-23","524",""
"16031","2019-06-24","523",""
"16031","2019-06-25","524",""
"16031","2019-06-26","529",""
"16031","2019-06-27","530","^"
"16031","2019-06-28","523",""
"16031","2019-06-29","526",""
"16031","2019-06-30","529",""
"16031","2019-07-01","527",""
"16031","2019-07-02","525",""
"16031","2019-07-03","523","_"
"16031","2019-07-04","526",""
"16031","2019-07-05","533",""
"16031","2019-07-06","539",""
"16031","2019-07-07","537",""
"16031","2019-07-08","538",""
"16031","2019-07-09","545",""
"16031","2019-07-10","588",""
"16031","2019-07-11","617",""
"16031","2019-07-12","647",""
"16031","2019-07-13","658",""
"16031","2019-07-14","658",""
"16031","2019-07-15","658",""
"16031","2019-07-16","658",""
"16031","2019-07-17","664","^"
"16031","2019-07-18","661",""
"16031","2019-07-19","661",""
"16031","2019-07-20","661",""
"16031","2019-07-21","660",""
"16031","2019-07-22","659",""
"16031","2019-07-23","638",""
"16031","2019-07-24","610",""
"16031","2019-07-25","653",""
"16031","2019-07-26","652",""
"16031","2019-07-27","652",""
"16031","2019-07-28","651",""
"16031","2019-07-29","651",""
"16031","2019-07-30","649",""
"16031","2019-07-31","641",""
"16031","2019-08-01","648","^"
"16031","2019-08-02","647",""
"16031","2019-08-03","647",""
"16031","2019-08-04","647",""
"16031","2019-08-05","639",""
"16031","2019-08-06","631",""
"16031","2019-08-07","629",""
"16031","2019-08-08","620",""
"16031","2019-08-09","616",""
"16031","2019-08-10","599",""
"16031","2019-08-11","586",""
"16031","2019-08-12","585",""
"16031","2019-08-13","582",""
"16031","2019-08-14","584",""
"16031","2019-08-15","569",""
"16031","2019-08-16","566",""
"16031","2019-08-17","556",""
"16031","2019-08-18","555",""
"16031","2019-08-19","556",""
"16031","2019-08-20","533","_"
"16031","2019-08-21","534",""
"16031","2019-08-22","532",""
"16031","2019-08-23","533",""
"16031","2019-08-24","533",""
"16031","2019-08-25","533",""
"16031","2019-08-26","533",""
"16031","2019-08-27","533",""
"16031","2019-08-28","533",""
"16031","2019-08-29","532",""
"16031","2019-08-30","532",""
"16031","2019-08-31","532",""
"16031","2019-09-01","532","^"
"16031","2019-09-02","532","^"
"16031","2019-09-03","532","^"
"16031","2019-09-04","529",""
"16031","2019-09-05","530",""
"16031","2019-09-06","530",""
"16031","2019-09-07","530",""
"16031","2019-09-08","530",""
"16031","2019-09-09","529",""
"16031","2019-09-10","529",""
"16031","2019-09-11","529",""
"16031","2019-09-12","529",""
"16031","2019-09-13","528",""
"16031","2019-09-14","528",""
"16031","2019-09-15","528",""
"16031","2019-09-16","527",""
"16031","2019-09-17","525",""
"16031","2019-09-18","527",""
"16031","2019-09-19","526",""
"16031","2019-09-20","526",""
"16031","2019-09-21","526",""
"16031","2019-09-22","526",""
"16031","2019-09-23","526",""
"16031","2019-09-24","518","_"
"16031","2019-09-25","525",""
"16031","2019-09-26","525",""
"16031","2019-09-27","524",""
"16031","2019-09-28","525",""
"16031","2019-09-29","524",""
"16031","2019-09-30","524",""
"16031","2019-10-01","523",""
"16031","2019-10-02","514",""
"16031","2019-10-03","523",""
"16031","2019-10-04","523",""
"16031","2019-10-05","522",""
"16031","2019-10-06","522",""
"16031","2019-10-07","522",""
"16031","2019-10-08","522",""
"16031","2019-10-09","522",""
"16031","2019-10-10","511",""
"16031","2019-10-11","522",""
"16031","2019-10-12","522",""
"16031","2019-10-13","522",""
"16031","2019-10-14","523",""
"16031","2019-10-15","483",""
"16031","2019-10-16","462",""
"16031","2019-10-17","461",""
"16031","2019-10-18","460",""
"16031","2019-10-19","460",""
"16031","2019-10-20","440","_"
"16031","2019-10-21","456",""
"16031","2019-10-22","459",""
"16031","2019-10-23","505",""
"16031","2019-10-24","522",""
"16031","2019-10-25","510",""
"16031","2019-10-26","496",""
"16031","2019-10-27","522",""
"16031","2019-10-28","522",""
"16031","2019-10-29","475",""
"16031","2019-10-30","488",""
"16031","2019-10-31","522","^"
"16031","2019-11-01","568",""
"16031","2019-11-02","554",""
"16031","2019-11-03","554",""
"16031","2019-11-04","540",""
"16031","2019-11-05","549","_"
"16031","2019-11-06","564",""
"16031","2019-11-07","541",""
"16031","2019-11-08","525",""
"16031","2019-11-09","529","_"
"16031","2019-11-10","546",""
"16031","2019-11-11","552",""
"16031","2019-11-12","556",""
"16031","2019-11-13","563",""
"16031","2019-11-14","563",""
"16031","2019-11-15","566",""
"16031","2019-11-16","592",""
"16031","2019-11-17","593",""
"16031","2019-11-18","593",""
"16031","2019-11-19","593",""
"16031","2019-11-20","594",""
"16031","2019-11-21","602",""
"16031","2019-11-22","603",""
"16031","2019-11-23","603",""
"16031","2019-11-24","603",""
"16031","2019-11-25","604",""
"16031","2019-11-26","606",""
"16031","2019-11-27","606","^"
"16031","2019-11-28","600",""
"16031","2019-11-29","598",""
"16031","2019-11-30","598",""
"16031","2019-12-01","598","^"
"16031","2019-12-02","597",""
"16031","2019-12-03","598","^"
"16031","2019-12-04","598","^"
"16031","2019-12-05","586",""
"16031","2019-12-06","591","^"
"16031","2019-12-07","588",""
"16031","2019-12-08","574","_"
"16031","2019-12-09","589",""
"16031","2019-12-10","587",""
"16031","2019-12-11","586",""
"16031","2019-12-12","585",""
"16031","2019-12-13","584",""
"16031","2019-12-14","587",""
"16031","2019-12-15","586",""
"16031","2019-12-16","586",""
"16031","2019-12-17","587",""
"16031","2019-12-18","586",""
"16031","2019-12-19","585",""
"16031","2019-12-20","585",""
"16031","2019-12-21","585",""
"16031","2019-12-22","585",""
"16031","2019-12-23","587",""
"16031","2019-12-24","585",""
"16031","2019-12-25","587",""
"16031","2019-12-26","587",""
"16031","2019-12-27","588",""
"16031","2019-12-28","588",""
"16031","2019-12-29","588",""
"16031","2019-12-30","589",""
"16031","2019-12-31","589",""
"16031","2020-01-01","591",""
"16031","2020-01-02","588",""
"16031","2020-01-03","588",""
"16031","2020-01-04","582",""
"16031","2020-01-05","589",""
"16031","2020-01-06","590",""
"16031","2020-01-07","589",""
"16031","2020-01-08","589",""
"16031","2020-01-09","592",""
"16031","2020-01-10","606",""
"16031","2020-01-11","606",""
"16031","2020-01-12","608",""
"16031","2020-01-13","604",""
"16031","2020-01-14","610",""
"16031","2020-01-15","608",""
"16031","2020-01-16","598",""
"16031","2020-01-17","604",""
"16031","2020-01-18","598",""
"16031","2020-01-19","597",""
"16031","2020-01-20","597",""
"16031","2020-01-21","604","^"
"16031","2020-01-22","562",""
"16031","2020-01-23","566",""
"16031","2020-01-24","565",""
"16031","2020-01-25","566",""
"16031","2020-01-26","566",""
"16031","2020-01-27","562",""
"16031","2020-01-28","558",""
"16031","2020-01-29","558","_"
"16031","2020-01-30","563",""
"16031","2020-01-31","568",""
"16031","2020-02-01","572",""
"16031","2020-02-02","568",""
"16031","2020-02-03","566",""
"16031","2020-02-04","564","_"
"16031","2020-02-05","564","_"
"16031","2020-02-06","571",""
"16031","2020-02-07","579",""
"16031","2020-02-08","593",""
"16031","2020-02-09","591",""
"16031","2020-02-10","596","^"
"16031","2020-02-11","593",""
"16031","2020-02-12","586",""
"16031","2020-02-13","580",""
"16031","2020-02-14","580",""
"16031","2020-02-15","575",""
"16031","2020-02-16","576",""
"16031","2020-02-17","580",""
"16031","2020-02-18","583",""
"16031","2020-02-19","583",""
"16031","2020-02-20","584",""
"16031","2020-02-21","585",""
"16031","2020-02-22","585",""
"16031","2020-02-23","586",""
"16031","2020-02-24","586",""
"16031","2020-02-25","586",""
"16031","2020-02-26","583",""
"16031","2020-02-27","582",""
"16031","2020-02-28","581",""
"16031","2020-02-29","582",""
"16031","2020-03-01","581",""
"16031","2020-03-02","583",""
"16031","2020-03-03","583",""
"16031","2020-03-04","579",""
"16031","2020-03-05","582",""
"16031","2020-03-06","585",""
"16031","2020-03-07","583",""
"16031","2020-03-08","580",""
"16031","2020-03-09","582",""
"16031","2020-03-10","586",""
"16031","2020-03-11","587",""
"16031","2020-03-12","590",""
"16031","2020-03-13","592",""
"16031","2020-03-14","592","^"
"16031","2020-03-15","593","^"
"16031","2020-03-16","587",""
"16031","2020-03-17","586",""
"16031","2020-03-18","592","^"
"16031","2020-03-19","589",""
"16031","2020-03-20","591",""
"16031","2020-03-21","589",""
"16031","2020-03-22","512",""
"16031","2020-03-23","496",""
"16031","2020-03-24","495",""
"16031","2020-03-25","496",""
"16031","2020-03-26","494",""
"16031","2020-03-27","499",""
"16031","2020-03-28","502",""
"16031","2020-03-29","517",""
"16031","2020-03-30","496",""
"16031","2020-03-31","467","_"
"16031","2020-04-01","471","_"
"16031","2020-04-02","476",""
"16031","2020-04-03","474",""
"16031","2020-04-04","477",""
"16031","2020-04-05","471",""
"16031","2020-04-06","472",""
"16031","2020-04-07","473",""
"16031","2020-04-08","471",""
"16031","2020-04-09","467",""
"16031","2020-04-10","477",""
"16031","2020-04-11","515",""
"16031","2020-04-12","518",""
"16031","2020-04-13","516",""
"16031","2020-04-14","531",""
"16031","2020-04-15","589",""
"16031","2020-04-16","590","^"
"16031","2020-04-17","576",""
"16031","2020-04-18","520",""
"16031","2020-04-19","516",""
"16031","2020-04-20","515",""
"16031","2020-04-21","526",""
"16031","2020-04-22","540",""
"16031","2020-04-23","540",""
"16031","2020-04-24","542",""
"16031","2020-04-25","541",""
"16031","2020-04-26","541",""
"16031","2020-04-27","542",""
"16031","2020-04-28","541",""
"16031","2020-04-29","541",""
"16031","2020-04-30","542",""
"16031","2020-05-01","543",""
"16031","2020-05-02","545",""
"16031","2020-05-03","544",""
"16031","2020-05-04","541",""
"16031","2020-05-05","541",""
"16031","2020-05-06","544",""
"16031","2020-05-07","541",""
"16031","2020-05-08","541",""
"16031","2020-05-09","541",""
"16031","2020-05-10","541",""
"16031","2020-05-11","541",""
"16031","2020-05-12","541",""
"16031","2020-05-13","543",""
"16031","2020-05-14","544",""
"16031","2020-05-15","545",""
"16031","2020-05-16","543",""
"16031","2020-05-17","541",""
"16031","2020-05-18","542",""
"16031","2020-05-19","542",""
"16031","2020-05-20","542",""
"16031","2020-05-21","540","_"
"16031","2020-05-22","544",""
"16031","2020-05-23","546",""
"16031","2020-05-24","546",""
"16031","2020-05-25","541",""
"16031","2020-05-26","541",""
"16031","2020-05-27","542",""
"16031","2020-05-28","561",""
"16031","2020-05-29","561",""
"16031","2020-05-30","562","^"
"16031","2020-05-31","562","^"
"16031","2020-06-01","565",""
"16031","2020-06-02","541",""
"16031","2020-06-03","517","_"
"16031","2020-06-04","512",""
"16031","2020-06-05","513",""
"16031","2020-06-06","510",""
"16031","2020-06-07","512",""
"16031","2020-06-08","515",""
"16031","2020-06-09","515",""
"16031","2020-06-10","515",""
"16031","2020-06-11","518",""
"16031","2020-06-12","516",""
"16031","2020-06-13","515",""
"16031","2020-06-14","513",""
"16031","2020-06-15","514",""
"16031","2020-06-16","525",""
"16031","2020-06-17","540",""
"16031","2020-06-18","540",""
"16031","2020-06-19","550",""
"16031","2020-06-20","567",""
"16031","2020-06-21","587",""
"16031","2020-06-22","597",""
"16031","2020-06-23","609","^"
"16031","2020-06-24","610",""
"16031","2020-06-25","610",""
"16031","2020-06-26","602",""
"16031","2020-06-27","580",""
"16031","2020-06-28","581",""
"16031","2020-06-29","594",""
"16031","2020-06-30","609",""
"16031","2020-07-01","611",""
"16031","2020-07-02","610",""
"16031","2020-07-03","611",""
"16031","2020-07-04","613",""
"16031","2020-07-05","620",""
"16031","2020-07-06","624",""
"16031","2020-07-07","625","^"
"16031","2020-07-08","613",""
"16031","2020-07-09","618",""
"16031","2020-07-10","608",""
"16031","2020-07-11","605",""
"16031","2020-07-12","604",""
"16031","2020-07-13","603",""
"16031","2020-07-14","602",""
"16031","2020-07-15","601",""
"16031","2020-07-16","600",""
"16031","2020-07-17","598",""
"16031","2020-07-18","598",""
"16031","2020-07-19","597",""
"16031","2020-07-20","597","_"
"16031","2020-07-21","600",""
"16031","2020-07-22","606",""
"16031","2020-07-23","608",""
"16031","2020-07-24","619",""
"16031","2020-07-25","620",""
"16031","2020-07-26","621",""
"16031","2020-07-27","622",""
"16031","2020-07-28","621",""
"16031","2020-07-29","616",""
"16031","2020-07-30","616",""
"16031","2020-07-31","616",""
"16031","2020-08-01","614","^"
"16031","2020-08-02","609",""
"16031","2020-08-03","608",""
"16031","2020-08-04","605",""
"16031","2020-08-05","600",""
"16031","2020-08-06","599",""
"16031","2020-08-07","594",""
"16031","2020-08-08","584",""
"16031","2020-08-09","554",""
"16031","2020-08-10","535",""
"16031","2020-08-11","520",""
"16031","2020-08-12","515",""
"16031","2020-08-13","511",""
"16031","2020-08-14","506",""
"16031","2020-08-15","497",""
"16031","2020-08-16","493",""
"16031","2020-08-17","491",""
"16031","2020-08-18","493",""
"16031","2020-08-19","478",""
"16031","2020-08-20","471",""
"16031","2020-08-21","471",""
"16031","2020-08-22","472",""
"16031","2020-08-23","465",""
"16031","2020-08-24","454",""
"16031","2020-08-25","431",""
"16031","2020-08-26","428","_"
"16031","2020-08-27","436",""
"16031","2020-08-28","436",""
"16031","2020-08-29","436",""
"16031","2020-08-30","436",""
"16031","2020-08-31","436",""
"16031","2020-09-01","436","^"
"16031","2020-09-02","432",""
"16031","2020-09-03","431",""
"16031","2020-09-04","430",""
"16031","2020-09-05","431",""
"16031","2020-09-06","431",""
"16031","2020-09-07","431",""
"16031","2020-09-08","431",""
"16031","2020-09-09","430",""
"16031","2020-09-10","430",""
"16031","2020-09-11","430",""
"16031","2020-09-12","430",""
"16031","2020-09-13","430",""
"16031","2020-09-14","430",""
"16031","2020-09-15","414",""
"16031","2020-09-16","410","_"
"16031","2020-09-17","412",""
"16031","2020-09-18","411",""
"16031","2020-09-19","412",""
"16031","2020-09-20","412",""
"16031","2020-09-21","411",""
"16031","2020-09-22","410",""
"16031","2020-09-23","410",""
"16031","2020-09-24","412",""
"16031","2020-09-25","412",""
"16031","2020-09-26","415",""
"16031","2020-09-27","420",""
"16031","2020-09-28","418",""
"16031","2020-09-29","419",""
"16031","2020-09-30","418",""
"16031","2020-10-01","418",""
"16031","2020-10-02","419",""
"16031","2020-10-03","418",""
"16031","2020-10-04","418",""
"16031","2020-10-05","418",""
"16031","2020-10-06","418",""
"16031","2020-10-07","417","_"
"16031","2020-10-08","418","_"
"16031","2020-10-09","425",""
"16031","2020-10-10","426",""
"16031","2020-10-11","426",""
"16031","2020-10-12","426",""
"16031","2020-10-13","426",""
"16031","2020-10-14","425",""
"16031","2020-10-15","427",""
"16031","2020-10-16","430","^"
"16031","2020-10-17","430","^"
"16031","2020-10-18","427",""
"16031","2020-10-19","426",""
"16031","2020-10-20","426",""
"16031","2020-10-21","425",""
"16031","2020-10-22","425",""
"16031","2020-10-23","425",""
"16031","2020-10-24","425",""
"16031","2020-10-25","425",""
"16031","2020-10-26","424",""
"16031","2020-10-27","424",""
"16031","2020-10-28","425",""
"16031","2020-10-29","427",""
"16031","2020-10-30","427",""
"16031","2020-10-31","427",""
"16031","2020-11-01","427",""
"16031","2020-11-02","427",""
"16031","2020-11-03","427",""
"16031","2020-11-04","427",""
"16031","2020-11-05","428",""
"16031","2020-11-06","427","_"
"16031","2020-11-07","429",""
"16031","2020-11-08","429",""
"16031","2020-11-09","429",""
"16031","2020-11-10","429",""
"16031","2020-11-11","429",""
"16031","2020-11-12","428",""
"16031","2020-11-13","427",""
"16031","2020-11-14","458",""
"16031","2020-11-15","467",""
"16031","2020-11-16","470",""
"16031","2020-11-17","537",""
"16031","2020-11-18","548",""
"16031","2020-11-19","547",""
"16031","2020-11-20","547",""
"16031","2020-11-21","549",""
"16031","2020-11-22","549",""
"16031","2020-11-23","548",""
"16031","2020-11-24","545",""
"16031","2020-11-25","553",""
"16031","2020-11-26","559",""
"16031","2020-11-27","560","^"
"16031","2020-11-28","559",""
"16031","2020-11-29","558",""
"16031","2020-11-30","557",""
"16031","2020-12-01","555",""
"16031","2020-12-02","555",""
"16031","2020-12-03","556",""
"16031","2020-12-04","553",""
"16031","2020-12-05","552",""
"16031","2020-12-06","551","_"
"16031","2020-12-07","552","_"
"16031","2020-12-08","560",""
"16031","2020-12-09","559",""
"16031","2020-12-10","565",""
"16031","2020-12-11","566",""
"16031","2020-12-12","566",""
"16031","2020-12-13","559",""
"16031","2020-12-14","559",""
"16031","2020-12-15","559",""
"16031","2020-12-16","557",""
"16031","2020-12-17","559",""
"16031","2020-12-18","558",""
"16031","2020-12-19","558",""
"16031","2020-12-20","557",""
"16031","2020-12-21","569",""
"16031","2020-12-22","570",""
"16031","2020-12-23","572",""
"16031","2020-12-24","575",""
"16031","2020-12-25","590",""
"16031","2020-12-26","585",""
"16031","2020-12-27","595",""
"16031","2020-12-28","601",""
"16031","2020-12-29","615","^"
"16031","2020-12-30","614","^"
"16031","2020-12-31","604",""
"16031","2021-01-01","608","_"
"16031","2021-01-02","612",""
"16031","2021-01-03","613",""
"16031","2021-01-04","612",""
"16031","2021-01-05","604","_"
"16031","2021-01-06","610",""
"16031","2021-01-07","605",""
"16031","2021-01-08","607",""
"16031","2021-01-09","605",""
"16031","2021-01-10","605",""
"16031","2021-01-11","608",""
"16031","2021-01-12","610",""
"16031","2021-01-13","605",""
"16031","2021-01-14","608",""
"16031","2021-01-15","616",""
"16031","2021-01-16","618",""
"16031","2021-01-17","618",""
"16031","2021-01-18","615",""
"16031","2021-01-19","628","^"
"16031","2021-01-20","630","^"
"16031","2021-01-21","626",""
"16031","2021-01-22","625",""
"16031","2021-01-23","620",""
"16031","2021-01-24","621",""
"16031","2021-01-25","621",""
"16031","2021-01-26","620",""
"16031","2021-01-27","620",""
"16031","2021-01-28","620",""
"16031","2021-01-29","620",""
"16031","2021-01-30","620",""
"16031","2021-01-31","620",""
"16031","2021-02-01","619",""
"16031","2021-02-02","619",""
"16031","2021-02-03","619",""
"16031","2021-02-04","619",""
"16031","2021-02-05","618",""
"16031","2021-02-06","615",""
"16031","2021-02-07","621",""
"16031","2021-02-08","622","^"
"16031","2021-02-09","622","^"
"16031","2021-02-10","622","^"
"16031","2021-02-11","620",""
"16031","2021-02-12","618",""
"16031","2021-02-13","615",""
"16031","2021-02-14","618",""
"16031","2021-02-15","597",""
"16031","2021-02-16","569",""
"16031","2021-02-17","570",""
"16031","2021-02-18","556",""
"16031","2021-02-19","532",""
"16031","2021-02-20","531",""
"16031","2021-02-21","533",""
"16031","2021-02-22","532",""
"16031","2021-02-23","531",""
"16031","2021-02-24","531",""
"16031","2021-02-25","531",""
"16031","2021-02-26","495",""
"16031","2021-02-27","482",""
"16031","2021-02-28","481","_"
"16031","2021-03-01","485","_"
"16031","2021-03-02","493",""
"16031","2021-03-03","494",""
"16031","2021-03-04","495",""
"16031","2021-03-05","498",""
"16031","2021-03-06","504",""
"16031","2021-03-07","495",""
"16031","2021-03-08","497",""
"16031","2021-03-09","498",""
"16031","2021-03-10","497",""
"16031","2021-03-11","497",""
"16031","2021-03-12","498",""
"16031","2021-03-13","511",""
"16031","2021-03-14","497",""
"16031","2021-03-15","498",""
"16031","2021-03-16","499",""
"16031","2021-03-17","494",""
"16031","2021-03-18","498",""
"16031","2021-03-19","498",""
"16031","2021-03-20","499",""
"16031","2021-03-21","499",""
"16031","2021-03-22","537",""
"16031","2021-03-23","542",""
"16031","2021-03-24","543",""
"16031","2021-03-25","542",""
"16031","2021-03-26","543",""
"16031","2021-03-27","575",""
"16031","2021-03-28","581","^"
"16031","2021-03-29","561","^"
"16031","2021-03-30","500",""
"16031","2021-03-31","497",""
"16031","2021-04-01","498",""
"16031","2021-04-02","531",""
"16031","2021-04-03","579",""
"16031","2021-04-04","586",""
"16031","2021-04-05","597",""
"16031","2021-04-06","598",""
"16031","2021-04-07","598",""
"16031","2021-04-08","599",""
"16031","2021-04-09","599",""
"16031","2021-04-10","599",""
"16031","2021-04-11","606",""
"16031","2021-04-12","615",""
"16031","2021-04-13","644",""
"16031","2021-04-14","629","^"
"16031","2021-04-15","565",""
"16031","2021-04-16","509",""
"16031","2021-04-17","510",""
"16031","2021-04-18","496",""
"16031","2021-04-19","495",""
"16031","2021-04-20","495","_"
"16031","2021-04-21","496",""
"16031","2021-04-22","498",""
"16031","2021-04-23","499",""
"16031","2021-04-24","497",""
"16031","2021-04-25","497",""
"16031","2021-04-26","498",""
"16031","2021-04-27","521",""
"16031","2021-04-28","522",""
"16031","2021-04-29","522",""
"16031","2021-04-30","525",""
"16031","2021-05-01","522","^"
"16031","2021-05-02","521",""
"16031","2021-05-03","521",""
"16031","2021-05-04","521",""
"16031","2021-05-05","518",""
"16031","2021-05-06","517",""
"16031","2021-05-07","517",""
"16031","2021-05-08","517",""
"16031","2021-05-09","519",""
"16031","2021-05-10","518",""
"16031","2021-05-11","518",""
"16031","2021-05-12","518",""
"16031","2021-05-13","519",""
"16031","2021-05-14","520",""
"16031","2021-05-15","521",""
"16031","2021-05-16","519",""
"16031","2021-05-17","519",""
"16031","2021-05-18","520",""
"16031","2021-05-19","520",""
"16031","2021-05-20","521",""
"16031","2021-05-21","521",""
"16031","2021-05-22","521",""
"16031","2021-05-23","521",""
"16031","2021-05-24","521",""
"16031","2021-05-25","521",""
"16031","2021-05-26","522",""
"16031","2021-05-27","522",""
"16031","2021-05-28","523","^"
"16031","2021-05-29","523","^"
"16031","2021-05-30","523","^"
"16031","2021-05-31","514",""""
"16031","2021-06-01","492",""
"16031","2021-06-02","489","_"
"16031","2021-06-03","493",""
"16031","2021-06-04","495",""
"16031","2021-06-05","498",""
"16031","2021-06-06","499",""
"16031","2021-06-07","499",""
"16031","2021-06-08","499",""
"16031","2021-06-09","498",""
"16031","2021-06-10","500",""
"16031","2021-06-11","500",""
"16031","2021-06-12","501",""
"16031","2021-06-13","501",""
"16031","2021-06-14","501",""
"16031","2021-06-15","524",""
"16031","2021-06-16","527",""
"16031","2021-06-17","530",""
"16031","2021-06-18","526",""
"16031","2021-06-19","526",""
"16031","2021-06-20","525",""
"16031","2021-06-21","521",""
"16031","2021-06-22","521",""
"16031","2021-06-23","522",""
"16031","2021-06-24","522",""
"16031","2021-06-25","523",""
"16031","2021-06-26","523",""
"16031","2021-06-27","524",""
"16031","2021-06-28","525",""
"16031","2021-06-29","536",""
"16031","2021-06-30","552","^"
"16031","2021-07-01","553",""
"16031","2021-07-02","558","_"
"16031","2021-07-03","570",""
"16031","2021-07-04","577",""
"16031","2021-07-05","585",""
"16031","2021-07-06","587",""
"16031","2021-07-07","606",""
"16031","2021-07-08","608",""
"16031","2021-07-09","606",""
"16031","2021-07-10","612",""
"16031","2021-07-11","614",""
"16031","2021-07-12","618",""
"16031","2021-07-13","611",""
"16031","2021-07-14","607",""
"16031","2021-07-15","627",""
"16031","2021-07-16","626",""
"16031","2021-07-17","638",""
"16031","2021-07-18","640",""
"16031","2021-07-19","643","^"
"16031","2021-07-20","642",""
"16031","2021-07-21","641",""
"16031","2021-07-22","639",""
"16031","2021-07-23","637",""
"16031","2021-07-24","637",""
"16031","2021-07-25","639",""
"16031","2021-07-26","633",""
"16031","2021-07-27","629",""
"16031","2021-07-28","630",""
"16031","2021-07-29","626",""
"16031","2021-07-30","618",""
"16031","2021-07-31","614",""
"16031","2021-08-01","600",""
"16031","2021-08-02","590",""
"16031","2021-08-03","606",""
"16031","2021-08-04","606",""
"16031","2021-08-05","607",""
"16031","2021-08-06","608","^"
"16031","2021-08-07","603",""
"16031","2021-08-08","601",""
"16031","2021-08-09","581",""
"16031","2021-08-10","553",""
"16031","2021-08-11","533",""
"16031","2021-08-12","530",""
"16031","2021-08-13","529",""
"16031","2021-08-14","536",""
"16031","2021-08-15","540",""
"16031","2021-08-16","532",""
"16031","2021-08-17","516",""
"16031","2021-08-18","474",""
"16031","2021-08-19","509",""
"16031","2021-08-20","461",""
"16031","2021-08-21","408",""
"16031","2021-08-22","404",""
"16031","2021-08-23","402",""
"16031","2021-08-24","401",""
"16031","2021-08-25","400",""
"16031","2021-08-26","399",""
"16031","2021-08-27","399",""
"16031","2021-08-28","399",""
"16031","2021-08-29","398","_"
"16031","2021-08-30","397","_"
"16031","2021-08-31","397","_"
"16031","2021-09-01","397","^"
"16031","2021-09-02","394",""
"16031","2021-09-03","394",""
"16031","2021-09-04","393",""
"16031","2021-09-05","392",""
"16031","2021-09-06","391",""
"16031","2021-09-07","391",""
"16031","2021-09-08","381",""
"16031","2021-09-09","380",""
"16031","2021-09-10","380",""
"16031","2021-09-11","380",""
"16031","2021-09-12","380",""
"16031","2021-09-13","382",""
"16031","2021-09-14","382",""
"16031","2021-09-15","382",""
"16031","2021-09-16","382",""
"16031","2021-09-17","381",""
"16031","2021-09-18","382",""
"16031","2021-09-19","382",""
"16031","2021-09-20","372",""
"16031","2021-09-21","361",""
"16031","2021-09-22","361",""
"16031","2021-09-23","361",""
"16031","2021-09-24","359",""
"16031","2021-09-25","360",""
"16031","2021-09-26","360",""
"16031","2021-09-27","358",""
"16031","2021-09-28","357",""
"16031","2021-09-29","355",""
"16031","2021-09-30","354","_"
"16031","2021-10-01","357",""
"16031","2021-10-02","358",""
"16031","2021-10-03","356",""
"16031","2021-10-04","355",""
"16031","2021-10-05","355",""
"16031","2021-10-06","355",""
"16031","2021-10-07","355",""
"16031","2021-10-08","355",""
"16031","2021-10-09","354",""
"16031","2021-10-10","354",""
"16031","2021-10-11","353",""
"16031","2021-10-12","354",""
"16031","2021-10-13","354",""
"16031","2021-10-14","352",""
"16031","2021-10-15","352","_"
"16031","2021-10-16","353",""
"16031","2021-10-17","353",""
"16031","2021-10-18","360",""
"16031","2021-10-19","384",""
"16031","2021-10-20","385",""
"16031","2021-10-21","389",""
"16031","2021-10-22","390",""
"16031","2021-10-23","392",""
"16031","2021-10-24","400",""
"16031","2021-10-25","403",""
"16031","2021-10-26","402",""
"16031","2021-10-27","403","^"
"16031","2021-10-28","404","^"
"16031","2021-10-29","403",""
"16031","2021-10-30","403",""
"16031","2021-10-31","403",""
"16031","2021-11-01","403","_"
"16031","2021-11-02","408","_"
"16031","2021-11-03","425",""
"16031","2021-11-04","431",""
"16031","2021-11-05","429",""
"16031","2021-11-06","429",""
"16031","2021-11-07","429",""
"16031","2021-11-08","430",""
"16031","2021-11-09","430",""
"16031","2021-11-10","430",""
"16031","2021-11-11","430",""
"16031","2021-11-12","430",""
"16031","2021-11-13","430",""
"16031","2021-11-14","430",""
"16031","2021-11-15","444",""
"16031","2021-11-16","473",""
"16031","2021-11-17","472",""
"16031","2021-11-18","493",""
"16031","2021-11-19","528",""
"16031","2021-11-20","536",""
"16031","2021-11-21","551","^"
"16031","2021-11-22","551","^"
"16031","2021-11-23","547",""
"16031","2021-11-24","544",""
"16031","2021-11-25","543",""
"16031","2021-11-26","537",""
"16031","2021-11-27","540",""
"16031","2021-11-28","550",""
"16031","2021-11-29","542",""
"16031","2021-11-30","532",""
"16031","2021-12-01","531",""
"16031","2021-12-02","538",""
"16031","2021-12-03","542",""
"16031","2021-12-04","548",""
"16031","2021-12-05","553",""
"16031","2021-12-06","546",""
"16031","2021-12-07","543",""
"16031","2021-12-08","544",""
"16031","2021-12-09","544",""
"16031","2021-12-10","544",""
"16031","2021-12-11","557",""
"16031","2021-12-12","558","^"
"16031","2021-12-13","550",""
"16031","2021-12-14","545",""
"16031","2021-12-15","488",""
"16031","2021-12-16","480",""
"16031","2021-12-17","478",""
"16031","2021-12-18","476",""
"16031","2021-12-19","479",""
"16031","2021-12-20","482",""
"16031","2021-12-21","414","_"
"16031","2021-12-22","420",""
"16031","2021-12-23","426",""
"16031","2021-12-24","429",""
"16031","2021-12-25","428",""
"16031","2021-12-26","428",""
"16031","2021-12-27","428",""
"16031","2021-12-28","435",""
"16031","2021-12-29","419",""
"16031","2021-12-30","417",""
"16031","2021-12-31","416",""
"16031","2022-01-01","415","_"
"16031","2022-01-02","417",""
"16031","2022-01-03","420",""
"16031","2022-01-04","425",""
"16031","2022-01-05","428",""
"16031","2022-01-06","428",""
"16031","2022-01-07","427",""
"16031","2022-01-08","427",""
"16031","2022-01-09","426",""
"16031","2022-01-10","426",""
"16031","2022-01-11","426",""
"16031","2022-01-12","424",""
"16031","2022-01-13","423",""
"16031","2022-01-14","424",""
"16031","2022-01-15","426",""
"16031","2022-01-16","427",""
"16031","2022-01-17","429",""
"16031","2022-01-18","429",""
"16031","2022-01-19","426",""
"16031","2022-01-20","425",""
"16031","2022-01-21","425",""
"16031","2022-01-22","426",""
"16031","2022-01-23","427",""
"16031","2022-01-24","434",""
"16031","2022-01-25","452","^"
"16031","2022-01-26","452",""
"16031","2022-01-27","451",""
"16031","2022-01-28","455",""
"16031","2022-01-29","445",""
"16031","2022-01-30","446",""
"16031","2022-01-31","443",""
"16031","2022-02-01","446",""
"16031","2022-02-02","448",""
"16031","2022-02-03","447",""
"16031","2022-02-04","451","^"
"16031","2022-02-05","447",""
"16031","2022-02-06","446",""
"16031","2022-02-07","448",""
"16031","2022-02-08","448",""
"16031","2022-02-09","442",""
"16031","2022-02-10","441",""
"16031","2022-02-11","439",""
"16031","2022-02-12","437",""
"16031","2022-02-13","437",""
"16031","2022-02-14","436",""
"16031","2022-02-15","435",""
"16031","2022-02-16","435",""
"16031","2022-02-17","435",""
"16031","2022-02-18","435",""
"16031","2022-02-19","434",""
"16031","2022-02-20","434",""
"16031","2022-02-21","434",""
"16031","2022-02-22","433",""
"16031","2022-02-23","433",""
"16031","2022-02-24","433",""
"16031","2022-02-25","432",""
"16031","2022-02-26","432",""
"16031","2022-02-27","431","_"
"16031","2022-02-28","431","_"
"16031","2022-03-01","434","_"
"16031","2022-03-02","436",""
"16031","2022-03-03","436",""
"16031","2022-03-04","436",""
"16031","2022-03-05","436",""
"16031","2022-03-06","436",""
"16031","2022-03-07","436",""
"16031","2022-03-08","436",""
"16031","2022-03-09","437",""
"16031","2022-03-10","435",""
"16031","2022-03-11","438",""
"16031","2022-03-12","441",""
"16031","2022-03-13","434",""
"16031","2022-03-14","435",""
"16031","2022-03-15","515",""
"16031","2022-03-16","561",""
"16031","2022-03-17","609",""
"16031","2022-03-18","684",""
"16031","2022-03-19","751",""
"16031","2022-03-20","775",""
"16031","2022-03-21","803",""
"16031","2022-03-22","804",""
"16031","2022-03-23","804",""
"16031","2022-03-24","804",""
"16031","2022-03-25","805",""
"16031","2022-03-26","811","^"
"16031","2022-03-27","804",""
"16031","2022-03-28","804",""
"16031","2022-03-29","795",""
"16031","2022-03-30","756",""
"16031","2022-03-31","722",""
"16031","2022-04-01","720","^"
"16031","2022-04-02","719",""
"16031","2022-04-03","711",""
"16031","2022-04-04","711",""
"16031","2022-04-05","652",""
"16031","2022-04-06","580",""
"16031","2022-04-07","580",""
"16031","2022-04-08","584",""
"16031","2022-04-09","498",""
"16031","2022-04-10","481",""
"16031","2022-04-11","480","_"
"16031","2022-04-12","486",""
"16031","2022-04-13","491",""
"16031","2022-04-14","494",""
"16031","2022-04-15","494",""
"16031","2022-04-16","494",""
"16031","2022-04-17","494",""
"16031","2022-04-18","494",""
"16031","2022-04-19","497",""
"16031","2022-04-20","494",""
"16031","2022-04-21","494",""
"16031","2022-04-22","494",""
"16031","2022-04-23","494",""
"16031","2022-04-24","494",""
"16031","2022-04-25","494",""
"16031","2022-04-26","494",""
"16031","2022-04-27","494",""
"16031","2022-04-28","494",""
"16031","2022-04-29","494",""
"16031","2022-04-30","494",""
"16031","2022-05-01","494","_"
"16031","2022-05-02","494","_"
"16031","2022-05-03","494","_"
"16031","2022-05-04","520",""
"16031","2022-05-05","523",""
"16031","2022-05-06","523",""
"16031","2022-05-07","524",""
"16031","2022-05-08","524",""
"16031","2022-05-09","524",""
"16031","2022-05-10","525",""
"16031","2022-05-11","524",""
"16031","2022-05-12","522",""
"16031","2022-05-13","521",""
"16031","2022-05-14","520",""
"16031","2022-05-15","520",""
"16031","2022-05-16","523",""
"16031","2022-05-17","542",""
"16031","2022-05-18","542",""
"16031","2022-05-19","544",""
"16031","2022-05-20","558",""
"16031","2022-05-21","573",""
"16031","2022-05-22","627","^"
"16031","2022-05-23","617",""
"16031","2022-05-24","608",""
"16031","2022-05-25","608",""
"16031","2022-05-26","593",""
"16031","2022-05-27","595",""
"16031","2022-05-28","595",""
"16031","2022-05-29","592",""
"16031","2022-05-30","590",""
"16031","2022-05-31","598",""
"16031","2022-06-01","600",""
"16031","2022-06-02","599",""
"16031","2022-06-03","600",""
"16031","2022-06-04","615",""
"16031","2022-06-05","617",""
"16031","2022-06-06","618","^"
"16031","2022-06-07","612",""
"16031","2022-06-08","615",""
"16031","2022-06-09","609",""
"16031","2022-06-10","603",""
"16031","2022-06-11","594","_"
"16031","2022-06-12","609",""
"16031","2022-06-13","610",""
"16031","2022-06-14","610",""
"16031","2022-06-15","608",""
"16031","2022-06-16","610",""
"16031","2022-06-17","612",""
"16031","2022-06-18","608",""
"16031","2022-06-19","609",""
"16031","2022-06-20","611",""
"16031","2022-06-21","614",""
"16031","2022-06-22","612",""
"16031","2022-06-23","612",""
"16031","2022-06-24","610",""
"16031","2022-06-25","610",""
"16031","2022-06-26","608",""
"16031","2022-06-27","605",""
"16031","2022-06-28","608",""
"16031","2022-06-29","609",""
"16031","2022-06-30","607",""
"16031","2022-07-01","611",""
"16031","2022-07-02","615",""
"16031","2022-07-03","616",""
"16031","2022-07-04","617",""
"16031","2022-07-05","615",""
"16031","2022-07-06","620",""
"16031","2022-07-07","618",""
"16031","2022-07-08","623",""
"16031","2022-07-09","625",""
"16031","2022-07-10","630","^"
"16031","2022-07-11","629","^"
"16031","2022-07-12","623",""
"16031","2022-07-13","620",""
"16031","2022-07-14","621",""
"16031","2022-07-15","623",""
"16031","2022-07-16","625",""
"16031","2022-07-17","627",""
"16031","2022-07-18","627",""
"16031","2022-07-19","627",""
"16031","2022-07-20","618",""
"16031","2022-07-21","617",""
"16031","2022-07-22","612",""
"16031","2022-07-23","612",""
"16031","2022-07-24","612",""
"16031","2022-07-25","614",""
"16031","2022-07-26","606","_"
"16031","2022-07-27","611",""
"16031","2022-07-28","607",""
"16031","2022-07-29","611",""
"16031","2022-07-30","611",""
"16031","2022-07-31","614",""
"16031","2022-08-01","594",""
"16031","2022-08-02","593",""
"16031","2022-08-03","594",""
"16031","2022-08-04","564",""
"16031","2022-08-05","597","^"
"16031","2022-08-06","595",""
"16031","2022-08-07","579",""
"16031","2022-08-08","546",""
"16031","2022-08-09","540",""
"16031","2022-08-10","543",""
"16031","2022-08-11","546",""
"16031","2022-08-12","549",""
"16031","2022-08-13","529",""
"16031","2022-08-14","527",""
"16031","2022-08-15","503",""
"16031","2022-08-16","502",""
"16031","2022-08-17","508",""
"16031","2022-08-18","480",""
"16031","2022-08-19","478",""
"16031","2022-08-20","480",""
"16031","2022-08-21","478",""
"16031","2022-08-22","473",""
"16031","2022-08-23","454",""
"16031","2022-08-24","456",""
"16031","2022-08-25","421","_"
"16031","2022-08-26","430","_"
"16031","2022-08-27","451",""
"16031","2022-08-28","451",""
"16031","2022-08-29","451",""
"16031","2022-08-30","424",""
"16031","2022-08-31","415",""
"16031","2022-09-01","414",""
"16031","2022-09-02","417",""
"16031","2022-09-03","421","^"
"16031","2022-09-04","421","^"
"16031","2022-09-05","421","^"
"16031","2022-09-06","421","^"
"16031","2022-09-07","399",""
"16031","2022-09-08","396",""
"16031","2022-09-09","395","_"
"16031","2022-09-10","398",""
"16031","2022-09-11","401",""
"16031","2022-09-12","401",""
"16031","2022-09-13","400",""
"16031","2022-09-14","400",""
"16031","2022-09-15","399",""
"16031","2022-09-16","401",""
"16031","2022-09-17","402",""
"16031","2022-09-18","402",""
"16031","2022-09-19","402",""
"16031","2022-09-20","401",""
"16031","2022-09-21","401",""
"16031","2022-09-22","399",""
"16031","2022-09-23","400",""
"16031","2022-09-24","401",""
"16031","2022-09-25","401",""
"16031","2022-09-26","400",""
"16031","2022-09-27","400",""
"16031","2022-09-28","400",""
"16031","2022-09-29","400",""
"16031","2022-09-30","400",""
"16031","2022-10-01","401",""
"16031","2022-10-02","400",""
"16031","2022-10-03","400",""
"16031","2022-10-04","400",""
"16031","2022-10-05","399",""
"16031","2022-10-06","399",""
"16031","2022-10-07","399","_"
"16031","2022-10-08","399","_"
"16031","2022-10-09","399",""
"16031","2022-10-10","399",""
"16031","2022-10-11","398","_"
"16031","2022-10-12","398","_"
"16031","2022-10-13","398","_"
"16031","2022-10-14","399",""
"16031","2022-10-15","398","_"
"16031","2022-10-16","398","_"
"16031","2022-10-17","399","_"
"16031","2022-10-18","400",""
"16031","2022-10-19","399",""
"16031","2022-10-20","399",""
"16031","2022-10-21","398","_"
"16031","2022-10-22","398","_"
"16031","2022-10-23","399","_"
"16031","2022-10-24","398","_"
"16031","2022-10-25","398","_"
"16031","2022-10-26","400","_"
"16031","2022-10-27","419",""
"16031","2022-10-28","423",""
"16031","2022-10-29","423",""
"16031","2022-10-30","423",""
"16031","2022-10-31","435","^"
"16031","2022-11-01","453","_"
"16031","2022-11-02","456",""
"16031","2022-11-03","490",""
"16031","2022-11-04","489",""
"16031","2022-11-05","506",""
"16031","2022-11-06","509",""
"16031","2022-11-07","497",""
"16031","2022-11-08","513",""
"16031","2022-11-09","533",""
"16031","2022-11-10","536",""
"16031","2022-11-11","533",""
"16031","2022-11-12","538",""
"16031","2022-11-13","539",""
"16031","2022-11-14","541",""
"16031","2022-11-15","565",""
"16031","2022-11-16","558",""
"16031","2022-11-17","556",""
"16031","2022-11-18","573",""
"16031","2022-11-19","574",""
"16031","2022-11-20","573",""
"16031","2022-11-21","575",""
"16031","2022-11-22","574",""
"16031","2022-11-23","576",""
"16031","2022-11-24","572",""
"16031","2022-11-25","593",""
"16031","2022-11-26","604","^"
"16031","2022-11-27","602",""
"16031","2022-11-28","600",""
"16031","2022-11-29","599",""
"16031","2022-11-30","598",""
"16031","2022-12-01","597",""
"16031","2022-12-02","599",""
"16031","2022-12-03","602",""
"16031","2022-12-04","602",""
"16031","2022-12-05","601",""
"16031","2022-12-06","600",""
"16031","2022-12-07","597",""
"16031","2022-12-08","599",""
"16031","2022-12-09","598",""
"16031","2022-12-10","596",""
"16031","2022-12-11","595",""
"16031","2022-12-12","594","_"
"16031","2022-12-13","603","_"
"16031","2022-12-14","635",""
"16031","2022-12-15","637",""
"16031","2022-12-16","669",""
"16031","2022-12-17","666",""
"16031","2022-12-18","664",""
"16031","2022-12-19","669",""
"16031","2022-12-20","690",""
"16031","2022-12-21","692",""
"16031","2022-12-22","694",""
"16031","2022-12-23","693",""
"16031","2022-12-24","695","^"
"16031","2022-12-25","696","^"
"16031","2022-12-26","696","^"
"16031","2022-12-27","696","^"
"16031","2022-12-28","693",""
"16031","2022-12-29","695","^"
"16031","2022-12-30","693",""
"16031","2022-12-31","692",""