"Код поста","Дата","Значение","Условный знак"
"12001","2003-01-01","101","BI"
"12001","2003-01-02","101","BI"
"12001","2003-01-03","101","BI"
"12001","2003-01-04","101","BI"
"12001","2003-01-05","101","BI"
"12001","2003-01-06","101","BI"
"12001","2003-01-07","101","BI"
"12001","2003-01-08","100","BI"
"12001","2003-01-09","100","BI"
"12001","2003-01-10","100","BI"
"12001","2003-01-11","100","BI"
"12001","2003-01-12","100","BI"
"12001","2003-01-13","100","BI"
"12001","2003-01-14","100","BI"
"12001","2003-01-15","100","BI"
"12001","2003-01-16","100","BI"
"12001","2003-01-17","100","BI"
"12001","2003-01-18","100","BI"
"12001","2003-01-19","100","BI"
"12001","2003-01-20","100","BI"
"12001","2003-01-21","100","BI"
"12001","2003-01-22","100","BI"
"12001","2003-01-23","100","BI"
"12001","2003-01-24","100","BI"
"12001","2003-01-25","100","BI"
"12001","2003-01-26","100","BI"
"12001","2003-01-27","100","BI"
"12001","2003-01-28","100","BI"
"12001","2003-01-29","100","BI"
"12001","2003-01-30","100","BI"
"12001","2003-01-31","100","BI"
"12001","2003-02-01","100","BI"
"12001","2003-02-02","100","BI"
"12001","2003-02-03","101","BI"
"12001","2003-02-04","101","BI"
"12001","2003-02-05","102","BI"
"12001","2003-02-06","102","BI"
"12001","2003-02-07","102","BI"
"12001","2003-02-08","102","BI"
"12001","2003-02-09","104","BI"
"12001","2003-02-10","104","BI"
"12001","2003-02-11","104","BI"
"12001","2003-02-12","104","BI"
"12001","2003-02-13","105","BI"
"12001","2003-02-14","105","BI"
"12001","2003-02-15","105","BI"
"12001","2003-02-16","105","BI"
"12001","2003-02-17","106","BI"
"12001","2003-02-18","106","BI"
"12001","2003-02-19","107","BI"
"12001","2003-02-20","107","BI"
"12001","2003-02-21","107","BI"
"12001","2003-02-22","107","BI"
"12001","2003-02-23","107","BI"
"12001","2003-02-24","108","BI"
"12001","2003-02-25","108","BI"
"12001","2003-02-26","108","BI"
"12001","2003-02-27","108","BI"
"12001","2003-02-28","108","BI"
"12001","2003-03-01","108","BI"
"12001","2003-03-02","108","BI"
"12001","2003-03-03","108","BI"
"12001","2003-03-04","108","BI"
"12001","2003-03-05","108","BI"
"12001","2003-03-06","108","BI"
"12001","2003-03-07","108","BI"
"12001","2003-03-08","108","BI"
"12001","2003-03-09","108","BI"
"12001","2003-03-10","108","BI"
"12001","2003-03-11","108","BI"
"12001","2003-03-12","108","BI"
"12001","2003-03-13","108","BI"
"12001","2003-03-14","108","BI"
"12001","2003-03-15","108","BI"
"12001","2003-03-16","108","BI"
"12001","2003-03-17","108","BI"
"12001","2003-03-18","108","BI"
"12001","2003-03-19","108","BI"
"12001","2003-03-20","108","BI"
"12001","2003-03-21","108","BI"
"12001","2003-03-22","108","BI"
"12001","2003-03-23","108","BI"
"12001","2003-03-24","108","BI"
"12001","2003-03-25","108","BI"
"12001","2003-03-26","108","BI"
"12001","2003-03-27","108","BI"
"12001","2003-03-28","108","BI"
"12001","2003-03-29","109","BI"
"12001","2003-03-30","110","BI"
"12001","2003-03-31","113","BI"
"12001","2003-04-01","118","BI"
"12001","2003-04-02","118","BI"
"12001","2003-04-03","120","BI"
"12001","2003-04-04","118","BI"
"12001","2003-04-05","119","BI"
"12001","2003-04-06","119","BI"
"12001","2003-04-07","125","("
"12001","2003-04-08","132","("
"12001","2003-04-09","140","("
"12001","2003-04-10","148","("
"12001","2003-04-11","155","("
"12001","2003-04-12","164","("
"12001","2003-04-13","172","("
"12001","2003-04-14","188","("
"12001","2003-04-15","189","("
"12001","2003-04-16","180","I"
"12001","2003-04-17","171","I"
"12001","2003-04-18","165","I"
"12001","2003-04-19","176","("
"12001","2003-04-20","197","("
"12001","2003-04-21","210","("
"12001","2003-04-22","219","("
"12001","2003-04-23","235","Х"
"12001","2003-04-24","221","Х"
"12001","2003-04-25","209","Х"
"12001","2003-04-26","200",""
"12001","2003-04-27","191",""
"12001","2003-04-28","185",""
"12001","2003-04-29","182",""
"12001","2003-04-30","178",""
"12001","2003-05-01","175",""
"12001","2003-05-02","172",""
"12001","2003-05-03","170","B"
"12001","2003-05-04","169","B"
"12001","2003-05-05","167","B"
"12001","2003-05-06","166","B"
"12001","2003-05-07","166","B"
"12001","2003-05-08","165","B"
"12001","2003-05-09","164","B"
"12001","2003-05-10","163","B"
"12001","2003-05-11","162","B"
"12001","2003-05-12","162","B"
"12001","2003-05-13","161","B"
"12001","2003-05-14","160","B"
"12001","2003-05-15","160","B"
"12001","2003-05-16","160","B"
"12001","2003-05-17","160","B"
"12001","2003-05-18","159","B"
"12001","2003-05-19","159","B"
"12001","2003-05-20","159","B"
"12001","2003-05-21","160","B"
"12001","2003-05-22","161","B"
"12001","2003-05-23","165","B"
"12001","2003-05-24","166","B"
"12001","2003-05-25","166","B"
"12001","2003-05-26","165","B"
"12001","2003-05-27","160","B"
"12001","2003-05-28","158","B"
"12001","2003-05-29","158","B"
"12001","2003-05-30","156","B"
"12001","2003-05-31","155","B"
"12001","2003-06-01","152","B"
"12001","2003-06-02","152","B"
"12001","2003-06-03","153","B"
"12001","2003-06-04","153","B"
"12001","2003-06-05","152","B"
"12001","2003-06-06","151","B"
"12001","2003-06-07","135","/B"
"12001","2003-06-08","131","B"
"12001","2003-06-09","130","B"
"12001","2003-06-10","129","B"
"12001","2003-06-11","129","B"
"12001","2003-06-12","129","B"
"12001","2003-06-13","128","B"
"12001","2003-06-14","128","B"
"12001","2003-06-15","127","B"
"12001","2003-06-16","127","B"
"12001","2003-06-17","127","B"
"12001","2003-06-18","126","B"
"12001","2003-06-19","126","B"
"12001","2003-06-20","126","B"
"12001","2003-06-21","125","B"
"12001","2003-06-22","125","B"
"12001","2003-06-23","123","B"
"12001","2003-06-24","122","B"
"12001","2003-06-25","122","B"
"12001","2003-06-26","121","B"
"12001","2003-06-27","121","B"
"12001","2003-06-28","120","B"
"12001","2003-06-29","120","B"
"12001","2003-06-30","120","B"
"12001","2003-07-01","120","B"
"12001","2003-07-02","120","B"
"12001","2003-07-03","120","B"
"12001","2003-07-04","120","B"
"12001","2003-07-05","119","B"
"12001","2003-07-06","119","B"
"12001","2003-07-07","119","B"
"12001","2003-07-08","118","B"
"12001","2003-07-09","118","B"
"12001","2003-07-10","118","B"
"12001","2003-07-11","117","B"
"12001","2003-07-12","117","B"
"12001","2003-07-13","116","B"
"12001","2003-07-14","116","B"
"12001","2003-07-15","116","B"
"12001","2003-07-16","116","B"
"12001","2003-07-17","118","B"
"12001","2003-07-18","118","B"
"12001","2003-07-19","118","B"
"12001","2003-07-20","118","B"
"12001","2003-07-21","119","B"
"12001","2003-07-22","119","B"
"12001","2003-07-23","119","B"
"12001","2003-07-24","119","B"
"12001","2003-07-25","119","B"
"12001","2003-07-26","119","B"
"12001","2003-07-27","119","B"
"12001","2003-07-28","118","B"
"12001","2003-07-29","118","B"
"12001","2003-07-30","121","B"
"12001","2003-07-31","121","B"
"12001","2003-08-01","121","B"
"12001","2003-08-02","121","B"
"12001","2003-08-03","121","B"
"12001","2003-08-04","121","B"
"12001","2003-08-05","121","B"
"12001","2003-08-06","121","B"
"12001","2003-08-07","121","B"
"12001","2003-08-08","121","B"
"12001","2003-08-09","120","B"
"12001","2003-08-10","119","B"
"12001","2003-08-11","119","B"
"12001","2003-08-12","119","B"
"12001","2003-08-13","119","B"
"12001","2003-08-14","119","B"
"12001","2003-08-15","119","B"
"12001","2003-08-16","119","B"
"12001","2003-08-17","119","B"
"12001","2003-08-18","119","B"
"12001","2003-08-19","119","B"
"12001","2003-08-20","119","B"
"12001","2003-08-21","118","B"
"12001","2003-08-22","118","B"
"12001","2003-08-23","119","B"
"12001","2003-08-24","119","В"
"12001","2003-08-25","119","В"
"12001","2003-08-26","119","В"
"12001","2003-08-27","119","В"
"12001","2003-08-28","119","В"
"12001","2003-08-29","119","В"
"12001","2003-08-30","119","В"
"12001","2003-08-31","119","В"
"12001","2003-09-01","118","B"
"12001","2003-09-02","118","B"
"12001","2003-09-03","118","B"
"12001","2003-09-04","118","B"
"12001","2003-09-05","118","B"
"12001","2003-09-06","118","B"
"12001","2003-09-07","118","B"
"12001","2003-09-08","118","B"
"12001","2003-09-09","118","B"
"12001","2003-09-10","118","B"
"12001","2003-09-11","118","B"
"12001","2003-09-12","118","B"
"12001","2003-09-13","118","B"
"12001","2003-09-14","118","B"
"12001","2003-09-15","118","B"
"12001","2003-09-16","118","B"
"12001","2003-09-17","118","B"
"12001","2003-09-18","118","B"
"12001","2003-09-19","118","B"
"12001","2003-09-20","118","B"
"12001","2003-09-21","119","В"
"12001","2003-09-22","119","В"
"12001","2003-09-23","119","В"
"12001","2003-09-24","119","В"
"12001","2003-09-25","119","В"
"12001","2003-09-26","119","В"
"12001","2003-09-27","119","В"
"12001","2003-09-28","119","В"
"12001","2003-09-29","119","В"
"12001","2003-09-30","119","В"
"12001","2003-10-01","119","В"
"12001","2003-10-02","118","B"
"12001","2003-10-03","118","B"
"12001","2003-10-04","118","B"
"12001","2003-10-05","118","B"
"12001","2003-10-06","118","B"
"12001","2003-10-07","118","B"
"12001","2003-10-08","119","В"
"12001","2003-10-09","119","В"
"12001","2003-10-10","119","В"
"12001","2003-10-11","119","В"
"12001","2003-10-12","119","В"
"12001","2003-10-13","119","В"
"12001","2003-10-14","119","В"
"12001","2003-10-15","119","В"
"12001","2003-10-16","119","В"
"12001","2003-10-17","119","В"
"12001","2003-10-18","119","В"
"12001","2003-10-19","119","В"
"12001","2003-10-20","119","В"
"12001","2003-10-21","119","В"
"12001","2003-10-22","120","B"
"12001","2003-10-23","120","B"
"12001","2003-10-24","120","B"
"12001","2003-10-25","120","B"
"12001","2003-10-26","120","B"
"12001","2003-10-27","120","B"
"12001","2003-10-28","120","B)"
"12001","2003-10-29","120","B)"
"12001","2003-10-30","120","B)"
"12001","2003-10-31","120","B)"
"12001","2003-11-01","118","B)"
"12001","2003-11-02","118","B)"
"12001","2003-11-03","118","B)"
"12001","2003-11-04","118","BZ"
"12001","2003-11-05","118","BZ"
"12001","2003-11-06","118","BZ"
"12001","2003-11-07","119","BZ"
"12001","2003-11-08","119","BZ"
"12001","2003-11-09","120","BI"
"12001","2003-11-10","120","BI"
"12001","2003-11-11","120","BI"
"12001","2003-11-12","120","BI"
"12001","2003-11-13","120","BI"
"12001","2003-11-14","120","BI"
"12001","2003-11-15","120","BI"
"12001","2003-11-16","120","BI"
"12001","2003-11-17","120","BI"
"12001","2003-11-18","120","BI"
"12001","2003-11-19","121","BI"
"12001","2003-11-20","121","BI"
"12001","2003-11-21","121","BI"
"12001","2003-11-22","121","BI"
"12001","2003-11-23","121","BI"
"12001","2003-11-24","121","BI"
"12001","2003-11-25","121","BI"
"12001","2003-11-26","121","BI"
"12001","2003-11-27","121","BI"
"12001","2003-11-28","121","BI"
"12001","2003-11-29","121","BI"
"12001","2003-11-30","121","BI"
"12001","2003-12-01","123","BI"
"12001","2003-12-02","123","BI"
"12001","2003-12-03","124","BI"
"12001","2003-12-04","124","BI"
"12001","2003-12-05","124","BI"
"12001","2003-12-06","124","BI"
"12001","2003-12-07","124","BI"
"12001","2003-12-08","124","BI"
"12001","2003-12-09","124","BI"
"12001","2003-12-10","124","BI"
"12001","2003-12-11","124","BI"
"12001","2003-12-12","124","BI"
"12001","2003-12-13","124","BI"
"12001","2003-12-14","124","BI"
"12001","2003-12-15","124","BI"
"12001","2003-12-16","124","BI"
"12001","2003-12-17","124","BI"
"12001","2003-12-18","124","BI"
"12001","2003-12-19","125","BI"
"12001","2003-12-20","125","BI"
"12001","2003-12-21","125","BI"
"12001","2003-12-22","126","BI"
"12001","2003-12-23","126","BI"
"12001","2003-12-24","126","BI"
"12001","2003-12-25","126","BI"
"12001","2003-12-26","126","BI"
"12001","2003-12-27","126","BI"
"12001","2003-12-28","126","BI"
"12001","2003-12-29","126","BI"
"12001","2003-12-30","126","BI"
"12001","2003-12-31","127","BI"
"12001","2004-01-01","127","BI"
"12001","2004-01-02","127","BI"
"12001","2004-01-03","127","BI"
"12001","2004-01-04","127","BI"
"12001","2004-01-05","127","BI"
"12001","2004-01-06","127","BI"
"12001","2004-01-07","127","BI"
"12001","2004-01-08","127","BI"
"12001","2004-01-09","127","BI"
"12001","2004-01-10","127","BI"
"12001","2004-01-11","127","BI"
"12001","2004-01-12","127","BI"
"12001","2004-01-13","128","BI"
"12001","2004-01-14","128","BI"
"12001","2004-01-15","128","BI"
"12001","2004-01-16","128","BI"
"12001","2004-01-17","128","BI"
"12001","2004-01-18","128","BI"
"12001","2004-01-19","128","BI"
"12001","2004-01-20","128","BI"
"12001","2004-01-21","128","BI"
"12001","2004-01-22","128","BI"
"12001","2004-01-23","128","BI"
"12001","2004-01-24","128","BI"
"12001","2004-01-25","128","BI"
"12001","2004-01-26","129","BI"
"12001","2004-01-27","129","BI"
"12001","2004-01-28","129","BI"
"12001","2004-01-29","129","BI"
"12001","2004-01-30","129","BI"
"12001","2004-01-31","129","BI"
"12001","2004-02-01","129","BI"
"12001","2004-02-02","129","BI"
"12001","2004-02-03","129","BI"
"12001","2004-02-04","129","BI"
"12001","2004-02-05","129","BI"
"12001","2004-02-06","129","BI"
"12001","2004-02-07","129","BI"
"12001","2004-02-08","129","BI"
"12001","2004-02-09","130","BI"
"12001","2004-02-10","130","BI"
"12001","2004-02-11","130","BI"
"12001","2004-02-12","130","BI"
"12001","2004-02-13","130","BI"
"12001","2004-02-14","130","BI"
"12001","2004-02-15","130","BI"
"12001","2004-02-16","130","BI"
"12001","2004-02-17","130","BI"
"12001","2004-02-18","130","BI"
"12001","2004-02-19","130","BI"
"12001","2004-02-20","130","BI"
"12001","2004-02-21","130","BI"
"12001","2004-02-22","132","BI"
"12001","2004-02-23","132","BI"
"12001","2004-02-24","132","BI"
"12001","2004-02-25","132","BI"
"12001","2004-02-26","132","BI"
"12001","2004-02-27","132","BI"
"12001","2004-02-28","132","BI"
"12001","2004-02-29","132","BI"
"12001","2004-03-01","132","BI"
"12001","2004-03-02","132","BI"
"12001","2004-03-03","132","BI"
"12001","2004-03-04","132","BI"
"12001","2004-03-05","132","BI"
"12001","2004-03-06","133","BI"
"12001","2004-03-07","133","BI"
"12001","2004-03-08","133","BI"
"12001","2004-03-09","133","BI"
"12001","2004-03-10","133","BI"
"12001","2004-03-11","133","BI"
"12001","2004-03-12","134","BI"
"12001","2004-03-13","134","BI"
"12001","2004-03-14","134","BI"
"12001","2004-03-15","134","BI"
"12001","2004-03-16","134","BI"
"12001","2004-03-17","134","BI"
"12001","2004-03-18","134","BI"
"12001","2004-03-19","134","BI"
"12001","2004-03-20","134","BI"
"12001","2004-03-21","134","BI"
"12001","2004-03-22","151","BI"
"12001","2004-03-23","161","BI"
"12001","2004-03-24","182","B("
"12001","2004-03-25","182","B("
"12001","2004-03-26","182","B("
"12001","2004-03-27","185","B("
"12001","2004-03-28","185","B("
"12001","2004-03-29","229","("
"12001","2004-03-30","275","("
"12001","2004-03-31","301","("
"12001","2004-04-01","332","Л"
"12001","2004-04-02","358","Л"
"12001","2004-04-03","355","Л"
"12001","2004-04-04","322","Х"
"12001","2004-04-05","296","Х"
"12001","2004-04-06","270",""
"12001","2004-04-07","246",""
"12001","2004-04-08","230",""
"12001","2004-04-09","232",""
"12001","2004-04-10","252",""
"12001","2004-04-11","232",""
"12001","2004-04-12","216",""
"12001","2004-04-13","207",""
"12001","2004-04-14","201",""
"12001","2004-04-15","191",""
"12001","2004-04-16","190",""
"12001","2004-04-17","188",""
"12001","2004-04-18","184",""
"12001","2004-04-19","180",""
"12001","2004-04-20","174",""
"12001","2004-04-21","170",""
"12001","2004-04-22","167","B"
"12001","2004-04-23","163","B"
"12001","2004-04-24","162","B"
"12001","2004-04-25","159","B"
"12001","2004-04-26","157","B"
"12001","2004-04-27","157","B"
"12001","2004-04-28","153","B"
"12001","2004-04-29","152","B"
"12001","2004-04-30","151","B"
"12001","2004-05-01","166","B"
"12001","2004-05-02","165","B"
"12001","2004-05-03","163","B"
"12001","2004-05-04","161","B"
"12001","2004-05-05","159","B"
"12001","2004-05-06","157","B"
"12001","2004-05-07","154","B"
"12001","2004-05-08","154","B"
"12001","2004-05-09","153","B"
"12001","2004-05-10","152","B"
"12001","2004-05-11","152","B"
"12001","2004-05-12","152","B"
"12001","2004-05-13","152","B"
"12001","2004-05-14","152","B"
"12001","2004-05-15","151","B"
"12001","2004-05-16","151","B"
"12001","2004-05-17","150","B"
"12001","2004-05-18","150","B"
"12001","2004-05-19","150","B"
"12001","2004-05-20","150","B"
"12001","2004-05-21","148","B"
"12001","2004-05-22","148","B"
"12001","2004-05-23","148","B"
"12001","2004-05-24","148","B"
"12001","2004-05-25","148","B"
"12001","2004-05-26","148","B"
"12001","2004-05-27","148","B"
"12001","2004-05-28","147","B"
"12001","2004-05-29","147","B"
"12001","2004-05-30","147","B"
"12001","2004-05-31","146","B"
"12001","2004-06-01","146","B"
"12001","2004-06-02","145","B"
"12001","2004-06-03","145","B"
"12001","2004-06-04","145","B"
"12001","2004-06-05","145","B"
"12001","2004-06-06","145","B"
"12001","2004-06-07","144","B"
"12001","2004-06-08","144","B"
"12001","2004-06-09","144","B"
"12001","2004-06-10","144","B"
"12001","2004-06-11","144","B"
"12001","2004-06-12","143","B"
"12001","2004-06-13","142","B"
"12001","2004-06-14","142","B"
"12001","2004-06-15","141","B"
"12001","2004-06-16","141","B"
"12001","2004-06-17","140","B"
"12001","2004-06-18","139","B"
"12001","2004-06-19","139","B"
"12001","2004-06-20","138","B"
"12001","2004-06-21","138","B"
"12001","2004-06-22","138","B"
"12001","2004-06-23","138","B"
"12001","2004-06-24","138","B"
"12001","2004-06-25","138","B"
"12001","2004-06-26","137","B"
"12001","2004-06-27","136","B"
"12001","2004-06-28","136","B"
"12001","2004-06-29","136","B"
"12001","2004-06-30","136","B"
"12001","2004-07-01","133","B"
"12001","2004-07-02","133","B"
"12001","2004-07-03","133","B"
"12001","2004-07-04","133","B"
"12001","2004-07-05","133","B"
"12001","2004-07-06","131","B"
"12001","2004-07-07","131","B"
"12001","2004-07-08","131","B"
"12001","2004-07-09","131","B"
"12001","2004-07-10","130","B"
"12001","2004-07-11","130","B"
"12001","2004-07-12","130","B"
"12001","2004-07-13","129","B"
"12001","2004-07-14","129","B"
"12001","2004-07-15","129","B"
"12001","2004-07-16","129","B"
"12001","2004-07-17","128","B"
"12001","2004-07-18","128","B"
"12001","2004-07-19","127","B"
"12001","2004-07-20","127","B"
"12001","2004-07-21","127","B"
"12001","2004-07-22","127","B"
"12001","2004-07-23","127","B"
"12001","2004-07-24","127","B"
"12001","2004-07-25","127","B"
"12001","2004-07-26","125","B"
"12001","2004-07-27","125","B"
"12001","2004-07-28","125","B"
"12001","2004-07-29","125","B"
"12001","2004-07-30","125","B"
"12001","2004-07-31","125","B"
"12001","2004-08-01","124","B"
"12001","2004-08-02","124","B"
"12001","2004-08-03","124","B"
"12001","2004-08-04","124","B"
"12001","2004-08-05","123","B"
"12001","2004-08-06","123","B"
"12001","2004-08-07","123","B"
"12001","2004-08-08","123","B"
"12001","2004-08-09","123","B"
"12001","2004-08-10","122","B"
"12001","2004-08-11","122","B"
"12001","2004-08-12","121","B"
"12001","2004-08-13","121","B"
"12001","2004-08-14","121","B"
"12001","2004-08-15","121","B"
"12001","2004-08-16","121","B"
"12001","2004-08-17","120","B"
"12001","2004-08-18","120","B"
"12001","2004-08-19","120","B"
"12001","2004-08-20","120","B"
"12001","2004-08-21","119","B"
"12001","2004-08-22","119","B"
"12001","2004-08-23","119","B"
"12001","2004-08-24","118","B"
"12001","2004-08-25","118","B"
"12001","2004-08-26","118","B"
"12001","2004-08-27","118","B"
"12001","2004-08-28","118","B"
"12001","2004-08-29","118","B"
"12001","2004-08-30","117","B"
"12001","2004-08-31","117","B"
"12001","2004-09-01","116","B"
"12001","2004-09-02","116","B"
"12001","2004-09-03","116","B"
"12001","2004-09-04","115","B"
"12001","2004-09-05","115","B"
"12001","2004-09-06","115","B"
"12001","2004-09-07","115","B"
"12001","2004-09-08","115","B"
"12001","2004-09-09","114","B"
"12001","2004-09-10","114","B"
"12001","2004-09-11","114","B"
"12001","2004-09-12","114","B"
"12001","2004-09-13","114","B"
"12001","2004-09-14","114","B"
"12001","2004-09-15","114","B"
"12001","2004-09-16","113","B"
"12001","2004-09-17","113","B"
"12001","2004-09-18","113","B"
"12001","2004-09-19","113","B"
"12001","2004-09-20","113","B"
"12001","2004-09-21","112","B"
"12001","2004-09-22","111","B"
"12001","2004-09-23","111","B"
"12001","2004-09-24","111","B"
"12001","2004-09-25","111","B"
"12001","2004-09-26","111","B"
"12001","2004-09-27","111","B"
"12001","2004-09-28","110","B"
"12001","2004-09-29","110","B"
"12001","2004-09-30","110","B"
"12001","2004-10-01","111","B"
"12001","2004-10-02","111","B"
"12001","2004-10-03","112","B"
"12001","2004-10-04","112","B"
"12001","2004-10-05","112","B"
"12001","2004-10-06","112","B"
"12001","2004-10-07","112","B"
"12001","2004-10-08","112","B"
"12001","2004-10-09","112","B"
"12001","2004-10-10","112","B"
"12001","2004-10-11","112","B"
"12001","2004-10-12","112","B"
"12001","2004-10-13","112","B"
"12001","2004-10-14","112","B"
"12001","2004-10-15","112","B"
"12001","2004-10-16","112","B"
"12001","2004-10-17","112","B"
"12001","2004-10-18","113","B"
"12001","2004-10-19","113","B"
"12001","2004-10-20","113","B"
"12001","2004-10-21","114","B"
"12001","2004-10-22","114","B"
"12001","2004-10-23","114","B"
"12001","2004-10-24","114","B"
"12001","2004-10-25","114","B"
"12001","2004-10-26","114","B"
"12001","2004-10-27","114","B"
"12001","2004-10-28","115","B"
"12001","2004-10-29","115","B"
"12001","2004-10-30","115","B"
"12001","2004-10-31","115","B"
"12001","2004-11-01","117","B"
"12001","2004-11-02","117","B"
"12001","2004-11-03","120","B"
"12001","2004-11-04","120","B"
"12001","2004-11-05","120","B"
"12001","2004-11-06","120","B"
"12001","2004-11-07","120","B"
"12001","2004-11-08","122","B"
"12001","2004-11-09","122","B"
"12001","2004-11-10","122","B"
"12001","2004-11-11","122","B"
"12001","2004-11-12","123","B"
"12001","2004-11-13","124","B"
"12001","2004-11-14","124","B"
"12001","2004-11-15","124","B"
"12001","2004-11-16","126","B"
"12001","2004-11-17","127","B"
"12001","2004-11-18","127","B"
"12001","2004-11-19","127","B"
"12001","2004-11-20","127","B"
"12001","2004-11-21","127","B"
"12001","2004-11-22","127","B"
"12001","2004-11-23","127","B"
"12001","2004-11-24","130","B"
"12001","2004-11-25","130","B)"
"12001","2004-11-26","130","B)"
"12001","2004-11-27","130","BI"
"12001","2004-11-28","130","BI"
"12001","2004-11-29","130","BI"
"12001","2004-11-30","131","BI"
"12001","2004-12-01","131","BI"
"12001","2004-12-02","131","BI"
"12001","2004-12-03","131","BI"
"12001","2004-12-04","132","BI"
"12001","2004-12-05","132","BI"
"12001","2004-12-06","132","BI"
"12001","2004-12-07","132","BI"
"12001","2004-12-08","132","BI"
"12001","2004-12-09","132","BI"
"12001","2004-12-10","133","BI"
"12001","2004-12-11","133","BI"
"12001","2004-12-12","133","BI"
"12001","2004-12-13","133","BI"
"12001","2004-12-14","133","BI"
"12001","2004-12-15","135","BI"
"12001","2004-12-16","135","BI"
"12001","2004-12-17","135","BI"
"12001","2004-12-18","135","BI"
"12001","2004-12-19","135","BI"
"12001","2004-12-20","135","BI"
"12001","2004-12-21","135","BI"
"12001","2004-12-22","135","BI"
"12001","2004-12-23","135","BI"
"12001","2004-12-24","135","BI"
"12001","2004-12-25","136","BI"
"12001","2004-12-26","136","BI"
"12001","2004-12-27","136","BI"
"12001","2004-12-28","136","BI"
"12001","2004-12-29","137","BI"
"12001","2004-12-30","137","BI"
"12001","2004-12-31","137","BI"
"12001","2005-01-01","137","ВI"
"12001","2005-01-02","137","ВI"
"12001","2005-01-03","137","ВI"
"12001","2005-01-04","137","ВI"
"12001","2005-01-05","136","ВI"
"12001","2005-01-06","136","ВI"
"12001","2005-01-07","136","ВI"
"12001","2005-01-08","136","ВI"
"12001","2005-01-09","136","ВI"
"12001","2005-01-10","136","ВI"
"12001","2005-01-11","136","ВI"
"12001","2005-01-12","136","ВI"
"12001","2005-01-13","135","ВI"
"12001","2005-01-14","135","ВI"
"12001","2005-01-15","135","ВI"
"12001","2005-01-16","135","ВI"
"12001","2005-01-17","135","ВI"
"12001","2005-01-18","135","ВI"
"12001","2005-01-19","135","ВI"
"12001","2005-01-20","135","ВI"
"12001","2005-01-21","134","ВI"
"12001","2005-01-22","134","ВI"
"12001","2005-01-23","134","ВI"
"12001","2005-01-24","134","ВI"
"12001","2005-01-25","134","ВI"
"12001","2005-01-26","134","ВI"
"12001","2005-01-27","134","ВI"
"12001","2005-01-28","134","ВI"
"12001","2005-01-29","134","ВI"
"12001","2005-01-30","134","ВI"
"12001","2005-01-31","134","ВI"
"12001","2005-02-01","134","ВI"
"12001","2005-02-02","134","ВI"
"12001","2005-02-03","134","ВI"
"12001","2005-02-04","134","ВI"
"12001","2005-02-05","134","ВI"
"12001","2005-02-06","134","ВI"
"12001","2005-02-07","134","ВI"
"12001","2005-02-08","134","ВI"
"12001","2005-02-09","134","ВI"
"12001","2005-02-10","134","ВI"
"12001","2005-02-11","135","ВI"
"12001","2005-02-12","135","ВI"
"12001","2005-02-13","135","ВI"
"12001","2005-02-14","135","ВI"
"12001","2005-02-15","135","ВI"
"12001","2005-02-16","135","ВI"
"12001","2005-02-17","135","ВI"
"12001","2005-02-18","135","ВI"
"12001","2005-02-19","135","ВI"
"12001","2005-02-20","135","ВI"
"12001","2005-02-21","135","ВI"
"12001","2005-02-22","135","ВI"
"12001","2005-02-23","135","ВI"
"12001","2005-02-24","135","ВI"
"12001","2005-02-25","135","ВI"
"12001","2005-02-26","135","ВI"
"12001","2005-02-27","135","ВI"
"12001","2005-02-28","135","ВI"
"12001","2005-03-01","135","ВI"
"12001","2005-03-02","135","ВI"
"12001","2005-03-03","135","ВI"
"12001","2005-03-04","135","ВI"
"12001","2005-03-05","135","ВI"
"12001","2005-03-06","135","ВI"
"12001","2005-03-07","135","ВI"
"12001","2005-03-08","135","ВI"
"12001","2005-03-09","135","ВI"
"12001","2005-03-10","135","ВI"
"12001","2005-03-11","135","ВI"
"12001","2005-03-12","135","ВI"
"12001","2005-03-13","135","ВI"
"12001","2005-03-14","135","ВI"
"12001","2005-03-15","135","ВI"
"12001","2005-03-16","135","ВI"
"12001","2005-03-17","135","ВI"
"12001","2005-03-18","135","ВI"
"12001","2005-03-19","135","ВI"
"12001","2005-03-20","135","ВI"
"12001","2005-03-21","135","ВI"
"12001","2005-03-22","135","ВI"
"12001","2005-03-23","135","ВI"
"12001","2005-03-24","135","ВI"
"12001","2005-03-25","135","ВI"
"12001","2005-03-26","135","ВI"
"12001","2005-03-27","135","ВI"
"12001","2005-03-28","135","ВI"
"12001","2005-03-29","135","ВI"
"12001","2005-03-30","135","ВI"
"12001","2005-03-31","135","ВI"
"12001","2005-04-01","135","ВI"
"12001","2005-04-02","135","ВI"
"12001","2005-04-03","135","ВI"
"12001","2005-04-04","135","ВI"
"12001","2005-04-05","135","ВI"
"12001","2005-04-06","135","ВI"
"12001","2005-04-07","135","ВI"
"12001","2005-04-08","142","В("
"12001","2005-04-09","169","В("
"12001","2005-04-10","180","("
"12001","2005-04-11","192","↑"
"12001","2005-04-12","220","↑"
"12001","2005-04-13","236","↑"
"12001","2005-04-14","256","↑"
"12001","2005-04-15","289","↑"
"12001","2005-04-16","326","Л<"
"12001","2005-04-17","344","Л<"
"12001","2005-04-18","391","Л<"
"12001","2005-04-19","394",""
"12001","2005-04-20","348",""
"12001","2005-04-21","311",""
"12001","2005-04-22","242",""
"12001","2005-04-23","223",""
"12001","2005-04-24","209",""
"12001","2005-04-25","199",""
"12001","2005-04-26","195",""
"12001","2005-04-27","188",""
"12001","2005-04-28","181",""
"12001","2005-04-29","178",""
"12001","2005-04-30","176",""
"12001","2005-05-01","173",""
"12001","2005-05-02","171",""
"12001","2005-05-03","168","В"
"12001","2005-05-04","166","В"
"12001","2005-05-05","164","В"
"12001","2005-05-06","160","В"
"12001","2005-05-07","160","В"
"12001","2005-05-08","160","В"
"12001","2005-05-09","159","В"
"12001","2005-05-10","158","В"
"12001","2005-05-11","158","В"
"12001","2005-05-12","158","В"
"12001","2005-05-13","158","В"
"12001","2005-05-14","158","В"
"12001","2005-05-15","157","В"
"12001","2005-05-16","157","В"
"12001","2005-05-17","157","В"
"12001","2005-05-18","156","В"
"12001","2005-05-19","154","В"
"12001","2005-05-20","154","В"
"12001","2005-05-21","154","В"
"12001","2005-05-22","153","В"
"12001","2005-05-23","154","В"
"12001","2005-05-24","154","В"
"12001","2005-05-25","152","В"
"12001","2005-05-26","152","В"
"12001","2005-05-27","152","В"
"12001","2005-05-28","152","В"
"12001","2005-05-29","150","В"
"12001","2005-05-30","150","В"
"12001","2005-05-31","150","В"
"12001","2005-06-01","150","В"
"12001","2005-06-02","150","В"
"12001","2005-06-03","150","В"
"12001","2005-06-04","148","В"
"12001","2005-06-05","148","В"
"12001","2005-06-06","148","В"
"12001","2005-06-07","147","В"
"12001","2005-06-08","147","В"
"12001","2005-06-09","146","В"
"12001","2005-06-10","145","В"
"12001","2005-06-11","145","В"
"12001","2005-06-12","145","В"
"12001","2005-06-13","144","В"
"12001","2005-06-14","144","В"
"12001","2005-06-15","143","В"
"12001","2005-06-16","143","В"
"12001","2005-06-17","142","В"
"12001","2005-06-18","142","В"
"12001","2005-06-19","142","В"
"12001","2005-06-20","140","В"
"12001","2005-06-21","140","В"
"12001","2005-06-22","140","В"
"12001","2005-06-23","139","В"
"12001","2005-06-24","139","В"
"12001","2005-06-25","139","В"
"12001","2005-06-26","138","В"
"12001","2005-06-27","138","В"
"12001","2005-06-28","137","В"
"12001","2005-06-29","137","В"
"12001","2005-06-30","137","В"
"12001","2005-07-01","137","В"
"12001","2005-07-02","136","В"
"12001","2005-07-03","136","В"
"12001","2005-07-04","136","В"
"12001","2005-07-05","136","В"
"12001","2005-07-06","135","В"
"12001","2005-07-07","135","В"
"12001","2005-07-08","135","В"
"12001","2005-07-09","134","В"
"12001","2005-07-10","134","В"
"12001","2005-07-11","133","В"
"12001","2005-07-12","133","В"
"12001","2005-07-13","133","В"
"12001","2005-07-14","132","В"
"12001","2005-07-15","132","В"
"12001","2005-07-16","132","В"
"12001","2005-07-17","132","В"
"12001","2005-07-18","131","В"
"12001","2005-07-19","131","В"
"12001","2005-07-20","131","В"
"12001","2005-07-21","131","В"
"12001","2005-07-22","131","В"
"12001","2005-07-23","130","В"
"12001","2005-07-24","130","В"
"12001","2005-07-25","130","В"
"12001","2005-07-26","130","В"
"12001","2005-07-27","130","В"
"12001","2005-07-28","130","В"
"12001","2005-07-29","130","В"
"12001","2005-07-30","129","В"
"12001","2005-07-31","129","В"
"12001","2005-08-01","129","В"
"12001","2005-08-02","129","В"
"12001","2005-08-03","129","В"
"12001","2005-08-04","129","В"
"12001","2005-08-05","129","В"
"12001","2005-08-06","129","В"
"12001","2005-08-07","129","В"
"12001","2005-08-08","129","В"
"12001","2005-08-09","129","В"
"12001","2005-08-10","129","В"
"12001","2005-08-11","129","В"
"12001","2005-08-12","129","В"
"12001","2005-08-13","128","В"
"12001","2005-08-14","128","В"
"12001","2005-08-15","128","В"
"12001","2005-08-16","128","В"
"12001","2005-08-17","128","В"
"12001","2005-08-18","128","В"
"12001","2005-08-19","128","В"
"12001","2005-08-20","129","В"
"12001","2005-08-21","130","В"
"12001","2005-08-22","131","В"
"12001","2005-08-23","131","В"
"12001","2005-08-24","132","В"
"12001","2005-08-25","132","В"
"12001","2005-08-26","132","В"
"12001","2005-08-27","132","В"
"12001","2005-08-28","132","В"
"12001","2005-08-29","132","В"
"12001","2005-08-30","132","В"
"12001","2005-08-31","132","В"
"12001","2005-09-01","129","В"
"12001","2005-09-02","129","В"
"12001","2005-09-03","130","В"
"12001","2005-09-04","131","В"
"12001","2005-09-05","131","В"
"12001","2005-09-06","132","В"
"12001","2005-09-07","132","В"
"12001","2005-09-08","132","В"
"12001","2005-09-09","132","В"
"12001","2005-09-10","131","В"
"12001","2005-09-11","129","В"
"12001","2005-09-12","129","В"
"12001","2005-09-13","129","В"
"12001","2005-09-14","129","В"
"12001","2005-09-15","128","В"
"12001","2005-09-16","128","В"
"12001","2005-09-17","128","В"
"12001","2005-09-18","128","В"
"12001","2005-09-19","128","В"
"12001","2005-09-20","128","В"
"12001","2005-09-21","128","В"
"12001","2005-09-22","128","В"
"12001","2005-09-23","128","В"
"12001","2005-09-24","128","В"
"12001","2005-09-25","128","В"
"12001","2005-09-26","128","В"
"12001","2005-09-27","128","В"
"12001","2005-09-28","128","В"
"12001","2005-09-29","128","В"
"12001","2005-09-30","128","В"
"12001","2005-10-01","129","В"
"12001","2005-10-02","129","В"
"12001","2005-10-03","129","В"
"12001","2005-10-04","129","В"
"12001","2005-10-05","129","В"
"12001","2005-10-06","129","В"
"12001","2005-10-07","129","В"
"12001","2005-10-08","129","В"
"12001","2005-10-09","129","В"
"12001","2005-10-10","129","В"
"12001","2005-10-11","129","В"
"12001","2005-10-12","129","В"
"12001","2005-10-13","129","В"
"12001","2005-10-14","129","В"
"12001","2005-10-15","129","В"
"12001","2005-10-16","129","В"
"12001","2005-10-17","129","В"
"12001","2005-10-18","129","В"
"12001","2005-10-19","129","В"
"12001","2005-10-20","129","В"
"12001","2005-10-21","129","В"
"12001","2005-10-22","129","В"
"12001","2005-10-23","129","В"
"12001","2005-10-24","129","В"
"12001","2005-10-25","129","В"
"12001","2005-10-26","129","В"
"12001","2005-10-27","129","В"
"12001","2005-10-28","129","В"
"12001","2005-10-29","129","В"
"12001","2005-10-30","129","В"
"12001","2005-10-31","129","В"
"12001","2005-11-01","129","В"
"12001","2005-11-02","129","В"
"12001","2005-11-03","129","В"
"12001","2005-11-04","129","В"
"12001","2005-11-05","129","В"
"12001","2005-11-06","129","В"
"12001","2005-11-07","129","В"
"12001","2005-11-08","129","В"
"12001","2005-11-09","129","В)"
"12001","2005-11-10","129","В)"
"12001","2005-11-11","129","В)"
"12001","2005-11-12","129","В)"
"12001","2005-11-13","129","ВI"
"12001","2005-11-14","129","ВI"
"12001","2005-11-15","129","ВI"
"12001","2005-11-16","129","ВI"
"12001","2005-11-17","129","ВI"
"12001","2005-11-18","129","ВI"
"12001","2005-11-19","130","ВI"
"12001","2005-11-20","130","ВI"
"12001","2005-11-21","130","ВI"
"12001","2005-11-22","130","ВI"
"12001","2005-11-23","130","ВI"
"12001","2005-11-24","130","ВI"
"12001","2005-11-25","130","ВI"
"12001","2005-11-26","130","ВI"
"12001","2005-11-27","130","ВI"
"12001","2005-11-28","130","ВI"
"12001","2005-11-29","130","ВI"
"12001","2005-11-30","130","ВI"
"12001","2005-12-01","130","ВI"
"12001","2005-12-02","130","ВI"
"12001","2005-12-03","130","ВI"
"12001","2005-12-04","130","ВI"
"12001","2005-12-05","130","ВI"
"12001","2005-12-06","130","ВI"
"12001","2005-12-07","130","ВI"
"12001","2005-12-08","130","ВI"
"12001","2005-12-09","130","ВI"
"12001","2005-12-10","130","ВI"
"12001","2005-12-11","131","ВI"
"12001","2005-12-12","131","ВI"
"12001","2005-12-13","131","ВI"
"12001","2005-12-14","131","ВI"
"12001","2005-12-15","131","ВI"
"12001","2005-12-16","131","ВI"
"12001","2005-12-17","131","ВI"
"12001","2005-12-18","131","ВI"
"12001","2005-12-19","131","ВI"
"12001","2005-12-20","131","ВI"
"12001","2005-12-21","131","ВI"
"12001","2005-12-22","131","ВI"
"12001","2005-12-23","131","ВI"
"12001","2005-12-24","131","ВI"
"12001","2005-12-25","131","ВI"
"12001","2005-12-26","131","ВI"
"12001","2005-12-27","131","ВI"
"12001","2005-12-28","131","ВI"
"12001","2005-12-29","131","ВI"
"12001","2005-12-30","131","ВI"
"12001","2005-12-31","131","ВI"
"12001","2006-01-01","131","ВI"
"12001","2006-01-02","131","ВI"
"12001","2006-01-03","131","ВI"
"12001","2006-01-04","131","ВI"
"12001","2006-01-05","132","ВI"
"12001","2006-01-06","132","ВI"
"12001","2006-01-07","132","ВI"
"12001","2006-01-08","133","ВI"
"12001","2006-01-09","134","ВI"
"12001","2006-01-10","135","ВI"
"12001","2006-01-11","136","ВI"
"12001","2006-01-12","136","ВI"
"12001","2006-01-13","136","ВI"
"12001","2006-01-14","137","ВI"
"12001","2006-01-15","137","ВI"
"12001","2006-01-16","137","ВI"
"12001","2006-01-17","137","ВI"
"12001","2006-01-18","137","ВI"
"12001","2006-01-19","138","ВI"
"12001","2006-01-20","138","ВI"
"12001","2006-01-21","139","ВI"
"12001","2006-01-22","140","ВI"
"12001","2006-01-23","140","ВI"
"12001","2006-01-24","140","ВI"
"12001","2006-01-25","140","ВI"
"12001","2006-01-26","140","ВI"
"12001","2006-01-27","140","ВI"
"12001","2006-01-28","140","ВI"
"12001","2006-01-29","140","ВI"
"12001","2006-01-30","140","ВI"
"12001","2006-01-31","140","ВI"
"12001","2006-02-01","141","ВI"
"12001","2006-02-02","141","ВI"
"12001","2006-02-03","142","ВI"
"12001","2006-02-04","142","ВI"
"12001","2006-02-05","142","ВI"
"12001","2006-02-06","142","ВI"
"12001","2006-02-07","142","ВI"
"12001","2006-02-08","142","ВI"
"12001","2006-02-09","142","ВI"
"12001","2006-02-10","142","ВI"
"12001","2006-02-11","142","ВI"
"12001","2006-02-12","142","ВI"
"12001","2006-02-13","144","ВI"
"12001","2006-02-14","144","ВI"
"12001","2006-02-15","144","ВI"
"12001","2006-02-16","144","ВI"
"12001","2006-02-17","144","ВI"
"12001","2006-02-18","144","ВI"
"12001","2006-02-19","144","ВI"
"12001","2006-02-20","144","ВI"
"12001","2006-02-21","144","ВI"
"12001","2006-02-22","144","ВI"
"12001","2006-02-23","144","ВI"
"12001","2006-02-24","145","ВI"
"12001","2006-02-25","146","ВI"
"12001","2006-02-26","146","ВI"
"12001","2006-02-27","146","ВI"
"12001","2006-02-28","146","ВI"
"12001","2006-03-01","146","ВI"
"12001","2006-03-02","146","ВI"
"12001","2006-03-03","146","ВI"
"12001","2006-03-04","146","ВI"
"12001","2006-03-05","146","ВI"
"12001","2006-03-06","146","ВI"
"12001","2006-03-07","146","ВI"
"12001","2006-03-08","148","ВI"
"12001","2006-03-09","148","ВI"
"12001","2006-03-10","148","ВI"
"12001","2006-03-11","148","ВI"
"12001","2006-03-12","149","ВI"
"12001","2006-03-13","151","ВI"
"12001","2006-03-14","154","ВI"
"12001","2006-03-15","155","ВI"
"12001","2006-03-16","155","ВI"
"12001","2006-03-17","155","ВI"
"12001","2006-03-18","155","ВI"
"12001","2006-03-19","154","ВI"
"12001","2006-03-20","155","ВI"
"12001","2006-03-21","156","ВI"
"12001","2006-03-22","157","ВI"
"12001","2006-03-23","158","ВI"
"12001","2006-03-24","158","В("
"12001","2006-03-25","160","В("
"12001","2006-03-26","158","В("
"12001","2006-03-27","155","В("
"12001","2006-03-28","151","В("
"12001","2006-03-29","149","В("
"12001","2006-03-30","147","В("
"12001","2006-03-31","147","В("
"12001","2006-04-01","149","В("
"12001","2006-04-02","149","В("
"12001","2006-04-03","149","В("
"12001","2006-04-04","149","В("
"12001","2006-04-05","149","В("
"12001","2006-04-06","149","В("
"12001","2006-04-07","148","В("
"12001","2006-04-08","148","В("
"12001","2006-04-09","149","В("
"12001","2006-04-10","147","В("
"12001","2006-04-11","146","В("
"12001","2006-04-12","145","В("
"12001","2006-04-13","144","В("
"12001","2006-04-14","142","В("
"12001","2006-04-15","142","В("
"12001","2006-04-16","142","В"
"12001","2006-04-17","142","В"
"12001","2006-04-18","142","В"
"12001","2006-04-19","138","В"
"12001","2006-04-20","138","В"
"12001","2006-04-21","138","В"
"12001","2006-04-22","138","В"
"12001","2006-04-23","138","В"
"12001","2006-04-24","138","В"
"12001","2006-04-25","137","В"
"12001","2006-04-26","137","В"
"12001","2006-04-27","137","В"
"12001","2006-04-28","137","В"
"12001","2006-04-29","137","В"
"12001","2006-04-30","137","В"
"12001","2006-05-01","137","В"
"12001","2006-05-02","137","В"
"12001","2006-05-03","137","В"
"12001","2006-05-04","137","В"
"12001","2006-05-05","137","В"
"12001","2006-05-06","137","В"
"12001","2006-05-07","137","В"
"12001","2006-05-08","137","В"
"12001","2006-05-09","137","В"
"12001","2006-05-10","137","В"
"12001","2006-05-11","136","В"
"12001","2006-05-12","136","В"
"12001","2006-05-13","136","В"
"12001","2006-05-14","136","В"
"12001","2006-05-15","136","В"
"12001","2006-05-16","135","В"
"12001","2006-05-17","135","В"
"12001","2006-05-18","135","В"
"12001","2006-05-19","135","В"
"12001","2006-05-20","134","В"
"12001","2006-05-21","134","В"
"12001","2006-05-22","133","В"
"12001","2006-05-23","133","В"
"12001","2006-05-24","133","В"
"12001","2006-05-25","133","В"
"12001","2006-05-26","132","В"
"12001","2006-05-27","132","В"
"12001","2006-05-28","132","В"
"12001","2006-05-29","131","В"
"12001","2006-05-30","130","В"
"12001","2006-05-31","130","В"
"12001","2006-06-01","130","В"
"12001","2006-06-02","130","В"
"12001","2006-06-03","130","В"
"12001","2006-06-04","130","В"
"12001","2006-06-05","130","В"
"12001","2006-06-06","130","В"
"12001","2006-06-07","129","В"
"12001","2006-06-08","129","В"
"12001","2006-06-09","129","В"
"12001","2006-06-10","129","В"
"12001","2006-06-11","128","В"
"12001","2006-06-12","128","В"
"12001","2006-06-13","128","В"
"12001","2006-06-14","127","В"
"12001","2006-06-15","127","В"
"12001","2006-06-16","127","В"
"12001","2006-06-17","127","В"
"12001","2006-06-18","126","В"
"12001","2006-06-19","126","В"
"12001","2006-06-20","126","В"
"12001","2006-06-21","126","В"
"12001","2006-06-22","125","В"
"12001","2006-06-23","125","В"
"12001","2006-06-24","125","В"
"12001","2006-06-25","125","В"
"12001","2006-06-26","124","В"
"12001","2006-06-27","124","В"
"12001","2006-06-28","124","В"
"12001","2006-06-29","124","В"
"12001","2006-06-30","123","В"
"12001","2006-07-01","121","В"
"12001","2006-07-02","121","В"
"12001","2006-07-03","121","В"
"12001","2006-07-04","121","В"
"12001","2006-07-05","121","В"
"12001","2006-07-06","121","В"
"12001","2006-07-07","121","В"
"12001","2006-07-08","121","В"
"12001","2006-07-09","121","В"
"12001","2006-07-10","121","В"
"12001","2006-07-11","121","В"
"12001","2006-07-12","120","В"
"12001","2006-07-13","120","В"
"12001","2006-07-14","120","В"
"12001","2006-07-15","120","В"
"12001","2006-07-16","120","В"
"12001","2006-07-17","120","В"
"12001","2006-07-18","120","В"
"12001","2006-07-19","120","В"
"12001","2006-07-20","119","В"
"12001","2006-07-21","118","В"
"12001","2006-07-22","118","В"
"12001","2006-07-23","118","В"
"12001","2006-07-24","117","В"
"12001","2006-07-25","117","В"
"12001","2006-07-26","117","В"
"12001","2006-07-27","117","В"
"12001","2006-07-28","117","В"
"12001","2006-07-29","117","В"
"12001","2006-07-30","116","В"
"12001","2006-07-31","115","В"
"12001","2006-08-01","115","В"
"12001","2006-08-02","115","В"
"12001","2006-08-03","115","В"
"12001","2006-08-04","115","В"
"12001","2006-08-05","115","В"
"12001","2006-08-06","114","В"
"12001","2006-08-07","114","В"
"12001","2006-08-08","114","В"
"12001","2006-08-09","113","В"
"12001","2006-08-10","113","В"
"12001","2006-08-11","112","В"
"12001","2006-08-12","112","В"
"12001","2006-08-13","111","В"
"12001","2006-08-14","111","В"
"12001","2006-08-15","111","В"
"12001","2006-08-16","110","В"
"12001","2006-08-17","110","В"
"12001","2006-08-18","109","В"
"12001","2006-08-19","108","В"
"12001","2006-08-20","108","В"
"12001","2006-08-21","107","В"
"12001","2006-08-22","107","В"
"12001","2006-08-23","106","В"
"12001","2006-08-24","105","В"
"12001","2006-08-25","104","В"
"12001","2006-08-26","104","В"
"12001","2006-08-27","103","В"
"12001","2006-08-28","102","В"
"12001","2006-08-29","102","В"
"12001","2006-08-30","102","В"
"12001","2006-08-31","101","В"
"12001","2006-09-01","100","В"
"12001","2006-09-02","100","В"
"12001","2006-09-03","100","В"
"12001","2006-09-04","100","В"
"12001","2006-09-05","100","В"
"12001","2006-09-06","100","В"
"12001","2006-09-07","100","В"
"12001","2006-09-08","100","В"
"12001","2006-09-09","100","В"
"12001","2006-09-10","100","В"
"12001","2006-09-11","99","В"
"12001","2006-09-12","99","В"
"12001","2006-09-13","99","В"
"12001","2006-09-14","99","В"
"12001","2006-09-15","99","В"
"12001","2006-09-16","99","В"
"12001","2006-09-17","98","В"
"12001","2006-09-18","98","В"
"12001","2006-09-19","98","В"
"12001","2006-09-20","98","В"
"12001","2006-09-21","98","В"
"12001","2006-09-22","98","В"
"12001","2006-09-23","98","В"
"12001","2006-09-24","98","В"
"12001","2006-09-25","98","В"
"12001","2006-09-26","98","В"
"12001","2006-09-27","98","В"
"12001","2006-09-28","98","В"
"12001","2006-09-29","96","В"
"12001","2006-09-30","96","В"
"12001","2006-10-01","96","В"
"12001","2006-10-02","96","В"
"12001","2006-10-03","96","В"
"12001","2006-10-04","97","В"
"12001","2006-10-05","98","В"
"12001","2006-10-06","98","В"
"12001","2006-10-07","100","В"
"12001","2006-10-08","100","В"
"12001","2006-10-09","100","В"
"12001","2006-10-10","100","В"
"12001","2006-10-11","100","В"
"12001","2006-10-12","100","В"
"12001","2006-10-13","100","В"
"12001","2006-10-14","100","В"
"12001","2006-10-15","100","В"
"12001","2006-10-16","100","В"
"12001","2006-10-17","101","В"
"12001","2006-10-18","101","В"
"12001","2006-10-19","101","В"
"12001","2006-10-20","101","В"
"12001","2006-10-21","101","В"
"12001","2006-10-22","101","В"
"12001","2006-10-23","101","В"
"12001","2006-10-24","101","В"
"12001","2006-10-25","101","В"
"12001","2006-10-26","101","В"
"12001","2006-10-27","101","В"
"12001","2006-10-28","101","В"
"12001","2006-10-29","101","В"
"12001","2006-10-30","101","В"
"12001","2006-10-31","101","В"
"12001","2006-11-01","103","В"
"12001","2006-11-02","103","В"
"12001","2006-11-03","103","В"
"12001","2006-11-04","103","В"
"12001","2006-11-05","103","В"
"12001","2006-11-06","104","В"
"12001","2006-11-07","105","В"
"12001","2006-11-08","105","В"
"12001","2006-11-09","105","В"
"12001","2006-11-10","105","В"
"12001","2006-11-11","105","В"
"12001","2006-11-12","107","В"
"12001","2006-11-13","107","В"
"12001","2006-11-14","107","В"
"12001","2006-11-15","107","В)"
"12001","2006-11-16","107","В)"
"12001","2006-11-17","107","В)"
"12001","2006-11-18","107","ВI"
"12001","2006-11-19","107","ВI"
"12001","2006-11-20","107","ВI"
"12001","2006-11-21","107","ВI"
"12001","2006-11-22","108","ВI"
"12001","2006-11-23","109","ВI"
"12001","2006-11-24","109","ВI"
"12001","2006-11-25","110","ВI"
"12001","2006-11-26","110","ВI"
"12001","2006-11-27","110","ВI"
"12001","2006-11-28","110","ВI"
"12001","2006-11-29","110","ВI"
"12001","2006-11-30","110","ВI"
"12001","2006-12-01","111","ВI"
"12001","2006-12-02","109","ВI"
"12001","2006-12-03","109","ВI"
"12001","2006-12-04","109","ВI"
"12001","2006-12-05","109","ВI"
"12001","2006-12-06","109","ВI"
"12001","2006-12-07","109","ВI"
"12001","2006-12-08","110","ВI"
"12001","2006-12-09","111","ВI"
"12001","2006-12-10","111","ВI"
"12001","2006-12-11","111","ВI"
"12001","2006-12-12","113","ВI"
"12001","2006-12-13","113","ВI"
"12001","2006-12-14","113","ВI"
"12001","2006-12-15","114","ВI"
"12001","2006-12-16","114","ВI"
"12001","2006-12-17","114","ВI"
"12001","2006-12-18","114","ВI"
"12001","2006-12-19","115","ВI"
"12001","2006-12-20","117","ВI"
"12001","2006-12-21","117","ВI"
"12001","2006-12-22","117","ВI"
"12001","2006-12-23","118","ВI"
"12001","2006-12-24","118","ВI"
"12001","2006-12-25","118","ВI"
"12001","2006-12-26","119","ВI"
"12001","2006-12-27","119","ВI"
"12001","2006-12-28","119","ВI"
"12001","2006-12-29","120","ВI"
"12001","2006-12-30","121","ВI"
"12001","2006-12-31","122","ВI"
"12001","2007-01-01","122","BI"
"12001","2007-01-02","122","BI"
"12001","2007-01-03","122","BI"
"12001","2007-01-04","124","BI"
"12001","2007-01-05","124","BI"
"12001","2007-01-06","124","BI"
"12001","2007-01-07","125","BI"
"12001","2007-01-08","125","BI"
"12001","2007-01-09","125","BI"
"12001","2007-01-10","125","BI"
"12001","2007-01-11","126","BI"
"12001","2007-01-12","127","BI"
"12001","2007-01-13","127","BI"
"12001","2007-01-14","129","BI"
"12001","2007-01-15","129","BI"
"12001","2007-01-16","129","BI"
"12001","2007-01-17","130","BI"
"12001","2007-01-18","130","BI"
"12001","2007-01-19","131","BI"
"12001","2007-01-20","131","BI"
"12001","2007-01-21","132","BI"
"12001","2007-01-22","133","BI"
"12001","2007-01-23","134","BI"
"12001","2007-01-24","135","BI"
"12001","2007-01-25","137","BI"
"12001","2007-01-26","137","BI"
"12001","2007-01-27","139","BI"
"12001","2007-01-28","140","BI"
"12001","2007-01-29","141","BI"
"12001","2007-01-30","142","BI"
"12001","2007-01-31","143","BI"
"12001","2007-02-01","144","BI"
"12001","2007-02-02","144","BI"
"12001","2007-02-03","144","BI"
"12001","2007-02-04","144","BI"
"12001","2007-02-05","144","BI"
"12001","2007-02-06","144","BI"
"12001","2007-02-07","144","BI"
"12001","2007-02-08","144","BI"
"12001","2007-02-09","145","BI"
"12001","2007-02-10","145","BI"
"12001","2007-02-11","145","BI"
"12001","2007-02-12","146","BI"
"12001","2007-02-13","146","BI"
"12001","2007-02-14","146","BI"
"12001","2007-02-15","147","BI"
"12001","2007-02-16","147","BI"
"12001","2007-02-17","148","BI"
"12001","2007-02-18","148","BI"
"12001","2007-02-19","148","BI"
"12001","2007-02-20","149","BI"
"12001","2007-02-21","149","BI"
"12001","2007-02-22","149","BI"
"12001","2007-02-23","150","BI"
"12001","2007-02-24","151","BI"
"12001","2007-02-25","151","BI"
"12001","2007-02-26","152","BI"
"12001","2007-02-27","152","BI"
"12001","2007-02-28","153","BI"
"12001","2007-03-01","153","BI"
"12001","2007-03-02","153","BI"
"12001","2007-03-03","155","BI"
"12001","2007-03-04","155","BI"
"12001","2007-03-05","156","BI"
"12001","2007-03-06","156","BI"
"12001","2007-03-07","157","BI"
"12001","2007-03-08","157","BI"
"12001","2007-03-09","158","BI"
"12001","2007-03-10","159","BI"
"12001","2007-03-11","159","BI"
"12001","2007-03-12","159","BI"
"12001","2007-03-13","159","BI"
"12001","2007-03-14","159","BI"
"12001","2007-03-15","159","BI"
"12001","2007-03-16","159","BI"
"12001","2007-03-17","159","BI"
"12001","2007-03-18","159","BI"
"12001","2007-03-19","159","BI"
"12001","2007-03-20","159","BI"
"12001","2007-03-21","159","BI"
"12001","2007-03-22","159","BI"
"12001","2007-03-23","160","BI"
"12001","2007-03-24","160","BI"
"12001","2007-03-25","160","BI"
"12001","2007-03-26","160","BI"
"12001","2007-03-27","160","BI"
"12001","2007-03-28","160","BI"
"12001","2007-03-29","160","BI"
"12001","2007-03-30","160","BI"
"12001","2007-03-31","160","BI"
"12001","2007-04-01","166","BI"
"12001","2007-04-02","168","BI"
"12001","2007-04-03","172","B↑"
"12001","2007-04-04","181","B↑"
"12001","2007-04-05","189","B↑"
"12001","2007-04-06","211","B↑"
"12001","2007-04-07","227","B↑"
"12001","2007-04-08","235","B("
"12001","2007-04-09","225","B("
"12001","2007-04-10","245","B("
"12001","2007-04-11","278","B("
"12001","2007-04-12","294","B("
"12001","2007-04-13","298","("
"12001","2007-04-14","302","("
"12001","2007-04-15","304","Л"
"12001","2007-04-16","293","Л"
"12001","2007-04-17","282",""
"12001","2007-04-18","262",""
"12001","2007-04-19","227",""
"12001","2007-04-20","204",""
"12001","2007-04-21","194",""
"12001","2007-04-22","185",""
"12001","2007-04-23","181",""
"12001","2007-04-24","179",""
"12001","2007-04-25","178",""
"12001","2007-04-26","176",""
"12001","2007-04-27","172",""
"12001","2007-04-28","167",""
"12001","2007-04-29","164",""
"12001","2007-04-30","161",""
"12001","2007-05-01","160",""
"12001","2007-05-02","160",""
"12001","2007-05-03","157",""
"12001","2007-05-04","157",""
"12001","2007-05-05","156",""
"12001","2007-05-06","154",""
"12001","2007-05-07","153",""
"12001","2007-05-08","152",""
"12001","2007-05-09","152",""
"12001","2007-05-10","148",""
"12001","2007-05-11","146","B"
"12001","2007-05-12","146","B"
"12001","2007-05-13","146","B"
"12001","2007-05-14","145","B"
"12001","2007-05-15","145","B"
"12001","2007-05-16","144","B"
"12001","2007-05-17","143","B"
"12001","2007-05-18","142","B"
"12001","2007-05-19","142","B"
"12001","2007-05-20","141","B"
"12001","2007-05-21","141","B"
"12001","2007-05-22","140","B"
"12001","2007-05-23","140","B"
"12001","2007-05-24","140","B"
"12001","2007-05-25","139","B"
"12001","2007-05-26","139","B"
"12001","2007-05-27","139","B"
"12001","2007-05-28","138","B"
"12001","2007-05-29","138","B"
"12001","2007-05-30","137","B"
"12001","2007-05-31","136","B"
"12001","2007-06-01","133","B"
"12001","2007-06-02","133","B"
"12001","2007-06-03","133","B"
"12001","2007-06-04","133","B"
"12001","2007-06-05","133","B"
"12001","2007-06-06","133","B"
"12001","2007-06-07","133","B"
"12001","2007-06-08","133","B"
"12001","2007-06-09","133","B"
"12001","2007-06-10","133","B"
"12001","2007-06-11","132","B"
"12001","2007-06-12","132","B"
"12001","2007-06-13","132","B"
"12001","2007-06-14","132","B"
"12001","2007-06-15","132","B"
"12001","2007-06-16","132","B"
"12001","2007-06-17","132","B"
"12001","2007-06-18","132","B"
"12001","2007-06-19","132","B"
"12001","2007-06-20","132","B"
"12001","2007-06-21","132","B"
"12001","2007-06-22","132","B"
"12001","2007-06-23","132","B"
"12001","2007-06-24","132","B"
"12001","2007-06-25","132","B"
"12001","2007-06-26","132","B"
"12001","2007-06-27","132","B"
"12001","2007-06-28","133","B"
"12001","2007-06-29","133","B"
"12001","2007-06-30","133","B"
"12001","2007-07-01","133","B"
"12001","2007-07-02","133","B"
"12001","2007-07-03","133","B"
"12001","2007-07-04","133","B"
"12001","2007-07-05","133","B"
"12001","2007-07-06","133","B"
"12001","2007-07-07","133","B"
"12001","2007-07-08","133","B"
"12001","2007-07-09","132","B"
"12001","2007-07-10","132","B"
"12001","2007-07-11","132","B"
"12001","2007-07-12","132","B"
"12001","2007-07-13","132","B"
"12001","2007-07-14","132","B"
"12001","2007-07-15","132","B"
"12001","2007-07-16","131","B"
"12001","2007-07-17","131","B"
"12001","2007-07-18","131","B"
"12001","2007-07-19","131","B"
"12001","2007-07-20","131","B"
"12001","2007-07-21","131","B"
"12001","2007-07-22","131","B"
"12001","2007-07-23","130","B"
"12001","2007-07-24","130","B"
"12001","2007-07-25","130","B"
"12001","2007-07-26","130","B"
"12001","2007-07-27","130","B"
"12001","2007-07-28","130","B"
"12001","2007-07-29","130","B"
"12001","2007-07-30","130","B"
"12001","2007-07-31","130","B"
"12001","2007-08-01","129","B"
"12001","2007-08-02","129","B"
"12001","2007-08-03","129","B"
"12001","2007-08-04","129","B"
"12001","2007-08-05","129","B"
"12001","2007-08-06","129","B"
"12001","2007-08-07","129","B"
"12001","2007-08-08","129","B"
"12001","2007-08-09","129","B"
"12001","2007-08-10","129","B"
"12001","2007-08-11","128","B"
"12001","2007-08-12","128","B"
"12001","2007-08-13","128","B"
"12001","2007-08-14","128","B"
"12001","2007-08-15","127","B"
"12001","2007-08-16","127","B"
"12001","2007-08-17","127","B"
"12001","2007-08-18","127","B"
"12001","2007-08-19","127","B"
"12001","2007-08-20","126","B"
"12001","2007-08-21","126","B"
"12001","2007-08-22","126","B"
"12001","2007-08-23","126","B"
"12001","2007-08-24","126","B"
"12001","2007-08-25","126","B"
"12001","2007-08-26","126","B"
"12001","2007-08-27","125","B"
"12001","2007-08-28","125","B"
"12001","2007-08-29","125","B"
"12001","2007-08-30","125","B"
"12001","2007-08-31","124","B"
"12001","2007-09-01","124","B"
"12001","2007-09-02","124","B"
"12001","2007-09-03","124","B"
"12001","2007-09-04","124","B"
"12001","2007-09-05","123","B"
"12001","2007-09-06","123","B"
"12001","2007-09-07","123","B"
"12001","2007-09-08","123","B"
"12001","2007-09-09","123","B"
"12001","2007-09-10","123","B"
"12001","2007-09-11","123","B"
"12001","2007-09-12","122","B"
"12001","2007-09-13","122","B"
"12001","2007-09-14","122","B"
"12001","2007-09-15","122","B"
"12001","2007-09-16","122","B"
"12001","2007-09-17","122","B"
"12001","2007-09-18","122","B"
"12001","2007-09-19","122","B"
"12001","2007-09-20","121","B"
"12001","2007-09-21","121","B"
"12001","2007-09-22","121","B"
"12001","2007-09-23","121","B"
"12001","2007-09-24","120","B"
"12001","2007-09-25","120","B"
"12001","2007-09-26","120","B"
"12001","2007-09-27","120","B"
"12001","2007-09-28","120","B"
"12001","2007-09-29","120","B"
"12001","2007-09-30","120","B"
"12001","2007-10-01","120","B"
"12001","2007-10-02","120","B"
"12001","2007-10-03","120","B"
"12001","2007-10-04","120","B"
"12001","2007-10-05","120","B"
"12001","2007-10-06","120","B"
"12001","2007-10-07","120","B"
"12001","2007-10-08","120","B"
"12001","2007-10-09","120","B"
"12001","2007-10-10","119","B"
"12001","2007-10-11","119","B"
"12001","2007-10-12","119","B"
"12001","2007-10-13","119","B"
"12001","2007-10-14","119","B"
"12001","2007-10-15","119","B"
"12001","2007-10-16","118","B"
"12001","2007-10-17","118","B"
"12001","2007-10-18","118","B"
"12001","2007-10-19","118","B"
"12001","2007-10-20","117","B"
"12001","2007-10-21","117","B"
"12001","2007-10-22","117","B"
"12001","2007-10-23","117","B"
"12001","2007-10-24","117","B"
"12001","2007-10-25","117","B"
"12001","2007-10-26","117","B"
"12001","2007-10-27","117","B"
"12001","2007-10-28","116","B"
"12001","2007-10-29","116","B"
"12001","2007-10-30","116","B"
"12001","2007-10-31","116","B"
"12001","2007-11-01","116","B"
"12001","2007-11-02","116","B)"
"12001","2007-11-03","116","B)"
"12001","2007-11-04","116","BI"
"12001","2007-11-05","116","BI"
"12001","2007-11-06","116","BI"
"12001","2007-11-07","116","BI"
"12001","2007-11-08","116","BI"
"12001","2007-11-09","116","BI"
"12001","2007-11-10","116","BI"
"12001","2007-11-11","116","BI"
"12001","2007-11-12","115","BI"
"12001","2007-11-13","115","BI"
"12001","2007-11-14","115","BI"
"12001","2007-11-15","115","BI"
"12001","2007-11-16","115","BI"
"12001","2007-11-17","115","BI"
"12001","2007-11-18","116","BI"
"12001","2007-11-19","116","BI"
"12001","2007-11-20","116","BI"
"12001","2007-11-21","116","BI"
"12001","2007-11-22","117","BI"
"12001","2007-11-23","117","BI"
"12001","2007-11-24","117","BI"
"12001","2007-11-25","118","BI"
"12001","2007-11-26","118","BI"
"12001","2007-11-27","118","BI"
"12001","2007-11-28","118","BI"
"12001","2007-11-29","119","BI"
"12001","2007-11-30","119","BI"
"12001","2007-12-01","120","BI"
"12001","2007-12-02","120","BI"
"12001","2007-12-03","120","BI"
"12001","2007-12-04","122","BI"
"12001","2007-12-05","122","BI"
"12001","2007-12-06","122","BI"
"12001","2007-12-07","122","BI"
"12001","2007-12-08","122","BI"
"12001","2007-12-09","123","BI"
"12001","2007-12-10","123","BI"
"12001","2007-12-11","123","BI"
"12001","2007-12-12","123","BI"
"12001","2007-12-13","123","BI"
"12001","2007-12-14","123","BI"
"12001","2007-12-15","123","BI"
"12001","2007-12-16","123","BI"
"12001","2007-12-17","124","BI"
"12001","2007-12-18","124","BI"
"12001","2007-12-19","124","BI"
"12001","2007-12-20","124","BI"
"12001","2007-12-21","124","BI"
"12001","2007-12-22","124","BI"
"12001","2007-12-23","125","BI"
"12001","2007-12-24","125","BI"
"12001","2007-12-25","125","BI"
"12001","2007-12-26","125","BI"
"12001","2007-12-27","127","BI"
"12001","2007-12-28","127","BI"
"12001","2007-12-29","127","BI"
"12001","2007-12-30","127","BI"
"12001","2007-12-31","128","BI"
"12001","2008-01-01","128","BI"
"12001","2008-01-02","128","BI"
"12001","2008-01-03","128","BI"
"12001","2008-01-04","129","BI"
"12001","2008-01-05","129","BI"
"12001","2008-01-06","129","BI"
"12001","2008-01-07","129","BI"
"12001","2008-01-08","130","BI"
"12001","2008-01-09","130","BI"
"12001","2008-01-10","131","BI"
"12001","2008-01-11","132","BI"
"12001","2008-01-12","132","BI"
"12001","2008-01-13","132","BI"
"12001","2008-01-14","132","BI"
"12001","2008-01-15","133","BI"
"12001","2008-01-16","133","BI"
"12001","2008-01-17","133","BI"
"12001","2008-01-18","133","BI"
"12001","2008-01-19","134","BI"
"12001","2008-01-20","134","BI"
"12001","2008-01-21","134","BI"
"12001","2008-01-22","135","BI"
"12001","2008-01-23","135","BI"
"12001","2008-01-24","135","BI"
"12001","2008-01-25","136","BI"
"12001","2008-01-26","136","BI"
"12001","2008-01-27","137","BI"
"12001","2008-01-28","137","BI"
"12001","2008-01-29","137","BI"
"12001","2008-01-30","137","BI"
"12001","2008-01-31","139","BI"
"12001","2008-02-01","141","BI"
"12001","2008-02-02","141","BI"
"12001","2008-02-03","141","BI"
"12001","2008-02-04","141","BI"
"12001","2008-02-05","141","BI"
"12001","2008-02-06","141","BI"
"12001","2008-02-07","142","BI"
"12001","2008-02-08","142","BI"
"12001","2008-02-09","142","BI"
"12001","2008-02-10","142","BI"
"12001","2008-02-11","143","BI"
"12001","2008-02-12","143","BI"
"12001","2008-02-13","143","BI"
"12001","2008-02-14","143","BI"
"12001","2008-02-15","143","BI"
"12001","2008-02-16","143","BI"
"12001","2008-02-17","143","BI"
"12001","2008-02-18","143","BI"
"12001","2008-02-19","143","BI"
"12001","2008-02-20","143","BI"
"12001","2008-02-21","143","BI"
"12001","2008-02-22","143","BI"
"12001","2008-02-23","143","BI"
"12001","2008-02-24","143","BI"
"12001","2008-02-25","143","BI"
"12001","2008-02-26","143","BI"
"12001","2008-02-27","143","BI"
"12001","2008-02-28","143","BI"
"12001","2008-02-29","143","BI"
"12001","2008-03-01","143","BI"
"12001","2008-03-02","143","BI"
"12001","2008-03-03","143","BI"
"12001","2008-03-04","143","BI"
"12001","2008-03-05","143","BI"
"12001","2008-03-06","143","BI"
"12001","2008-03-07","143","BI"
"12001","2008-03-08","143","BI"
"12001","2008-03-09","143","BI"
"12001","2008-03-10","143","BI"
"12001","2008-03-11","143","BI"
"12001","2008-03-12","143","BI"
"12001","2008-03-13","143","BI"
"12001","2008-03-14","143","BI"
"12001","2008-03-15","143","BI"
"12001","2008-03-16","143","BI"
"12001","2008-03-17","143","BI"
"12001","2008-03-18","143","BI"
"12001","2008-03-19","143","BI"
"12001","2008-03-20","181","В↑"
"12001","2008-03-21","218","В↑"
"12001","2008-03-22","222","B("
"12001","2008-03-23","237","B("
"12001","2008-03-24","227","B("
"12001","2008-03-25","233","B("
"12001","2008-03-26","236","B("
"12001","2008-03-27","246","B("
"12001","2008-03-28","282","B("
"12001","2008-03-29","292","B("
"12001","2008-03-30","296","B↑"
"12001","2008-03-31","295","B↑"
"12001","2008-04-01","307","Л"
"12001","2008-04-02","280","Л"
"12001","2008-04-03","254",""
"12001","2008-04-04","232",""
"12001","2008-04-05","223",""
"12001","2008-04-06","207",""
"12001","2008-04-07","204",""
"12001","2008-04-08","195",""
"12001","2008-04-09","190",""
"12001","2008-04-10","188",""
"12001","2008-04-11","187",""
"12001","2008-04-12","183",""
"12001","2008-04-13","181",""
"12001","2008-04-14","179",""
"12001","2008-04-15","176",""
"12001","2008-04-16","172",""
"12001","2008-04-17","169",""
"12001","2008-04-18","165",""
"12001","2008-04-19","164",""
"12001","2008-04-20","164",""
"12001","2008-04-21","160",""
"12001","2008-04-22","160",""
"12001","2008-04-23","159",""
"12001","2008-04-24","158",""
"12001","2008-04-25","158",""
"12001","2008-04-26","157",""
"12001","2008-04-27","157",""
"12001","2008-04-28","157",""
"12001","2008-04-29","156",""
"12001","2008-04-30","156",""
"12001","2008-05-01","156",""
"12001","2008-05-02","156",""
"12001","2008-05-03","155",""
"12001","2008-05-04","154",""
"12001","2008-05-05","154",""
"12001","2008-05-06","154",""
"12001","2008-05-07","153",""
"12001","2008-05-08","153",""
"12001","2008-05-09","153",""
"12001","2008-05-10","153",""
"12001","2008-05-11","153",""
"12001","2008-05-12","153",""
"12001","2008-05-13","153",""
"12001","2008-05-14","152",""
"12001","2008-05-15","152",""
"12001","2008-05-16","152",""
"12001","2008-05-17","151","B"
"12001","2008-05-18","151","B"
"12001","2008-05-19","152","B"
"12001","2008-05-20","152","B"
"12001","2008-05-21","152","B"
"12001","2008-05-22","152","B"
"12001","2008-05-23","152","B"
"12001","2008-05-24","152","B"
"12001","2008-05-25","152","B"
"12001","2008-05-26","152","B"
"12001","2008-05-27","152","B"
"12001","2008-05-28","152","B"
"12001","2008-05-29","151","B"
"12001","2008-05-30","151","B"
"12001","2008-05-31","151","B"
"12001","2008-06-01","151","B"
"12001","2008-06-02","151","B"
"12001","2008-06-03","151","B"
"12001","2008-06-04","150","B"
"12001","2008-06-05","150","B"
"12001","2008-06-06","150","B"
"12001","2008-06-07","150","B"
"12001","2008-06-08","150","B"
"12001","2008-06-09","149","B"
"12001","2008-06-10","149","B"
"12001","2008-06-11","149","B"
"12001","2008-06-12","149","B"
"12001","2008-06-13","149","B"
"12001","2008-06-14","148","B"
"12001","2008-06-15","148","B"
"12001","2008-06-16","147","B"
"12001","2008-06-17","147","B"
"12001","2008-06-18","147","B"
"12001","2008-06-19","147","B"
"12001","2008-06-20","146","B"
"12001","2008-06-21","145","B"
"12001","2008-06-22","145","B"
"12001","2008-06-23","145","B"
"12001","2008-06-24","144","B"
"12001","2008-06-25","144","B"
"12001","2008-06-26","144","B"
"12001","2008-06-27","143","B"
"12001","2008-06-28","143","B"
"12001","2008-06-29","143","B"
"12001","2008-06-30","142","B"
"12001","2008-07-01","142","B"
"12001","2008-07-02","142","B"
"12001","2008-07-03","140","B"
"12001","2008-07-04","140","B"
"12001","2008-07-05","139","B"
"12001","2008-07-06","139","B"
"12001","2008-07-07","139","B"
"12001","2008-07-08","139","B"
"12001","2008-07-09","138","B"
"12001","2008-07-10","138","B"
"12001","2008-07-11","137","B"
"12001","2008-07-12","137","B"
"12001","2008-07-13","135","B"
"12001","2008-07-14","135","B"
"12001","2008-07-15","135","B"
"12001","2008-07-16","134","B"
"12001","2008-07-17","134","B"
"12001","2008-07-18","134","B"
"12001","2008-07-19","133","B"
"12001","2008-07-20","132","B"
"12001","2008-07-21","132","B"
"12001","2008-07-22","132","B"
"12001","2008-07-23","131","B"
"12001","2008-07-24","131","B"
"12001","2008-07-25","131","B"
"12001","2008-07-26","131","B"
"12001","2008-07-27","131","B"
"12001","2008-07-28","131","B"
"12001","2008-07-29","130","B"
"12001","2008-07-30","130","B"
"12001","2008-07-31","130","B"
"12001","2008-08-01","130","B"
"12001","2008-08-02","130","B"
"12001","2008-08-03","130","B"
"12001","2008-08-04","130","B"
"12001","2008-08-05","130","B"
"12001","2008-08-06","129","B"
"12001","2008-08-07","129","B"
"12001","2008-08-08","129","B"
"12001","2008-08-09","129","B"
"12001","2008-08-10","128","B"
"12001","2008-08-11","128","B"
"12001","2008-08-12","128","B"
"12001","2008-08-13","127","B"
"12001","2008-08-14","127","B"
"12001","2008-08-15","127","B"
"12001","2008-08-16","127","B"
"12001","2008-08-17","126","B"
"12001","2008-08-18","126","B"
"12001","2008-08-19","126","B"
"12001","2008-08-20","126","B"
"12001","2008-08-21","125","B"
"12001","2008-08-22","125","B"
"12001","2008-08-23","125","B"
"12001","2008-08-24","124","B"
"12001","2008-08-25","124","B"
"12001","2008-08-26","124","B"
"12001","2008-08-27","124","B"
"12001","2008-08-28","123","B"
"12001","2008-08-29","123","B"
"12001","2008-08-30","123","B"
"12001","2008-08-31","123","B"
"12001","2008-09-01","121","B"
"12001","2008-09-02","121","B"
"12001","2008-09-03","121","B"
"12001","2008-09-04","121","B"
"12001","2008-09-05","121","B"
"12001","2008-09-06","120","B"
"12001","2008-09-07","120","B"
"12001","2008-09-08","120","B"
"12001","2008-09-09","120","B"
"12001","2008-09-10","120","B"
"12001","2008-09-11","120","B"
"12001","2008-09-12","120","B"
"12001","2008-09-13","119","B"
"12001","2008-09-14","119","B"
"12001","2008-09-15","119","B"
"12001","2008-09-16","119","B"
"12001","2008-09-17","118","B"
"12001","2008-09-18","118","B"
"12001","2008-09-19","118","B"
"12001","2008-09-20","118","B"
"12001","2008-09-21","118","B"
"12001","2008-09-22","118","B"
"12001","2008-09-23","118","B"
"12001","2008-09-24","118","B"
"12001","2008-09-25","118","B"
"12001","2008-09-26","118","B"
"12001","2008-09-27","118","B"
"12001","2008-09-28","117","B"
"12001","2008-09-29","117","B"
"12001","2008-09-30","117","B"
"12001","2008-10-01","117","B"
"12001","2008-10-02","117","B"
"12001","2008-10-03","117","B"
"12001","2008-10-04","117","B"
"12001","2008-10-05","117","B"
"12001","2008-10-06","117","B"
"12001","2008-10-07","117","B"
"12001","2008-10-08","117","B"
"12001","2008-10-09","117","B"
"12001","2008-10-10","117","B"
"12001","2008-10-11","117","B"
"12001","2008-10-12","117","B"
"12001","2008-10-13","117","B"
"12001","2008-10-14","117","B"
"12001","2008-10-15","117","B"
"12001","2008-10-16","117","B"
"12001","2008-10-17","117","B"
"12001","2008-10-18","117","B"
"12001","2008-10-19","117","B"
"12001","2008-10-20","117","B"
"12001","2008-10-21","117","B"
"12001","2008-10-22","117","B"
"12001","2008-10-23","117","B"
"12001","2008-10-24","117","B"
"12001","2008-10-25","117","B"
"12001","2008-10-26","117","B"
"12001","2008-10-27","117","B"
"12001","2008-10-28","117","B"
"12001","2008-10-29","117","B"
"12001","2008-10-30","117","B"
"12001","2008-10-31","117","B"
"12001","2008-11-01","118","B"
"12001","2008-11-02","118","B)"
"12001","2008-11-03","119","B)"
"12001","2008-11-04","119","B)"
"12001","2008-11-05","119","B)"
"12001","2008-11-06","119","B)"
"12001","2008-11-07","119","BI"
"12001","2008-11-08","120","BI"
"12001","2008-11-09","121","BI"
"12001","2008-11-10","123","BI"
"12001","2008-11-11","123","BI"
"12001","2008-11-12","124","BI"
"12001","2008-11-13","124","BI"
"12001","2008-11-14","124","BI"
"12001","2008-11-15","125","BI"
"12001","2008-11-16","126","BI"
"12001","2008-11-17","126","BI"
"12001","2008-11-18","127","BI"
"12001","2008-11-19","127","BI"
"12001","2008-11-20","127","BI"
"12001","2008-11-21","128","BI"
"12001","2008-11-22","128","BI"
"12001","2008-11-23","128","BI"
"12001","2008-11-24","128","BI"
"12001","2008-11-25","129","BI"
"12001","2008-11-26","129","BI"
"12001","2008-11-27","129","BI"
"12001","2008-11-28","129","BI"
"12001","2008-11-29","130","BI"
"12001","2008-11-30","130","BI"
"12001","2008-12-01","130","BI"
"12001","2008-12-02","130","BI"
"12001","2008-12-03","130","BI"
"12001","2008-12-04","130","BI"
"12001","2008-12-05","130","BI"
"12001","2008-12-06","130","BI"
"12001","2008-12-07","130","BI"
"12001","2008-12-08","131","BI"
"12001","2008-12-09","131","BI"
"12001","2008-12-10","132","BI"
"12001","2008-12-11","132","BI"
"12001","2008-12-12","132","BI"
"12001","2008-12-13","132","BI"
"12001","2008-12-14","132","BI"
"12001","2008-12-15","132","BI"
"12001","2008-12-16","132","BI"
"12001","2008-12-17","132","BI"
"12001","2008-12-18","131","BI"
"12001","2008-12-19","131","BI"
"12001","2008-12-20","131","BI"
"12001","2008-12-21","130","BI"
"12001","2008-12-22","130","BI"
"12001","2008-12-23","130","BI"
"12001","2008-12-24","130","BI"
"12001","2008-12-25","130","BI"
"12001","2008-12-26","130","BI"
"12001","2008-12-27","129","BI"
"12001","2008-12-28","129","BI"
"12001","2008-12-29","129","BI"
"12001","2008-12-30","129","BI"
"12001","2008-12-31","128","BI"
"12001","2009-01-01","127","ВІ"
"12001","2009-01-02","128","ВІ"
"12001","2009-01-03","128","ВІ"
"12001","2009-01-04","129","ВІ"
"12001","2009-01-05","130","ВІ"
"12001","2009-01-06","130","ВІ"
"12001","2009-01-07","131","ВІ"
"12001","2009-01-08","131","ВІ"
"12001","2009-01-09","131","ВІ"
"12001","2009-01-10","132","ВІ"
"12001","2009-01-11","132","ВІ"
"12001","2009-01-12","132","ВІ"
"12001","2009-01-13","132","ВІ"
"12001","2009-01-14","133","ВІ"
"12001","2009-01-15","133","ВІ"
"12001","2009-01-16","133","ВІ"
"12001","2009-01-17","133","ВІ"
"12001","2009-01-18","134","ВІ"
"12001","2009-01-19","134","ВІ"
"12001","2009-01-20","135","ВІ"
"12001","2009-01-21","135","ВІ"
"12001","2009-01-22","135","ВІ"
"12001","2009-01-23","135","ВІ"
"12001","2009-01-24","135","ВІ"
"12001","2009-01-25","136","ВІ"
"12001","2009-01-26","136","ВІ"
"12001","2009-01-27","136","ВІ"
"12001","2009-01-28","137","ВІ"
"12001","2009-01-29","137","ВІ"
"12001","2009-01-30","137","ВІ"
"12001","2009-01-31","138","ВІ"
"12001","2009-02-01","138","ВІ"
"12001","2009-02-02","138","ВІ"
"12001","2009-02-03","138","ВІ"
"12001","2009-02-04","138","ВІ"
"12001","2009-02-05","138","ВІ"
"12001","2009-02-06","138","ВІ"
"12001","2009-02-07","139","ВІ"
"12001","2009-02-08","139","ВІ"
"12001","2009-02-09","139","ВІ"
"12001","2009-02-10","139","ВІ"
"12001","2009-02-11","139","ВІ"
"12001","2009-02-12","139","ВІ"
"12001","2009-02-13","139","ВІ"
"12001","2009-02-14","139","ВІ"
"12001","2009-02-15","139","ВІ"
"12001","2009-02-16","139","ВІ"
"12001","2009-02-17","139","ВІ"
"12001","2009-02-18","140","ВІ"
"12001","2009-02-19","140","ВІ"
"12001","2009-02-20","140","ВІ"
"12001","2009-02-21","140","ВІ"
"12001","2009-02-22","141","ВІ"
"12001","2009-02-23","141","ВІ"
"12001","2009-02-24","141","ВІ"
"12001","2009-02-25","141","ВІ"
"12001","2009-02-26","141","ВІ"
"12001","2009-02-27","141","ВІ"
"12001","2009-02-28","141","ВІ"
"12001","2009-03-01","142","ВІ"
"12001","2009-03-02","142","ВІ"
"12001","2009-03-03","142","ВІ"
"12001","2009-03-04","142","ВІ"
"12001","2009-03-05","142","ВІ"
"12001","2009-03-06","142","ВІ"
"12001","2009-03-07","142","ВІ"
"12001","2009-03-08","142","ВІ"
"12001","2009-03-09","142","ВІ"
"12001","2009-03-10","142","ВІ"
"12001","2009-03-11","142","ВІ"
"12001","2009-03-12","142","ВІ"
"12001","2009-03-13","142","ВІ"
"12001","2009-03-14","142","ВІ"
"12001","2009-03-15","142","ВІ"
"12001","2009-03-16","142","ВІ"
"12001","2009-03-17","142","ВІ"
"12001","2009-03-18","142","ВІ"
"12001","2009-03-19","142","ВІ"
"12001","2009-03-20","142","ВІ"
"12001","2009-03-21","142","ВІ"
"12001","2009-03-22","142","ВІ"
"12001","2009-03-23","142","ВІ"
"12001","2009-03-24","142","ВІ"
"12001","2009-03-25","142","ВІ"
"12001","2009-03-26","142","ВІ"
"12001","2009-03-27","145","ВІ"
"12001","2009-03-28","150","ВІ"
"12001","2009-03-29","163","В↑"
"12001","2009-03-30","166","В↑"
"12001","2009-03-31","165","В↑"
"12001","2009-04-01","162","В↑"
"12001","2009-04-02","160","ВІ"
"12001","2009-04-03","157","ВІ"
"12001","2009-04-04","154","ВІ"
"12001","2009-04-05","150","В("
"12001","2009-04-06","150","В("
"12001","2009-04-07","150","ВІ"
"12001","2009-04-08","150","ВІ"
"12001","2009-04-09","146","ВІ"
"12001","2009-04-10","144","ВІ"
"12001","2009-04-11","144","ВІ"
"12001","2009-04-12","144","ВІ"
"12001","2009-04-13","144","ВІ"
"12001","2009-04-14","144","ВІ"
"12001","2009-04-15","144","ВІ"
"12001","2009-04-16","144","ВІ"
"12001","2009-04-17","144","ВІ"
"12001","2009-04-18","144","В("
"12001","2009-04-19","143","В("
"12001","2009-04-20","143","В("
"12001","2009-04-21","143","В("
"12001","2009-04-22","143","В("
"12001","2009-04-23","143","В("
"12001","2009-04-24","143","ВN"
"12001","2009-04-25","143","ВN"
"12001","2009-04-26","143","ВN"
"12001","2009-04-27","142","ВN"
"12001","2009-04-28","142","ВN"
"12001","2009-04-29","142","ВN"
"12001","2009-04-30","142","ВN"
"12001","2009-05-01","142","В"
"12001","2009-05-02","142","В"
"12001","2009-05-03","142","В"
"12001","2009-05-04","142","В"
"12001","2009-05-05","141","В"
"12001","2009-05-06","141","В"
"12001","2009-05-07","140","В"
"12001","2009-05-08","140","В"
"12001","2009-05-09","140","В"
"12001","2009-05-10","139","В"
"12001","2009-05-11","139","В"
"12001","2009-05-12","139","В"
"12001","2009-05-13","138","В"
"12001","2009-05-14","137","В"
"12001","2009-05-15","137","В"
"12001","2009-05-16","137","В"
"12001","2009-05-17","137","В"
"12001","2009-05-18","137","В"
"12001","2009-05-19","137","В"
"12001","2009-05-20","137","В"
"12001","2009-05-21","137","В"
"12001","2009-05-22","137","В"
"12001","2009-05-23","136","В"
"12001","2009-05-24","136","В"
"12001","2009-05-25","136","В"
"12001","2009-05-26","136","В"
"12001","2009-05-27","135","В"
"12001","2009-05-28","135","В"
"12001","2009-05-29","135","В"
"12001","2009-05-30","134","В"
"12001","2009-05-31","134","В"
"12001","2009-06-01","134","В"
"12001","2009-06-02","134","В"
"12001","2009-06-03","134","В"
"12001","2009-06-04","134","В"
"12001","2009-06-05","133","В"
"12001","2009-06-06","133","В"
"12001","2009-06-07","133","В"
"12001","2009-06-08","133","В"
"12001","2009-06-09","133","В"
"12001","2009-06-10","133","В"
"12001","2009-06-11","133","В"
"12001","2009-06-12","133","В"
"12001","2009-06-13","133","В"
"12001","2009-06-14","132","В"
"12001","2009-06-15","132","В"
"12001","2009-06-16","132","В"
"12001","2009-06-17","132","В"
"12001","2009-06-18","132","В"
"12001","2009-06-19","132","В"
"12001","2009-06-20","132","В"
"12001","2009-06-21","132","В"
"12001","2009-06-22","132","В"
"12001","2009-06-23","132","В"
"12001","2009-06-24","132","В"
"12001","2009-06-25","131","В"
"12001","2009-06-26","131","В"
"12001","2009-06-27","131","В"
"12001","2009-06-28","130","В"
"12001","2009-06-29","130","В"
"12001","2009-06-30","130","В"
"12001","2009-07-01","130","В"
"12001","2009-07-02","130","В"
"12001","2009-07-03","130","В"
"12001","2009-07-04","129","В"
"12001","2009-07-05","129","В"
"12001","2009-07-06","128","В"
"12001","2009-07-07","128","В"
"12001","2009-07-08","128","В"
"12001","2009-07-09","129","В"
"12001","2009-07-10","128","В"
"12001","2009-07-11","128","В"
"12001","2009-07-12","128","В"
"12001","2009-07-13","128","В"
"12001","2009-07-14","128","В"
"12001","2009-07-15","127","В"
"12001","2009-07-16","127","В"
"12001","2009-07-17","127","В"
"12001","2009-07-18","126","В"
"12001","2009-07-19","126","В"
"12001","2009-07-20","126","В"
"12001","2009-07-21","126","В"
"12001","2009-07-22","126","В"
"12001","2009-07-23","125","В"
"12001","2009-07-24","125","В"
"12001","2009-07-25","125","В"
"12001","2009-07-26","125","В"
"12001","2009-07-27","125","В"
"12001","2009-07-28","124","В"
"12001","2009-07-29","124","В"
"12001","2009-07-30","123","В"
"12001","2009-07-31","122","В"
"12001","2009-08-01","122","В"
"12001","2009-08-02","122","В"
"12001","2009-08-03","122","В"
"12001","2009-08-04","121","В"
"12001","2009-08-05","121","В"
"12001","2009-08-06","121","В"
"12001","2009-08-07","120","В"
"12001","2009-08-08","120","В"
"12001","2009-08-09","120","В"
"12001","2009-08-10","120","В"
"12001","2009-08-11","120","В"
"12001","2009-08-12","119","В"
"12001","2009-08-13","119","В"
"12001","2009-08-14","119","В"
"12001","2009-08-15","118","В"
"12001","2009-08-16","118","В"
"12001","2009-08-17","118","В"
"12001","2009-08-18","117","В"
"12001","2009-08-19","117","В"
"12001","2009-08-20","117","В"
"12001","2009-08-21","117","В"
"12001","2009-08-22","116","В"
"12001","2009-08-23","116","В"
"12001","2009-08-24","116","В"
"12001","2009-08-25","115","В"
"12001","2009-08-26","115","В"
"12001","2009-08-27","115","В"
"12001","2009-08-28","115","В"
"12001","2009-08-29","114","В"
"12001","2009-08-30","114","В"
"12001","2009-08-31","114","В"
"12001","2009-09-01","113","В"
"12001","2009-09-02","113","В"
"12001","2009-09-03","113","В"
"12001","2009-09-04","112","В"
"12001","2009-09-05","112","В"
"12001","2009-09-06","112","В"
"12001","2009-09-07","112","В"
"12001","2009-09-08","111","В"
"12001","2009-09-09","111","В"
"12001","2009-09-10","110","В"
"12001","2009-09-11","110","В"
"12001","2009-09-12","110","В"
"12001","2009-09-13","110","В"
"12001","2009-09-14","109","В"
"12001","2009-09-15","109","В"
"12001","2009-09-16","109","В"
"12001","2009-09-17","109","В"
"12001","2009-09-18","108","В"
"12001","2009-09-19","108","В"
"12001","2009-09-20","108","В"
"12001","2009-09-21","108","В"
"12001","2009-09-22","107","В"
"12001","2009-09-23","107","В"
"12001","2009-09-24","107","В"
"12001","2009-09-25","106","В"
"12001","2009-09-26","105","В"
"12001","2009-09-27","105","В"
"12001","2009-09-28","105","В"
"12001","2009-09-29","104","В"
"12001","2009-09-30","104","В"
"12001","2009-10-01","102","В"
"12001","2009-10-02","102","В"
"12001","2009-10-03","102","В"
"12001","2009-10-04","102","В"
"12001","2009-10-05","102","В"
"12001","2009-10-06","103","В"
"12001","2009-10-07","103","В"
"12001","2009-10-08","103","В"
"12001","2009-10-09","103","В"
"12001","2009-10-10","103","В"
"12001","2009-10-11","103","В"
"12001","2009-10-12","103","В"
"12001","2009-10-13","103","В"
"12001","2009-10-14","103","В"
"12001","2009-10-15","103","В"
"12001","2009-10-16","103","В"
"12001","2009-10-17","103","В"
"12001","2009-10-18","104","В"
"12001","2009-10-19","104","В"
"12001","2009-10-20","104","В"
"12001","2009-10-21","104","В)"
"12001","2009-10-22","104","В)"
"12001","2009-10-23","104","В)"
"12001","2009-10-24","104","ВZ"
"12001","2009-10-25","104","ВІ"
"12001","2009-10-26","104","ВІ"
"12001","2009-10-27","104","ВІ"
"12001","2009-10-28","104","ВІ"
"12001","2009-10-29","104","ВІ"
"12001","2009-10-30","105","ВІ"
"12001","2009-10-31","105","ВІ"
"12001","2009-11-01","105","ВІ"
"12001","2009-11-02","105","ВІ"
"12001","2009-11-03","105","ВІ"
"12001","2009-11-04","105","ВІ"
"12001","2009-11-05","105","ВІ"
"12001","2009-11-06","105","ВІ"
"12001","2009-11-07","105","ВІ"
"12001","2009-11-08","105","ВІ"
"12001","2009-11-09","105","ВІ"
"12001","2009-11-10","105","ВІ"
"12001","2009-11-11","106","ВІ"
"12001","2009-11-12","106","ВІ"
"12001","2009-11-13","106","ВІ"
"12001","2009-11-14","106","ВІ"
"12001","2009-11-15","106","ВІ"
"12001","2009-11-16","106","ВІ"
"12001","2009-11-17","106","ВІ"
"12001","2009-11-18","106","ВІ"
"12001","2009-11-19","106","ВІ"
"12001","2009-11-20","106","ВІ"
"12001","2009-11-21","106","ВІ"
"12001","2009-11-22","106","ВІ"
"12001","2009-11-23","106","ВІ"
"12001","2009-11-24","106","ВІ"
"12001","2009-11-25","106","ВІ"
"12001","2009-11-26","106","ВІ"
"12001","2009-11-27","106","ВІ"
"12001","2009-11-28","106","ВІ"
"12001","2009-11-29","107","ВІ"
"12001","2009-11-30","108","ВІ"
"12001","2009-12-01","108","ВІ"
"12001","2009-12-02","108","ВІ"
"12001","2009-12-03","108","ВІ"
"12001","2009-12-04","108","ВІ"
"12001","2009-12-05","108","ВІ"
"12001","2009-12-06","108","ВІ"
"12001","2009-12-07","107","ВІ"
"12001","2009-12-08","107","ВІ"
"12001","2009-12-09","107","ВІ"
"12001","2009-12-10","107","ВІ"
"12001","2009-12-11","107","ВІ"
"12001","2009-12-12","107","ВІ"
"12001","2009-12-13","107","ВІ"
"12001","2009-12-14","107","ВІ"
"12001","2009-12-15","107","ВІ"
"12001","2009-12-16","107","ВІ"
"12001","2009-12-17","108","ВІ"
"12001","2009-12-18","108","ВІ"
"12001","2009-12-19","108","ВІ"
"12001","2009-12-20","108","ВІ"
"12001","2009-12-21","108","ВІ"
"12001","2009-12-22","108","ВІ"
"12001","2009-12-23","108","ВІ"
"12001","2009-12-24","108","ВІ"
"12001","2009-12-25","109","ВІ"
"12001","2009-12-26","109","ВІ"
"12001","2009-12-27","109","ВІ"
"12001","2009-12-28","109","ВІ"
"12001","2009-12-29","109","ВІ"
"12001","2009-12-30","109","ВІ"
"12001","2009-12-31","109","ВІ"
"12001","2010-01-01","109","ВІ"
"12001","2010-01-02","109","ВІ"
"12001","2010-01-03","109","ВІ"
"12001","2010-01-04","109","ВІ"
"12001","2010-01-05","109","ВІ"
"12001","2010-01-06","109","ВІ"
"12001","2010-01-07","109","ВІ"
"12001","2010-01-08","110","ВІ"
"12001","2010-01-09","110","ВІ"
"12001","2010-01-10","110","ВІ"
"12001","2010-01-11","111","ВІ"
"12001","2010-01-12","111","ВІ"
"12001","2010-01-13","111","ВІ"
"12001","2010-01-14","111","ВІ"
"12001","2010-01-15","112","ВІ"
"12001","2010-01-16","112","ВІ"
"12001","2010-01-17","113","ВІ"
"12001","2010-01-18","113","ВІ"
"12001","2010-01-19","113","ВІ"
"12001","2010-01-20","114","ВІ"
"12001","2010-01-21","114","ВІ"
"12001","2010-01-22","114","ВІ"
"12001","2010-01-23","114","ВІ"
"12001","2010-01-24","115","ВІ"
"12001","2010-01-25","115","ВІ"
"12001","2010-01-26","115","ВІ"
"12001","2010-01-27","116","ВІ"
"12001","2010-01-28","116","ВІ"
"12001","2010-01-29","116","ВІ"
"12001","2010-01-30","116","ВІ"
"12001","2010-01-31","116","ВІ"
"12001","2010-02-01","116","ВІ"
"12001","2010-02-02","116","ВІ"
"12001","2010-02-03","116","ВІ"
"12001","2010-02-04","116","ВІ"
"12001","2010-02-05","116","ВІ"
"12001","2010-02-06","116","ВІ"
"12001","2010-02-07","116","ВІ"
"12001","2010-02-08","116","ВІ"
"12001","2010-02-09","116","ВІ"
"12001","2010-02-10","117","ВІ"
"12001","2010-02-11","117","ВІ"
"12001","2010-02-12","117","ВІ"
"12001","2010-02-13","117","ВІ"
"12001","2010-02-14","117","ВІ"
"12001","2010-02-15","118","ВІ"
"12001","2010-02-16","118","ВІ"
"12001","2010-02-17","118","ВІ"
"12001","2010-02-18","118","ВІ"
"12001","2010-02-19","118","ВІ"
"12001","2010-02-20","118","ВІ"
"12001","2010-02-21","119","ВІ"
"12001","2010-02-22","119","ВІ"
"12001","2010-02-23","119","ВІ"
"12001","2010-02-24","120","ВІ"
"12001","2010-02-25","120","ВІ"
"12001","2010-02-26","120","ВІ"
"12001","2010-02-27","122","ВІ"
"12001","2010-02-28","122","ВІ"
"12001","2010-03-01","123","ВІ"
"12001","2010-03-02","123","ВІ"
"12001","2010-03-03","123","ВІ"
"12001","2010-03-04","124","ВІ"
"12001","2010-03-05","125","ВІ"
"12001","2010-03-06","125","ВІ"
"12001","2010-03-07","125","ВІ"
"12001","2010-03-08","125","ВІ"
"12001","2010-03-09","126","ВІ"
"12001","2010-03-10","126","ВІ"
"12001","2010-03-11","126","ВІ"
"12001","2010-03-12","126","ВІ"
"12001","2010-03-13","126","ВІ"
"12001","2010-03-14","126","ВІ"
"12001","2010-03-15","126","ВІ"
"12001","2010-03-16","126","ВІ"
"12001","2010-03-17","127","ВІ"
"12001","2010-03-18","127","ВІ"
"12001","2010-03-19","127","ВІ"
"12001","2010-03-20","127","ВІ"
"12001","2010-03-21","127","ВІ"
"12001","2010-03-22","128","ВІ"
"12001","2010-03-23","128","ВІ"
"12001","2010-03-24","128","ВІ"
"12001","2010-03-25","128","ВІ"
"12001","2010-03-26","128","ВІ"
"12001","2010-03-27","128","ВІ"
"12001","2010-03-28","129","ВІ"
"12001","2010-03-29","129","ВІ"
"12001","2010-03-30","129","ВІ"
"12001","2010-03-31","129","ВІ"
"12001","2010-04-01","130","ВІ"
"12001","2010-04-02","130","ВІ"
"12001","2010-04-03","130","ВІ"
"12001","2010-04-04","130","ВІ"
"12001","2010-04-05","130","ВІ"
"12001","2010-04-06","177","ВІ"
"12001","2010-04-07","199","В↑"
"12001","2010-04-08","204","В↑"
"12001","2010-04-09","205","В↑"
"12001","2010-04-10","202","В↑"
"12001","2010-04-11","191","В↑"
"12001","2010-04-12","186","В↑"
"12001","2010-04-13","202","В↑"
"12001","2010-04-14","239","В↑"
"12001","2010-04-15","288","В↑"
"12001","2010-04-16","300","В↑"
"12001","2010-04-17","296","В↑"
"12001","2010-04-18","255","Л"
"12001","2010-04-19","240","Л"
"12001","2010-04-20","234","Л<"
"12001","2010-04-21","225",""
"12001","2010-04-22","214",""
"12001","2010-04-23","204",""
"12001","2010-04-24","193",""
"12001","2010-04-25","190",""
"12001","2010-04-26","185",""
"12001","2010-04-27","182",""
"12001","2010-04-28","179",""
"12001","2010-04-29","175",""
"12001","2010-04-30","171",""
"12001","2010-05-01","168",""
"12001","2010-05-02","161",""
"12001","2010-05-03","153",""
"12001","2010-05-04","148",""
"12001","2010-05-05","147",""
"12001","2010-05-06","146","В"
"12001","2010-05-07","145","В"
"12001","2010-05-08","145","В"
"12001","2010-05-09","144","В"
"12001","2010-05-10","142","В"
"12001","2010-05-11","141","В"
"12001","2010-05-12","140","В"
"12001","2010-05-13","140","В"
"12001","2010-05-14","140","В"
"12001","2010-05-15","140","В"
"12001","2010-05-16","140","В"
"12001","2010-05-17","140","В"
"12001","2010-05-18","140","В"
"12001","2010-05-19","140","В"
"12001","2010-05-20","140","В"
"12001","2010-05-21","140","В"
"12001","2010-05-22","140","В"
"12001","2010-05-23","140","В"
"12001","2010-05-24","140","В"
"12001","2010-05-25","139","В"
"12001","2010-05-26","139","В"
"12001","2010-05-27","139","В"
"12001","2010-05-28","139","В"
"12001","2010-05-29","139","В"
"12001","2010-05-30","139","В"
"12001","2010-05-31","139","В"
"12001","2010-06-01","139","В"
"12001","2010-06-02","139","В"
"12001","2010-06-03","139","В"
"12001","2010-06-04","139","В"
"12001","2010-06-05","139","В"
"12001","2010-06-06","139","В"
"12001","2010-06-07","139","В"
"12001","2010-06-08","138","В"
"12001","2010-06-09","138","В"
"12001","2010-06-10","137","В"
"12001","2010-06-11","137","В"
"12001","2010-06-12","137","В"
"12001","2010-06-13","136","В"
"12001","2010-06-14","136","В"
"12001","2010-06-15","136","В"
"12001","2010-06-16","136","В"
"12001","2010-06-17","136","В"
"12001","2010-06-18","135","В"
"12001","2010-06-19","135","В"
"12001","2010-06-20","135","В"
"12001","2010-06-21","135","В"
"12001","2010-06-22","134","В"
"12001","2010-06-23","133","В"
"12001","2010-06-24","133","В"
"12001","2010-06-25","133","В"
"12001","2010-06-26","132","В"
"12001","2010-06-27","132","В"
"12001","2010-06-28","131","В"
"12001","2010-06-29","131","В"
"12001","2010-06-30","131","В"
"12001","2010-07-01","131","В"
"12001","2010-07-02","130","В"
"12001","2010-07-03","129","В"
"12001","2010-07-04","128","В"
"12001","2010-07-05","128","В"
"12001","2010-07-06","127","В"
"12001","2010-07-07","127","В"
"12001","2010-07-08","126","В"
"12001","2010-07-09","125","В"
"12001","2010-07-10","125","В"
"12001","2010-07-11","124","В"
"12001","2010-07-12","123","В"
"12001","2010-07-13","123","В"
"12001","2010-07-14","124","В"
"12001","2010-07-15","124","В"
"12001","2010-07-16","124","В"
"12001","2010-07-17","124","В"
"12001","2010-07-18","124","В"
"12001","2010-07-19","124","В"
"12001","2010-07-20","123","В"
"12001","2010-07-21","123","В"
"12001","2010-07-22","123","В"
"12001","2010-07-23","123","В"
"12001","2010-07-24","122","В"
"12001","2010-07-25","122","В"
"12001","2010-07-26","121","В"
"12001","2010-07-27","121","В"
"12001","2010-07-28","120","В"
"12001","2010-07-29","120","В"
"12001","2010-07-30","120","В"
"12001","2010-07-31","119","В"
"12001","2010-08-01","119","В"
"12001","2010-08-02","119","В"
"12001","2010-08-03","118","В"
"12001","2010-08-04","118","В"
"12001","2010-08-05","117","В"
"12001","2010-08-06","117","В"
"12001","2010-08-07","117","В"
"12001","2010-08-08","116","В"
"12001","2010-08-09","116","В"
"12001","2010-08-10","116","В"
"12001","2010-08-11","115","В"
"12001","2010-08-12","115","В"
"12001","2010-08-13","115","В"
"12001","2010-08-14","115","В"
"12001","2010-08-15","114","В"
"12001","2010-08-16","114","В"
"12001","2010-08-17","114","В"
"12001","2010-08-18","114","В"
"12001","2010-08-19","114","В"
"12001","2010-08-20","114","В"
"12001","2010-08-21","114","В"
"12001","2010-08-22","113","В"
"12001","2010-08-23","113","В"
"12001","2010-08-24","113","В"
"12001","2010-08-25","112","В"
"12001","2010-08-26","112","В"
"12001","2010-08-27","112","В"
"12001","2010-08-28","112","В"
"12001","2010-08-29","112","В"
"12001","2010-08-30","112","В"
"12001","2010-08-31","112","В"
"12001","2010-09-01","112","В"
"12001","2010-09-02","112","В"
"12001","2010-09-03","112","В"
"12001","2010-09-04","112","В"
"12001","2010-09-05","112","В"
"12001","2010-09-06","112","В"
"12001","2010-09-07","112","В"
"12001","2010-09-08","112","В"
"12001","2010-09-09","112","В"
"12001","2010-09-10","112","В"
"12001","2010-09-11","112","В"
"12001","2010-09-12","112","В"
"12001","2010-09-13","111","В"
"12001","2010-09-14","111","В"
"12001","2010-09-15","111","В"
"12001","2010-09-16","111","В"
"12001","2010-09-17","111","В"
"12001","2010-09-18","111","В"
"12001","2010-09-19","111","В"
"12001","2010-09-20","111","В"
"12001","2010-09-21","111","В"
"12001","2010-09-22","111","В"
"12001","2010-09-23","111","В"
"12001","2010-09-24","111","В"
"12001","2010-09-25","111","В"
"12001","2010-09-26","110","В"
"12001","2010-09-27","110","В"
"12001","2010-09-28","110","В"
"12001","2010-09-29","110","В"
"12001","2010-09-30","110","В"
"12001","2010-10-01","110","В"
"12001","2010-10-02","110","В"
"12001","2010-10-03","110","В"
"12001","2010-10-04","110","В"
"12001","2010-10-05","110","В"
"12001","2010-10-06","110","В"
"12001","2010-10-07","111","В"
"12001","2010-10-08","111","В"
"12001","2010-10-09","111","В"
"12001","2010-10-10","111","В"
"12001","2010-10-11","111","В"
"12001","2010-10-12","111","В"
"12001","2010-10-13","111","В"
"12001","2010-10-14","111","В"
"12001","2010-10-15","111","В"
"12001","2010-10-16","111","В"
"12001","2010-10-17","111","В"
"12001","2010-10-18","111","В"
"12001","2010-10-19","111","В"
"12001","2010-10-20","111","В"
"12001","2010-10-21","111","В"
"12001","2010-10-22","111","В"
"12001","2010-10-23","111","В"
"12001","2010-10-24","111","В"
"12001","2010-10-25","111","В"
"12001","2010-10-26","111","В"
"12001","2010-10-27","111","В"
"12001","2010-10-28","111","В"
"12001","2010-10-29","111","В"
"12001","2010-10-30","112","В"
"12001","2010-10-31","115","В"
"12001","2010-11-01","115","В"
"12001","2010-11-02","115","В"
"12001","2010-11-03","116","В"
"12001","2010-11-04","116","В"
"12001","2010-11-05","117","В"
"12001","2010-11-06","117","В"
"12001","2010-11-07","118","В"
"12001","2010-11-08","118","В"
"12001","2010-11-09","118","В"
"12001","2010-11-10","118","В"
"12001","2010-11-11","118","В"
"12001","2010-11-12","119","В"
"12001","2010-11-13","119","В"
"12001","2010-11-14","119","В"
"12001","2010-11-15","120","В"
"12001","2010-11-16","120","В"
"12001","2010-11-17","120","В"
"12001","2010-11-18","121","В"
"12001","2010-11-19","121","В)"
"12001","2010-11-20","122","В)"
"12001","2010-11-21","122","ВІ"
"12001","2010-11-22","122","ВІ"
"12001","2010-11-23","122","ВІ"
"12001","2010-11-24","122","ВІ"
"12001","2010-11-25","123","ВІ"
"12001","2010-11-26","124","ВІ"
"12001","2010-11-27","124","ВІ"
"12001","2010-11-28","125","ВІ"
"12001","2010-11-29","125","ВІ"
"12001","2010-11-30","125","ВІ"
"12001","2010-12-01","125","ВІ"
"12001","2010-12-02","125","ВІ"
"12001","2010-12-03","125","ВІ"
"12001","2010-12-04","125","ВІ"
"12001","2010-12-05","125","ВІ"
"12001","2010-12-06","125","ВІ"
"12001","2010-12-07","125","ВІ"
"12001","2010-12-08","126","ВІ"
"12001","2010-12-09","126","ВІ"
"12001","2010-12-10","126","ВІ"
"12001","2010-12-11","126","ВІ"
"12001","2010-12-12","127","ВІ"
"12001","2010-12-13","127","ВІ"
"12001","2010-12-14","127","ВІ"
"12001","2010-12-15","127","ВІ"
"12001","2010-12-16","127","ВІ"
"12001","2010-12-17","128","ВІ"
"12001","2010-12-18","128","ВІ"
"12001","2010-12-19","128","ВІ"
"12001","2010-12-20","128","ВІ"
"12001","2010-12-21","128","ВІ"
"12001","2010-12-22","128","ВІ"
"12001","2010-12-23","128","ВІ"
"12001","2010-12-24","128","ВІ"
"12001","2010-12-25","128","ВІ"
"12001","2010-12-26","129","ВІ"
"12001","2010-12-27","129","ВІ"
"12001","2010-12-28","129","ВІ"
"12001","2010-12-29","130","ВІ"
"12001","2010-12-30","130","ВІ"
"12001","2010-12-31","130","ВІ"
"12001","2011-01-01","130","ВI"
"12001","2011-01-02","130","ВI"
"12001","2011-01-03","130","ВI"
"12001","2011-01-04","130","ВI"
"12001","2011-01-05","131","ВI"
"12001","2011-01-06","131","ВI"
"12001","2011-01-07","131","ВI"
"12001","2011-01-08","131","ВI"
"12001","2011-01-09","131","ВI"
"12001","2011-01-10","132","ВI"
"12001","2011-01-11","132","ВI"
"12001","2011-01-12","132","ВI"
"12001","2011-01-13","132","ВI"
"12001","2011-01-14","132","ВI"
"12001","2011-01-15","132","ВI"
"12001","2011-01-16","132","ВI"
"12001","2011-01-17","132","ВI"
"12001","2011-01-18","133","ВI"
"12001","2011-01-19","133","ВI"
"12001","2011-01-20","133","ВI"
"12001","2011-01-21","133","ВI"
"12001","2011-01-22","133","ВI"
"12001","2011-01-23","133","ВI"
"12001","2011-01-24","133","ВI"
"12001","2011-01-25","133","ВI"
"12001","2011-01-26","133","ВI"
"12001","2011-01-27","134","ВI"
"12001","2011-01-28","134","ВI"
"12001","2011-01-29","134","ВI"
"12001","2011-01-30","134","ВI"
"12001","2011-01-31","134","ВI"
"12001","2011-02-01","134","ВI"
"12001","2011-02-02","134","ВI"
"12001","2011-02-03","134","ВI"
"12001","2011-02-04","134","ВI"
"12001","2011-02-05","134","ВI"
"12001","2011-02-06","135","ВI"
"12001","2011-02-07","135","ВI"
"12001","2011-02-08","135","ВI"
"12001","2011-02-09","135","ВI"
"12001","2011-02-10","135","ВI"
"12001","2011-02-11","136","ВI"
"12001","2011-02-12","136","ВI"
"12001","2011-02-13","136","ВI"
"12001","2011-02-14","136","ВI"
"12001","2011-02-15","137","ВI"
"12001","2011-02-16","137","ВI"
"12001","2011-02-17","137","ВI"
"12001","2011-02-18","137","ВI"
"12001","2011-02-19","137","ВI"
"12001","2011-02-20","137","ВI"
"12001","2011-02-21","137","ВI"
"12001","2011-02-22","137","ВI"
"12001","2011-02-23","137","ВI"
"12001","2011-02-24","137","ВI"
"12001","2011-02-25","138","ВI"
"12001","2011-02-26","138","ВI"
"12001","2011-02-27","138","ВI"
"12001","2011-02-28","138","ВI"
"12001","2011-03-01","138","ВI"
"12001","2011-03-02","138","ВI"
"12001","2011-03-03","137","ВI"
"12001","2011-03-04","136","ВI"
"12001","2011-03-05","136","ВI"
"12001","2011-03-06","136","ВI"
"12001","2011-03-07","136","ВI"
"12001","2011-03-08","136","ВI"
"12001","2011-03-09","136","ВI"
"12001","2011-03-10","136","ВI"
"12001","2011-03-11","136","ВI"
"12001","2011-03-12","136","ВI"
"12001","2011-03-13","136","ВI"
"12001","2011-03-14","136","ВI"
"12001","2011-03-15","136","ВI"
"12001","2011-03-16","136","ВI"
"12001","2011-03-17","136","ВI"
"12001","2011-03-18","136","ВI"
"12001","2011-03-19","136","ВI"
"12001","2011-03-20","136","ВI"
"12001","2011-03-21","136","ВI"
"12001","2011-03-22","136","ВI"
"12001","2011-03-23","136","ВI"
"12001","2011-03-24","136","ВI"
"12001","2011-03-25","136","ВI"
"12001","2011-03-26","136","ВI"
"12001","2011-03-27","136","ВI"
"12001","2011-03-28","136","ВI"
"12001","2011-03-29","136","ВI"
"12001","2011-03-30","136","ВI"
"12001","2011-03-31","136","ВI"
"12001","2011-04-01","136","ВI"
"12001","2011-04-02","136","ВI"
"12001","2011-04-03","136","ВI"
"12001","2011-04-04","158","(В"
"12001","2011-04-05","175","(В"
"12001","2011-04-06","195","(В"
"12001","2011-04-07","217","(В"
"12001","2011-04-08","241","(Л"
"12001","2011-04-09","326","Л"
"12001","2011-04-10","334",""
"12001","2011-04-11","323",""
"12001","2011-04-12","309",""
"12001","2011-04-13","253",""
"12001","2011-04-14","250",""
"12001","2011-04-15","237",""
"12001","2011-04-16","230",""
"12001","2011-04-17","223",""
"12001","2011-04-18","196",""
"12001","2011-04-19","191",""
"12001","2011-04-20","184",""
"12001","2011-04-21","180",""
"12001","2011-04-22","175",""
"12001","2011-04-23","170",""
"12001","2011-04-24","167",""
"12001","2011-04-25","164",""
"12001","2011-04-26","161",""
"12001","2011-04-27","160",""
"12001","2011-04-28","157","В"
"12001","2011-04-29","157","В"
"12001","2011-04-30","157","В"
"12001","2011-05-01","157","В"
"12001","2011-05-02","157","В"
"12001","2011-05-03","156","В"
"12001","2011-05-04","156","В"
"12001","2011-05-05","154","В"
"12001","2011-05-06","153","В"
"12001","2011-05-07","152","В"
"12001","2011-05-08","152","В"
"12001","2011-05-09","150","В"
"12001","2011-05-10","149","В"
"12001","2011-05-11","146","В"
"12001","2011-05-12","142","В"
"12001","2011-05-13","140","В"
"12001","2011-05-14","139","В"
"12001","2011-05-15","138","В"
"12001","2011-05-16","136","В"
"12001","2011-05-17","135","В"
"12001","2011-05-18","134","В"
"12001","2011-05-19","131","В"
"12001","2011-05-20","130","В"
"12001","2011-05-21","130","В"
"12001","2011-05-22","130","В"
"12001","2011-05-23","129","В"
"12001","2011-05-24","129","В"
"12001","2011-05-25","129","В"
"12001","2011-05-26","127","В"
"12001","2011-05-27","127","В"
"12001","2011-05-28","127","В"
"12001","2011-05-29","126","В"
"12001","2011-05-30","126","В"
"12001","2011-05-31","126","В"
"12001","2011-06-01","126","В"
"12001","2011-06-02","126","В"
"12001","2011-06-03","126","В"
"12001","2011-06-04","126","В"
"12001","2011-06-05","126","В"
"12001","2011-06-06","125","В"
"12001","2011-06-07","125","В"
"12001","2011-06-08","125","В"
"12001","2011-06-09","125","В"
"12001","2011-06-10","125","В"
"12001","2011-06-11","125","В"
"12001","2011-06-12","125","В"
"12001","2011-06-13","124","В"
"12001","2011-06-14","124","В"
"12001","2011-06-15","124","В"
"12001","2011-06-16","124","В"
"12001","2011-06-17","124","В"
"12001","2011-06-18","124","В"
"12001","2011-06-19","124","В"
"12001","2011-06-20","124","В"
"12001","2011-06-21","124","В"
"12001","2011-06-22","124","В"
"12001","2011-06-23","124","В"
"12001","2011-06-24","124","В"
"12001","2011-06-25","124","В"
"12001","2011-06-26","124","В"
"12001","2011-06-27","124","В"
"12001","2011-06-28","124","В"
"12001","2011-06-29","124","В"
"12001","2011-06-30","124","В"
"12001","2011-07-01","124","В"
"12001","2011-07-02","123","В"
"12001","2011-07-03","123","В"
"12001","2011-07-04","123","В"
"12001","2011-07-05","123","В"
"12001","2011-07-06","123","В"
"12001","2011-07-07","122","В"
"12001","2011-07-08","122","В"
"12001","2011-07-09","122","В"
"12001","2011-07-10","121","В"
"12001","2011-07-11","120","В"
"12001","2011-07-12","120","В"
"12001","2011-07-13","120","В"
"12001","2011-07-14","120","В"
"12001","2011-07-15","120","В"
"12001","2011-07-16","120","В"
"12001","2011-07-17","120","В"
"12001","2011-07-18","119","В"
"12001","2011-07-19","119","В"
"12001","2011-07-20","119","В"
"12001","2011-07-21","119","В"
"12001","2011-07-22","118","В"
"12001","2011-07-23","118","В"
"12001","2011-07-24","117","В"
"12001","2011-07-25","117","В"
"12001","2011-07-26","117","В"
"12001","2011-07-27","117","В"
"12001","2011-07-28","117","В"
"12001","2011-07-29","117","В"
"12001","2011-07-30","116","В"
"12001","2011-07-31","116","В"
"12001","2011-08-01","115","В"
"12001","2011-08-02","115","В"
"12001","2011-08-03","114","В"
"12001","2011-08-04","114","В"
"12001","2011-08-05","114","В"
"12001","2011-08-06","113","В"
"12001","2011-08-07","113","В"
"12001","2011-08-08","113","В"
"12001","2011-08-09","111","В"
"12001","2011-08-10","111","В"
"12001","2011-08-11","111","В"
"12001","2011-08-12","111","В"
"12001","2011-08-13","111","В"
"12001","2011-08-14","111","В"
"12001","2011-08-15","111","В"
"12001","2011-08-16","111","В"
"12001","2011-08-17","110","В"
"12001","2011-08-18","110","В"
"12001","2011-08-19","110","В"
"12001","2011-08-20","110","В"
"12001","2011-08-21","110","В"
"12001","2011-08-22","109","В"
"12001","2011-08-23","109","В"
"12001","2011-08-24","109","В"
"12001","2011-08-25","109","В"
"12001","2011-08-26","109","В"
"12001","2011-08-27","108","В"
"12001","2011-08-28","108","В"
"12001","2011-08-29","108","В"
"12001","2011-08-30","107","В"
"12001","2011-08-31","107","В"
"12001","2011-09-01","107","В"
"12001","2011-09-02","107","В"
"12001","2011-09-03","107","В"
"12001","2011-09-04","107","В"
"12001","2011-09-05","107","В"
"12001","2011-09-06","106","В"
"12001","2011-09-07","106","В"
"12001","2011-09-08","105","В"
"12001","2011-09-09","105","В"
"12001","2011-09-10","104","В"
"12001","2011-09-11","104","В"
"12001","2011-09-12","104","В"
"12001","2011-09-13","103","В"
"12001","2011-09-14","103","В"
"12001","2011-09-15","103","В"
"12001","2011-09-16","103","В"
"12001","2011-09-17","102","В"
"12001","2011-09-18","102","В"
"12001","2011-09-19","102","В"
"12001","2011-09-20","101","В"
"12001","2011-09-21","101","В"
"12001","2011-09-22","101","В"
"12001","2011-09-23","101","В"
"12001","2011-09-24","101","В"
"12001","2011-09-25","101","В"
"12001","2011-09-26","101","В"
"12001","2011-09-27","100","В"
"12001","2011-09-28","100","В"
"12001","2011-09-29","100","В"
"12001","2011-09-30","100","В"
"12001","2011-10-01","101","В"
"12001","2011-10-02","101","В"
"12001","2011-10-03","101","В"
"12001","2011-10-04","101","В"
"12001","2011-10-05","101","В"
"12001","2011-10-06","101","В"
"12001","2011-10-07","101","В"
"12001","2011-10-08","100","В"
"12001","2011-10-09","100","В"
"12001","2011-10-10","100","В"
"12001","2011-10-11","100","В"
"12001","2011-10-12","100","В"
"12001","2011-10-13","100","В"
"12001","2011-10-14","100","В"
"12001","2011-10-15","100","В"
"12001","2011-10-16","100","В"
"12001","2011-10-17","100","В"
"12001","2011-10-18","100","В"
"12001","2011-10-19","100","В"
"12001","2011-10-20","100","В"
"12001","2011-10-21","100","В"
"12001","2011-10-22","100","В"
"12001","2011-10-23","100","В"
"12001","2011-10-24","100","В"
"12001","2011-10-25","99","В"
"12001","2011-10-26","99","В"
"12001","2011-10-27","99","В"
"12001","2011-10-28","99","В"
"12001","2011-10-29","99","В"
"12001","2011-10-30","99","В"
"12001","2011-10-31","99","В"
"12001","2011-11-01","99","В"
"12001","2011-11-02","99","В"
"12001","2011-11-03","99","В"
"12001","2011-11-04","99","В"
"12001","2011-11-05","99","В"
"12001","2011-11-06","99","В)"
"12001","2011-11-07","99","В)"
"12001","2011-11-08","99","В)"
"12001","2011-11-09","99","В)"
"12001","2011-11-10","99","В)"
"12001","2011-11-11","99","В)"
"12001","2011-11-12","99","В)"
"12001","2011-11-13","99","В)"
"12001","2011-11-14","99","В)"
"12001","2011-11-15","100","ВZ"
"12001","2011-11-16","100","ВI"
"12001","2011-11-17","100","ВI"
"12001","2011-11-18","100","ВI"
"12001","2011-11-19","100","ВI"
"12001","2011-11-20","100","ВI"
"12001","2011-11-21","100","ВI"
"12001","2011-11-22","100","ВI"
"12001","2011-11-23","100","ВI"
"12001","2011-11-24","100","ВI"
"12001","2011-11-25","100","ВI"
"12001","2011-11-26","100","ВI"
"12001","2011-11-27","100","ВI"
"12001","2011-11-28","100","ВI"
"12001","2011-11-29","100","ВI"
"12001","2011-11-30","100","ВI"
"12001","2011-12-01","101","ВI"
"12001","2011-12-02","101","ВI"
"12001","2011-12-03","101","ВI"
"12001","2011-12-04","101","ВI"
"12001","2011-12-05","101","ВI"
"12001","2011-12-06","101","ВI"
"12001","2011-12-07","101","ВI"
"12001","2011-12-08","101","ВI"
"12001","2011-12-09","102","ВI"
"12001","2011-12-10","102","ВI"
"12001","2011-12-11","102","ВI"
"12001","2011-12-12","102","ВI"
"12001","2011-12-13","102","ВI"
"12001","2011-12-14","102","ВI"
"12001","2011-12-15","102","ВI"
"12001","2011-12-16","102","ВI"
"12001","2011-12-17","102","ВI"
"12001","2011-12-18","102","ВI"
"12001","2011-12-19","102","ВI"
"12001","2011-12-20","102","ВI"
"12001","2011-12-21","102","ВI"
"12001","2011-12-22","103","ВI"
"12001","2011-12-23","103","ВI"
"12001","2011-12-24","103","ВI"
"12001","2011-12-25","103","ВI"
"12001","2011-12-26","103","ВI"
"12001","2011-12-27","103","ВI"
"12001","2011-12-28","103","ВI"
"12001","2011-12-29","103","ВI"
"12001","2011-12-30","103","ВI"
"12001","2011-12-31","103","ВI"
"12001","2012-01-01","103","_IВ"
"12001","2012-01-02","104","_IВ"
"12001","2012-01-03","104","IВ"
"12001","2012-01-04","104","IВ"
"12001","2012-01-05","105","IВ"
"12001","2012-01-06","105","IВ"
"12001","2012-01-07","105","IВ"
"12001","2012-01-08","105","IВ"
"12001","2012-01-09","105","IВ"
"12001","2012-01-10","106","IВ"
"12001","2012-01-11","106","IВ"
"12001","2012-01-12","106","IВ"
"12001","2012-01-13","106","IВ"
"12001","2012-01-14","106","IВ"
"12001","2012-01-15","106","IВ"
"12001","2012-01-16","106","IВ"
"12001","2012-01-17","106","IВ"
"12001","2012-01-18","107","IВ"
"12001","2012-01-19","107","IВ"
"12001","2012-01-20","107","IВ"
"12001","2012-01-21","107","IВ"
"12001","2012-01-22","107","IВ"
"12001","2012-01-23","107","IВ"
"12001","2012-01-24","108","IВ"
"12001","2012-01-25","108","IВ"
"12001","2012-01-26","108","IВ"
"12001","2012-01-27","108","IВ"
"12001","2012-01-28","108","IВ"
"12001","2012-01-29","109","^IВ"
"12001","2012-01-30","109","^IВ"
"12001","2012-01-31","109","^IВ"
"12001","2012-02-01","109","_IВ"
"12001","2012-02-02","110","IВ"
"12001","2012-02-03","110","IВ"
"12001","2012-02-04","110","IВ"
"12001","2012-02-05","110","IВ"
"12001","2012-02-06","111","IВ"
"12001","2012-02-07","112","IВ"
"12001","2012-02-08","112","IВ"
"12001","2012-02-09","113","IВ"
"12001","2012-02-10","113","IВ"
"12001","2012-02-11","113","IВ"
"12001","2012-02-12","115","IВ"
"12001","2012-02-13","115","IВ"
"12001","2012-02-14","115","IВ"
"12001","2012-02-15","115","IВ"
"12001","2012-02-16","116","IВ"
"12001","2012-02-17","116","IВ"
"12001","2012-02-18","116","IВ"
"12001","2012-02-19","117","IВ"
"12001","2012-02-20","117","IВ"
"12001","2012-02-21","117","IВ"
"12001","2012-02-22","118","IВ"
"12001","2012-02-23","118","IВ"
"12001","2012-02-24","118","IВ"
"12001","2012-02-25","118","IВ"
"12001","2012-02-26","119","IВ"
"12001","2012-02-27","120","IВ"
"12001","2012-02-28","120","IВ"
"12001","2012-02-29","121","^IВ"
"12001","2012-03-01","124","IВ"
"12001","2012-03-02","124","IВ"
"12001","2012-03-03","124","IВ"
"12001","2012-03-04","124","IВ"
"12001","2012-03-05","124","IВ"
"12001","2012-03-06","124","IВ"
"12001","2012-03-07","124","IВ"
"12001","2012-03-08","124","IВ"
"12001","2012-03-09","124","IВ"
"12001","2012-03-10","124","IВ"
"12001","2012-03-11","124","_IВ"
"12001","2012-03-12","123","_IВ"
"12001","2012-03-13","123","_IВ"
"12001","2012-03-14","123","_IВ"
"12001","2012-03-15","123","_IВ"
"12001","2012-03-16","123","_IВ"
"12001","2012-03-17","123","_IВ"
"12001","2012-03-18","123","_IВ"
"12001","2012-03-19","123","_IВ"
"12001","2012-03-20","123","_IВ"
"12001","2012-03-21","125","IВ"
"12001","2012-03-22","125","IВ"
"12001","2012-03-23","125","IВ"
"12001","2012-03-24","125","IВ"
"12001","2012-03-25","125","IВ"
"12001","2012-03-26","125","IВ"
"12001","2012-03-27","125","IВ"
"12001","2012-03-28","125","IВ"
"12001","2012-03-29","126","IВ"
"12001","2012-03-30","126","IВ"
"12001","2012-03-31","127","^IВ"
"12001","2012-04-01","171","_~В"
"12001","2012-04-02","187","(В"
"12001","2012-04-03","199","(В"
"12001","2012-04-04","237","(В"
"12001","2012-04-05","278","(В"
"12001","2012-04-06","279","Л"
"12001","2012-04-07","279","Л"
"12001","2012-04-08","319","Л"
"12001","2012-04-09","333","^"
"12001","2012-04-10","275",""
"12001","2012-04-11","242",""
"12001","2012-04-12","227",""
"12001","2012-04-13","213",""
"12001","2012-04-14","205",""
"12001","2012-04-15","198",""
"12001","2012-04-16","195",""
"12001","2012-04-17","193",""
"12001","2012-04-18","187",""
"12001","2012-04-19","184",""
"12001","2012-04-20","181",""
"12001","2012-04-21","179",""
"12001","2012-04-22","173",""
"12001","2012-04-23","168",""
"12001","2012-04-24","165",""
"12001","2012-04-25","165",""
"12001","2012-04-26","162","В"
"12001","2012-04-27","157","В"
"12001","2012-04-28","155","В"
"12001","2012-04-29","155","В"
"12001","2012-04-30","155","В"
"12001","2012-05-01","155","^В"
"12001","2012-05-02","155","^В"
"12001","2012-05-03","155","^В"
"12001","2012-05-04","154","В"
"12001","2012-05-05","154","В"
"12001","2012-05-06","154","В"
"12001","2012-05-07","153","В"
"12001","2012-05-08","152","В"
"12001","2012-05-09","152","В"
"12001","2012-05-10","152","В"
"12001","2012-05-11","151","В"
"12001","2012-05-12","151","В"
"12001","2012-05-13","150","В"
"12001","2012-05-14","150","В"
"12001","2012-05-15","148","В"
"12001","2012-05-16","148","В"
"12001","2012-05-17","148","В"
"12001","2012-05-18","147","В"
"12001","2012-05-19","147","В"
"12001","2012-05-20","147","В"
"12001","2012-05-21","146","В"
"12001","2012-05-22","146","В"
"12001","2012-05-23","146","В"
"12001","2012-05-24","145","В"
"12001","2012-05-25","144","В"
"12001","2012-05-26","144","В"
"12001","2012-05-27","144","В"
"12001","2012-05-28","142","В"
"12001","2012-05-29","142","В"
"12001","2012-05-30","141","_В"
"12001","2012-05-31","141","_В"
"12001","2012-06-01","141","^В"
"12001","2012-06-02","141","^В"
"12001","2012-06-03","140","В"
"12001","2012-06-04","140","В"
"12001","2012-06-05","140","В"
"12001","2012-06-06","139","В"
"12001","2012-06-07","139","В"
"12001","2012-06-08","139","В"
"12001","2012-06-09","139","В"
"12001","2012-06-10","139","В"
"12001","2012-06-11","138","В"
"12001","2012-06-12","138","В"
"12001","2012-06-13","138","В"
"12001","2012-06-14","138","В"
"12001","2012-06-15","138","В"
"12001","2012-06-16","137","В"
"12001","2012-06-17","137","В"
"12001","2012-06-18","137","В"
"12001","2012-06-19","136","В"
"12001","2012-06-20","136","В"
"12001","2012-06-21","136","В"
"12001","2012-06-22","135","В"
"12001","2012-06-23","135","В"
"12001","2012-06-24","135","В"
"12001","2012-06-25","134","В"
"12001","2012-06-26","133","В"
"12001","2012-06-27","133","В"
"12001","2012-06-28","133","_В"
"12001","2012-06-29","132","_В"
"12001","2012-06-30","132","_В"
"12001","2012-07-01","133","^В"
"12001","2012-07-02","133","^В"
"12001","2012-07-03","132","В"
"12001","2012-07-04","131","В"
"12001","2012-07-05","131","В"
"12001","2012-07-06","131","В"
"12001","2012-07-07","130","В"
"12001","2012-07-08","130","В"
"12001","2012-07-09","129","В"
"12001","2012-07-10","129","В"
"12001","2012-07-11","129","В"
"12001","2012-07-12","128","В"
"12001","2012-07-13","128","В"
"12001","2012-07-14","127","В"
"12001","2012-07-15","127","В"
"12001","2012-07-16","126","В"
"12001","2012-07-17","126","В"
"12001","2012-07-18","126","В"
"12001","2012-07-19","125","В"
"12001","2012-07-20","125","В"
"12001","2012-07-21","125","В"
"12001","2012-07-22","124","В"
"12001","2012-07-23","124","В"
"12001","2012-07-24","123","В"
"12001","2012-07-25","123","В"
"12001","2012-07-26","123","В"
"12001","2012-07-27","122","В"
"12001","2012-07-28","121","В"
"12001","2012-07-29","121","В"
"12001","2012-07-30","120","_В"
"12001","2012-07-31","119","_В"
"12001","2012-08-01","119","^В"
"12001","2012-08-02","118","В"
"12001","2012-08-03","117","В"
"12001","2012-08-04","116","В"
"12001","2012-08-05","115","В"
"12001","2012-08-06","113","В"
"12001","2012-08-07","111","В"
"12001","2012-08-08","108","В"
"12001","2012-08-09","108","В"
"12001","2012-08-10","107","В"
"12001","2012-08-11","106","В"
"12001","2012-08-12","106","В"
"12001","2012-08-13","106","В"
"12001","2012-08-14","105","В"
"12001","2012-08-15","105","В"
"12001","2012-08-16","104","В"
"12001","2012-08-17","104","В"
"12001","2012-08-18","103","В"
"12001","2012-08-19","102","В"
"12001","2012-08-20","101","В"
"12001","2012-08-21","100","В"
"12001","2012-08-22","100","В"
"12001","2012-08-23","99","В"
"12001","2012-08-24","99","В"
"12001","2012-08-25","98","В"
"12001","2012-08-26","98","В"
"12001","2012-08-27","98","В"
"12001","2012-08-28","97","В"
"12001","2012-08-29","97","В"
"12001","2012-08-30","97","_В"
"12001","2012-08-31","96","_В"
"12001","2012-09-01","96","^В"
"12001","2012-09-02","96","^В"
"12001","2012-09-03","96","^В"
"12001","2012-09-04","95","В"
"12001","2012-09-05","95","В"
"12001","2012-09-06","94","В"
"12001","2012-09-07","94","В"
"12001","2012-09-08","94","В"
"12001","2012-09-09","93","В"
"12001","2012-09-10","92","В"
"12001","2012-09-11","92","В"
"12001","2012-09-12","92","В"
"12001","2012-09-13","92","В"
"12001","2012-09-14","91","В"
"12001","2012-09-15","91","В"
"12001","2012-09-16","91","В"
"12001","2012-09-17","91","В"
"12001","2012-09-18","91","В"
"12001","2012-09-19","90","В"
"12001","2012-09-20","90","В"
"12001","2012-09-21","90","В"
"12001","2012-09-22","90","В"
"12001","2012-09-23","89","В"
"12001","2012-09-24","89","В"
"12001","2012-09-25","89","В"
"12001","2012-09-26","89","В"
"12001","2012-09-27","88","_В"
"12001","2012-09-28","88","_В"
"12001","2012-09-29","88","_В"
"12001","2012-09-30","88","_В"
"12001","2012-10-01","88","^В"
"12001","2012-10-02","88","^В"
"12001","2012-10-03","88","^В"
"12001","2012-10-04","88","^В"
"12001","2012-10-05","88","^В"
"12001","2012-10-06","88","^В"
"12001","2012-10-07","88","^В"
"12001","2012-10-08","88","^В"
"12001","2012-10-09","88","^В"
"12001","2012-10-10","88","^В"
"12001","2012-10-11","88","^В"
"12001","2012-10-12","88","^В"
"12001","2012-10-13","88","^В"
"12001","2012-10-14","87","В"
"12001","2012-10-15","87","В"
"12001","2012-10-16","87","В"
"12001","2012-10-17","87","В"
"12001","2012-10-18","87","В"
"12001","2012-10-19","87","В"
"12001","2012-10-20","87","В"
"12001","2012-10-21","87","В"
"12001","2012-10-22","87","_В"
"12001","2012-10-23","86","_В"
"12001","2012-10-24","86","_В"
"12001","2012-10-25","86","_В"
"12001","2012-10-26","86","_В"
"12001","2012-10-27","86","_В"
"12001","2012-10-28","86","_В"
"12001","2012-10-29","86","_В"
"12001","2012-10-30","86","_В"
"12001","2012-10-31","86","_В"
"12001","2012-11-01","86","^В"
"12001","2012-11-02","86","^В"
"12001","2012-11-03","86","^В"
"12001","2012-11-04","86","^В"
"12001","2012-11-05","86","^В"
"12001","2012-11-06","86","^В"
"12001","2012-11-07","86","^В"
"12001","2012-11-08","85","В"
"12001","2012-11-09","85",")В"
"12001","2012-11-10","85",")В"
"12001","2012-11-11","85",")В"
"12001","2012-11-12","85",")В"
"12001","2012-11-13","85","IВ"
"12001","2012-11-14","85","IВ"
"12001","2012-11-15","85","IВ"
"12001","2012-11-16","84","_IВ"
"12001","2012-11-17","84","_IВ"
"12001","2012-11-18","84","_IВ"
"12001","2012-11-19","84","_IВ"
"12001","2012-11-20","84","_IВ"
"12001","2012-11-21","84","_IВ"
"12001","2012-11-22","84","_IВ"
"12001","2012-11-23","84","_IВ"
"12001","2012-11-24","84","_IВ"
"12001","2012-11-25","84","_IВ"
"12001","2012-11-26","84","_IВ"
"12001","2012-11-27","84","_IВ"
"12001","2012-11-28","84","_IВ"
"12001","2012-11-29","84","_IВ"
"12001","2012-11-30","84","_IВ"
"12001","2012-12-01","84","_IВ"
"12001","2012-12-02","84","_IВ"
"12001","2012-12-03","84","_IВ"
"12001","2012-12-04","84","_IВ"
"12001","2012-12-05","84","_IВ"
"12001","2012-12-06","84","_IВ"
"12001","2012-12-07","84","_IВ"
"12001","2012-12-08","85","IВ"
"12001","2012-12-09","85","IВ"
"12001","2012-12-10","85","IВ"
"12001","2012-12-11","85","IВ"
"12001","2012-12-12","85","IВ"
"12001","2012-12-13","85","IВ"
"12001","2012-12-14","85","IВ"
"12001","2012-12-15","85","IВ"
"12001","2012-12-16","86","IВ"
"12001","2012-12-17","86","IВ"
"12001","2012-12-18","86","IВ"
"12001","2012-12-19","86","IВ"
"12001","2012-12-20","86","IВ"
"12001","2012-12-21","86","IВ"
"12001","2012-12-22","87","^IВ"
"12001","2012-12-23","87","^IВ"
"12001","2012-12-24","87","^IВ"
"12001","2012-12-25","87","^IВ"
"12001","2012-12-26","87","^IВ"
"12001","2012-12-27","87","^IВ"
"12001","2012-12-28","87","^IВ"
"12001","2012-12-29","87","^IВ"
"12001","2012-12-30","87","^IВ"
"12001","2012-12-31","87","^IВ"
"12001","2013-01-01","87","_IВ"
"12001","2013-01-02","87","_IВ"
"12001","2013-01-03","87","_IВ"
"12001","2013-01-04","87","_IВ"
"12001","2013-01-05","87","_IВ"
"12001","2013-01-06","88","IВ"
"12001","2013-01-07","88","IВ"
"12001","2013-01-08","88","IВ"
"12001","2013-01-09","88","IВ"
"12001","2013-01-10","88","IВ"
"12001","2013-01-11","88","IВ"
"12001","2013-01-12","89","IВ"
"12001","2013-01-13","89","IВ"
"12001","2013-01-14","89","IВ"
"12001","2013-01-15","89","IВ"
"12001","2013-01-16","89","IВ"
"12001","2013-01-17","89","IВ"
"12001","2013-01-18","89","IВ"
"12001","2013-01-19","89","IВ"
"12001","2013-01-20","89","IВ"
"12001","2013-01-21","89","IВ"
"12001","2013-01-22","89","IВ"
"12001","2013-01-23","89","IВ"
"12001","2013-01-24","89","IВ"
"12001","2013-01-25","89","IВ"
"12001","2013-01-26","89","IВ"
"12001","2013-01-27","90","^IВ"
"12001","2013-01-28","90","^IВ"
"12001","2013-01-29","90","^IВ"
"12001","2013-01-30","90","^IВ"
"12001","2013-01-31","90","^IВ"
"12001","2013-02-01","90","_IВ"
"12001","2013-02-02","90","_IВ"
"12001","2013-02-03","90","_IВ"
"12001","2013-02-04","90","_IВ"
"12001","2013-02-05","90","_IВ"
"12001","2013-02-06","91","_IВ"
"12001","2013-02-07","91","IВ"
"12001","2013-02-08","91","IВ"
"12001","2013-02-09","91","IВ"
"12001","2013-02-10","91","IВ"
"12001","2013-02-11","91","IВ"
"12001","2013-02-12","91","IВ"
"12001","2013-02-13","91","IВ"
"12001","2013-02-14","91","IВ"
"12001","2013-02-15","91","IВ"
"12001","2013-02-16","91","IВ"
"12001","2013-02-17","91","IВ"
"12001","2013-02-18","92","IВ"
"12001","2013-02-19","92","IВ"
"12001","2013-02-20","92","IВ"
"12001","2013-02-21","92","IВ"
"12001","2013-02-22","92","IВ"
"12001","2013-02-23","92","IВ"
"12001","2013-02-24","93","^IВ"
"12001","2013-02-25","93","^IВ"
"12001","2013-02-26","93","^IВ"
"12001","2013-02-27","93","^IВ"
"12001","2013-02-28","93","^IВ"
"12001","2013-03-01","94","_IВ"
"12001","2013-03-02","94","_IВ"
"12001","2013-03-03","94","_IВ"
"12001","2013-03-04","94","_IВ"
"12001","2013-03-05","94","_IВ"
"12001","2013-03-06","94","_IВ"
"12001","2013-03-07","94","_IВ"
"12001","2013-03-08","94","_IВ"
"12001","2013-03-09","94","_IВ"
"12001","2013-03-10","94","_IВ"
"12001","2013-03-11","94","_IВ"
"12001","2013-03-12","94","_IВ"
"12001","2013-03-13","94","_IВ"
"12001","2013-03-14","94","_IВ"
"12001","2013-03-15","94","_IВ"
"12001","2013-03-16","94","_IВ"
"12001","2013-03-17","94","_IВ"
"12001","2013-03-18","94","_IВ"
"12001","2013-03-19","94","_IВ"
"12001","2013-03-20","94","_IВ"
"12001","2013-03-21","94","_IВ"
"12001","2013-03-22","94","_IВ"
"12001","2013-03-23","94","_IВ"
"12001","2013-03-24","94","_IВ"
"12001","2013-03-25","94","_IВ"
"12001","2013-03-26","94","_IВ"
"12001","2013-03-27","94","_IВ"
"12001","2013-03-28","95","_IВ"
"12001","2013-03-29","104","IВ"
"12001","2013-03-30","111","^IВ"
"12001","2013-03-31","113","^IВ"
"12001","2013-04-01","116","_~В"
"12001","2013-04-02","127","~В"
"12001","2013-04-03","135","~В"
"12001","2013-04-04","143","~В"
"12001","2013-04-05","181","~В"
"12001","2013-04-06","193","~В"
"12001","2013-04-07","202","~В"
"12001","2013-04-08","226","^"
"12001","2013-04-09","209",""
"12001","2013-04-10","202",""
"12001","2013-04-11","197",""
"12001","2013-04-12","178",""
"12001","2013-04-13","167",""
"12001","2013-04-14","165",""
"12001","2013-04-15","163",""
"12001","2013-04-16","163",""
"12001","2013-04-17","164",""
"12001","2013-04-18","164",""
"12001","2013-04-19","158",""
"12001","2013-04-20","152",""
"12001","2013-04-21","150",""
"12001","2013-04-22","148",""
"12001","2013-04-23","148",""
"12001","2013-04-24","148",""
"12001","2013-04-25","147",""
"12001","2013-04-26","147",""
"12001","2013-04-27","147",""
"12001","2013-04-28","147",""
"12001","2013-04-29","147",""
"12001","2013-04-30","146",""
"12001","2013-05-01","146","^"
"12001","2013-05-02","146","^"
"12001","2013-05-03","146","^"
"12001","2013-05-04","146","^"
"12001","2013-05-05","146","^"
"12001","2013-05-06","146","^"
"12001","2013-05-07","146","^"
"12001","2013-05-08","145",""
"12001","2013-05-09","145",""
"12001","2013-05-10","145",""
"12001","2013-05-11","145",""
"12001","2013-05-12","145",""
"12001","2013-05-13","145",""
"12001","2013-05-14","144",""
"12001","2013-05-15","143",""
"12001","2013-05-16","142",""
"12001","2013-05-17","142",""
"12001","2013-05-18","142",""
"12001","2013-05-19","141",""
"12001","2013-05-20","140","В"
"12001","2013-05-21","139","В"
"12001","2013-05-22","139","В"
"12001","2013-05-23","136","В"
"12001","2013-05-24","136","В"
"12001","2013-05-25","136","В"
"12001","2013-05-26","135","В"
"12001","2013-05-27","135","В"
"12001","2013-05-28","134","В"
"12001","2013-05-29","134","_В"
"12001","2013-05-30","133","_В"
"12001","2013-05-31","133","_В"
"12001","2013-06-01","126","^В"
"12001","2013-06-02","126","^В"
"12001","2013-06-03","126","^В"
"12001","2013-06-04","125","В"
"12001","2013-06-05","125","В"
"12001","2013-06-06","125","В"
"12001","2013-06-07","125","В"
"12001","2013-06-08","125","В"
"12001","2013-06-09","124","В"
"12001","2013-06-10","124","В"
"12001","2013-06-11","124","В"
"12001","2013-06-12","124","В"
"12001","2013-06-13","124","В"
"12001","2013-06-14","123","В"
"12001","2013-06-15","123","В"
"12001","2013-06-16","123","В"
"12001","2013-06-17","122","В"
"12001","2013-06-18","122","В"
"12001","2013-06-19","122","В"
"12001","2013-06-20","121","В"
"12001","2013-06-21","121","В"
"12001","2013-06-22","120","В"
"12001","2013-06-23","120","В"
"12001","2013-06-24","119","В"
"12001","2013-06-25","118","В"
"12001","2013-06-26","118","В"
"12001","2013-06-27","118","В"
"12001","2013-06-28","117","В"
"12001","2013-06-29","117","В"
"12001","2013-06-30","117","_В"
"12001","2013-07-01","99","В"
"12001","2013-07-02","99","В"
"12001","2013-07-03","99","В"
"12001","2013-07-04","99","В"
"12001","2013-07-05","99","В"
"12001","2013-07-06","99","В"
"12001","2013-07-07","98","В"
"12001","2013-07-08","98","В"
"12001","2013-07-09","98","В"
"12001","2013-07-10","98","_В"
"12001","2013-07-11","97","_В"
"12001","2013-07-12","97","_В"
"12001","2013-07-13","97","_В"
"12001","2013-07-14","97","_В"
"12001","2013-07-15","114","^В"
"12001","2013-07-16","114","^В"
"12001","2013-07-17","114","^В"
"12001","2013-07-18","113","В"
"12001","2013-07-19","113","В"
"12001","2013-07-20","113","В"
"12001","2013-07-21","113","В"
"12001","2013-07-22","113","В"
"12001","2013-07-23","113","В"
"12001","2013-07-24","113","В"
"12001","2013-07-25","113","В"
"12001","2013-07-26","113","В"
"12001","2013-07-27","113","В"
"12001","2013-07-28","113","В"
"12001","2013-07-29","113","В"
"12001","2013-07-30","112","В"
"12001","2013-07-31","112","В"
"12001","2013-08-01","112","_В"
"12001","2013-08-02","112","_В"
"12001","2013-08-03","114","_В"
"12001","2013-08-04","115","В"
"12001","2013-08-05","116","В"
"12001","2013-08-06","118","В"
"12001","2013-08-07","120","В"
"12001","2013-08-08","121","В"
"12001","2013-08-09","126","В"
"12001","2013-08-10","178","^"
"12001","2013-08-11","168",""
"12001","2013-08-12","161",""
"12001","2013-08-13","156",""
"12001","2013-08-14","154",""
"12001","2013-08-15","149","В"
"12001","2013-08-16","149","В"
"12001","2013-08-17","149","В"
"12001","2013-08-18","148","В"
"12001","2013-08-19","147","В"
"12001","2013-08-20","147","В"
"12001","2013-08-21","147","В"
"12001","2013-08-22","146","В"
"12001","2013-08-23","146","В"
"12001","2013-08-24","146","В"
"12001","2013-08-25","146","В"
"12001","2013-08-26","145","В"
"12001","2013-08-27","144","В"
"12001","2013-08-28","144","В"
"12001","2013-08-29","144","В"
"12001","2013-08-30","143","В"
"12001","2013-08-31","143","В"
"12001","2013-09-01","117","_В"
"12001","2013-09-02","117","_В"
"12001","2013-09-03","118","В"
"12001","2013-09-04","118","В"
"12001","2013-09-05","118","В"
"12001","2013-09-06","120","В"
"12001","2013-09-07","120","В"
"12001","2013-09-08","121","В"
"12001","2013-09-09","121","В"
"12001","2013-09-10","122","В"
"12001","2013-09-11","122","В"
"12001","2013-09-12","123","В"
"12001","2013-09-13","124","В"
"12001","2013-09-14","125","В"
"12001","2013-09-15","125","В"
"12001","2013-09-16","125","В"
"12001","2013-09-17","126","В"
"12001","2013-09-18","126","В"
"12001","2013-09-19","128","В"
"12001","2013-09-20","128","В"
"12001","2013-09-21","128","В"
"12001","2013-09-22","128","В"
"12001","2013-09-23","129","^В"
"12001","2013-09-24","129","^В"
"12001","2013-09-25","129","^В"
"12001","2013-09-26","129","^В"
"12001","2013-09-27","129","^В"
"12001","2013-09-28","128","В"
"12001","2013-09-29","128","В"
"12001","2013-09-30","128","В"
"12001","2013-10-01","128","_В"
"12001","2013-10-02","128","_В"
"12001","2013-10-03","130","_В"
"12001","2013-10-04","131","В"
"12001","2013-10-05","131","В"
"12001","2013-10-06","131","В"
"12001","2013-10-07","131","В"
"12001","2013-10-08","131","В"
"12001","2013-10-09","131","В"
"12001","2013-10-10","131","В"
"12001","2013-10-11","131","В"
"12001","2013-10-12","131","В"
"12001","2013-10-13","131","В"
"12001","2013-10-14","131","В"
"12001","2013-10-15","131","В"
"12001","2013-10-16","131","В"
"12001","2013-10-17","131","В"
"12001","2013-10-18","131","В"
"12001","2013-10-19","131","В"
"12001","2013-10-20","131","В"
"12001","2013-10-21","131","В"
"12001","2013-10-22","131","В"
"12001","2013-10-23","132","^В"
"12001","2013-10-24","132","^В"
"12001","2013-10-25","132","^В"
"12001","2013-10-26","132","^В"
"12001","2013-10-27","132","^В"
"12001","2013-10-28","132","^В"
"12001","2013-10-29","132","^В"
"12001","2013-10-30","132","^В"
"12001","2013-10-31","132","^В"
"12001","2013-11-01","132","_В"
"12001","2013-11-02","132","_В"
"12001","2013-11-03","132","_В"
"12001","2013-11-04","133","^В"
"12001","2013-11-05","133","^В"
"12001","2013-11-06","133","^В"
"12001","2013-11-07","133","^В"
"12001","2013-11-08","133","^В"
"12001","2013-11-09","133","^В"
"12001","2013-11-10","133","^В"
"12001","2013-11-11","133","^В"
"12001","2013-11-12","133","^В"
"12001","2013-11-13","133","^В"
"12001","2013-11-14","133","^В"
"12001","2013-11-15","133","^В"
"12001","2013-11-16","133","^В"
"12001","2013-11-17","133","^В"
"12001","2013-11-18","133","^В"
"12001","2013-11-19","133","^В"
"12001","2013-11-20","133","^В"
"12001","2013-11-21","133","^)В"
"12001","2013-11-22","133","^)В"
"12001","2013-11-23","133","^I)"
"12001","2013-11-24","133","^IВ"
"12001","2013-11-25","133","^IВ"
"12001","2013-11-26","133","^IВ"
"12001","2013-11-27","133","^IВ"
"12001","2013-11-28","133","^IВ"
"12001","2013-11-29","133","^IВ"
"12001","2013-11-30","133","^IВ"
"12001","2013-12-01","133","_IВ"
"12001","2013-12-02","134","_IВ"
"12001","2013-12-03","134","IВ"
"12001","2013-12-04","134","IВ"
"12001","2013-12-05","134","IВ"
"12001","2013-12-06","134","IВ"
"12001","2013-12-07","134","IВ"
"12001","2013-12-08","134","IВ"
"12001","2013-12-09","134","IВ"
"12001","2013-12-10","134","IВ"
"12001","2013-12-11","134","IВ"
"12001","2013-12-12","134","IВ"
"12001","2013-12-13","134","IВ"
"12001","2013-12-14","134","IВ"
"12001","2013-12-15","134","IВ"
"12001","2013-12-16","134","IВ"
"12001","2013-12-17","135","IВ"
"12001","2013-12-18","135","IВ"
"12001","2013-12-19","135","IВ"
"12001","2013-12-20","135","IВ"
"12001","2013-12-21","135","IВ"
"12001","2013-12-22","135","IВ"
"12001","2013-12-23","135","IВ"
"12001","2013-12-24","135","IВ"
"12001","2013-12-25","135","IВ"
"12001","2013-12-26","135","IВ"
"12001","2013-12-27","135","IВ"
"12001","2013-12-28","135","IВ"
"12001","2013-12-29","136","^IВ"
"12001","2013-12-30","136","^IВ"
"12001","2013-12-31","136","^IВ"
"12001","2014-01-01","136","_IВ"
"12001","2014-01-02","136","_IВ"
"12001","2014-01-03","136","_IВ"
"12001","2014-01-04","136","_IВ"
"12001","2014-01-05","136","_IВ"
"12001","2014-01-06","136","_IВ"
"12001","2014-01-07","137","IВ"
"12001","2014-01-08","137","IВ"
"12001","2014-01-09","137","IВ"
"12001","2014-01-10","137","IВ"
"12001","2014-01-11","137","IВ"
"12001","2014-01-12","138","IВ"
"12001","2014-01-13","138","IВ"
"12001","2014-01-14","138","IВ"
"12001","2014-01-15","138","IВ"
"12001","2014-01-16","138","IВ"
"12001","2014-01-17","138","IВ"
"12001","2014-01-18","138","IВ"
"12001","2014-01-19","139","IВ"
"12001","2014-01-20","139","IВ"
"12001","2014-01-21","139","IВ"
"12001","2014-01-22","139","IВ"
"12001","2014-01-23","139","IВ"
"12001","2014-01-24","139","IВ"
"12001","2014-01-25","139","IВ"
"12001","2014-01-26","140","^IВ"
"12001","2014-01-27","140","^IВ"
"12001","2014-01-28","140","^IВ"
"12001","2014-01-29","140","^IВ"
"12001","2014-01-30","140","^IВ"
"12001","2014-01-31","140","^IВ"
"12001","2014-02-01","140","_IВ"
"12001","2014-02-02","140","_IВ"
"12001","2014-02-03","140","_IВ"
"12001","2014-02-04","140","_IВ"
"12001","2014-02-05","140","_IВ"
"12001","2014-02-06","140","_IВ"
"12001","2014-02-07","140","_IВ"
"12001","2014-02-08","140","_IВ"
"12001","2014-02-09","140","_IВ"
"12001","2014-02-10","140","_IВ"
"12001","2014-02-11","140","_IВ"
"12001","2014-02-12","140","_IВ"
"12001","2014-02-13","140","_IВ"
"12001","2014-02-14","140","_IВ"
"12001","2014-02-15","140","_IВ"
"12001","2014-02-16","140","_IВ"
"12001","2014-02-17","140","_IВ"
"12001","2014-02-18","141","""IВ"
"12001","2014-02-19","141","^IВ"
"12001","2014-02-20","141","^IВ"
"12001","2014-02-21","141","^IВ"
"12001","2014-02-22","141","^IВ"
"12001","2014-02-23","141","^IВ"
"12001","2014-02-24","141","^IВ"
"12001","2014-02-25","141","^IВ"
"12001","2014-02-26","141","^IВ"
"12001","2014-02-27","141","^IВ"
"12001","2014-02-28","141","^IВ"
"12001","2014-03-01","141","_IВ"
"12001","2014-03-02","141","_IВ"
"12001","2014-03-03","141","_IВ"
"12001","2014-03-04","141","_IВ"
"12001","2014-03-05","141","_IВ"
"12001","2014-03-06","141","_IВ"
"12001","2014-03-07","141","_IВ"
"12001","2014-03-08","141","_IВ"
"12001","2014-03-09","141","_IВ"
"12001","2014-03-10","141","_IВ"
"12001","2014-03-11","141","_IВ"
"12001","2014-03-12","141","_IВ"
"12001","2014-03-13","141","_IВ"
"12001","2014-03-14","141","_IВ"
"12001","2014-03-15","141","_IВ"
"12001","2014-03-16","141","_IВ"
"12001","2014-03-17","141","_IВ"
"12001","2014-03-18","141","_IВ"
"12001","2014-03-19","141","_IВ"
"12001","2014-03-20","141","_IВ"
"12001","2014-03-21","141","_IВ"
"12001","2014-03-22","141","_IВ"
"12001","2014-03-23","141","_IВ"
"12001","2014-03-24","142","IВ"
"12001","2014-03-25","142","IВ"
"12001","2014-03-26","143","IВ"
"12001","2014-03-27","144","IВ"
"12001","2014-03-28","144","IВ"
"12001","2014-03-29","146","IВ"
"12001","2014-03-30","153","IВ"
"12001","2014-03-31","159","^IВ"
"12001","2014-04-01","162","_IВ"
"12001","2014-04-02","165","IВ"
"12001","2014-04-03","168","IВ"
"12001","2014-04-04","176","IВ"
"12001","2014-04-05","179","IВ"
"12001","2014-04-06","184","(В"
"12001","2014-04-07","203","(В"
"12001","2014-04-08","203","(В"
"12001","2014-04-09","206","(В"
"12001","2014-04-10","233","(В"
"12001","2014-04-11","280","(В"
"12001","2014-04-12","298","Л"
"12001","2014-04-13","302","Л"
"12001","2014-04-14","298","Л"
"12001","2014-04-15","298","Л"
"12001","2014-04-16","311","Л"
"12001","2014-04-17","318","Л"
"12001","2014-04-18","320","Л"
"12001","2014-04-19","317","^Л"
"12001","2014-04-20","263",""
"12001","2014-04-21","247",""
"12001","2014-04-22","230",""
"12001","2014-04-23","208",""
"12001","2014-04-24","195",""
"12001","2014-04-25","192",""
"12001","2014-04-26","185",""
"12001","2014-04-27","183",""
"12001","2014-04-28","181",""
"12001","2014-04-29","178",""
"12001","2014-04-30","177",""
"12001","2014-05-01","176","^"
"12001","2014-05-02","167",""
"12001","2014-05-03","160",""
"12001","2014-05-04","158",""
"12001","2014-05-05","157",""
"12001","2014-05-06","156",""
"12001","2014-05-07","156",""
"12001","2014-05-08","155","В"
"12001","2014-05-09","155","В"
"12001","2014-05-10","154","В"
"12001","2014-05-11","154","В"
"12001","2014-05-12","154","В"
"12001","2014-05-13","153","В"
"12001","2014-05-14","152","В"
"12001","2014-05-15","151","В"
"12001","2014-05-16","150","В"
"12001","2014-05-17","148","В"
"12001","2014-05-18","146","В"
"12001","2014-05-19","145","В"
"12001","2014-05-20","144","В"
"12001","2014-05-21","141","В"
"12001","2014-05-22","140","В"
"12001","2014-05-23","138","В"
"12001","2014-05-24","138","В"
"12001","2014-05-25","136","В"
"12001","2014-05-26","135","В"
"12001","2014-05-27","134","В"
"12001","2014-05-28","134","В"
"12001","2014-05-29","133","_В"
"12001","2014-05-30","132","_В"
"12001","2014-05-31","132","_В"
"12001","2014-06-01","132","^В"
"12001","2014-06-02","132","^В"
"12001","2014-06-03","132","^В"
"12001","2014-06-04","132","^В"
"12001","2014-06-05","132","^В"
"12001","2014-06-06","131","В"
"12001","2014-06-07","131","В"
"12001","2014-06-08","131","В"
"12001","2014-06-09","131","В"
"12001","2014-06-10","130","В"
"12001","2014-06-11","129","В"
"12001","2014-06-12","129","В"
"12001","2014-06-13","129","В"
"12001","2014-06-14","128","В"
"12001","2014-06-15","128","В"
"12001","2014-06-16","127","В"
"12001","2014-06-17","127","В"
"12001","2014-06-18","127","В"
"12001","2014-06-19","127","В"
"12001","2014-06-20","126","В"
"12001","2014-06-21","126","В"
"12001","2014-06-22","126","В"
"12001","2014-06-23","126","В"
"12001","2014-06-24","126","В"
"12001","2014-06-25","126","В"
"12001","2014-06-26","125","В"
"12001","2014-06-27","125","В"
"12001","2014-06-28","125","В"
"12001","2014-06-29","124","_В"
"12001","2014-06-30","124","_В"
"12001","2014-07-01","124","^В"
"12001","2014-07-02","124","^В"
"12001","2014-07-03","123","^В"
"12001","2014-07-04","122","В"
"12001","2014-07-05","122","В"
"12001","2014-07-06","122","В"
"12001","2014-07-07","121","В"
"12001","2014-07-08","121","В"
"12001","2014-07-09","121","В"
"12001","2014-07-10","121","В"
"12001","2014-07-11","120","В"
"12001","2014-07-12","120","В"
"12001","2014-07-13","119","В"
"12001","2014-07-14","118","В"
"12001","2014-07-15","117","В"
"12001","2014-07-16","116","В"
"12001","2014-07-17","116","В"
"12001","2014-07-18","116","В"
"12001","2014-07-19","116","В"
"12001","2014-07-20","115","В"
"12001","2014-07-21","115","В"
"12001","2014-07-22","115","В"
"12001","2014-07-23","115","В"
"12001","2014-07-24","115","В"
"12001","2014-07-25","115","В"
"12001","2014-07-26","115","В"
"12001","2014-07-27","115","_В"
"12001","2014-07-28","114","_В"
"12001","2014-07-29","114","_В"
"12001","2014-07-30","114","_В"
"12001","2014-07-31","114","_В"
"12001","2014-08-01","116","^В"
"12001","2014-08-02","116","^В"
"12001","2014-08-03","115","В"
"12001","2014-08-04","115","В"
"12001","2014-08-05","114","В"
"12001","2014-08-06","114","В"
"12001","2014-08-07","114","В"
"12001","2014-08-08","114","В"
"12001","2014-08-09","113","В"
"12001","2014-08-10","113","В"
"12001","2014-08-11","112","В"
"12001","2014-08-12","112","В"
"12001","2014-08-13","111","В"
"12001","2014-08-14","110","В"
"12001","2014-08-15","110","В"
"12001","2014-08-16","110","В"
"12001","2014-08-17","109","В"
"12001","2014-08-18","109","В"
"12001","2014-08-19","108","В"
"12001","2014-08-20","108","В"
"12001","2014-08-21","108","В"
"12001","2014-08-22","107","В"
"12001","2014-08-23","107","В"
"12001","2014-08-24","107","В"
"12001","2014-08-25","106","В"
"12001","2014-08-26","106","В"
"12001","2014-08-27","105","В"
"12001","2014-08-28","105","В"
"12001","2014-08-29","105","_В"
"12001","2014-08-30","104","_В"
"12001","2014-08-31","104","_В"
"12001","2014-09-01","100","^В"
"12001","2014-09-02","100","^В"
"12001","2014-09-03","100","^В"
"12001","2014-09-04","100","^В"
"12001","2014-09-05","100","^В"
"12001","2014-09-06","100","^В"
"12001","2014-09-07","100","^В"
"12001","2014-09-08","100","^В"
"12001","2014-09-09","100","^В"
"12001","2014-09-10","100","^В"
"12001","2014-09-11","100","^В"
"12001","2014-09-12","100","^В"
"12001","2014-09-13","100","^В"
"12001","2014-09-14","100","^В"
"12001","2014-09-15","99","В"
"12001","2014-09-16","99","В"
"12001","2014-09-17","99","В"
"12001","2014-09-18","99","В"
"12001","2014-09-19","99","В"
"12001","2014-09-20","99","В"
"12001","2014-09-21","99","В"
"12001","2014-09-22","99","В"
"12001","2014-09-23","99","В"
"12001","2014-09-24","99","В"
"12001","2014-09-25","99","В"
"12001","2014-09-26","99","В"
"12001","2014-09-27","99","В"
"12001","2014-09-28","98","_В"
"12001","2014-09-29","98","_В"
"12001","2014-09-30","98","_В"
"12001","2014-10-01","99","_В"
"12001","2014-10-02","99","_В"
"12001","2014-10-03","99","_В"
"12001","2014-10-04","99","_В"
"12001","2014-10-05","99","_В"
"12001","2014-10-06","99","_В"
"12001","2014-10-07","99","_В"
"12001","2014-10-08","100","В"
"12001","2014-10-09","100","В"
"12001","2014-10-10","100","В"
"12001","2014-10-11","100","В"
"12001","2014-10-12","100","В"
"12001","2014-10-13","100","В"
"12001","2014-10-14","100","В"
"12001","2014-10-15","100","В"
"12001","2014-10-16","100","В"
"12001","2014-10-17","100","В"
"12001","2014-10-18","100","В"
"12001","2014-10-19","100",")В"
"12001","2014-10-20","100",")В"
"12001","2014-10-21","100",")В"
"12001","2014-10-22","101",")В"
"12001","2014-10-23","101",")В"
"12001","2014-10-24","101","IВ"
"12001","2014-10-25","102","IВ"
"12001","2014-10-26","103","IВ"
"12001","2014-10-27","103","IВ"
"12001","2014-10-28","103","IВ"
"12001","2014-10-29","103","IВ"
"12001","2014-10-30","104","^IВ"
"12001","2014-10-31","104","^IВ"
"12001","2014-11-01","106","_IВ"
"12001","2014-11-02","106","_IВ"
"12001","2014-11-03","106","_IВ"
"12001","2014-11-04","108","IВ"
"12001","2014-11-05","108","IВ"
"12001","2014-11-06","108","IВ"
"12001","2014-11-07","108","IВ"
"12001","2014-11-08","108","IВ"
"12001","2014-11-09","109","IВ"
"12001","2014-11-10","109","IВ"
"12001","2014-11-11","109","IВ"
"12001","2014-11-12","109","IВ"
"12001","2014-11-13","109","IВ"
"12001","2014-11-14","109","IВ"
"12001","2014-11-15","110","IВ"
"12001","2014-11-16","111","IВ"
"12001","2014-11-17","111","IВ"
"12001","2014-11-18","111","IВ"
"12001","2014-11-19","111","IВ"
"12001","2014-11-20","112","IВ"
"12001","2014-11-21","112","IВ"
"12001","2014-11-22","113","IВ"
"12001","2014-11-23","113","IВ"
"12001","2014-11-24","113","IВ"
"12001","2014-11-25","113","IВ"
"12001","2014-11-26","114","^IВ"
"12001","2014-11-27","114","^IВ"
"12001","2014-11-28","114","^IВ"
"12001","2014-11-29","114","^IВ"
"12001","2014-11-30","114","^IВ"
"12001","2014-12-01","120","^IВ"
"12001","2014-12-02","120","^IВ"
"12001","2014-12-03","120","^IВ"
"12001","2014-12-04","120","^IВ"
"12001","2014-12-05","120","^IВ"
"12001","2014-12-06","120","^IВ"
"12001","2014-12-07","120","^IВ"
"12001","2014-12-08","120","^IВ"
"12001","2014-12-09","120","^IВ"
"12001","2014-12-10","120","^IВ"
"12001","2014-12-11","120","^IВ"
"12001","2014-12-12","120","^IВ"
"12001","2014-12-13","119","IВ"
"12001","2014-12-14","119","IВ"
"12001","2014-12-15","119","IВ"
"12001","2014-12-16","119","IВ"
"12001","2014-12-17","119","IВ"
"12001","2014-12-18","119","IВ"
"12001","2014-12-19","119","IВ"
"12001","2014-12-20","119","IВ"
"12001","2014-12-21","119","IВ"
"12001","2014-12-22","119","IВ"
"12001","2014-12-23","119","IВ"
"12001","2014-12-24","119","IВ"
"12001","2014-12-25","118","_IВ"
"12001","2014-12-26","118","_IВ"
"12001","2014-12-27","118","_IВ"
"12001","2014-12-28","118","_IВ"
"12001","2014-12-29","118","_IВ"
"12001","2014-12-30","118","_IВ"
"12001","2014-12-31","118","_IВ"
"12001","2015-01-01","118","^IВ"
"12001","2015-01-02","118","^IВ"
"12001","2015-01-03","118","^IВ"
"12001","2015-01-04","118","^IВ"
"12001","2015-01-05","118","^IВ"
"12001","2015-01-06","118","^IВ"
"12001","2015-01-07","117","IВ"
"12001","2015-01-08","117","IВ"
"12001","2015-01-09","117","IВ"
"12001","2015-01-10","117","IВ"
"12001","2015-01-11","117","IВ"
"12001","2015-01-12","117","IВ"
"12001","2015-01-13","117","IВ"
"12001","2015-01-14","117","IВ"
"12001","2015-01-15","117","IВ"
"12001","2015-01-16","117","IВ"
"12001","2015-01-17","117","IВ"
"12001","2015-01-18","117","IВ"
"12001","2015-01-19","117","IВ"
"12001","2015-01-20","117","IВ"
"12001","2015-01-21","117","IВ"
"12001","2015-01-22","117","IВ"
"12001","2015-01-23","117","IВ"
"12001","2015-01-24","117","IВ"
"12001","2015-01-25","117","IВ"
"12001","2015-01-26","115","_IВ"
"12001","2015-01-27","115","_IВ"
"12001","2015-01-28","115","_IВ"
"12001","2015-01-29","115","_IВ"
"12001","2015-01-30","115","_IВ"
"12001","2015-01-31","115","_IВ"
"12001","2015-02-01","115","^IВ"
"12001","2015-02-02","115","^IВ"
"12001","2015-02-03","115","^IВ"
"12001","2015-02-04","114","IВ"
"12001","2015-02-05","114","IВ"
"12001","2015-02-06","114","IВ"
"12001","2015-02-07","114","IВ"
"12001","2015-02-08","114","IВ"
"12001","2015-02-09","114","IВ"
"12001","2015-02-10","114","IВ"
"12001","2015-02-11","113","IВ"
"12001","2015-02-12","112","IВ"
"12001","2015-02-13","112","IВ"
"12001","2015-02-14","112","IВ"
"12001","2015-02-15","112","IВ"
"12001","2015-02-16","112","IВ"
"12001","2015-02-17","111","IВ"
"12001","2015-02-18","111","IВ"
"12001","2015-02-19","111","IВ"
"12001","2015-02-20","111","IВ"
"12001","2015-02-21","111","IВ"
"12001","2015-02-22","111","IВ"
"12001","2015-02-23","111","IВ"
"12001","2015-02-24","111","IВ"
"12001","2015-02-25","111","IВ"
"12001","2015-02-26","111","_IВ"
"12001","2015-02-27","110","_IВ"
"12001","2015-02-28","110","_IВ"
"12001","2015-03-01","110","^IВ"
"12001","2015-03-02","110","^IВ"
"12001","2015-03-03","110","^IВ"
"12001","2015-03-04","110","^IВ"
"12001","2015-03-05","108","IВ"
"12001","2015-03-06","108","IВ"
"12001","2015-03-07","108","IВ"
"12001","2015-03-08","108","IВ"
"12001","2015-03-09","108","IВ"
"12001","2015-03-10","108","IВ"
"12001","2015-03-11","107","IВ"
"12001","2015-03-12","107","IВ"
"12001","2015-03-13","107","IВ"
"12001","2015-03-14","107","_IВ"
"12001","2015-03-15","106","_IВ"
"12001","2015-03-16","106","_IВ"
"12001","2015-03-17","106","_IВ"
"12001","2015-03-18","107","IВ"
"12001","2015-03-19","107","IВ"
"12001","2015-03-20","107","IВ"
"12001","2015-03-21","108","IВ"
"12001","2015-03-22","108","IВ"
"12001","2015-03-23","108","IВ"
"12001","2015-03-24","108","IВ"
"12001","2015-03-25","108","IВ"
"12001","2015-03-26","108","IВ"
"12001","2015-03-27","108","IВ"
"12001","2015-03-28","108","IВ"
"12001","2015-03-29","108","IВ"
"12001","2015-03-30","108","IВ"
"12001","2015-03-31","108","IВ"
"12001","2015-04-01","107","_IВ"
"12001","2015-04-02","107","_IВ"
"12001","2015-04-03","107","_IВ"
"12001","2015-04-04","107","_IВ"
"12001","2015-04-05","107","_IВ"
"12001","2015-04-06","107","_IВ"
"12001","2015-04-07","107","_IВ"
"12001","2015-04-08","107","_IВ"
"12001","2015-04-09","163","(В"
"12001","2015-04-10","208","(В"
"12001","2015-04-11","238","(В"
"12001","2015-04-12","350","^Л"
"12001","2015-04-13","385","Л"
"12001","2015-04-14","350","Л"
"12001","2015-04-15","308","ЛХ"
"12001","2015-04-16","244",""
"12001","2015-04-17","249",""
"12001","2015-04-18","215",""
"12001","2015-04-19","225",""
"12001","2015-04-20","208",""
"12001","2015-04-21","199",""
"12001","2015-04-22","190",""
"12001","2015-04-23","185",""
"12001","2015-04-24","182",""
"12001","2015-04-25","180",""
"12001","2015-04-26","179",""
"12001","2015-04-27","176",""
"12001","2015-04-28","175",""
"12001","2015-04-29","175",""
"12001","2015-04-30","174",""
"12001","2015-05-01","171","^"
"12001","2015-05-02","170",""
"12001","2015-05-03","167",""
"12001","2015-05-04","164","В"
"12001","2015-05-05","164","В"
"12001","2015-05-06","164","В"
"12001","2015-05-07","164","В"
"12001","2015-05-08","165","В"
"12001","2015-05-09","165","В"
"12001","2015-05-10","165","В"
"12001","2015-05-11","165","В"
"12001","2015-05-12","165","В"
"12001","2015-05-13","165","В"
"12001","2015-05-14","165","В"
"12001","2015-05-15","165","В"
"12001","2015-05-16","165","В"
"12001","2015-05-17","165","В"
"12001","2015-05-18","165","В"
"12001","2015-05-19","163","В"
"12001","2015-05-20","163","В"
"12001","2015-05-21","163","В"
"12001","2015-05-22","163","В"
"12001","2015-05-23","162","В"
"12001","2015-05-24","162","В"
"12001","2015-05-25","161","В"
"12001","2015-05-26","161","В"
"12001","2015-05-27","161","В"
"12001","2015-05-28","160","В"
"12001","2015-05-29","160","_В"
"12001","2015-05-30","159","_В"
"12001","2015-05-31","159","_В"
"12001","2015-06-01","159","^В"
"12001","2015-06-02","159","^В"
"12001","2015-06-03","159","^В"
"12001","2015-06-04","158","В"
"12001","2015-06-05","158","В"
"12001","2015-06-06","157","В"
"12001","2015-06-07","157","В"
"12001","2015-06-08","157","В"
"12001","2015-06-09","157","В"
"12001","2015-06-10","157","В"
"12001","2015-06-11","157","В"
"12001","2015-06-12","157","В"
"12001","2015-06-13","156","В"
"12001","2015-06-14","156","В"
"12001","2015-06-15","155","В"
"12001","2015-06-16","155","В"
"12001","2015-06-17","155","В"
"12001","2015-06-18","155","В"
"12001","2015-06-19","154","В"
"12001","2015-06-20","154","В"
"12001","2015-06-21","154","В"
"12001","2015-06-22","154","В"
"12001","2015-06-23","153","В"
"12001","2015-06-24","153","В"
"12001","2015-06-25","151","В"
"12001","2015-06-26","151","В"
"12001","2015-06-27","151","_В"
"12001","2015-06-28","150","_В"
"12001","2015-06-29","150","_В"
"12001","2015-06-30","150","_В"
"12001","2015-07-01","147","^В"
"12001","2015-07-02","147","^В"
"12001","2015-07-03","147","^В"
"12001","2015-07-04","147","^В"
"12001","2015-07-05","146","В"
"12001","2015-07-06","146","В"
"12001","2015-07-07","146","В"
"12001","2015-07-08","146","В"
"12001","2015-07-09","143","В"
"12001","2015-07-10","143","В"
"12001","2015-07-11","143","В"
"12001","2015-07-12","142","В"
"12001","2015-07-13","142","В"
"12001","2015-07-14","142","В"
"12001","2015-07-15","141","В"
"12001","2015-07-16","140","В"
"12001","2015-07-17","140","В"
"12001","2015-07-18","140","В"
"12001","2015-07-19","139","В"
"12001","2015-07-20","137","В"
"12001","2015-07-21","137","В"
"12001","2015-07-22","136","В"
"12001","2015-07-23","135","В"
"12001","2015-07-24","134","В"
"12001","2015-07-25","134","В"
"12001","2015-07-26","134","В"
"12001","2015-07-27","133","В"
"12001","2015-07-28","132","В"
"12001","2015-07-29","132","_В"
"12001","2015-07-30","131","_В"
"12001","2015-07-31","131","_В"
"12001","2015-08-01","131","^В"
"12001","2015-08-02","130","^В"
"12001","2015-08-03","129","В"
"12001","2015-08-04","129","В"
"12001","2015-08-05","128","В"
"12001","2015-08-06","128","В"
"12001","2015-08-07","128","В"
"12001","2015-08-08","128","В"
"12001","2015-08-09","128","В"
"12001","2015-08-10","127","В"
"12001","2015-08-11","127","В"
"12001","2015-08-12","126","В"
"12001","2015-08-13","126","В"
"12001","2015-08-14","124","В"
"12001","2015-08-15","124","В"
"12001","2015-08-16","122","В"
"12001","2015-08-17","120","В"
"12001","2015-08-18","120","В"
"12001","2015-08-19","118","В"
"12001","2015-08-20","118","В"
"12001","2015-08-21","118","В"
"12001","2015-08-22","118","В"
"12001","2015-08-23","118","В"
"12001","2015-08-24","117","В"
"12001","2015-08-25","117","В"
"12001","2015-08-26","117","В"
"12001","2015-08-27","117","В"
"12001","2015-08-28","117","В"
"12001","2015-08-29","116","_В"
"12001","2015-08-30","116","_В"
"12001","2015-08-31","116","_В"
"12001","2015-09-01","116","^В"
"12001","2015-09-02","116","^В"
"12001","2015-09-03","116","^В"
"12001","2015-09-04","116","^В"
"12001","2015-09-05","115","В"
"12001","2015-09-06","115","В"
"12001","2015-09-07","115","В"
"12001","2015-09-08","115","В"
"12001","2015-09-09","115","В"
"12001","2015-09-10","115","В"
"12001","2015-09-11","115","В"
"12001","2015-09-12","115","В"
"12001","2015-09-13","115","В"
"12001","2015-09-14","115","В"
"12001","2015-09-15","115","В"
"12001","2015-09-16","115","В"
"12001","2015-09-17","115","В"
"12001","2015-09-18","115","В"
"12001","2015-09-19","114","_В"
"12001","2015-09-20","114","_В"
"12001","2015-09-21","114","_В"
"12001","2015-09-22","114","_В"
"12001","2015-09-23","114","_В"
"12001","2015-09-24","114","_В"
"12001","2015-09-25","114","_В"
"12001","2015-09-26","114","_В"
"12001","2015-09-27","114","_В"
"12001","2015-09-28","114","_В"
"12001","2015-09-29","114","_В"
"12001","2015-09-30","114","_В"
"12001","2015-10-01","114","^В"
"12001","2015-10-02","114","^В"
"12001","2015-10-03","114","^В"
"12001","2015-10-04","114","^В"
"12001","2015-10-05","114","^В"
"12001","2015-10-06","114","^В"
"12001","2015-10-07","114","^В"
"12001","2015-10-08","114","^В"
"12001","2015-10-09","114","^В"
"12001","2015-10-10","114","^В"
"12001","2015-10-11","114","^В"
"12001","2015-10-12","114","^В"
"12001","2015-10-13","114","^В"
"12001","2015-10-14","114","^В"
"12001","2015-10-15","114","^В"
"12001","2015-10-16","114","^В"
"12001","2015-10-17","113","_В"
"12001","2015-10-18","113","_В"
"12001","2015-10-19","113","_В"
"12001","2015-10-20","113","_В"
"12001","2015-10-21","113","_)В"
"12001","2015-10-22","113","_IВ"
"12001","2015-10-23","113","_IВ"
"12001","2015-10-24","113","_IВ"
"12001","2015-10-25","113","_IВ"
"12001","2015-10-26","113","_IВ"
"12001","2015-10-27","113","_IВ"
"12001","2015-10-28","113","_IВ"
"12001","2015-10-29","113","_IВ"
"12001","2015-10-30","113","_IВ"
"12001","2015-10-31","113","_IВ"
"12001","2015-11-01","113","IВ"
"12001","2015-11-02","113","IВ"
"12001","2015-11-03","113","IВ"
"12001","2015-11-04","113","IВ"
"12001","2015-11-05","113","IВ"
"12001","2015-11-06","113","IВ"
"12001","2015-11-07","113","IВ"
"12001","2015-11-08","113","IВ"
"12001","2015-11-09","113","IВ"
"12001","2015-11-10","113","IВ"
"12001","2015-11-11","113","IВ"
"12001","2015-11-12","113","IВ"
"12001","2015-11-13","113","IВ"
"12001","2015-11-14","112","_IВ"
"12001","2015-11-15","112","_IВ"
"12001","2015-11-16","112","_IВ"
"12001","2015-11-17","112","_IВ"
"12001","2015-11-18","112","_IВ"
"12001","2015-11-19","112","_IВ"
"12001","2015-11-20","112","_IВ"
"12001","2015-11-21","112","_IВ"
"12001","2015-11-22","113","_IВ"
"12001","2015-11-23","113","IВ"
"12001","2015-11-24","113","IВ"
"12001","2015-11-25","113","IВ"
"12001","2015-11-26","113","IВ"
"12001","2015-11-27","114","^IВ"
"12001","2015-11-28","114","^IВ"
"12001","2015-11-29","114","^IВ"
"12001","2015-11-30","114","^IВ"
"12001","2015-12-01","114","_IВ"
"12001","2015-12-02","114","_IВ"
"12001","2015-12-03","114","_IВ"
"12001","2015-12-04","114","_IВ"
"12001","2015-12-05","114","_IВ"
"12001","2015-12-06","114","_IВ"
"12001","2015-12-07","114","_IВ"
"12001","2015-12-08","115","_IВ"
"12001","2015-12-09","116","IВ"
"12001","2015-12-10","116","IВ"
"12001","2015-12-11","116","IВ"
"12001","2015-12-12","116","IВ"
"12001","2015-12-13","116","IВ"
"12001","2015-12-14","116","IВ"
"12001","2015-12-15","116","IВ"
"12001","2015-12-16","117","IВ"
"12001","2015-12-17","117","IВ"
"12001","2015-12-18","117","IВ"
"12001","2015-12-19","117","IВ"
"12001","2015-12-20","117","IВ"
"12001","2015-12-21","117","IВ"
"12001","2015-12-22","117","IВ"
"12001","2015-12-23","117","IВ"
"12001","2015-12-24","117","IВ"
"12001","2015-12-25","117","IВ"
"12001","2015-12-26","117","IВ"
"12001","2015-12-27","117","IВ"
"12001","2015-12-28","118","^IВ"
"12001","2015-12-29","118","^IВ"
"12001","2015-12-30","118","^IВ"
"12001","2015-12-31","118","^IВ"
"12001","2016-01-01","118","_IВ"
"12001","2016-01-02","118","_IВ"
"12001","2016-01-03","118","_IВ"
"12001","2016-01-04","118","_IВ"
"12001","2016-01-05","118","_IВ"
"12001","2016-01-06","118","_IВ"
"12001","2016-01-07","118","_IВ"
"12001","2016-01-08","118","_IВ"
"12001","2016-01-09","118","_IВ"
"12001","2016-01-10","118","_IВ"
"12001","2016-01-11","118","_IВ"
"12001","2016-01-12","118","_IВ"
"12001","2016-01-13","118","_IВ"
"12001","2016-01-14","118","_IВ"
"12001","2016-01-15","118","_IВ"
"12001","2016-01-16","118","_IВ"
"12001","2016-01-17","118","_IВ"
"12001","2016-01-18","118","_IВ"
"12001","2016-01-19","118","_IВ"
"12001","2016-01-20","118","_IВ"
"12001","2016-01-21","118","_IВ"
"12001","2016-01-22","119","^IВ"
"12001","2016-01-23","119","^IВ"
"12001","2016-01-24","119","^IВ"
"12001","2016-01-25","119","^IВ"
"12001","2016-01-26","119","^IВ"
"12001","2016-01-27","119","^IВ"
"12001","2016-01-28","119","^IВ"
"12001","2016-01-29","119","^IВ"
"12001","2016-01-30","119","^IВ"
"12001","2016-01-31","119","^IВ"
"12001","2016-02-01","118","_IВ"
"12001","2016-02-02","118","_IВ"
"12001","2016-02-03","118","_IВ"
"12001","2016-02-04","118","_IВ"
"12001","2016-02-05","118","_IВ"
"12001","2016-02-06","118","_IВ"
"12001","2016-02-07","118","_IВ"
"12001","2016-02-08","118","_IВ"
"12001","2016-02-09","118","_IВ"
"12001","2016-02-10","118","_IВ"
"12001","2016-02-11","118","_IВ"
"12001","2016-02-12","118","_IВ"
"12001","2016-02-13","118","_IВ"
"12001","2016-02-14","119","^IВ"
"12001","2016-02-15","119","^IВ"
"12001","2016-02-16","119","^IВ"
"12001","2016-02-17","119","^IВ"
"12001","2016-02-18","119","^IВ"
"12001","2016-02-19","119","^IВ"
"12001","2016-02-20","119","^IВ"
"12001","2016-02-21","119","^IВ"
"12001","2016-02-22","119","^IВ"
"12001","2016-02-23","119","^IВ"
"12001","2016-02-24","119","^IВ"
"12001","2016-02-25","119","^IВ"
"12001","2016-02-26","119","^IВ"
"12001","2016-02-27","119","^IВ"
"12001","2016-02-28","119","^IВ"
"12001","2016-02-29","119","^IВ"
"12001","2016-03-01","119","_IВ"
"12001","2016-03-02","119","_IВ"
"12001","2016-03-03","119","_IВ"
"12001","2016-03-04","119","_IВ"
"12001","2016-03-05","119","_IВ"
"12001","2016-03-06","119","_IВ"
"12001","2016-03-07","119","_IВ"
"12001","2016-03-08","119","_IВ"
"12001","2016-03-09","119","_IВ"
"12001","2016-03-10","119","_IВ"
"12001","2016-03-11","119","_IВ"
"12001","2016-03-12","119","_IВ"
"12001","2016-03-13","119","_IВ"
"12001","2016-03-14","119","_IВ"
"12001","2016-03-15","119","_IВ"
"12001","2016-03-16","119","_IВ"
"12001","2016-03-17","119","_IВ"
"12001","2016-03-18","119","_IВ"
"12001","2016-03-19","119","_IВ"
"12001","2016-03-20","119","_IВ"
"12001","2016-03-21","119","_IВ"
"12001","2016-03-22","119","_IВ"
"12001","2016-03-23","119","_IВ"
"12001","2016-03-24","119","_IВ"
"12001","2016-03-25","119","_IВ"
"12001","2016-03-26","120","IВ"
"12001","2016-03-27","121","IВ"
"12001","2016-03-28","123","IВ"
"12001","2016-03-29","123","IВ"
"12001","2016-03-30","126","IВ"
"12001","2016-03-31","143","^IВ"
"12001","2016-04-01","147","_IВ"
"12001","2016-04-02","181","IВ"
"12001","2016-04-03","214","IВ"
"12001","2016-04-04","223","IВ"
"12001","2016-04-05","212","IВ"
"12001","2016-04-06","227","IВ"
"12001","2016-04-07","236","IВ"
"12001","2016-04-08","240","IВ"
"12001","2016-04-09","247","IВ"
"12001","2016-04-10","251","IВ"
"12001","2016-04-11","249","Л"
"12001","2016-04-12","241","Л"
"12001","2016-04-13","242","^Л"
"12001","2016-04-14","249",""
"12001","2016-04-15","248",""
"12001","2016-04-16","246",""
"12001","2016-04-17","237",""
"12001","2016-04-18","216",""
"12001","2016-04-19","208",""
"12001","2016-04-20","206",""
"12001","2016-04-21","202",""
"12001","2016-04-22","193",""
"12001","2016-04-23","183",""
"12001","2016-04-24","186",""
"12001","2016-04-25","184",""
"12001","2016-04-26","182",""
"12001","2016-04-27","180",""
"12001","2016-04-28","176",""
"12001","2016-04-29","176",""
"12001","2016-04-30","174",""
"12001","2016-05-01","166","^"
"12001","2016-05-02","166","^"
"12001","2016-05-03","164",""
"12001","2016-05-04","162",""
"12001","2016-05-05","162",""
"12001","2016-05-06","160",""
"12001","2016-05-07","160",""
"12001","2016-05-08","160",""
"12001","2016-05-09","160",""
"12001","2016-05-10","160",""
"12001","2016-05-11","160",""
"12001","2016-05-12","160",""
"12001","2016-05-13","159",""
"12001","2016-05-14","158","В"
"12001","2016-05-15","158","В"
"12001","2016-05-16","158","В"
"12001","2016-05-17","157","В"
"12001","2016-05-18","162","В"
"12001","2016-05-19","161","В"
"12001","2016-05-20","161","В"
"12001","2016-05-21","161","В"
"12001","2016-05-22","160","В"
"12001","2016-05-23","160","В"
"12001","2016-05-24","158","В"
"12001","2016-05-25","158","В"
"12001","2016-05-26","157","В"
"12001","2016-05-27","156","В"
"12001","2016-05-28","156","В"
"12001","2016-05-29","155","В"
"12001","2016-05-30","153","_В"
"12001","2016-05-31","153","_В"
"12001","2016-06-01","155","^В"
"12001","2016-06-02","155","^В"
"12001","2016-06-03","155","^В"
"12001","2016-06-04","154","В"
"12001","2016-06-05","154","В"
"12001","2016-06-06","154","В"
"12001","2016-06-07","154","В"
"12001","2016-06-08","154","В"
"12001","2016-06-09","152","В"
"12001","2016-06-10","152","В"
"12001","2016-06-11","152","В"
"12001","2016-06-12","152","В"
"12001","2016-06-13","151","В"
"12001","2016-06-14","151","В"
"12001","2016-06-15","149","В"
"12001","2016-06-16","149","В"
"12001","2016-06-17","149","В"
"12001","2016-06-18","149","В"
"12001","2016-06-19","149","В"
"12001","2016-06-20","148","В"
"12001","2016-06-21","147","В"
"12001","2016-06-22","147","В"
"12001","2016-06-23","147","В"
"12001","2016-06-24","146","В"
"12001","2016-06-25","146","В"
"12001","2016-06-26","146","В"
"12001","2016-06-27","145","_В"
"12001","2016-06-28","145","_В"
"12001","2016-06-29","145","_В"
"12001","2016-06-30","145","_В"
"12001","2016-07-01","145","^В"
"12001","2016-07-02","144","^В"
"12001","2016-07-03","143","В"
"12001","2016-07-04","143","В"
"12001","2016-07-05","142","В"
"12001","2016-07-06","140","В"
"12001","2016-07-07","140","В"
"12001","2016-07-08","140","В"
"12001","2016-07-09","140","В"
"12001","2016-07-10","140","В"
"12001","2016-07-11","140","В"
"12001","2016-07-12","139","В"
"12001","2016-07-13","137","В"
"12001","2016-07-14","137","В"
"12001","2016-07-15","137","В"
"12001","2016-07-16","136","В"
"12001","2016-07-17","136","В"
"12001","2016-07-18","136","В"
"12001","2016-07-19","135","В"
"12001","2016-07-20","135","В"
"12001","2016-07-21","135","В"
"12001","2016-07-22","135","В"
"12001","2016-07-23","135","В"
"12001","2016-07-24","134","В"
"12001","2016-07-25","134","В"
"12001","2016-07-26","134","В"
"12001","2016-07-27","134","В"
"12001","2016-07-28","133","В"
"12001","2016-07-29","133","В"
"12001","2016-07-30","133","_В"
"12001","2016-07-31","132","_В"
"12001","2016-08-01","132","^В"
"12001","2016-08-02","132","^В"
"12001","2016-08-03","132","^В"
"12001","2016-08-04","132","^В"
"12001","2016-08-05","132","^В"
"12001","2016-08-06","131","В"
"12001","2016-08-07","131","В"
"12001","2016-08-08","131","В"
"12001","2016-08-09","130","В"
"12001","2016-08-10","130","В"
"12001","2016-08-11","130","В"
"12001","2016-08-12","130","В"
"12001","2016-08-13","129","В"
"12001","2016-08-14","129","В"
"12001","2016-08-15","129","В"
"12001","2016-08-16","129","В"
"12001","2016-08-17","128","В"
"12001","2016-08-18","128","В"
"12001","2016-08-19","127","В"
"12001","2016-08-20","126","В"
"12001","2016-08-21","126","В"
"12001","2016-08-22","126","В"
"12001","2016-08-23","126","В"
"12001","2016-08-24","125","В"
"12001","2016-08-25","124","_В"
"12001","2016-08-26","124","_В"
"12001","2016-08-27","124","_В"
"12001","2016-08-28","124","_В"
"12001","2016-08-29","124","_В"
"12001","2016-08-30","124","_В"
"12001","2016-08-31","124","_В"
"12001","2016-09-01","124","^В"
"12001","2016-09-02","124","^В"
"12001","2016-09-03","123","В"
"12001","2016-09-04","123","В"
"12001","2016-09-05","122","В"
"12001","2016-09-06","122","В"
"12001","2016-09-07","120","В"
"12001","2016-09-08","120","В"
"12001","2016-09-09","120","В"
"12001","2016-09-10","119","В"
"12001","2016-09-11","118","_В"
"12001","2016-09-12","118","_В"
"12001","2016-09-13","118","_В"
"12001","2016-09-14","118","_В"
"12001","2016-09-15","118","_В"
"12001","2016-09-16","118","_В"
"12001","2016-09-17","118","_В"
"12001","2016-09-18","119","_В"
"12001","2016-09-19","119","В"
"12001","2016-09-20","119","В"
"12001","2016-09-21","119","В"
"12001","2016-09-22","119","В"
"12001","2016-09-23","119","В"
"12001","2016-09-24","119","В"
"12001","2016-09-25","119","В"
"12001","2016-09-26","119","В"
"12001","2016-09-27","119","В"
"12001","2016-09-28","119","В"
"12001","2016-09-29","119","В"
"12001","2016-09-30","119","В"
"12001","2016-10-01","119","_В"
"12001","2016-10-02","119","_В"
"12001","2016-10-03","120","В"
"12001","2016-10-04","120","В"
"12001","2016-10-05","121","В"
"12001","2016-10-06","121","В"
"12001","2016-10-07","121","В"
"12001","2016-10-08","121","В"
"12001","2016-10-09","122","В"
"12001","2016-10-10","122","В"
"12001","2016-10-11","122","В"
"12001","2016-10-12","123","В"
"12001","2016-10-13","123","В"
"12001","2016-10-14","123","В"
"12001","2016-10-15","123","В"
"12001","2016-10-16","123","В"
"12001","2016-10-17","124","В"
"12001","2016-10-18","124",")В"
"12001","2016-10-19","125",")В"
"12001","2016-10-20","126",")В"
"12001","2016-10-21","126",")В"
"12001","2016-10-22","127",")В"
"12001","2016-10-23","127",")В"
"12001","2016-10-24","127",")В"
"12001","2016-10-25","129",")В"
"12001","2016-10-26","129",")В"
"12001","2016-10-27","129",")В"
"12001","2016-10-28","129",")В"
"12001","2016-10-29","130","^)В"
"12001","2016-10-30","130","^)В"
"12001","2016-10-31","130","^)В"
"12001","2016-11-01","130","_IВ"
"12001","2016-11-02","130","_IВ"
"12001","2016-11-03","130","_IВ"
"12001","2016-11-04","130","_IВ"
"12001","2016-11-05","130","_IВ"
"12001","2016-11-06","130","_IВ"
"12001","2016-11-07","130","_IВ"
"12001","2016-11-08","130","_IВ"
"12001","2016-11-09","130","_IВ"
"12001","2016-11-10","130","_IВ"
"12001","2016-11-11","130","_IВ"
"12001","2016-11-12","130","_IВ"
"12001","2016-11-13","130","_IВ"
"12001","2016-11-14","130","_IВ"
"12001","2016-11-15","130","_IВ"
"12001","2016-11-16","130","_IВ"
"12001","2016-11-17","130","_IВ"
"12001","2016-11-18","130","_IВ"
"12001","2016-11-19","131","_IВ"
"12001","2016-11-20","131","IВ"
"12001","2016-11-21","132","IВ"
"12001","2016-11-22","133","IВ"
"12001","2016-11-23","134","IВ"
"12001","2016-11-24","135","IВ"
"12001","2016-11-25","136","IВ"
"12001","2016-11-26","137","IВ"
"12001","2016-11-27","137","IВ"
"12001","2016-11-28","138","IВ"
"12001","2016-11-29","139","^IВ"
"12001","2016-11-30","139","^IВ"
"12001","2016-12-01","140","_IВ"
"12001","2016-12-02","140","IВ"
"12001","2016-12-03","140","IВ"
"12001","2016-12-04","141","IВ"
"12001","2016-12-05","141","IВ"
"12001","2016-12-06","142","IВ"
"12001","2016-12-07","142","IВ"
"12001","2016-12-08","143","IВ"
"12001","2016-12-09","144","IВ"
"12001","2016-12-10","144","IВ"
"12001","2016-12-11","144","IВ"
"12001","2016-12-12","144","IВ"
"12001","2016-12-13","145","^IВ"
"12001","2016-12-14","145","^IВ"
"12001","2016-12-15","145","^IВ"
"12001","2016-12-16","145","^IВ"
"12001","2016-12-17","145","^IВ"
"12001","2016-12-18","145","^IВ"
"12001","2016-12-19","145","^IВ"
"12001","2016-12-20","145","^IВ"
"12001","2016-12-21","145","^IВ"
"12001","2016-12-22","145","^IВ"
"12001","2016-12-23","145","^IВ"
"12001","2016-12-24","145","^IВ"
"12001","2016-12-25","145","^IВ"
"12001","2016-12-26","145","^IВ"
"12001","2016-12-27","145","^IВ"
"12001","2016-12-28","145","^IВ"
"12001","2016-12-29","145","^IВ"
"12001","2016-12-30","145","^IВ"
"12001","2016-12-31","145","^IВ"
"12001","2017-01-01","145","_IВ"
"12001","2017-01-02","145","_IВ"
"12001","2017-01-03","145","_IВ"
"12001","2017-01-04","145","_IВ"
"12001","2017-01-05","145","_IВ"
"12001","2017-01-06","146","IВ"
"12001","2017-01-07","147","IВ"
"12001","2017-01-08","147","IВ"
"12001","2017-01-09","147","IВ"
"12001","2017-01-10","147","IВ"
"12001","2017-01-11","147","IВ"
"12001","2017-01-12","147","IВ"
"12001","2017-01-13","147","IВ"
"12001","2017-01-14","148","IВ"
"12001","2017-01-15","148","IВ"
"12001","2017-01-16","148","IВ"
"12001","2017-01-17","149","IВ"
"12001","2017-01-18","149","IВ"
"12001","2017-01-19","149","IВ"
"12001","2017-01-20","149","IВ"
"12001","2017-01-21","149","IВ"
"12001","2017-01-22","149","IВ"
"12001","2017-01-23","150","IВ"
"12001","2017-01-24","150","IВ"
"12001","2017-01-25","151","IВ"
"12001","2017-01-26","151","IВ"
"12001","2017-01-27","151","IВ"
"12001","2017-01-28","152","IВ"
"12001","2017-01-29","152","IВ"
"12001","2017-01-30","152","IВ"
"12001","2017-01-31","153","^IВ"
"12001","2017-02-01","153","_IВ"
"12001","2017-02-02","153","_IВ"
"12001","2017-02-03","153","_IВ"
"12001","2017-02-04","154","IВ"
"12001","2017-02-05","155","IВ"
"12001","2017-02-06","155","IВ"
"12001","2017-02-07","155","IВ"
"12001","2017-02-08","156","IВ"
"12001","2017-02-09","156","IВ"
"12001","2017-02-10","156","IВ"
"12001","2017-02-11","157","IВ"
"12001","2017-02-12","157","IВ"
"12001","2017-02-13","158","IВ"
"12001","2017-02-14","158","IВ"
"12001","2017-02-15","158","IВ"
"12001","2017-02-16","159","IВ"
"12001","2017-02-17","159","IВ"
"12001","2017-02-18","159","IВ"
"12001","2017-02-19","159","IВ"
"12001","2017-02-20","160","IВ"
"12001","2017-02-21","160","IВ"
"12001","2017-02-22","160","IВ"
"12001","2017-02-23","161","IВ"
"12001","2017-02-24","161","IВ"
"12001","2017-02-25","161","IВ"
"12001","2017-02-26","162","IВ"
"12001","2017-02-27","162","IВ"
"12001","2017-02-28","163","^IВ"
"12001","2017-03-01","162","_IВ"
"12001","2017-03-02","162","_IВ"
"12001","2017-03-03","163","_IВ"
"12001","2017-03-04","163","IВ"
"12001","2017-03-05","163","IВ"
"12001","2017-03-06","163","IВ"
"12001","2017-03-07","163","IВ"
"12001","2017-03-08","163","IВ"
"12001","2017-03-09","163","IВ"
"12001","2017-03-10","164","IВ"
"12001","2017-03-11","164","IВ"
"12001","2017-03-12","164","IВ"
"12001","2017-03-13","165","IВ"
"12001","2017-03-14","165","IВ"
"12001","2017-03-15","165","IВ"
"12001","2017-03-16","165","IВ"
"12001","2017-03-17","165","IВ"
"12001","2017-03-18","165","IВ"
"12001","2017-03-19","166","IВ"
"12001","2017-03-20","166","IВ"
"12001","2017-03-21","166","IВ"
"12001","2017-03-22","167","IВ"
"12001","2017-03-23","167","IВ"
"12001","2017-03-24","167","IВ"
"12001","2017-03-25","167","IВ"
"12001","2017-03-26","169","IВ"
"12001","2017-03-27","169","IВ"
"12001","2017-03-28","169","IВ"
"12001","2017-03-29","169","IВ"
"12001","2017-03-30","170","^IВ"
"12001","2017-03-31","170","^IВ"
"12001","2017-04-01","169","_IВ"
"12001","2017-04-02","169","_IВ"
"12001","2017-04-03","169","_IВ"
"12001","2017-04-04","169","_IВ"
"12001","2017-04-05","169","_IВ"
"12001","2017-04-06","169","_IВ"
"12001","2017-04-07","170","IВ"
"12001","2017-04-08","171","IВ"
"12001","2017-04-09","173","IВ"
"12001","2017-04-10","180","(I"
"12001","2017-04-11","223","("
"12001","2017-04-12","236","("
"12001","2017-04-13","259","("
"12001","2017-04-14","267","Л("
"12001","2017-04-15","287","Л"
"12001","2017-04-16","355","^Л"
"12001","2017-04-17","347","Л"
"12001","2017-04-18","300","Л"
"12001","2017-04-19","262",""
"12001","2017-04-20","242",""
"12001","2017-04-21","229",""
"12001","2017-04-22","218",""
"12001","2017-04-23","210",""
"12001","2017-04-24","202",""
"12001","2017-04-25","197",""
"12001","2017-04-26","192",""
"12001","2017-04-27","189",""
"12001","2017-04-28","185",""
"12001","2017-04-29","182",""
"12001","2017-04-30","178",""
"12001","2017-05-01","176","^"
"12001","2017-05-02","173",""
"12001","2017-05-03","171",""
"12001","2017-05-04","170",""
"12001","2017-05-05","168",""
"12001","2017-05-06","166",""
"12001","2017-05-07","165","В"
"12001","2017-05-08","163","В"
"12001","2017-05-09","163","В"
"12001","2017-05-10","163","В"
"12001","2017-05-11","164","В"
"12001","2017-05-12","164","В"
"12001","2017-05-13","163","В"
"12001","2017-05-14","162","В"
"12001","2017-05-15","162","В"
"12001","2017-05-16","161","В"
"12001","2017-05-17","160","В"
"12001","2017-05-18","159","В"
"12001","2017-05-19","159","В"
"12001","2017-05-20","159","_В"
"12001","2017-05-21","158","_В"
"12001","2017-05-22","159","_В"
"12001","2017-05-23","160","В"
"12001","2017-05-24","159","В"
"12001","2017-05-25","159","_В"
"12001","2017-05-26","158","_В"
"12001","2017-05-27","159","В"
"12001","2017-05-28","160","В"
"12001","2017-05-29","161","В"
"12001","2017-05-30","162","В"
"12001","2017-05-31","162","В"
"12001","2017-06-01","160","^В"
"12001","2017-06-02","159","В"
"12001","2017-06-03","158","В"
"12001","2017-06-04","158","В"
"12001","2017-06-05","157","В"
"12001","2017-06-06","156","В"
"12001","2017-06-07","156","В"
"12001","2017-06-08","155","В"
"12001","2017-06-09","155","В"
"12001","2017-06-10","154","В"
"12001","2017-06-11","154","В"
"12001","2017-06-12","153","В"
"12001","2017-06-13","153","В"
"12001","2017-06-14","153","В"
"12001","2017-06-15","153","В"
"12001","2017-06-16","152","В"
"12001","2017-06-17","152","В"
"12001","2017-06-18","153","В"
"12001","2017-06-19","153","В"
"12001","2017-06-20","152","В"
"12001","2017-06-21","152","В"
"12001","2017-06-22","152","В"
"12001","2017-06-23","151","В"
"12001","2017-06-24","151","В"
"12001","2017-06-25","150","В"
"12001","2017-06-26","150","В"
"12001","2017-06-27","149","В"
"12001","2017-06-28","149","В"
"12001","2017-06-29","148","В"
"12001","2017-06-30","148","_В"
"12001","2017-07-01","147","^В"
"12001","2017-07-02","146","В"
"12001","2017-07-03","146","В"
"12001","2017-07-04","145","В"
"12001","2017-07-05","145","В"
"12001","2017-07-06","144","В"
"12001","2017-07-07","144","В"
"12001","2017-07-08","144","В"
"12001","2017-07-09","143","В"
"12001","2017-07-10","142","В"
"12001","2017-07-11","142","В"
"12001","2017-07-12","141","В"
"12001","2017-07-13","141","В"
"12001","2017-07-14","141","В"
"12001","2017-07-15","141","В"
"12001","2017-07-16","141","В"
"12001","2017-07-17","141","В"
"12001","2017-07-18","140","В"
"12001","2017-07-19","140","В"
"12001","2017-07-20","140","В"
"12001","2017-07-21","140","В"
"12001","2017-07-22","139","В"
"12001","2017-07-23","139","В"
"12001","2017-07-24","139","В"
"12001","2017-07-25","138","В"
"12001","2017-07-26","138","В"
"12001","2017-07-27","138","В"
"12001","2017-07-28","137","В"
"12001","2017-07-29","137","В"
"12001","2017-07-30","136","_В"
"12001","2017-07-31","136","_В"
"12001","2017-08-01","136","В"
"12001","2017-08-02","135","В"
"12001","2017-08-03","137","^В"
"12001","2017-08-04","137","^В"
"12001","2017-08-05","137","^В"
"12001","2017-08-06","137","^В"
"12001","2017-08-07","137","^В"
"12001","2017-08-08","136","В"
"12001","2017-08-09","136","В"
"12001","2017-08-10","135","В"
"12001","2017-08-11","135","В"
"12001","2017-08-12","135","В"
"12001","2017-08-13","135","В"
"12001","2017-08-14","135","В"
"12001","2017-08-15","135","В"
"12001","2017-08-16","135","В"
"12001","2017-08-17","135","В"
"12001","2017-08-18","134","В"
"12001","2017-08-19","134","В"
"12001","2017-08-20","134","В"
"12001","2017-08-21","133","В"
"12001","2017-08-22","133","В"
"12001","2017-08-23","133","В"
"12001","2017-08-24","133","В"
"12001","2017-08-25","132","В"
"12001","2017-08-26","132","В"
"12001","2017-08-27","132","В"
"12001","2017-08-28","131","В"
"12001","2017-08-29","131","В"
"12001","2017-08-30","130","В"
"12001","2017-08-31","130","_В"
"12001","2017-09-01","129","^В"
"12001","2017-09-02","129","^В"
"12001","2017-09-03","129","^В"
"12001","2017-09-04","128","В"
"12001","2017-09-05","128","В"
"12001","2017-09-06","127","В"
"12001","2017-09-07","126","В"
"12001","2017-09-08","126","В"
"12001","2017-09-09","126","В"
"12001","2017-09-10","125","В"
"12001","2017-09-11","125","В"
"12001","2017-09-12","126","В"
"12001","2017-09-13","126","В"
"12001","2017-09-14","126","В"
"12001","2017-09-15","126","В"
"12001","2017-09-16","125","В"
"12001","2017-09-17","125","В"
"12001","2017-09-18","125","В"
"12001","2017-09-19","125","В"
"12001","2017-09-20","125","В"
"12001","2017-09-21","124","В"
"12001","2017-09-22","124","В"
"12001","2017-09-23","124","В"
"12001","2017-09-24","124","В"
"12001","2017-09-25","123","В"
"12001","2017-09-26","123","В"
"12001","2017-09-27","123","В"
"12001","2017-09-28","123","В"
"12001","2017-09-29","123","_В"
"12001","2017-09-30","122","_В"
"12001","2017-10-01","122","_В"
"12001","2017-10-02","122","_В"
"12001","2017-10-03","122","_В"
"12001","2017-10-04","122","_В"
"12001","2017-10-05","122","_В"
"12001","2017-10-06","122","_В"
"12001","2017-10-07","122","_В"
"12001","2017-10-08","122","_В"
"12001","2017-10-09","122","_В"
"12001","2017-10-10","122","_В"
"12001","2017-10-11","122","_В"
"12001","2017-10-12","122","_В"
"12001","2017-10-13","122","_В"
"12001","2017-10-14","123","В"
"12001","2017-10-15","123","В"
"12001","2017-10-16","123","В"
"12001","2017-10-17","123","В"
"12001","2017-10-18","125","В"
"12001","2017-10-19","125","В"
"12001","2017-10-20","126","В"
"12001","2017-10-21","127","В"
"12001","2017-10-22","128","В"
"12001","2017-10-23","130","В"
"12001","2017-10-24","131",")"
"12001","2017-10-25","132",")"
"12001","2017-10-26","133",")"
"12001","2017-10-27","134",")"
"12001","2017-10-28","136",")"
"12001","2017-10-29","137","^)"
"12001","2017-10-30","137","^)"
"12001","2017-10-31","137","^)"
"12001","2017-11-01","138","_)"
"12001","2017-11-02","138","_)"
"12001","2017-11-03","138","_)"
"12001","2017-11-04","138","_)"
"12001","2017-11-05","138","_Z"
"12001","2017-11-06","139","Z"
"12001","2017-11-07","139","Z"
"12001","2017-11-08","139","Z"
"12001","2017-11-09","139","Z"
"12001","2017-11-10","139","Z"
"12001","2017-11-11","139","Z"
"12001","2017-11-12","139","Z"
"12001","2017-11-13","140","Z"
"12001","2017-11-14","140","Z"
"12001","2017-11-15","140","Z"
"12001","2017-11-16","140","Z"
"12001","2017-11-17","140","Z"
"12001","2017-11-18","140","Z"
"12001","2017-11-19","140","Z"
"12001","2017-11-20","140","Z"
"12001","2017-11-21","141","^Z"
"12001","2017-11-22","141","^Z"
"12001","2017-11-23","141","^Z"
"12001","2017-11-24","141","^IВ"
"12001","2017-11-25","141","^IВ"
"12001","2017-11-26","141","^IВ"
"12001","2017-11-27","141","^IВ"
"12001","2017-11-28","141","^IВ"
"12001","2017-11-29","141","^IВ"
"12001","2017-11-30","141","^IВ"
"12001","2017-12-01","141","_IВ"
"12001","2017-12-02","141","_IВ"
"12001","2017-12-03","141","_IВ"
"12001","2017-12-04","141","_IВ"
"12001","2017-12-05","141","_IВ"
"12001","2017-12-06","141","_IВ"
"12001","2017-12-07","141","_IВ"
"12001","2017-12-08","141","_IВ"
"12001","2017-12-09","141","_IВ"
"12001","2017-12-10","141","_IВ"
"12001","2017-12-11","141","_IВ"
"12001","2017-12-12","141","_IВ"
"12001","2017-12-13","141","_IВ"
"12001","2017-12-14","141","_IВ"
"12001","2017-12-15","141","_IВ"
"12001","2017-12-16","141","_IВ"
"12001","2017-12-17","141","_IВ"
"12001","2017-12-18","141","_IВ"
"12001","2017-12-19","141","_IВ"
"12001","2017-12-20","141","_IВ"
"12001","2017-12-21","141","_IВ"
"12001","2017-12-22","141","_IВ"
"12001","2017-12-23","141","_IВ"
"12001","2017-12-24","142","_IВ"
"12001","2017-12-25","142","IВ"
"12001","2017-12-26","143","^IВ"
"12001","2017-12-27","143","^IВ"
"12001","2017-12-28","143","^IВ"
"12001","2017-12-29","143","^IВ"
"12001","2017-12-30","143","^IВ"
"12001","2017-12-31","143","^IВ"
"12001","2018-01-01","144","_IВ"
"12001","2018-01-02","144","_IВ"
"12001","2018-01-03","144","_IВ"
"12001","2018-01-04","144","_IВ"
"12001","2018-01-05","145","IВ"
"12001","2018-01-06","145","IВ"
"12001","2018-01-07","145","IВ"
"12001","2018-01-08","145","IВ"
"12001","2018-01-09","145","IВ"
"12001","2018-01-10","145","IВ"
"12001","2018-01-11","145","IВ"
"12001","2018-01-12","146","IВ"
"12001","2018-01-13","146","IВ"
"12001","2018-01-14","146","IВ"
"12001","2018-01-15","146","IВ"
"12001","2018-01-16","147","IВ"
"12001","2018-01-17","147","IВ"
"12001","2018-01-18","148","IВ"
"12001","2018-01-19","148","IВ"
"12001","2018-01-20","148","IВ"
"12001","2018-01-21","149","IВ"
"12001","2018-01-22","150","IВ"
"12001","2018-01-23","150","IВ"
"12001","2018-01-24","151","IВ"
"12001","2018-01-25","151","IВ"
"12001","2018-01-26","152","IВ"
"12001","2018-01-27","152","IВ"
"12001","2018-01-28","153","^IВ"
"12001","2018-01-29","153","^IВ"
"12001","2018-01-30","153","^IВ"
"12001","2018-01-31","153","^IВ"
"12001","2018-02-01","153","^IВ"
"12001","2018-02-02","152","IВ"
"12001","2018-02-03","152","IВ"
"12001","2018-02-04","152","IВ"
"12001","2018-02-05","152","IВ"
"12001","2018-02-06","152","IВ"
"12001","2018-02-07","152","IВ"
"12001","2018-02-08","152","IВ"
"12001","2018-02-09","152","IВ"
"12001","2018-02-10","152","IВ"
"12001","2018-02-11","152","IВ"
"12001","2018-02-12","152","IВ"
"12001","2018-02-13","152","IВ"
"12001","2018-02-14","152","IВ"
"12001","2018-02-15","152","_IВ"
"12001","2018-02-16","151","_IВ"
"12001","2018-02-17","151","_IВ"
"12001","2018-02-18","151","_IВ"
"12001","2018-02-19","151","_IВ"
"12001","2018-02-20","151","_IВ"
"12001","2018-02-21","151","_IВ"
"12001","2018-02-22","151","_IВ"
"12001","2018-02-23","151","_IВ"
"12001","2018-02-24","151","_IВ"
"12001","2018-02-25","151","_IВ"
"12001","2018-02-26","151","_IВ"
"12001","2018-02-27","151","_IВ"
"12001","2018-02-28","151","_IВ"
"12001","2018-03-01","150","_IВ"
"12001","2018-03-02","150","_IВ"
"12001","2018-03-03","150","_IВ"
"12001","2018-03-04","150","_IВ"
"12001","2018-03-05","150","_IВ"
"12001","2018-03-06","150","_IВ"
"12001","2018-03-07","150","_IВ"
"12001","2018-03-08","150","_IВ"
"12001","2018-03-09","150","_IВ"
"12001","2018-03-10","150","_IВ"
"12001","2018-03-11","150","_IВ"
"12001","2018-03-12","150","_IВ"
"12001","2018-03-13","152","^IВ"
"12001","2018-03-14","152","^IВ"
"12001","2018-03-15","152","^IВ"
"12001","2018-03-16","152","^IВ"
"12001","2018-03-17","152","^IВ"
"12001","2018-03-18","152","^IВ"
"12001","2018-03-19","152","^IВ"
"12001","2018-03-20","152","^IВ"
"12001","2018-03-21","152","^IВ"
"12001","2018-03-22","152","^IВ"
"12001","2018-03-23","152","^IВ"
"12001","2018-03-24","152","^IВ"
"12001","2018-03-25","152","^IВ"
"12001","2018-03-26","152","^IВ"
"12001","2018-03-27","152","^IВ"
"12001","2018-03-28","152","^IВ"
"12001","2018-03-29","152","^IВ"
"12001","2018-03-30","152","^IВ"
"12001","2018-03-31","152","^IВ"
"12001","2018-04-01","152","_IВ"
"12001","2018-04-02","152","_IВ"
"12001","2018-04-03","152","_IВ"
"12001","2018-04-04","157","_IВ"
"12001","2018-04-05","165","IВ"
"12001","2018-04-06","168","IВ"
"12001","2018-04-07","233","("
"12001","2018-04-08","266","("
"12001","2018-04-09","272","("
"12001","2018-04-10","284","("
"12001","2018-04-11","298","("
"12001","2018-04-12","325","("
"12001","2018-04-13","334","^"
"12001","2018-04-14","306",""
"12001","2018-04-15","262",""
"12001","2018-04-16","240",""
"12001","2018-04-17","221",""
"12001","2018-04-18","206",""
"12001","2018-04-19","190",""
"12001","2018-04-20","174",""
"12001","2018-04-21","169","В"
"12001","2018-04-22","167","В"
"12001","2018-04-23","164","В"
"12001","2018-04-24","161","В"
"12001","2018-04-25","158","В"
"12001","2018-04-26","156","В"
"12001","2018-04-27","157","В"
"12001","2018-04-28","156","В"
"12001","2018-04-29","155","В"
"12001","2018-04-30","154","В"
"12001","2018-05-01","152","^В"
"12001","2018-05-02","150","В"
"12001","2018-05-03","150","В"
"12001","2018-05-04","148","В"
"12001","2018-05-05","148","В"
"12001","2018-05-06","147","В"
"12001","2018-05-07","147","В"
"12001","2018-05-08","146","В"
"12001","2018-05-09","146","В"
"12001","2018-05-10","145","В"
"12001","2018-05-11","145","В"
"12001","2018-05-12","145","В"
"12001","2018-05-13","145","В"
"12001","2018-05-14","145","В"
"12001","2018-05-15","145","В"
"12001","2018-05-16","144","В"
"12001","2018-05-17","144","В"
"12001","2018-05-18","144","В"
"12001","2018-05-19","143","В"
"12001","2018-05-20","143","В"
"12001","2018-05-21","142","В"
"12001","2018-05-22","142","В"
"12001","2018-05-23","142","В"
"12001","2018-05-24","141","В"
"12001","2018-05-25","141","В"
"12001","2018-05-26","141","В"
"12001","2018-05-27","141","В"
"12001","2018-05-28","141","В"
"12001","2018-05-29","141","В"
"12001","2018-05-30","140","_В"
"12001","2018-05-31","140","_В"
"12001","2018-06-01","140","В"
"12001","2018-06-02","140","В"
"12001","2018-06-03","140","В"
"12001","2018-06-04","139","В"
"12001","2018-06-05","139","В"
"12001","2018-06-06","138","В"
"12001","2018-06-07","138","В"
"12001","2018-06-08","137","В"
"12001","2018-06-09","137","В"
"12001","2018-06-10","137","В"
"12001","2018-06-11","137","В"
"12001","2018-06-12","136","В"
"12001","2018-06-13","136","В"
"12001","2018-06-14","136","В"
"12001","2018-06-15","136","В"
"12001","2018-06-16","136","В"
"12001","2018-06-17","135","В"
"12001","2018-06-18","135","В"
"12001","2018-06-19","135","В"
"12001","2018-06-20","135","В"
"12001","2018-06-21","135","В"
"12001","2018-06-22","135","В"
"12001","2018-06-23","135","В"
"12001","2018-06-24","135","В"
"12001","2018-06-25","135","В"
"12001","2018-06-26","134","В"
"12001","2018-06-27","134","В"
"12001","2018-06-28","134","В"
"12001","2018-06-29","134","_В"
"12001","2018-06-30","146","^В"
"12001","2018-07-01","144","^В"
"12001","2018-07-02","143","В"
"12001","2018-07-03","142","В"
"12001","2018-07-04","140","В"
"12001","2018-07-05","139","В"
"12001","2018-07-06","138","В"
"12001","2018-07-07","137","В"
"12001","2018-07-08","135","В"
"12001","2018-07-09","135","В"
"12001","2018-07-10","135","В"
"12001","2018-07-11","135","В"
"12001","2018-07-12","135","В"
"12001","2018-07-13","135","В"
"12001","2018-07-14","134","В"
"12001","2018-07-15","134","В"
"12001","2018-07-16","134","В"
"12001","2018-07-17","134","В"
"12001","2018-07-18","134","В"
"12001","2018-07-19","134","В"
"12001","2018-07-20","134","В"
"12001","2018-07-21","134","В"
"12001","2018-07-22","133","В"
"12001","2018-07-23","133","В"
"12001","2018-07-24","133","В"
"12001","2018-07-25","133","В"
"12001","2018-07-26","133","В"
"12001","2018-07-27","133","В"
"12001","2018-07-28","133","В"
"12001","2018-07-29","133","В"
"12001","2018-07-30","132","_В"
"12001","2018-07-31","132","_В"
"12001","2018-08-01","132","^В"
"12001","2018-08-02","132","^В"
"12001","2018-08-03","132","^В"
"12001","2018-08-04","131","В"
"12001","2018-08-05","130","В"
"12001","2018-08-06","129","В"
"12001","2018-08-07","129","В"
"12001","2018-08-08","129","В"
"12001","2018-08-09","128","В"
"12001","2018-08-10","128","В"
"12001","2018-08-11","128","В"
"12001","2018-08-12","128","В"
"12001","2018-08-13","127","В"
"12001","2018-08-14","127","В"
"12001","2018-08-15","127","В"
"12001","2018-08-16","127","В"
"12001","2018-08-17","126","В"
"12001","2018-08-18","126","В"
"12001","2018-08-19","126","В"
"12001","2018-08-20","126","В"
"12001","2018-08-21","125","В"
"12001","2018-08-22","125","В"
"12001","2018-08-23","125","В"
"12001","2018-08-24","125","В"
"12001","2018-08-25","125","В"
"12001","2018-08-26","125","В"
"12001","2018-08-27","124","_В"
"12001","2018-08-28","124","_В"
"12001","2018-08-29","124","_В"
"12001","2018-08-30","124","_В"
"12001","2018-08-31","124","_В"
"12001","2018-09-01","124","^В"
"12001","2018-09-02","124","^В"
"12001","2018-09-03","124","^В"
"12001","2018-09-04","123","В"
"12001","2018-09-05","123","В"
"12001","2018-09-06","123","В"
"12001","2018-09-07","123","В"
"12001","2018-09-08","122","В"
"12001","2018-09-09","122","В"
"12001","2018-09-10","122","В"
"12001","2018-09-11","121","В"
"12001","2018-09-12","121","В"
"12001","2018-09-13","121","В"
"12001","2018-09-14","121","В"
"12001","2018-09-15","120","В"
"12001","2018-09-16","120","В"
"12001","2018-09-17","120","В"
"12001","2018-09-18","119","В"
"12001","2018-09-19","119","В"
"12001","2018-09-20","119","В"
"12001","2018-09-21","119","В"
"12001","2018-09-22","119","В"
"12001","2018-09-23","119","В"
"12001","2018-09-24","118","В"
"12001","2018-09-25","118","В"
"12001","2018-09-26","118","В"
"12001","2018-09-27","118","В"
"12001","2018-09-28","118","В"
"12001","2018-09-29","117","_В"
"12001","2018-09-30","117","_В"
"12001","2018-10-01","117","^В"
"12001","2018-10-02","116","В"
"12001","2018-10-03","116","В"
"12001","2018-10-04","116","В"
"12001","2018-10-05","115","В"
"12001","2018-10-06","115","В"
"12001","2018-10-07","114","В"
"12001","2018-10-08","114","В"
"12001","2018-10-09","114","В"
"12001","2018-10-10","113","В"
"12001","2018-10-11","113","В"
"12001","2018-10-12","113","В"
"12001","2018-10-13","113","В"
"12001","2018-10-14","112","В"
"12001","2018-10-15","112","В"
"12001","2018-10-16","111","В"
"12001","2018-10-17","111","В"
"12001","2018-10-18","111","В"
"12001","2018-10-19","111","В"
"12001","2018-10-20","110","В"
"12001","2018-10-21","110","В"
"12001","2018-10-22","110","В"
"12001","2018-10-23","109","В"
"12001","2018-10-24","109","В"
"12001","2018-10-25","109","В"
"12001","2018-10-26","109","В"
"12001","2018-10-27","108","_В"
"12001","2018-10-28","108","_В"
"12001","2018-10-29","108","_В"
"12001","2018-10-30","108","_В"
"12001","2018-10-31","108","_В"
"12001","2018-11-01","107","В"
"12001","2018-11-02","107","В"
"12001","2018-11-03","106","В"
"12001","2018-11-04","106","В"
"12001","2018-11-05","106","В"
"12001","2018-11-06","105","_)В"
"12001","2018-11-07","105","_)В"
"12001","2018-11-08","105","_)В"
"12001","2018-11-09","105","_)В"
"12001","2018-11-10","105","_IВ"
"12001","2018-11-11","106","IВ"
"12001","2018-11-12","106","IВ"
"12001","2018-11-13","106","IВ"
"12001","2018-11-14","107","IВ"
"12001","2018-11-15","107","IВ"
"12001","2018-11-16","107","IВ"
"12001","2018-11-17","108","IВ"
"12001","2018-11-18","108","IВ"
"12001","2018-11-19","108","IВ"
"12001","2018-11-20","108","IВ"
"12001","2018-11-21","109","IВ"
"12001","2018-11-22","109","IВ"
"12001","2018-11-23","110","IВ"
"12001","2018-11-24","110","IВ"
"12001","2018-11-25","110","IВ"
"12001","2018-11-26","110","IВ"
"12001","2018-11-27","111","IВ"
"12001","2018-11-28","111","IВ"
"12001","2018-11-29","111","IВ"
"12001","2018-11-30","112","^IВ"
"12001","2018-12-01","112","_IВ"
"12001","2018-12-02","112","_IВ"
"12001","2018-12-03","113","IВ"
"12001","2018-12-04","113","IВ"
"12001","2018-12-05","113","IВ"
"12001","2018-12-06","114","IВ"
"12001","2018-12-07","114","IВ"
"12001","2018-12-08","114","IВ"
"12001","2018-12-09","115","IВ"
"12001","2018-12-10","115","IВ"
"12001","2018-12-11","115","IВ"
"12001","2018-12-12","116","IВ"
"12001","2018-12-13","116","IВ"
"12001","2018-12-14","116","IВ"
"12001","2018-12-15","117","IВ"
"12001","2018-12-16","117","IВ"
"12001","2018-12-17","117","IВ"
"12001","2018-12-18","117","IВ"
"12001","2018-12-19","118","IВ"
"12001","2018-12-20","118","IВ"
"12001","2018-12-21","118","IВ"
"12001","2018-12-22","119","IВ"
"12001","2018-12-23","119","IВ"
"12001","2018-12-24","119","IВ"
"12001","2018-12-25","120","IВ"
"12001","2018-12-26","120","IВ"
"12001","2018-12-27","120","IВ"
"12001","2018-12-28","121","IВ"
"12001","2018-12-29","121","IВ"
"12001","2018-12-30","121","IВ"
"12001","2018-12-31","122","^IВ"
"12001","2019-01-01","122","_IВ"
"12001","2019-01-02","122","_IВ"
"12001","2019-01-03","122","_IВ"
"12001","2019-01-04","122","_IВ"
"12001","2019-01-05","122","_IВ"
"12001","2019-01-06","122","_IВ"
"12001","2019-01-07","122","_IВ"
"12001","2019-01-08","123","IВ"
"12001","2019-01-09","123","IВ"
"12001","2019-01-10","123","IВ"
"12001","2019-01-11","123","IВ"
"12001","2019-01-12","124","IВ"
"12001","2019-01-13","124","IВ"
"12001","2019-01-14","124","IВ"
"12001","2019-01-15","124","IВ"
"12001","2019-01-16","125","IВ"
"12001","2019-01-17","125","IВ"
"12001","2019-01-18","126","IВ"
"12001","2019-01-19","126","IВ"
"12001","2019-01-20","127","IВ"
"12001","2019-01-21","127","IВ"
"12001","2019-01-22","127","IВ"
"12001","2019-01-23","127","IВ"
"12001","2019-01-24","128","^IВ"
"12001","2019-01-25","128","^IВ"
"12001","2019-01-26","128","^IВ"
"12001","2019-01-27","128","^IВ"
"12001","2019-01-28","128","^IВ"
"12001","2019-01-29","128","^IВ"
"12001","2019-01-30","128","^IВ"
"12001","2019-01-31","128","^IВ"
"12001","2019-02-01","128","""IВ"
"12001","2019-02-02","128","""IВ"
"12001","2019-02-03","128","""IВ"
"12001","2019-02-04","128","""IВ"
"12001","2019-02-05","128","""IВ"
"12001","2019-02-06","128","""IВ"
"12001","2019-02-07","128","""IВ"
"12001","2019-02-08","128","""IВ"
"12001","2019-02-09","128","""IВ"
"12001","2019-02-10","128","""IВ"
"12001","2019-02-11","128","""IВ"
"12001","2019-02-12","128","""IВ"
"12001","2019-02-13","128","""IВ"
"12001","2019-02-14","128","""IВ"
"12001","2019-02-15","128","""IВ"
"12001","2019-02-16","128","""IВ"
"12001","2019-02-17","128","""IВ"
"12001","2019-02-18","128","""IВ"
"12001","2019-02-19","128","""IВ"
"12001","2019-02-20","128","""IВ"
"12001","2019-02-21","128","""IВ"
"12001","2019-02-22","128","""IВ"
"12001","2019-02-23","128","""IВ"
"12001","2019-02-24","128","""IВ"
"12001","2019-02-25","128","""IВ"
"12001","2019-02-26","128","""IВ"
"12001","2019-02-27","128","""IВ"
"12001","2019-02-28","128","""IВ"
"12001","2019-03-01","128","_IВ"
"12001","2019-03-02","128","_IВ"
"12001","2019-03-03","128","_IВ"
"12001","2019-03-04","128","_IВ"
"12001","2019-03-05","128","_IВ"
"12001","2019-03-06","128","_IВ"
"12001","2019-03-07","128","_IВ"
"12001","2019-03-08","128","_IВ"
"12001","2019-03-09","128","_IВ"
"12001","2019-03-10","128","_IВ"
"12001","2019-03-11","128","_IВ"
"12001","2019-03-12","128","_IВ"
"12001","2019-03-13","128","_IВ"
"12001","2019-03-14","130","IВ"
"12001","2019-03-15","130","IВ"
"12001","2019-03-16","130","IВ"
"12001","2019-03-17","130","IВ"
"12001","2019-03-18","131","IВ"
"12001","2019-03-19","131","IВ"
"12001","2019-03-20","131","IВ"
"12001","2019-03-21","131","IВ"
"12001","2019-03-22","131","IВ"
"12001","2019-03-23","131","IВ"
"12001","2019-03-24","145","IВ"
"12001","2019-03-25","148","IВ"
"12001","2019-03-26","153","~В"
"12001","2019-03-27","158","~В"
"12001","2019-03-28","162","(В"
"12001","2019-03-29","168","ZВ"
"12001","2019-03-30","169","ZВ"
"12001","2019-03-31","170","^ZВ"
"12001","2019-04-01","169","^ZВ"
"12001","2019-04-02","166","ZВ"
"12001","2019-04-03","165","ZВ"
"12001","2019-04-04","164","IВ"
"12001","2019-04-05","165","IВ"
"12001","2019-04-06","165","IВ"
"12001","2019-04-07","165","IВ"
"12001","2019-04-08","166","IВ"
"12001","2019-04-09","168","В"
"12001","2019-04-10","168","В"
"12001","2019-04-11","168","В"
"12001","2019-04-12","167","В"
"12001","2019-04-13","167","В"
"12001","2019-04-14","167","В"
"12001","2019-04-15","167","В"
"12001","2019-04-16","167","В"
"12001","2019-04-17","167","В"
"12001","2019-04-18","167","В"
"12001","2019-04-19","166","В"
"12001","2019-04-20","166","В"
"12001","2019-04-21","165","В"
"12001","2019-04-22","164","В"
"12001","2019-04-23","164","В"
"12001","2019-04-24","164","В"
"12001","2019-04-25","164","_В"
"12001","2019-04-26","163","_В"
"12001","2019-04-27","163","_В"
"12001","2019-04-28","163","_В"
"12001","2019-04-29","163","_В"
"12001","2019-04-30","163","_В"
"12001","2019-05-01","163","^В"
"12001","2019-05-02","162","В"
"12001","2019-05-03","162","В"
"12001","2019-05-04","161","В"
"12001","2019-05-05","161","В"
"12001","2019-05-06","160","В"
"12001","2019-05-07","160","В"
"12001","2019-05-08","160","В"
"12001","2019-05-09","159","В"
"12001","2019-05-10","159","В"
"12001","2019-05-11","158","В"
"12001","2019-05-12","157","В"
"12001","2019-05-13","157","В"
"12001","2019-05-14","156","В"
"12001","2019-05-15","156","В"
"12001","2019-05-16","155","В"
"12001","2019-05-17","154","В"
"12001","2019-05-18","153","В"
"12001","2019-05-19","153","В"
"12001","2019-05-20","152","В"
"12001","2019-05-21","151","В"
"12001","2019-05-22","150","В"
"12001","2019-05-23","149","В"
"12001","2019-05-24","148","В"
"12001","2019-05-25","147","В"
"12001","2019-05-26","146","В"
"12001","2019-05-27","145","В"
"12001","2019-05-28","144","В"
"12001","2019-05-29","143","В"
"12001","2019-05-30","142","В"
"12001","2019-05-31","141","_В"
"12001","2019-06-01","142","^В"
"12001","2019-06-02","141","В"
"12001","2019-06-03","141","В"
"12001","2019-06-04","140","В"
"12001","2019-06-05","140","В"
"12001","2019-06-06","139","В"
"12001","2019-06-07","139","В"
"12001","2019-06-08","138","В"
"12001","2019-06-09","138","В"
"12001","2019-06-10","137","В"
"12001","2019-06-11","137","В"
"12001","2019-06-12","136","В"
"12001","2019-06-13","136","В"
"12001","2019-06-14","135","В"
"12001","2019-06-15","135","В"
"12001","2019-06-16","134","В"
"12001","2019-06-17","134","В"
"12001","2019-06-18","133","В"
"12001","2019-06-19","133","В"
"12001","2019-06-20","132","В"
"12001","2019-06-21","132","В"
"12001","2019-06-22","132","В"
"12001","2019-06-23","132","В"
"12001","2019-06-24","131","В"
"12001","2019-06-25","131","В"
"12001","2019-06-26","130","В"
"12001","2019-06-27","130","В"
"12001","2019-06-28","130","В"
"12001","2019-06-29","129","_В"
"12001","2019-06-30","129","_В"
"12001","2019-07-01","129","^В"
"12001","2019-07-02","129","^В"
"12001","2019-07-03","128","В"
"12001","2019-07-04","128","В"
"12001","2019-07-05","127","В"
"12001","2019-07-06","126","В"
"12001","2019-07-07","126","В"
"12001","2019-07-08","125","В"
"12001","2019-07-09","125","В"
"12001","2019-07-10","124","В"
"12001","2019-07-11","124","В"
"12001","2019-07-12","123","В"
"12001","2019-07-13","122","В"
"12001","2019-07-14","122","В"
"12001","2019-07-15","121","В"
"12001","2019-07-16","120","В"
"12001","2019-07-17","120","В"
"12001","2019-07-18","119","В"
"12001","2019-07-19","119","В"
"12001","2019-07-20","118","В"
"12001","2019-07-21","118","В"
"12001","2019-07-22","117","_В"
"12001","2019-07-23","117","_В"
"12001","2019-07-24","117","_В"
"12001","2019-07-25","117","_В"
"12001","2019-07-26","117","_В"
"12001","2019-07-27","117","_В"
"12001","2019-07-28","117","_В"
"12001","2019-07-29","117","_В"
"12001","2019-07-30","117","_В"
"12001","2019-07-31","117","_В"
"12001","2019-08-01","117","^В"
"12001","2019-08-02","117","^В"
"12001","2019-08-03","116","В"
"12001","2019-08-04","116","В"
"12001","2019-08-05","115","В"
"12001","2019-08-06","115","В"
"12001","2019-08-07","114","В"
"12001","2019-08-08","114","В"
"12001","2019-08-09","113","В"
"12001","2019-08-10","113","В"
"12001","2019-08-11","113","В"
"12001","2019-08-12","112","В"
"12001","2019-08-13","111","В"
"12001","2019-08-14","111","В"
"12001","2019-08-15","110","В"
"12001","2019-08-16","110","В"
"12001","2019-08-17","109","В"
"12001","2019-08-18","108","В"
"12001","2019-08-19","108","В"
"12001","2019-08-20","107","В"
"12001","2019-08-21","107","В"
"12001","2019-08-22","106","В"
"12001","2019-08-23","106","В"
"12001","2019-08-24","105","В"
"12001","2019-08-25","105","В"
"12001","2019-08-26","105","В"
"12001","2019-08-27","104","В"
"12001","2019-08-28","104","В"
"12001","2019-08-29","104","_В"
"12001","2019-08-30","103","_В"
"12001","2019-08-31","103","_В"
"12001","2019-09-01","103","^В"
"12001","2019-09-02","102","В"
"12001","2019-09-03","102","В"
"12001","2019-09-04","102","В"
"12001","2019-09-05","102","В"
"12001","2019-09-06","102","В"
"12001","2019-09-07","102","В"
"12001","2019-09-08","102","В"
"12001","2019-09-09","101","В"
"12001","2019-09-10","101","В"
"12001","2019-09-11","101","В"
"12001","2019-09-12","101","В"
"12001","2019-09-13","100","В"
"12001","2019-09-14","100","В"
"12001","2019-09-15","100","В"
"12001","2019-09-16","100","В"
"12001","2019-09-17","99","_В"
"12001","2019-09-18","99","_В"
"12001","2019-09-19","99","_В"
"12001","2019-09-20","99","_В"
"12001","2019-09-21","99","_В"
"12001","2019-09-22","101","В"
"12001","2019-09-23","102","В"
"12001","2019-09-24","102","В"
"12001","2019-09-25","102","В"
"12001","2019-09-26","102","В"
"12001","2019-09-27","102","В"
"12001","2019-09-28","102","В"
"12001","2019-09-29","102","В"
"12001","2019-09-30","101","В"
"12001","2019-10-01","101","В"
"12001","2019-10-02","101","В"
"12001","2019-10-03","101","В"
"12001","2019-10-04","101","В"
"12001","2019-10-05","101","В"
"12001","2019-10-06","101","В"
"12001","2019-10-07","101","В"
"12001","2019-10-08","100","_В"
"12001","2019-10-09","100","_В"
"12001","2019-10-10","100","_В"
"12001","2019-10-11","100","_В"
"12001","2019-10-12","100","_В"
"12001","2019-10-13","100","_В"
"12001","2019-10-14","100","_В"
"12001","2019-10-15","102","^В"
"12001","2019-10-16","102","^В"
"12001","2019-10-17","102","^В"
"12001","2019-10-18","102","^В"
"12001","2019-10-19","102","^В"
"12001","2019-10-20","102","^В"
"12001","2019-10-21","102","^В"
"12001","2019-10-22","102","^В"
"12001","2019-10-23","102","^В"
"12001","2019-10-24","102","^В"
"12001","2019-10-25","102","^В"
"12001","2019-10-26","102","^В"
"12001","2019-10-27","102","^В"
"12001","2019-10-28","102","^В"
"12001","2019-10-29","102","^В"
"12001","2019-10-30","102","^В"
"12001","2019-10-31","102","^В"
"12001","2019-11-01","102","^В"
"12001","2019-11-02","102","^В"
"12001","2019-11-03","102","^В"
"12001","2019-11-04","102","^В"
"12001","2019-11-05","102","^В"
"12001","2019-11-06","101","В"
"12001","2019-11-07","101","В"
"12001","2019-11-08","101","В"
"12001","2019-11-09","101","В"
"12001","2019-11-10","101",")"
"12001","2019-11-11","101","IВ"
"12001","2019-11-12","102","^IВ"
"12001","2019-11-13","102","^IВ"
"12001","2019-11-14","102","^IВ"
"12001","2019-11-15","102","^IВ"
"12001","2019-11-16","102","^IВ"
"12001","2019-11-17","102","^IВ"
"12001","2019-11-18","101","IВ"
"12001","2019-11-19","101","IВ"
"12001","2019-11-20","101","IВ"
"12001","2019-11-21","100","IВ"
"12001","2019-11-22","98","IВ"
"12001","2019-11-23","97","IВ"
"12001","2019-11-24","96","IВ"
"12001","2019-11-25","96","IВ"
"12001","2019-11-26","95","IВ"
"12001","2019-11-27","94","IВ"
"12001","2019-11-28","93","_IВ"
"12001","2019-11-29","93","_IВ"
"12001","2019-11-30","93","_IВ"
"12001","2019-12-01","93","_IВ"
"12001","2019-12-02","93","_IВ"
"12001","2019-12-03","93","_IВ"
"12001","2019-12-04","93","_IВ"
"12001","2019-12-05","93","_IВ"
"12001","2019-12-06","93","_IВ"
"12001","2019-12-07","93","_IВ"
"12001","2019-12-08","93","_IВ"
"12001","2019-12-09","93","_IВ"
"12001","2019-12-10","93","_IВ"
"12001","2019-12-11","93","_IВ"
"12001","2019-12-12","94","IВ"
"12001","2019-12-13","94","IВ"
"12001","2019-12-14","94","IВ"
"12001","2019-12-15","94","IВ"
"12001","2019-12-16","94","IВ"
"12001","2019-12-17","94","IВ"
"12001","2019-12-18","94","IВ"
"12001","2019-12-19","94","IВ"
"12001","2019-12-20","94","IВ"
"12001","2019-12-21","94","IВ"
"12001","2019-12-22","94","IВ"
"12001","2019-12-23","94","IВ"
"12001","2019-12-24","94","IВ"
"12001","2019-12-25","94","IВ"
"12001","2019-12-26","94","IВ"
"12001","2019-12-27","94","IВ"
"12001","2019-12-28","95","^IВ"
"12001","2019-12-29","95","^IВ"
"12001","2019-12-30","95","^IВ"
"12001","2019-12-31","95","^IВ"
"12001","2020-01-01","95","_IВ"
"12001","2020-01-02","95","_IВ"
"12001","2020-01-03","95","_IВ"
"12001","2020-01-04","95","_IВ"
"12001","2020-01-05","95","_IВ"
"12001","2020-01-06","95","_IВ"
"12001","2020-01-07","95","_IВ"
"12001","2020-01-08","95","_IВ"
"12001","2020-01-09","96","IВ"
"12001","2020-01-10","96","IВ"
"12001","2020-01-11","96","IВ"
"12001","2020-01-12","96","IВ"
"12001","2020-01-13","96","IВ"
"12001","2020-01-14","96","IВ"
"12001","2020-01-15","96","IВ"
"12001","2020-01-16","96","IВ"
"12001","2020-01-17","96","IВ"
"12001","2020-01-18","96","IВ"
"12001","2020-01-19","96","IВ"
"12001","2020-01-20","96","IВ"
"12001","2020-01-21","96","IВ"
"12001","2020-01-22","96","IВ"
"12001","2020-01-23","97","^IВ"
"12001","2020-01-24","97","^IВ"
"12001","2020-01-25","97","^IВ"
"12001","2020-01-26","97","^IВ"
"12001","2020-01-27","97","^IВ"
"12001","2020-01-28","97","^IВ"
"12001","2020-01-29","97","^IВ"
"12001","2020-01-30","97","^IВ"
"12001","2020-01-31","97","^IВ"
"12001","2020-02-01","97","_IВ"
"12001","2020-02-02","97","_IВ"
"12001","2020-02-03","97","_IВ"
"12001","2020-02-04","97","_IВ"
"12001","2020-02-05","97","_IВ"
"12001","2020-02-06","97","_IВ"
"12001","2020-02-07","97","_IВ"
"12001","2020-02-08","97","_IВ"
"12001","2020-02-09","97","_IВ"
"12001","2020-02-10","99","^IВ"
"12001","2020-02-11","99","^IВ"
"12001","2020-02-12","99","^IВ"
"12001","2020-02-13","99","^IВ"
"12001","2020-02-14","99","^IВ"
"12001","2020-02-15","99","^IВ"
"12001","2020-02-16","99","^IВ"
"12001","2020-02-17","99","^IВ"
"12001","2020-02-18","99","^IВ"
"12001","2020-02-19","99","^IВ"
"12001","2020-02-20","99","^IВ"
"12001","2020-02-21","99","^IВ"
"12001","2020-02-22","99","^IВ"
"12001","2020-02-23","99","^IВ"
"12001","2020-02-24","99","^IВ"
"12001","2020-02-25","99","^IВ"
"12001","2020-02-26","99","^IВ"
"12001","2020-02-27","99","^IВ"
"12001","2020-02-28","99","^IВ"
"12001","2020-02-29","99","^IВ"
"12001","2020-03-01","100","_IВ"
"12001","2020-03-02","100","_IВ"
"12001","2020-03-03","100","_IВ"
"12001","2020-03-04","100","_IВ"
"12001","2020-03-05","100","_IВ"
"12001","2020-03-06","101","IВ"
"12001","2020-03-07","102","IВ"
"12001","2020-03-08","103","IВ"
"12001","2020-03-09","104","IВ"
"12001","2020-03-10","105","IВ"
"12001","2020-03-11","107","IВ"
"12001","2020-03-12","109","IВ"
"12001","2020-03-13","111","IВ"
"12001","2020-03-14","115","IВ"
"12001","2020-03-15","121","IВ"
"12001","2020-03-16","124","IВ"
"12001","2020-03-17","127","IВ"
"12001","2020-03-18","126","IВ"
"12001","2020-03-19","126","IВ"
"12001","2020-03-20","126","IВ"
"12001","2020-03-21","127","IВ"
"12001","2020-03-22","127","IВ"
"12001","2020-03-23","128","IВ"
"12001","2020-03-24","128","IВ"
"12001","2020-03-25","128","IВ"
"12001","2020-03-26","128","IВ"
"12001","2020-03-27","132","IВ"
"12001","2020-03-28","139","IВ"
"12001","2020-03-29","146","IВ"
"12001","2020-03-30","140","IВ"
"12001","2020-03-31","157","^IВ"
"12001","2020-04-01","159","_(В"
"12001","2020-04-02","161","(В"
"12001","2020-04-03","163","(В"
"12001","2020-04-04","161","(В"
"12001","2020-04-05","163","(В"
"12001","2020-04-06","174","(В"
"12001","2020-04-07","178","(В"
"12001","2020-04-08","178","В"
"12001","2020-04-09","179","^В"
"12001","2020-04-10","180","^В"
"12001","2020-04-11","180","^В"
"12001","2020-04-12","176","В"
"12001","2020-04-13","173","В"
"12001","2020-04-14","171","В"
"12001","2020-04-15","169","В"
"12001","2020-04-16","168","В"
"12001","2020-04-17","167","В"
"12001","2020-04-18","167","В"
"12001","2020-04-19","167","В"
"12001","2020-04-20","166","В"
"12001","2020-04-21","165","В"
"12001","2020-04-22","165","В"
"12001","2020-04-23","165","В"
"12001","2020-04-24","164","В"
"12001","2020-04-25","163","В"
"12001","2020-04-26","163","В"
"12001","2020-04-27","162","В"
"12001","2020-04-28","162","В"
"12001","2020-04-29","162","В"
"12001","2020-04-30","162","В"
"12001","2020-05-01","162","^В"
"12001","2020-05-02","162","^В"
"12001","2020-05-03","162","^В"
"12001","2020-05-04","161","В"
"12001","2020-05-05","160","В"
"12001","2020-05-06","160","В"
"12001","2020-05-07","160","В"
"12001","2020-05-08","160","В"
"12001","2020-05-09","159","В"
"12001","2020-05-10","159","В"
"12001","2020-05-11","159","В"
"12001","2020-05-12","159","В"
"12001","2020-05-13","159","В"
"12001","2020-05-14","159","В"
"12001","2020-05-15","159","В"
"12001","2020-05-16","159","В"
"12001","2020-05-17","158","В"
"12001","2020-05-18","158","В"
"12001","2020-05-19","158","В"
"12001","2020-05-20","158","В"
"12001","2020-05-21","158","В"
"12001","2020-05-22","158","В"
"12001","2020-05-23","158","В"
"12001","2020-05-24","158","В"
"12001","2020-05-25","157","В"
"12001","2020-05-26","157","В"
"12001","2020-05-27","157","В"
"12001","2020-05-28","157","В"
"12001","2020-05-29","157","В"
"12001","2020-05-30","156","_В"
"12001","2020-05-31","156","_В"
"12001","2020-06-01","156","^В"
"12001","2020-06-02","156","^В"
"12001","2020-06-03","156","^В"
"12001","2020-06-04","156","^В"
"12001","2020-06-05","156","^В"
"12001","2020-06-06","156","^В"
"12001","2020-06-07","156","^В"
"12001","2020-06-08","155","В"
"12001","2020-06-09","155","В"
"12001","2020-06-10","155","В"
"12001","2020-06-11","155","В"
"12001","2020-06-12","155","В"
"12001","2020-06-13","155","В"
"12001","2020-06-14","153","В"
"12001","2020-06-15","153","В"
"12001","2020-06-16","152","В"
"12001","2020-06-17","152","В"
"12001","2020-06-18","152","В"
"12001","2020-06-19","151","В"
"12001","2020-06-20","151","В"
"12001","2020-06-21","151","В"
"12001","2020-06-22","149","В"
"12001","2020-06-23","149","В"
"12001","2020-06-24","148","В"
"12001","2020-06-25","148","В"
"12001","2020-06-26","148","В"
"12001","2020-06-27","148","В"
"12001","2020-06-28","147","_В"
"12001","2020-06-29","147","_В"
"12001","2020-06-30","147","_В"
"12001","2020-07-01","147","^В"
"12001","2020-07-02","146","В"
"12001","2020-07-03","146","В"
"12001","2020-07-04","146","В"
"12001","2020-07-05","145","В"
"12001","2020-07-06","145","В"
"12001","2020-07-07","145","В"
"12001","2020-07-08","145","В"
"12001","2020-07-09","144","В"
"12001","2020-07-10","144","В"
"12001","2020-07-11","144","В"
"12001","2020-07-12","143","В"
"12001","2020-07-13","142","В"
"12001","2020-07-14","141","В"
"12001","2020-07-15","140","В"
"12001","2020-07-16","139","В"
"12001","2020-07-17","138","В"
"12001","2020-07-18","138","В"
"12001","2020-07-19","137","В"
"12001","2020-07-20","136","В"
"12001","2020-07-21","135","В"
"12001","2020-07-22","133","В"
"12001","2020-07-23","133","В"
"12001","2020-07-24","133","В"
"12001","2020-07-25","132","В"
"12001","2020-07-26","132","В"
"12001","2020-07-27","131","В"
"12001","2020-07-28","131","В"
"12001","2020-07-29","130","В"
"12001","2020-07-30","129","В"
"12001","2020-07-31","128","_В"
"12001","2020-08-01","127","^В"
"12001","2020-08-02","126","В"
"12001","2020-08-03","125","В"
"12001","2020-08-04","124","В"
"12001","2020-08-05","123","В"
"12001","2020-08-06","122","В"
"12001","2020-08-07","121","В"
"12001","2020-08-08","120","В"
"12001","2020-08-09","120","В"
"12001","2020-08-10","120","В"
"12001","2020-08-11","120","В"
"12001","2020-08-12","120","В"
"12001","2020-08-13","119","В"
"12001","2020-08-14","118","В"
"12001","2020-08-15","118","В"
"12001","2020-08-16","118","В"
"12001","2020-08-17","117","В"
"12001","2020-08-18","116","В"
"12001","2020-08-19","116","В"
"12001","2020-08-20","116","В"
"12001","2020-08-21","116","В"
"12001","2020-08-22","114","В"
"12001","2020-08-23","112","_В"
"12001","2020-08-24","112","_В"
"12001","2020-08-25","112","_В"
"12001","2020-08-26","112","_В"
"12001","2020-08-27","112","_В"
"12001","2020-08-28","112","_В"
"12001","2020-08-29","112","_В"
"12001","2020-08-30","112","_В"
"12001","2020-08-31","112","_В"
"12001","2020-09-01","113","^В"
"12001","2020-09-02","113","^В"
"12001","2020-09-03","113","^В"
"12001","2020-09-04","113","^В"
"12001","2020-09-05","113","^В"
"12001","2020-09-06","113","^В"
"12001","2020-09-07","113","^В"
"12001","2020-09-08","113","^В"
"12001","2020-09-09","113","^В"
"12001","2020-09-10","113","^В"
"12001","2020-09-11","113","^В"
"12001","2020-09-12","113","^В"
"12001","2020-09-13","112","В"
"12001","2020-09-14","112","В"
"12001","2020-09-15","112","В"
"12001","2020-09-16","112","В"
"12001","2020-09-17","111","В"
"12001","2020-09-18","111","В"
"12001","2020-09-19","111","В"
"12001","2020-09-20","110","В"
"12001","2020-09-21","110","В"
"12001","2020-09-22","109","В"
"12001","2020-09-23","109","В"
"12001","2020-09-24","109","В"
"12001","2020-09-25","108","_В"
"12001","2020-09-26","108","_В"
"12001","2020-09-27","108","_В"
"12001","2020-09-28","108","_В"
"12001","2020-09-29","108","_В"
"12001","2020-09-30","108","_В"
"12001","2020-10-01","108","^В"
"12001","2020-10-02","108","^В"
"12001","2020-10-03","108","^В"
"12001","2020-10-04","108","^В"
"12001","2020-10-05","107","В"
"12001","2020-10-06","107","В"
"12001","2020-10-07","107","В"
"12001","2020-10-08","107","В"
"12001","2020-10-09","107","В"
"12001","2020-10-10","107","В"
"12001","2020-10-11","107","В"
"12001","2020-10-12","107","В"
"12001","2020-10-13","107","В"
"12001","2020-10-14","107","В"
"12001","2020-10-15","107","В"
"12001","2020-10-16","107","В"
"12001","2020-10-17","107","В"
"12001","2020-10-18","106","_В"
"12001","2020-10-19","106","_В"
"12001","2020-10-20","106","_В"
"12001","2020-10-21","106","_В"
"12001","2020-10-22","106","_В"
"12001","2020-10-23","106","_В"
"12001","2020-10-24","106","_В"
"12001","2020-10-25","106","_В"
"12001","2020-10-26","106","_В"
"12001","2020-10-27","106","_В"
"12001","2020-10-28","106","_В"
"12001","2020-10-29","106","_В"
"12001","2020-10-30","106","_В"
"12001","2020-10-31","106","_В"
"12001","2020-11-01","106","_В"
"12001","2020-11-02","106","_В"
"12001","2020-11-03","106","_В"
"12001","2020-11-04","106","_В"
"12001","2020-11-05","106","_В"
"12001","2020-11-06","106","_В"
"12001","2020-11-07","107","В"
"12001","2020-11-08","107","В"
"12001","2020-11-09","107","В"
"12001","2020-11-10","107","В"
"12001","2020-11-11","107","В"
"12001","2020-11-12","107","IВ"
"12001","2020-11-13","107","IВ"
"12001","2020-11-14","107","IВ"
"12001","2020-11-15","108","IВ"
"12001","2020-11-16","109","IВ"
"12001","2020-11-17","111","IВ"
"12001","2020-11-18","111","IВ"
"12001","2020-11-19","112","IВ"
"12001","2020-11-20","112","IВ"
"12001","2020-11-21","113","IВ"
"12001","2020-11-22","113","IВ"
"12001","2020-11-23","113","IВ"
"12001","2020-11-24","114","IВ"
"12001","2020-11-25","114","IВ"
"12001","2020-11-26","114","IВ"
"12001","2020-11-27","114","IВ"
"12001","2020-11-28","115","^IВ"
"12001","2020-11-29","115","^IВ"
"12001","2020-11-30","115","^IВ"
"12001","2020-12-01","115","_IВ"
"12001","2020-12-02","115","_IВ"
"12001","2020-12-03","115","_IВ"
"12001","2020-12-04","115","_IВ"
"12001","2020-12-05","115","_IВ"
"12001","2020-12-06","115","_IВ"
"12001","2020-12-07","115","_IВ"
"12001","2020-12-08","115","_IВ"
"12001","2020-12-09","115","_IВ"
"12001","2020-12-10","115","_IВ"
"12001","2020-12-11","115","_IВ"
"12001","2020-12-12","115","_IВ"
"12001","2020-12-13","115","_IВ"
"12001","2020-12-14","116","^IВ"
"12001","2020-12-15","116","^IВ"
"12001","2020-12-16","116","^IВ"
"12001","2020-12-17","116","^IВ"
"12001","2020-12-18","116","^IВ"
"12001","2020-12-19","116","^IВ"
"12001","2020-12-20","116","^IВ"
"12001","2020-12-21","116","^IВ"
"12001","2020-12-22","116","^IВ"
"12001","2020-12-23","116","^IВ"
"12001","2020-12-24","116","^IВ"
"12001","2020-12-25","116","^IВ"
"12001","2020-12-26","116","^IВ"
"12001","2020-12-27","116","^IВ"
"12001","2020-12-28","116","^IВ"
"12001","2020-12-29","116","^IВ"
"12001","2020-12-30","116","^IВ"
"12001","2020-12-31","116","^IВ"
"12001","2021-01-01","116","_IВ"
"12001","2021-01-02","116","_IВ"
"12001","2021-01-03","116","_IВ"
"12001","2021-01-04","116","_IВ"
"12001","2021-01-05","117","^IВ"
"12001","2021-01-06","117","^IВ"
"12001","2021-01-07","117","^IВ"
"12001","2021-01-08","117","^IВ"
"12001","2021-01-09","117","^IВ"
"12001","2021-01-10","117","""IВ"
"12001","2021-01-11","116","_IВ"
"12001","2021-01-12","116","_IВ"
"12001","2021-01-13","116","_IВ"
"12001","2021-01-14","116","_IВ"
"12001","2021-01-15","116","_IВ"
"12001","2021-01-16","116","_IВ"
"12001","2021-01-17","116","_IВ"
"12001","2021-01-18","116","_IВ"
"12001","2021-01-19","116","_IВ"
"12001","2021-01-20","116","_IВ"
"12001","2021-01-21","116","_IВ"
"12001","2021-01-22","116","_IВ"
"12001","2021-01-23","116","_IВ"
"12001","2021-01-24","116","_IВ"
"12001","2021-01-25","116","_IВ"
"12001","2021-01-26","116","_IВ"
"12001","2021-01-27","116","_IВ"
"12001","2021-01-28","116","_IВ"
"12001","2021-01-29","116","_IВ"
"12001","2021-01-30","116","_IВ"
"12001","2021-01-31","116","_IВ"
"12001","2021-02-01","116","_IВ"
"12001","2021-02-02","116","_IВ"
"12001","2021-02-03","116","_IВ"
"12001","2021-02-04","116","_IВ"
"12001","2021-02-05","117","^IВ"
"12001","2021-02-06","117","^IВ"
"12001","2021-02-07","117","^IВ"
"12001","2021-02-08","117","^IВ"
"12001","2021-02-09","117","^IВ"
"12001","2021-02-10","117","^IВ"
"12001","2021-02-11","117","^IВ"
"12001","2021-02-12","117","^IВ"
"12001","2021-02-13","117","^IВ"
"12001","2021-02-14","117","^IВ"
"12001","2021-02-15","117","^IВ"
"12001","2021-02-16","117","^IВ"
"12001","2021-02-17","117","^IВ"
"12001","2021-02-18","117","^IВ"
"12001","2021-02-19","117","^IВ"
"12001","2021-02-20","117","^IВ"
"12001","2021-02-21","117","^IВ"
"12001","2021-02-22","117","^IВ"
"12001","2021-02-23","117","^IВ"
"12001","2021-02-24","117","^IВ"
"12001","2021-02-25","117","^IВ"
"12001","2021-02-26","117","^IВ"
"12001","2021-02-27","117","^IВ"
"12001","2021-02-28","117","^IВ"
"12001","2021-03-01","117","_IВ"
"12001","2021-03-02","117","_IВ"
"12001","2021-03-03","117","_IВ"
"12001","2021-03-04","117","_IВ"
"12001","2021-03-05","117","_IВ"
"12001","2021-03-06","117","_IВ"
"12001","2021-03-07","117","_IВ"
"12001","2021-03-08","117","_IВ"
"12001","2021-03-09","117","_IВ"
"12001","2021-03-10","117","_IВ"
"12001","2021-03-11","117","_IВ"
"12001","2021-03-12","117","_IВ"
"12001","2021-03-13","117","_IВ"
"12001","2021-03-14","117","_IВ"
"12001","2021-03-15","118","_IВ"
"12001","2021-03-16","119","IВ"
"12001","2021-03-17","119","IВ"
"12001","2021-03-18","120","IВ"
"12001","2021-03-19","120","IВ"
"12001","2021-03-20","120","IВ"
"12001","2021-03-21","120","IВ"
"12001","2021-03-22","121","IВ"
"12001","2021-03-23","122","IВ"
"12001","2021-03-24","122","IВ"
"12001","2021-03-25","122","IВ"
"12001","2021-03-26","123","IВ"
"12001","2021-03-27","123","IВ"
"12001","2021-03-28","123","IВ"
"12001","2021-03-29","124","^IВ"
"12001","2021-03-30","124","^IВ"
"12001","2021-03-31","124","^IВ"
"12001","2021-04-01","125","_IВ"
"12001","2021-04-02","126","_IВ"
"12001","2021-04-03","128","IВ"
"12001","2021-04-04","130","IВ"
"12001","2021-04-05","134","IВ"
"12001","2021-04-06","138","IВ"
"12001","2021-04-07","141","IВ"
"12001","2021-04-08","145","(I"
"12001","2021-04-09","159","("
"12001","2021-04-10","220","("
"12001","2021-04-11","243","("
"12001","2021-04-12","224","("
"12001","2021-04-13","223","("
"12001","2021-04-14","245","(Z"
"12001","2021-04-15","312","^Z"
"12001","2021-04-16","279",""
"12001","2021-04-17","254",""
"12001","2021-04-18","235",""
"12001","2021-04-19","222",""
"12001","2021-04-20","211","В"
"12001","2021-04-21","203","В"
"12001","2021-04-22","198","В"
"12001","2021-04-23","192","В"
"12001","2021-04-24","185","В"
"12001","2021-04-25","180","В"
"12001","2021-04-26","177","В"
"12001","2021-04-27","177","В"
"12001","2021-04-28","176","В"
"12001","2021-04-29","176","В"
"12001","2021-04-30","176","В"
"12001","2021-05-01","175","^В"
"12001","2021-05-02","175","^В"
"12001","2021-05-03","175","^В"
"12001","2021-05-04","175","^В"
"12001","2021-05-05","175","^В"
"12001","2021-05-06","175","^В"
"12001","2021-05-07","175","^В"
"12001","2021-05-08","174","В"
"12001","2021-05-09","173","В"
"12001","2021-05-10","173","В"
"12001","2021-05-11","172","В"
"12001","2021-05-12","172","В"
"12001","2021-05-13","172","В"
"12001","2021-05-14","171","В"
"12001","2021-05-15","171","В"
"12001","2021-05-16","170","В"
"12001","2021-05-17","170","В"
"12001","2021-05-18","170","В"
"12001","2021-05-19","170","В"
"12001","2021-05-20","170","В"
"12001","2021-05-21","169","В"
"12001","2021-05-22","169","В"
"12001","2021-05-23","169","В"
"12001","2021-05-24","168","В"
"12001","2021-05-25","167","В"
"12001","2021-05-26","166","В"
"12001","2021-05-27","166","В"
"12001","2021-05-28","166","В"
"12001","2021-05-29","165","_В"
"12001","2021-05-30","165","_В"
"12001","2021-05-31","165","_В"
"12001","2021-06-01","164","^В"
"12001","2021-06-02","164","^В"
"12001","2021-06-03","164","^В"
"12001","2021-06-04","162","В"
"12001","2021-06-05","161","В"
"12001","2021-06-06","161","В"
"12001","2021-06-07","160","В"
"12001","2021-06-08","159","В"
"12001","2021-06-09","158","В"
"12001","2021-06-10","157","В"
"12001","2021-06-11","156","В"
"12001","2021-06-12","155","В"
"12001","2021-06-13","154","В"
"12001","2021-06-14","153","В"
"12001","2021-06-15","152","В"
"12001","2021-06-16","151","В"
"12001","2021-06-17","151","В"
"12001","2021-06-18","150","В"
"12001","2021-06-19","149","В"
"12001","2021-06-20","149","В"
"12001","2021-06-21","149","В"
"12001","2021-06-22","148","В"
"12001","2021-06-23","148","В"
"12001","2021-06-24","147","В"
"12001","2021-06-25","147","В"
"12001","2021-06-26","147","В"
"12001","2021-06-27","147","В"
"12001","2021-06-28","146","_В"
"12001","2021-06-29","146","_В"
"12001","2021-06-30","146","_В"
"12001","2021-07-01","146","^В"
"12001","2021-07-02","145","В"
"12001","2021-07-03","145","В"
"12001","2021-07-04","145","В"
"12001","2021-07-05","145","В"
"12001","2021-07-06","145","В"
"12001","2021-07-07","145","В"
"12001","2021-07-08","145","В"
"12001","2021-07-09","145","В"
"12001","2021-07-10","145","В"
"12001","2021-07-11","145","В"
"12001","2021-07-12","145","В"
"12001","2021-07-13","145","В"
"12001","2021-07-14","145","В"
"12001","2021-07-15","145","В"
"12001","2021-07-16","145","В"
"12001","2021-07-17","145","В"
"12001","2021-07-18","144","В"
"12001","2021-07-19","144","В"
"12001","2021-07-20","144","В"
"12001","2021-07-21","143","В"
"12001","2021-07-22","142","В"
"12001","2021-07-23","142","В"
"12001","2021-07-24","142","В"
"12001","2021-07-25","141","В"
"12001","2021-07-26","140","В"
"12001","2021-07-27","140","В"
"12001","2021-07-28","139","В"
"12001","2021-07-29","138","_В"
"12001","2021-07-30","138","_В"
"12001","2021-07-31","138","_В"
"12001","2021-08-01","137","^В"
"12001","2021-08-02","137","^В"
"12001","2021-08-03","136","В"
"12001","2021-08-04","136","В"
"12001","2021-08-05","135","В"
"12001","2021-08-06","135","В"
"12001","2021-08-07","135","В"
"12001","2021-08-08","135","В"
"12001","2021-08-09","134","В"
"12001","2021-08-10","134","В"
"12001","2021-08-11","134","В"
"12001","2021-08-12","134","В"
"12001","2021-08-13","133","В"
"12001","2021-08-14","133","В"
"12001","2021-08-15","132","В"
"12001","2021-08-16","132","В"
"12001","2021-08-17","132","В"
"12001","2021-08-18","131","В"
"12001","2021-08-19","131","В"
"12001","2021-08-20","130","В"
"12001","2021-08-21","129","В"
"12001","2021-08-22","129","В"
"12001","2021-08-23","128","В"
"12001","2021-08-24","128","В"
"12001","2021-08-25","128","_В"
"12001","2021-08-26","127","_В"
"12001","2021-08-27","127","_В"
"12001","2021-08-28","127","_В"
"12001","2021-08-29","127","_В"
"12001","2021-08-30","127","_В"
"12001","2021-08-31","127","_В"
"12001","2021-09-01","125","^В"
"12001","2021-09-02","125","^В"
"12001","2021-09-03","125","^В"
"12001","2021-09-04","124","В"
"12001","2021-09-05","124","В"
"12001","2021-09-06","124","В"
"12001","2021-09-07","124","В"
"12001","2021-09-08","123","В"
"12001","2021-09-09","123","В"
"12001","2021-09-10","123","В"
"12001","2021-09-11","123","В"
"12001","2021-09-12","123","В"
"12001","2021-09-13","123","В"
"12001","2021-09-14","123","В"
"12001","2021-09-15","123","В"
"12001","2021-09-16","122","В"
"12001","2021-09-17","122","В"
"12001","2021-09-18","122","В"
"12001","2021-09-19","122","В"
"12001","2021-09-20","122","В"
"12001","2021-09-21","122","В"
"12001","2021-09-22","122","В"
"12001","2021-09-23","121","В"
"12001","2021-09-24","121","В"
"12001","2021-09-25","121","В"
"12001","2021-09-26","121","В"
"12001","2021-09-27","121","_В"
"12001","2021-09-28","120","_В"
"12001","2021-09-29","120","_В"
"12001","2021-09-30","120","_В"
"12001","2021-10-01","127","^В"
"12001","2021-10-02","126","В"
"12001","2021-10-03","126","В"
"12001","2021-10-04","126","В"
"12001","2021-10-05","126","В"
"12001","2021-10-06","125","В"
"12001","2021-10-07","125","В"
"12001","2021-10-08","125","В"
"12001","2021-10-09","125","В"
"12001","2021-10-10","125","В"
"12001","2021-10-11","125","В"
"12001","2021-10-12","125","В"
"12001","2021-10-13","125","В"
"12001","2021-10-14","125","В"
"12001","2021-10-15","124","В"
"12001","2021-10-16","124","В"
"12001","2021-10-17","124","В"
"12001","2021-10-18","124","В"
"12001","2021-10-19","124","В"
"12001","2021-10-20","124","В"
"12001","2021-10-21","124","В"
"12001","2021-10-22","124","В"
"12001","2021-10-23","124","В"
"12001","2021-10-24","123","В"
"12001","2021-10-25","123","В"
"12001","2021-10-26","123","В"
"12001","2021-10-27","123","В"
"12001","2021-10-28","123","В"
"12001","2021-10-29","123","В"
"12001","2021-10-30","122","_В"
"12001","2021-10-31","122","_В"
"12001","2021-11-01","121","^В"
"12001","2021-11-02","121","^В"
"12001","2021-11-03","121","^В"
"12001","2021-11-04","121","^В"
"12001","2021-11-05","121","^В"
"12001","2021-11-06","121","^В"
"12001","2021-11-07","121","^В"
"12001","2021-11-08","121","^В"
"12001","2021-11-09","120","В"
"12001","2021-11-10","120",")"
"12001","2021-11-11","120","IВ"
"12001","2021-11-12","120","IВ"
"12001","2021-11-13","120","IВ"
"12001","2021-11-14","120","IВ"
"12001","2021-11-15","120","IВ"
"12001","2021-11-16","120","IВ"
"12001","2021-11-17","120","IВ"
"12001","2021-11-18","120","IВ"
"12001","2021-11-19","120","IВ"
"12001","2021-11-20","119","IВ"
"12001","2021-11-21","119","IВ"
"12001","2021-11-22","119","IВ"
"12001","2021-11-23","118","IВ"
"12001","2021-11-24","118","IВ"
"12001","2021-11-25","118","_IВ"
"12001","2021-11-26","117","_IВ"
"12001","2021-11-27","117","_IВ"
"12001","2021-11-28","117","_IВ"
"12001","2021-11-29","117","_IВ"
"12001","2021-11-30","117","_IВ"
"12001","2021-12-01","116","^IВ"
"12001","2021-12-02","116","^IВ"
"12001","2021-12-03","115","IВ"
"12001","2021-12-04","115","IВ"
"12001","2021-12-05","115","IВ"
"12001","2021-12-06","115","IВ"
"12001","2021-12-07","115","IВ"
"12001","2021-12-08","115","IВ"
"12001","2021-12-09","115","IВ"
"12001","2021-12-10","115","IВ"
"12001","2021-12-11","115","IВ"
"12001","2021-12-12","115","IВ"
"12001","2021-12-13","115","IВ"
"12001","2021-12-14","115","IВ"
"12001","2021-12-15","115","IВ"
"12001","2021-12-16","114","IВ"
"12001","2021-12-17","114","IВ"
"12001","2021-12-18","114","IВ"
"12001","2021-12-19","114","IВ"
"12001","2021-12-20","114","IВ"
"12001","2021-12-21","114","IВ"
"12001","2021-12-22","114","IВ"
"12001","2021-12-23","113","_IВ"
"12001","2021-12-24","113","_IВ"
"12001","2021-12-25","113","_IВ"
"12001","2021-12-26","113","_IВ"
"12001","2021-12-27","113","_IВ"
"12001","2021-12-28","113","_IВ"
"12001","2021-12-29","113","_IВ"
"12001","2021-12-30","113","_IВ"
"12001","2021-12-31","113","_IВ"
"12001","2022-01-01","113","^IВ"
"12001","2022-01-02","113","^IВ"
"12001","2022-01-03","113","^IВ"
"12001","2022-01-04","113","^IВ"
"12001","2022-01-05","113","^IВ"
"12001","2022-01-06","113","^IВ"
"12001","2022-01-07","113","^IВ"
"12001","2022-01-08","113","^IВ"
"12001","2022-01-09","113","^IВ"
"12001","2022-01-10","113","^IВ"
"12001","2022-01-11","112","^IВ"
"12001","2022-01-12","111","IВ"
"12001","2022-01-13","111","IВ"
"12001","2022-01-14","111","IВ"
"12001","2022-01-15","111","IВ"
"12001","2022-01-16","111","IВ"
"12001","2022-01-17","111","IВ"
"12001","2022-01-18","111","IВ"
"12001","2022-01-19","111","IВ"
"12001","2022-01-20","111","IВ"
"12001","2022-01-21","111","IВ"
"12001","2022-01-22","111","IВ"
"12001","2022-01-23","110","_IВ"
"12001","2022-01-24","110","_IВ"
"12001","2022-01-25","110","_IВ"
"12001","2022-01-26","110","_IВ"
"12001","2022-01-27","110","_IВ"
"12001","2022-01-28","110","_IВ"
"12001","2022-01-29","110","_IВ"
"12001","2022-01-30","110","_IВ"
"12001","2022-01-31","110","_IВ"
"12001","2022-02-01","112","^IВ"
"12001","2022-02-02","112","^IВ"
"12001","2022-02-03","112","^IВ"
"12001","2022-02-04","112","^IВ"
"12001","2022-02-05","112","^IВ"
"12001","2022-02-06","111","_IВ"
"12001","2022-02-07","111","_IВ"
"12001","2022-02-08","111","_IВ"
"12001","2022-02-09","111","_IВ"
"12001","2022-02-10","111","_IВ"
"12001","2022-02-11","111","_IВ"
"12001","2022-02-12","111","_IВ"
"12001","2022-02-13","111","_IВ"
"12001","2022-02-14","111","_IВ"
"12001","2022-02-15","111","_IВ"
"12001","2022-02-16","111","_IВ"
"12001","2022-02-17","112","^IВ"
"12001","2022-02-18","112","^IВ"
"12001","2022-02-19","112","^IВ"
"12001","2022-02-20","112","^IВ"
"12001","2022-02-21","112","^IВ"
"12001","2022-02-22","112","^IВ"
"12001","2022-02-23","112","^IВ"
"12001","2022-02-24","112","^IВ"
"12001","2022-02-25","112","^IВ"
"12001","2022-02-26","112","^IВ"
"12001","2022-02-27","112","^IВ"
"12001","2022-02-28","112","^IВ"
"12001","2022-03-01","110","_IВ"
"12001","2022-03-02","110","_IВ"
"12001","2022-03-03","110","_IВ"
"12001","2022-03-04","110","_IВ"
"12001","2022-03-05","110","_IВ"
"12001","2022-03-06","110","_IВ"
"12001","2022-03-07","110","_IВ"
"12001","2022-03-08","110","_IВ"
"12001","2022-03-09","110","_IВ"
"12001","2022-03-10","111","_IВ"
"12001","2022-03-11","111","IВ"
"12001","2022-03-12","111","IВ"
"12001","2022-03-13","111","IВ"
"12001","2022-03-14","111","IВ"
"12001","2022-03-15","111","IВ"
"12001","2022-03-16","111","IВ"
"12001","2022-03-17","111","IВ"
"12001","2022-03-18","111","IВ"
"12001","2022-03-19","111","IВ"
"12001","2022-03-20","111","IВ"
"12001","2022-03-21","112","^IВ"
"12001","2022-03-22","112","^IВ"
"12001","2022-03-23","112","^IВ"
"12001","2022-03-24","112","^IВ"
"12001","2022-03-25","112","^IВ"
"12001","2022-03-26","112","^IВ"
"12001","2022-03-27","112","^IВ"
"12001","2022-03-28","112","^IВ"
"12001","2022-03-29","112","^IВ"
"12001","2022-03-30","112","^IВ"
"12001","2022-03-31","112","^IВ"
"12001","2022-04-01","112","_IВ"
"12001","2022-04-02","112","_IВ"
"12001","2022-04-03","112","_IВ"
"12001","2022-04-04","112","_IВ"
"12001","2022-04-05","116","_IВ"
"12001","2022-04-06","119","(В"
"12001","2022-04-07","119","(В"
"12001","2022-04-08","120","(В"
"12001","2022-04-09","127","(В"
"12001","2022-04-10","133","(В"
"12001","2022-04-11","146","(В"
"12001","2022-04-12","155","I"
"12001","2022-04-13","162","I"
"12001","2022-04-14","169","I"
"12001","2022-04-15","173","^I"
"12001","2022-04-16","172","^I"
"12001","2022-04-17","169","I"
"12001","2022-04-18","166","I"
"12001","2022-04-19","165","I"
"12001","2022-04-20","162","I"
"12001","2022-04-21","162","I"
"12001","2022-04-22","162","I"
"12001","2022-04-23","162","IВ"
"12001","2022-04-24","162","В"
"12001","2022-04-25","162","В"
"12001","2022-04-26","162","В"
"12001","2022-04-27","162","В"
"12001","2022-04-28","162","В"
"12001","2022-04-29","160","В"
"12001","2022-04-30","160","В"
"12001","2022-05-01","170","""В"
"12001","2022-05-02","170","""В"
"12001","2022-05-03","170","""В"
"12001","2022-05-04","170","""В"
"12001","2022-05-05","170","""В"
"12001","2022-05-06","170","""В"
"12001","2022-05-07","170","""В"
"12001","2022-05-08","170","""В"
"12001","2022-05-09","170","""В"
"12001","2022-05-10","170","""В"
"12001","2022-05-11","170","""В"
"12001","2022-05-12","170","""В"
"12001","2022-05-13","170","""В"
"12001","2022-05-14","170","""В"
"12001","2022-05-15","170","""В"
"12001","2022-05-16","170","""В"
"12001","2022-05-17","170","""В"
"12001","2022-05-18","170","""В"
"12001","2022-05-19","170","""В"
"12001","2022-05-20","170","""В"
"12001","2022-05-21","170","""В"
"12001","2022-05-22","170","""В"
"12001","2022-05-23","170","""В"
"12001","2022-05-24","170","""В"
"12001","2022-05-25","170","""В"
"12001","2022-05-26","170","""В"
"12001","2022-05-27","170","""В"
"12001","2022-05-28","170","""В"
"12001","2022-05-29","170","""В"
"12001","2022-05-30","170","""В"
"12001","2022-05-31","170","""В"
"12001","2022-06-01","170","^В"
"12001","2022-06-02","168","В"
"12001","2022-06-03","166","В"
"12001","2022-06-04","160","В"
"12001","2022-06-05","159","В"
"12001","2022-06-06","159","В"
"12001","2022-06-07","158","В"
"12001","2022-06-08","157","В"
"12001","2022-06-09","156","В"
"12001","2022-06-10","154","В"
"12001","2022-06-11","153","В"
"12001","2022-06-12","151","В"
"12001","2022-06-13","151","В"
"12001","2022-06-14","144","В"
"12001","2022-06-15","143","В"
"12001","2022-06-16","142","В"
"12001","2022-06-17","141","В"
"12001","2022-06-18","141","В"
"12001","2022-06-19","141","В"
"12001","2022-06-20","140","В"
"12001","2022-06-21","137","В"
"12001","2022-06-22","135","В"
"12001","2022-06-23","135","В"
"12001","2022-06-24","134","В"
"12001","2022-06-25","133","В"
"12001","2022-06-26","131","_В"
"12001","2022-06-27","131","_В"
"12001","2022-06-28","131","_В"
"12001","2022-06-29","131","_В"
"12001","2022-06-30","131","_В"
"12001","2022-07-01","131","^В"
"12001","2022-07-02","131","^В"
"12001","2022-07-03","131","^В"
"12001","2022-07-04","131","^В"
"12001","2022-07-05","131","^В"
"12001","2022-07-06","131","^В"
"12001","2022-07-07","131","^В"
"12001","2022-07-08","130","В"
"12001","2022-07-09","130","В"
"12001","2022-07-10","130","В"
"12001","2022-07-11","130","В"
"12001","2022-07-12","128","В"
"12001","2022-07-13","128","В"
"12001","2022-07-14","127","В"
"12001","2022-07-15","126","В"
"12001","2022-07-16","125","В"
"12001","2022-07-17","124","В"
"12001","2022-07-18","123","В"
"12001","2022-07-19","121","В"
"12001","2022-07-20","120","В"
"12001","2022-07-21","118","В"
"12001","2022-07-22","118","В"
"12001","2022-07-23","117","В"
"12001","2022-07-24","115","В"
"12001","2022-07-25","114","В"
"12001","2022-07-26","113","В"
"12001","2022-07-27","110","В"
"12001","2022-07-28","110","В"
"12001","2022-07-29","109","В"
"12001","2022-07-30","108","В"
"12001","2022-07-31","107","_В"
"12001","2022-08-01","107","^В"
"12001","2022-08-02","107","^В"
"12001","2022-08-03","107","^В"
"12001","2022-08-04","107","^В"
"12001","2022-08-05","107","^В"
"12001","2022-08-06","107","^В"
"12001","2022-08-07","107","^В"
"12001","2022-08-08","106","В"
"12001","2022-08-09","106","В"
"12001","2022-08-10","106","В"
"12001","2022-08-11","106","В"
"12001","2022-08-12","105","В"
"12001","2022-08-13","105","В"
"12001","2022-08-14","104","В"
"12001","2022-08-15","104","В"
"12001","2022-08-16","104","В"
"12001","2022-08-17","103","В"
"12001","2022-08-18","103","В"
"12001","2022-08-19","103","В"
"12001","2022-08-20","103","В"
"12001","2022-08-21","102","В"
"12001","2022-08-22","102","В"
"12001","2022-08-23","102","В"
"12001","2022-08-24","102","В"
"12001","2022-08-25","102","В"
"12001","2022-08-26","102","В"
"12001","2022-08-27","101","В"
"12001","2022-08-28","101","В"
"12001","2022-08-29","101","В"
"12001","2022-08-30","100","_В"
"12001","2022-08-31","100","_В"
"12001","2022-09-01","100","^В"
"12001","2022-09-02","100","^В"
"12001","2022-09-03","100","^В"
"12001","2022-09-04","100","^В"
"12001","2022-09-05","100","^В"
"12001","2022-09-06","100","^В"
"12001","2022-09-07","100","^В"
"12001","2022-09-08","100","^В"
"12001","2022-09-09","100","^В"
"12001","2022-09-10","100","^В"
"12001","2022-09-11","100","^В"
"12001","2022-09-12","100","^В"
"12001","2022-09-13","100","^В"
"12001","2022-09-14","100","^В"
"12001","2022-09-15","100","^В"
"12001","2022-09-16","99","_В"
"12001","2022-09-17","99","_В"
"12001","2022-09-18","99","_В"
"12001","2022-09-19","99","_В"
"12001","2022-09-20","99","_В"
"12001","2022-09-21","99","_В"
"12001","2022-09-22","99","_В"
"12001","2022-09-23","99","_В"
"12001","2022-09-24","99","_В"
"12001","2022-09-25","99","_В"
"12001","2022-09-26","100","""В"
"12001","2022-09-27","100","^В"
"12001","2022-09-28","100","^В"
"12001","2022-09-29","100","^В"
"12001","2022-09-30","100","^В"
"12001","2022-10-01","100","В"
"12001","2022-10-02","100","В"
"12001","2022-10-03","101","^В"
"12001","2022-10-04","101","^В"
"12001","2022-10-05","100","В"
"12001","2022-10-06","100","В"
"12001","2022-10-07","100","В"
"12001","2022-10-08","100","В"
"12001","2022-10-09","99","В"
"12001","2022-10-10","99","В"
"12001","2022-10-11","99","В"
"12001","2022-10-12","99","В"
"12001","2022-10-13","99","В"
"12001","2022-10-14","98","В"
"12001","2022-10-15","98","В"
"12001","2022-10-16","98","В"
"12001","2022-10-17","97","В"
"12001","2022-10-18","97","В"
"12001","2022-10-19","97","В"
"12001","2022-10-20","97","В"
"12001","2022-10-21","96","В"
"12001","2022-10-22","96","В"
"12001","2022-10-23","96","В"
"12001","2022-10-24","96","В"
"12001","2022-10-25","96","_В"
"12001","2022-10-26","95","_В"
"12001","2022-10-27","95","_В"
"12001","2022-10-28","95","_В"
"12001","2022-10-29","95","_В"
"12001","2022-10-30","95","_В"
"12001","2022-10-31","95","_В"
"12001","2022-11-01","95","^В"
"12001","2022-11-02","95","^В"
"12001","2022-11-03","95","^В"
"12001","2022-11-04","95","^)В"
"12001","2022-11-05","95","^)"
"12001","2022-11-06","95","^)"
"12001","2022-11-07","95","^)"
"12001","2022-11-08","95","^)"
"12001","2022-11-09","94",")"
"12001","2022-11-10","94",")"
"12001","2022-11-11","94",")"
"12001","2022-11-12","94",")"
"12001","2022-11-13","94",")"
"12001","2022-11-14","94",")"
"12001","2022-11-15","94",")"
"12001","2022-11-16","94",")"
"12001","2022-11-17","94",")"
"12001","2022-11-18","94",")"
"12001","2022-11-19","93","_)"
"12001","2022-11-20","93","_)"
"12001","2022-11-21","93","_IВ"
"12001","2022-11-22","93","_IВ"
"12001","2022-11-23","93","_IВ"
"12001","2022-11-24","93","_IВ"
"12001","2022-11-25","93","_IВ"
"12001","2022-11-26","93","_IВ"
"12001","2022-11-27","93","_IВ"
"12001","2022-11-28","93","_IВ"
"12001","2022-11-29","93","_IВ"
"12001","2022-11-30","93","_IВ"
"12001","2022-12-01","93","^IВ"
"12001","2022-12-02","93","^IВ"
"12001","2022-12-03","93","^IВ"
"12001","2022-12-04","93","^IВ"
"12001","2022-12-05","93","^IВ"
"12001","2022-12-06","93","^IВ"
"12001","2022-12-07","93","^IВ"
"12001","2022-12-08","93","^IВ"
"12001","2022-12-09","93","^IВ"
"12001","2022-12-10","93","^IВ"
"12001","2022-12-11","93","^IВ"
"12001","2022-12-12","93","^IВ"
"12001","2022-12-13","93","^IВ"
"12001","2022-12-14","93","^IВ"
"12001","2022-12-15","93","^IВ"
"12001","2022-12-16","93","^IВ"
"12001","2022-12-17","93","^IВ"
"12001","2022-12-18","93","^IВ"
"12001","2022-12-19","93","^IВ"
"12001","2022-12-20","93","^IВ"
"12001","2022-12-21","92","_IВ"
"12001","2022-12-22","92","_IВ"
"12001","2022-12-23","92","_IВ"
"12001","2022-12-24","92","_IВ"
"12001","2022-12-25","92","_IВ"
"12001","2022-12-26","92","_IВ"
"12001","2022-12-27","92","_IВ"
"12001","2022-12-28","92","_IВ"
"12001","2022-12-29","92","_IВ"
"12001","2022-12-30","92","_IВ"
"12001","2022-12-31","92","_IВ"