"Код поста","Дата","Значение","Условный знак"
"19009","2009-01-01","388","BI"
"19009","2009-01-02","388","BI"
"19009","2009-01-03","386","BI"
"19009","2009-01-04","384","BI"
"19009","2009-01-05","384","BI"
"19009","2009-01-06","383","BI"
"19009","2009-01-07","380","BI"
"19009","2009-01-08","380","BI"
"19009","2009-01-09","380","BI"
"19009","2009-01-10","380","BI"
"19009","2009-01-11","384","BI"
"19009","2009-01-12","386","BI"
"19009","2009-01-13","389","BI"
"19009","2009-01-14","393","BI"
"19009","2009-01-15","400","BI"
"19009","2009-01-16","406","BI"
"19009","2009-01-17","408","BI"
"19009","2009-01-18","410","BI"
"19009","2009-01-19","410","BI"
"19009","2009-01-20","411","BI"
"19009","2009-01-21","411","BI"
"19009","2009-01-22","411","BI"
"19009","2009-01-23","413","BI"
"19009","2009-01-24","414","BI"
"19009","2009-01-25","416","BI"
"19009","2009-01-26","416","BI"
"19009","2009-01-27","416","BI"
"19009","2009-01-28","416","BI"
"19009","2009-01-29","416","BI"
"19009","2009-01-30","416","BI"
"19009","2009-01-31","416","BI"
"19009","2009-02-01","416","BI"
"19009","2009-02-02","416","BI"
"19009","2009-02-03","416","BI"
"19009","2009-02-04","416","BI"
"19009","2009-02-05","416","BI"
"19009","2009-02-06","416","BI"
"19009","2009-02-07","416","BI"
"19009","2009-02-08","416","BI"
"19009","2009-02-09","416","BI"
"19009","2009-02-10","416","BI"
"19009","2009-02-11","416","BI"
"19009","2009-02-12","414","BI"
"19009","2009-02-13","414","BI"
"19009","2009-02-14","414","BI"
"19009","2009-02-15","413","BI"
"19009","2009-02-16","413","BI"
"19009","2009-02-17","413","BI"
"19009","2009-02-18","412","BI"
"19009","2009-02-19","411","BI"
"19009","2009-02-20","411","BI"
"19009","2009-02-21","411","BI"
"19009","2009-02-22","410","BI"
"19009","2009-02-23","410","BI"
"19009","2009-02-24","410","BI"
"19009","2009-02-25","409","BI"
"19009","2009-02-26","408","BI"
"19009","2009-02-27","408","BI"
"19009","2009-02-28","408","BI"
"19009","2009-03-01","408","BI"
"19009","2009-03-02","408","BI"
"19009","2009-03-03","408","BI"
"19009","2009-03-04","408","BI"
"19009","2009-03-05","409","BI"
"19009","2009-03-06","410","BI"
"19009","2009-03-07","410","BI"
"19009","2009-03-08","410","BI"
"19009","2009-03-09","410","BI"
"19009","2009-03-10","410","BI"
"19009","2009-03-11","411","BI"
"19009","2009-03-12","411","BI"
"19009","2009-03-13","414","BI"
"19009","2009-03-14","416","BI"
"19009","2009-03-15","418","BI"
"19009","2009-03-16","420","BI"
"19009","2009-03-17","423","BI"
"19009","2009-03-18","426","BI"
"19009","2009-03-19","429","BI"
"19009","2009-03-20","433","BI"
"19009","2009-03-21","435","I"
"19009","2009-03-22","436","I"
"19009","2009-03-23","436","I"
"19009","2009-03-24","430","I"
"19009","2009-03-25","427","I"
"19009","2009-03-26","423","I"
"19009","2009-03-27","417","I"
"19009","2009-03-28","414","I"
"19009","2009-03-29","410","Z"
"19009","2009-03-30","405","Z"
"19009","2009-03-31","400","Z"
"19009","2009-04-01","396","Z"
"19009","2009-04-02","392",""
"19009","2009-04-03","389",""
"19009","2009-04-04","386",""
"19009","2009-04-05","385",""
"19009","2009-04-06","384",""
"19009","2009-04-07","382",""
"19009","2009-04-08","380",""
"19009","2009-04-09","378",""
"19009","2009-04-10","376",""
"19009","2009-04-11","374",""
"19009","2009-04-12","372",""
"19009","2009-04-13","369",""
"19009","2009-04-14","367",""
"19009","2009-04-15","364",""
"19009","2009-04-16","360",""
"19009","2009-04-17","357",""
"19009","2009-04-18","364",""
"19009","2009-04-19","398",""
"19009","2009-04-20","400",""
"19009","2009-04-21","400",""
"19009","2009-04-22","398",""
"19009","2009-04-23","397",""
"19009","2009-04-24","395",""
"19009","2009-04-25","392",""
"19009","2009-04-26","385",""
"19009","2009-04-27","378",""
"19009","2009-04-28","371",""
"19009","2009-04-29","363",""
"19009","2009-04-30","357",""
"19009","2009-05-01","352","B"
"19009","2009-05-02","351","B"
"19009","2009-05-03","351","B"
"19009","2009-05-04","350","B"
"19009","2009-05-05","348","B"
"19009","2009-05-06","347","B"
"19009","2009-05-07","347","B"
"19009","2009-05-08","346","B"
"19009","2009-05-09","346","B"
"19009","2009-05-10","345","B"
"19009","2009-05-11","345","B"
"19009","2009-05-12","345","B"
"19009","2009-05-13","347","B"
"19009","2009-05-14","348","B"
"19009","2009-05-15","348","B"
"19009","2009-05-16","348","B"
"19009","2009-05-17","348","B"
"19009","2009-05-18","348","B"
"19009","2009-05-19","349","B"
"19009","2009-05-20","350","B"
"19009","2009-05-21","350","B"
"19009","2009-05-22","350","B"
"19009","2009-05-23","349","B"
"19009","2009-05-24","348","B"
"19009","2009-05-25","347","B"
"19009","2009-05-26","346","B"
"19009","2009-05-27","345","B"
"19009","2009-05-28","424",""
"19009","2009-05-29","569",""
"19009","2009-05-30","570",""
"19009","2009-05-31","541",""
"19009","2009-06-01","528",""
"19009","2009-06-02","505",""
"19009","2009-06-03","470",""
"19009","2009-06-04","453",""
"19009","2009-06-05","445",""
"19009","2009-06-06","437",""
"19009","2009-06-07","433",""
"19009","2009-06-08","431",""
"19009","2009-06-09","431",""
"19009","2009-06-10","431",""
"19009","2009-06-11","432",""
"19009","2009-06-12","433",""
"19009","2009-06-13","433",""
"19009","2009-06-14","432",""
"19009","2009-06-15","430",""
"19009","2009-06-16","429",""
"19009","2009-06-17","431",""
"19009","2009-06-18","433",""
"19009","2009-06-19","434",""
"19009","2009-06-20","435",""
"19009","2009-06-21","435",""
"19009","2009-06-22","435",""
"19009","2009-06-23","436",""
"19009","2009-06-24","437",""
"19009","2009-06-25","437",""
"19009","2009-06-26","438",""
"19009","2009-06-27","438",""
"19009","2009-06-28","440",""
"19009","2009-06-29","442",""
"19009","2009-06-30","443",""
"19009","2009-07-01","445",""
"19009","2009-07-02","447",""
"19009","2009-07-03","450",""
"19009","2009-07-04","451",""
"19009","2009-07-05","454",""
"19009","2009-07-06","457",""
"19009","2009-07-07","461",""
"19009","2009-07-08","464",""
"19009","2009-07-09","467",""
"19009","2009-07-10","467",""
"19009","2009-07-11","469","B"
"19009","2009-07-12","471","B"
"19009","2009-07-13","474","B"
"19009","2009-07-14","476","B"
"19009","2009-07-15","477","B"
"19009","2009-07-16","478","B"
"19009","2009-07-17","478","B"
"19009","2009-07-18","479","B"
"19009","2009-07-19","481","B"
"19009","2009-07-20","481","B"
"19009","2009-07-21","481","B"
"19009","2009-07-22","481","B"
"19009","2009-07-23","478","B"
"19009","2009-07-24","477","B"
"19009","2009-07-25","476","B"
"19009","2009-07-26","475","B"
"19009","2009-07-27","475","B"
"19009","2009-07-28","474","B"
"19009","2009-07-29","474","B"
"19009","2009-07-30","474","B"
"19009","2009-07-31","474","B"
"19009","2009-08-01","474","B"
"19009","2009-08-02","474","B"
"19009","2009-08-03","475","B"
"19009","2009-08-04","476","B"
"19009","2009-08-05","477","B"
"19009","2009-08-06","477","B"
"19009","2009-08-07","478","B"
"19009","2009-08-08","478","B"
"19009","2009-08-09","478","B"
"19009","2009-08-10","478","B"
"19009","2009-08-11","478","B"
"19009","2009-08-12","478","B"
"19009","2009-08-13","478","B"
"19009","2009-08-14","479","B"
"19009","2009-08-15","480","B"
"19009","2009-08-16","480","B"
"19009","2009-08-17","482","B"
"19009","2009-08-18","482","B"
"19009","2009-08-19","482","B"
"19009","2009-08-20","482","B"
"19009","2009-08-21","482","B"
"19009","2009-08-22","483","B"
"19009","2009-08-23","484","B"
"19009","2009-08-24","485","B"
"19009","2009-08-25","486","B"
"19009","2009-08-26","488","B"
"19009","2009-08-27","490","B"
"19009","2009-08-28","491","B"
"19009","2009-08-29","491","B"
"19009","2009-08-30","491","B"
"19009","2009-08-31","491","B"
"19009","2009-09-01","491","B"
"19009","2009-09-02","488","B"
"19009","2009-09-03","479","B"
"19009","2009-09-04","467","B"
"19009","2009-09-05","455","B"
"19009","2009-09-06","442","B"
"19009","2009-09-07","429","B"
"19009","2009-09-08","415","B"
"19009","2009-09-09","402","B"
"19009","2009-09-10","390","B"
"19009","2009-09-11","377","B"
"19009","2009-09-12","370","B"
"19009","2009-09-13","365","B"
"19009","2009-09-14","360","B"
"19009","2009-09-15","357","B"
"19009","2009-09-16","355","B"
"19009","2009-09-17","355","B"
"19009","2009-09-18","35","4B"
"19009","2009-09-19","35","4B"
"19009","2009-09-20","354","B"
"19009","2009-09-21","353","B"
"19009","2009-09-22","353","B"
"19009","2009-09-23","35","2B"
"19009","2009-09-24","35","2B"
"19009","2009-09-25","351","B"
"19009","2009-09-26","351","B"
"19009","2009-09-27","350","B"
"19009","2009-09-28","350","B"
"19009","2009-09-29","350","B"
"19009","2009-09-30","350","B"
"19009","2009-10-01","350","B"
"19009","2009-10-02","350","B"
"19009","2009-10-03","350","B"
"19009","2009-10-04","350","B"
"19009","2009-10-05","350","B"
"19009","2009-10-06","350","B"
"19009","2009-10-07","350","B"
"19009","2009-10-08","350","B"
"19009","2009-10-09","350","B"
"19009","2009-10-10","350","B"
"19009","2009-10-11","350","B"
"19009","2009-10-12","350","B"
"19009","2009-10-13","350","B"
"19009","2009-10-14","350","B"
"19009","2009-10-15","350","B"
"19009","2009-10-16","349","B"
"19009","2009-10-17","349","B"
"19009","2009-10-18","349","B"
"19009","2009-10-19","349","B"
"19009","2009-10-20","349","B"
"19009","2009-10-21","349","B"
"19009","2009-10-22","349","B"
"19009","2009-10-23","349","B"
"19009","2009-10-24","349","B"
"19009","2009-10-25","350","B"
"19009","2009-10-26","350","B"
"19009","2009-10-27","350","B"
"19009","2009-10-28","350","B"
"19009","2009-10-29","350","B"
"19009","2009-10-30","351","B"
"19009","2009-10-31","351","B"
"19009","2009-11-01","351","B"
"19009","2009-11-02","352","B)"
"19009","2009-11-03","352","B)"
"19009","2009-11-04","352","B)"
"19009","2009-11-05","353",")"
"19009","2009-11-06","360",")"
"19009","2009-11-07","379",")"
"19009","2009-11-08","412",")"
"19009","2009-11-09","447",")"
"19009","2009-11-10","471",")"
"19009","2009-11-11","477","Z"
"19009","2009-11-12","480","Z"
"19009","2009-11-13","479","Z"
"19009","2009-11-14","479","Z"
"19009","2009-11-15","478","Z"
"19009","2009-11-16","472","Z"
"19009","2009-11-17","467","Z"
"19009","2009-11-18","464","Z"
"19009","2009-11-19","461","Z"
"19009","2009-11-20","460","Z"
"19009","2009-11-21","460","Z"
"19009","2009-11-22","459","Z"
"19009","2009-11-23","459",")"
"19009","2009-11-24","458",")"
"19009","2009-11-25","459",""
"19009","2009-11-26","460",""
"19009","2009-11-27","461",""
"19009","2009-11-28","462",""
"19009","2009-11-29","462",""
"19009","2009-11-30","463",""
"19009","2009-12-01","463",""
"19009","2009-12-02","463",""
"19009","2009-12-03","463",""
"19009","2009-12-04","462",""
"19009","2009-12-05","462",""
"19009","2009-12-06","461",""
"19009","2009-12-07","460",")"
"19009","2009-12-08","446",")B"
"19009","2009-12-09","431","ZB"
"19009","2009-12-10","421","IB"
"19009","2009-12-11","388","IB"
"19009","2009-12-12","375","IB"
"19009","2009-12-13","376","IB"
"19009","2009-12-14","379","IB"
"19009","2009-12-15","381","IB"
"19009","2009-12-16","380","IB"
"19009","2009-12-17","378","IB"
"19009","2009-12-18","377","IB"
"19009","2009-12-19","376","IB"
"19009","2009-12-20","376","IB"
"19009","2009-12-21","375","IB"
"19009","2009-12-22","372","IB"
"19009","2009-12-23","370","IB"
"19009","2009-12-24","366","IB"
"19009","2009-12-25","363","IB"
"19009","2009-12-26","361","IB"
"19009","2009-12-27","359","IB"
"19009","2009-12-28","356","IB"
"19009","2009-12-29","355","IB"
"19009","2009-12-30","354","IB"
"19009","2009-12-31","354","IB"
"19009","2010-01-01","353","IB"
"19009","2010-01-02","353","IB"
"19009","2010-01-03","353","IB"
"19009","2010-01-04","352","IB"
"19009","2010-01-05","352","IB"
"19009","2010-01-06","352","IB"
"19009","2010-01-07","352","IB"
"19009","2010-01-08","351","IB"
"19009","2010-01-09","351","IB"
"19009","2010-01-10","351","IB"
"19009","2010-01-11","351","IB"
"19009","2010-01-12","351","IB"
"19009","2010-01-13","351","IB"
"19009","2010-01-14","351","IB"
"19009","2010-01-15","351","IB"
"19009","2010-01-16","351","IB"
"19009","2010-01-17","351","IB"
"19009","2010-01-18","350","IB"
"19009","2010-01-19","350","IB"
"19009","2010-01-20","350","IB"
"19009","2010-01-21","350","IB"
"19009","2010-01-22","350","IB"
"19009","2010-01-23","350","IB"
"19009","2010-01-24","350","IB"
"19009","2010-01-25","350","IB"
"19009","2010-01-26","350","IB"
"19009","2010-01-27","350","IB"
"19009","2010-01-28","350","IB"
"19009","2010-01-29","350","IB"
"19009","2010-01-30","350","IB"
"19009","2010-01-31","350","IB"
"19009","2010-02-01","350","IB"
"19009","2010-02-02","350","IB"
"19009","2010-02-03","349","IB"
"19009","2010-02-04","349","IB"
"19009","2010-02-05","349","IB"
"19009","2010-02-06","349","IB"
"19009","2010-02-07","348","IB"
"19009","2010-02-08","346","IB"
"19009","2010-02-09","346","IB"
"19009","2010-02-10","346","IB"
"19009","2010-02-11","346","IB"
"19009","2010-02-12","346","IB"
"19009","2010-02-13","346","IB"
"19009","2010-02-14","346","IB"
"19009","2010-02-15","346","IB"
"19009","2010-02-16","346","IB"
"19009","2010-02-17","346","IB"
"19009","2010-02-18","346","IB"
"19009","2010-02-19","346","IB"
"19009","2010-02-20","346","IB"
"19009","2010-02-21","346","IB"
"19009","2010-02-22","347","IB"
"19009","2010-02-23","350","IB"
"19009","2010-02-24","350","IB"
"19009","2010-02-25","350","IB"
"19009","2010-02-26","350","IB"
"19009","2010-02-27","350","IB"
"19009","2010-02-28","350","IB"
"19009","2010-03-01","350","IB"
"19009","2010-03-02","350","IB"
"19009","2010-03-03","350","IB"
"19009","2010-03-04","350","IB"
"19009","2010-03-05","350","IB"
"19009","2010-03-06","350","IB"
"19009","2010-03-07","350","IB"
"19009","2010-03-08","350","IB"
"19009","2010-03-09","350","IB"
"19009","2010-03-10","350","IB"
"19009","2010-03-11","350","IB"
"19009","2010-03-12","350","IB"
"19009","2010-03-13","351","IB"
"19009","2010-03-14","351","IB"
"19009","2010-03-15","351","IB"
"19009","2010-03-16","351","IB"
"19009","2010-03-17","352","IB"
"19009","2010-03-18","353","I"
"19009","2010-03-19","360","I"
"19009","2010-03-20","458","I"
"19009","2010-03-21","470","I"
"19009","2010-03-22","476","I"
"19009","2010-03-23","482","I"
"19009","2010-03-24","477","I"
"19009","2010-03-25","475","I"
"19009","2010-03-26","476","I"
"19009","2010-03-27","484","Z"
"19009","2010-03-28","524","Z"
"19009","2010-03-29","533","Z"
"19009","2010-03-30","556","Z"
"19009","2010-03-31","594",""
"19009","2010-04-01","660",""
"19009","2010-04-02","769",""
"19009","2010-04-03","783",""
"19009","2010-04-04","793",""
"19009","2010-04-05","794",""
"19009","2010-04-06","780",""
"19009","2010-04-07","779",""
"19009","2010-04-08","761",""
"19009","2010-04-09","753",""
"19009","2010-04-10","748",""
"19009","2010-04-11","742",""
"19009","2010-04-12","715",""
"19009","2010-04-13","634",""
"19009","2010-04-14","517",""
"19009","2010-04-15","496",""
"19009","2010-04-16","445",""
"19009","2010-04-17","432",""
"19009","2010-04-18","415",""
"19009","2010-04-19","407",""
"19009","2010-04-20","404",""
"19009","2010-04-21","401","B"
"19009","2010-04-22","401","B"
"19009","2010-04-23","401","B"
"19009","2010-04-24","428","B"
"19009","2010-04-25","469","B"
"19009","2010-04-26","467","B"
"19009","2010-04-27","466","B"
"19009","2010-04-28","466","B"
"19009","2010-04-29","463","B"
"19009","2010-04-30","461","B"
"19009","2010-05-01","459","B"
"19009","2010-05-02","458","B"
"19009","2010-05-03","458","B"
"19009","2010-05-04","458","B"
"19009","2010-05-05","458","B"
"19009","2010-05-06","458","B"
"19009","2010-05-07","458","B"
"19009","2010-05-08","457","B"
"19009","2010-05-09","457","B"
"19009","2010-05-10","457","B"
"19009","2010-05-11","458","B"
"19009","2010-05-12","460","B"
"19009","2010-05-13","461","B"
"19009","2010-05-14","461","B"
"19009","2010-05-15","461","B"
"19009","2010-05-16","461","B"
"19009","2010-05-17","462","B"
"19009","2010-05-18","463","B"
"19009","2010-05-19","463","B"
"19009","2010-05-20","463","B"
"19009","2010-05-21","463","B"
"19009","2010-05-22","463","B"
"19009","2010-05-23","465","B"
"19009","2010-05-24","465","B"
"19009","2010-05-25","465","B"
"19009","2010-05-26","464","B"
"19009","2010-05-27","463","B"
"19009","2010-05-28","435","B"
"19009","2010-05-29","405","B"
"19009","2010-05-30","402","B"
"19009","2010-05-31","401","B"
"19009","2010-06-01","401","B"
"19009","2010-06-02","401","B"
"19009","2010-06-03","400","B"
"19009","2010-06-04","400","B"
"19009","2010-06-05","400","B"
"19009","2010-06-06","400","B"
"19009","2010-06-07","401","B"
"19009","2010-06-08","402","B"
"19009","2010-06-09","404","B"
"19009","2010-06-10","404","B"
"19009","2010-06-11","404","B"
"19009","2010-06-12","405","B"
"19009","2010-06-13","406","B"
"19009","2010-06-14","406","B"
"19009","2010-06-15","405","B"
"19009","2010-06-16","405","B"
"19009","2010-06-17","405","B"
"19009","2010-06-18","404","B"
"19009","2010-06-19","403","B"
"19009","2010-06-20","403","B"
"19009","2010-06-21","403","B"
"19009","2010-06-22","403","B"
"19009","2010-06-23","402","B"
"19009","2010-06-24","402","B"
"19009","2010-06-25","401","B"
"19009","2010-06-26","401","B"
"19009","2010-06-27","400","B"
"19009","2010-06-28","399","B"
"19009","2010-06-29","398","B"
"19009","2010-06-30","397","B"
"19009","2010-07-01","397","B"
"19009","2010-07-02","397","B"
"19009","2010-07-03","397","B"
"19009","2010-07-04","396","B"
"19009","2010-07-05","395","B"
"19009","2010-07-06","395","B"
"19009","2010-07-07","394","B"
"19009","2010-07-08","393","B"
"19009","2010-07-09","393","B"
"19009","2010-07-10","393","B"
"19009","2010-07-11","393","B"
"19009","2010-07-12","392","B"
"19009","2010-07-13","392","B"
"19009","2010-07-14","391","B"
"19009","2010-07-15","391","B"
"19009","2010-07-16","391","B"
"19009","2010-07-17","391","B"
"19009","2010-07-18","391","B"
"19009","2010-07-19","391","B"
"19009","2010-07-20","391","B"
"19009","2010-07-21","391","B"
"19009","2010-07-22","391","B"
"19009","2010-07-23","390","B"
"19009","2010-07-24","390","B"
"19009","2010-07-25","390","B"
"19009","2010-07-26","391","B"
"19009","2010-07-27","391","B"
"19009","2010-07-28","391","B"
"19009","2010-07-29","391","B"
"19009","2010-07-30","391","B"
"19009","2010-07-31","391","B"
"19009","2010-08-01","391","B"
"19009","2010-08-02","392","B"
"19009","2010-08-03","392","B"
"19009","2010-08-04","385","B"
"19009","2010-08-05","375","B"
"19009","2010-08-06","366","B"
"19009","2010-08-07","360","B"
"19009","2010-08-08","359","B"
"19009","2010-08-09","358","B"
"19009","2010-08-10","357","B"
"19009","2010-08-11","354","B"
"19009","2010-08-12","352","B"
"19009","2010-08-13","350","B"
"19009","2010-08-14","347","B"
"19009","2010-08-15","346","B"
"19009","2010-08-16","346","B"
"19009","2010-08-17","345","B"
"19009","2010-08-18","345","B"
"19009","2010-08-19","345","B"
"19009","2010-08-20","345","B"
"19009","2010-08-21","345","B"
"19009","2010-08-22","347","B"
"19009","2010-08-23","376","B"
"19009","2010-08-24","409","B"
"19009","2010-08-25","427","B"
"19009","2010-08-26","432","B"
"19009","2010-08-27","432","B"
"19009","2010-08-28","432","B"
"19009","2010-08-29","432","B"
"19009","2010-08-30","432","B"
"19009","2010-08-31","432","B"
"19009","2010-09-01","432","B"
"19009","2010-09-02","432","B"
"19009","2010-09-03","433","B"
"19009","2010-09-04","434","B"
"19009","2010-09-05","434","B"
"19009","2010-09-06","432","B"
"19009","2010-09-07","431","B"
"19009","2010-09-08","429","B"
"19009","2010-09-09","428","B"
"19009","2010-09-10","427","B"
"19009","2010-09-11","424","B"
"19009","2010-09-12","400","B"
"19009","2010-09-13","370","B"
"19009","2010-09-14","350","B"
"19009","2010-09-15","345","B"
"19009","2010-09-16","345","B"
"19009","2010-09-17","345","B"
"19009","2010-09-18","345","B"
"19009","2010-09-19","345","B"
"19009","2010-09-20","345","B"
"19009","2010-09-21","345","B"
"19009","2010-09-22","345","B"
"19009","2010-09-23","345","B"
"19009","2010-09-24","345","B"
"19009","2010-09-25","345","B"
"19009","2010-09-26","345","B"
"19009","2010-09-27","345","B"
"19009","2010-09-28","345","B"
"19009","2010-09-29","345","B"
"19009","2010-09-30","345","B"
"19009","2010-10-01","345","B"
"19009","2010-10-02","399","B"
"19009","2010-10-03","434","B"
"19009","2010-10-04","442","B"
"19009","2010-10-05","446","B"
"19009","2010-10-06","447","B"
"19009","2010-10-07","449","B"
"19009","2010-10-08","455","B"
"19009","2010-10-09","462","B"
"19009","2010-10-10","462","B"
"19009","2010-10-11","462","B"
"19009","2010-10-12","464","B"
"19009","2010-10-13","465","B"
"19009","2010-10-14","466","B"
"19009","2010-10-15","466","B"
"19009","2010-10-16","466","B"
"19009","2010-10-17","466","B"
"19009","2010-10-18","467","B"
"19009","2010-10-19","467","B"
"19009","2010-10-20","467","B"
"19009","2010-10-21","467","B"
"19009","2010-10-22","467","B"
"19009","2010-10-23","468","B"
"19009","2010-10-24","469","B"
"19009","2010-10-25","469","B"
"19009","2010-10-26","469","B"
"19009","2010-10-27","469","B"
"19009","2010-10-28","469","B"
"19009","2010-10-29","469","B"
"19009","2010-10-30","469","B"
"19009","2010-10-31","469","B"
"19009","2010-11-01","469","B"
"19009","2010-11-02","469","B"
"19009","2010-11-03","469","B"
"19009","2010-11-04","470","B"
"19009","2010-11-05","470","B"
"19009","2010-11-06","471","B"
"19009","2010-11-07","471","B"
"19009","2010-11-08","471","B"
"19009","2010-11-09","471","B"
"19009","2010-11-10","471","B"
"19009","2010-11-11","471","B"
"19009","2010-11-12","477","B"
"19009","2010-11-13","484","B"
"19009","2010-11-14","451","B"
"19009","2010-11-15","423","B"
"19009","2010-11-16","414","B"
"19009","2010-11-17","427","B"
"19009","2010-11-18","441","B"
"19009","2010-11-19","445","B"
"19009","2010-11-20","445","B"
"19009","2010-11-21","445","B"
"19009","2010-11-22","445","B"
"19009","2010-11-23","445","B"
"19009","2010-11-24","445","B"
"19009","2010-11-25","446","B"
"19009","2010-11-26","446","B"
"19009","2010-11-27","448","B"
"19009","2010-11-28","450","B"
"19009","2010-11-29","450","B"
"19009","2010-11-30","450","B"
"19009","2010-12-01","451","B)"
"19009","2010-12-02","453","BI"
"19009","2010-12-03","459","BI"
"19009","2010-12-04","469","BI"
"19009","2010-12-05","469","BI"
"19009","2010-12-06","470","BI"
"19009","2010-12-07","472","BI"
"19009","2010-12-08","472","BI"
"19009","2010-12-09","472","BI"
"19009","2010-12-10","472","BI"
"19009","2010-12-11","472","BI"
"19009","2010-12-12","471","BI"
"19009","2010-12-13","471","BI"
"19009","2010-12-14","465","BI"
"19009","2010-12-15","458","BI"
"19009","2010-12-16","457","BI"
"19009","2010-12-17","456","BI"
"19009","2010-12-18","454","BI"
"19009","2010-12-19","451","BI"
"19009","2010-12-20","451","BI"
"19009","2010-12-21","452","BI"
"19009","2010-12-22","460","BI"
"19009","2010-12-23","467","BI"
"19009","2010-12-24","437","BI"
"19009","2010-12-25","414","BI"
"19009","2010-12-26","390","BI"
"19009","2010-12-27","377","BI"
"19009","2010-12-28","375","BZ"
"19009","2010-12-29","374","BZ"
"19009","2010-12-30","373","BZ"
"19009","2010-12-31","373","BZ"
"19009","2011-01-01","373","BZ"
"19009","2011-01-02","373","BZ"
"19009","2011-01-03","372","BZ"
"19009","2011-01-04","372","BZ"
"19009","2011-01-05","372","BZ"
"19009","2011-01-06","372","BI"
"19009","2011-01-07","372","BI"
"19009","2011-01-08","372","BI"
"19009","2011-01-09","372","BI"
"19009","2011-01-10","372","BI"
"19009","2011-01-11","372","BI"
"19009","2011-01-12","372","BI"
"19009","2011-01-13","372","BI"
"19009","2011-01-14","373","BI"
"19009","2011-01-15","374","BI"
"19009","2011-01-16","374","BI"
"19009","2011-01-17","374","BI"
"19009","2011-01-18","375","BI"
"19009","2011-01-19","375","BI"
"19009","2011-01-20","375","BI"
"19009","2011-01-21","375","BI"
"19009","2011-01-22","375","BI"
"19009","2011-01-23","375","BI"
"19009","2011-01-24","375","BI"
"19009","2011-01-25","375","BI"
"19009","2011-01-26","375","BI"
"19009","2011-01-27","375","BI"
"19009","2011-01-28","375","BI"
"19009","2011-01-29","375","BI"
"19009","2011-01-30","375","BI"
"19009","2011-01-31","375","BI"
"19009","2011-02-01","375","BI"
"19009","2011-02-02","375","BI"
"19009","2011-02-03","375","BI"
"19009","2011-02-04","375","BI"
"19009","2011-02-05","374","BI"
"19009","2011-02-06","374","BI"
"19009","2011-02-07","374","BI"
"19009","2011-02-08","373","BI"
"19009","2011-02-09","373","BI"
"19009","2011-02-10","373","BI"
"19009","2011-02-11","373","BI"
"19009","2011-02-12","374","BI"
"19009","2011-02-13","375","BI"
"19009","2011-02-14","375","BI"
"19009","2011-02-15","377","BI"
"19009","2011-02-16","363","BI"
"19009","2011-02-17","363","BI"
"19009","2011-02-18","363","BI"
"19009","2011-02-19","363","BI"
"19009","2011-02-20","363","BI"
"19009","2011-02-21","362","BI"
"19009","2011-02-22","358","BI"
"19009","2011-02-23","355","BI"
"19009","2011-02-24","355","BI"
"19009","2011-02-25","355","BI"
"19009","2011-02-26","355","BI"
"19009","2011-02-27","355","BI"
"19009","2011-02-28","355","BI"
"19009","2011-03-01","355","BI"
"19009","2011-03-02","355","BI"
"19009","2011-03-03","356","BI"
"19009","2011-03-04","358","BI"
"19009","2011-03-05","360","BI"
"19009","2011-03-06","362","BI"
"19009","2011-03-07","363","BI"
"19009","2011-03-08","363","BI"
"19009","2011-03-09","363","BI"
"19009","2011-03-10","363","BI"
"19009","2011-03-11","363","BI"
"19009","2011-03-12","363","BI"
"19009","2011-03-13","363","BI"
"19009","2011-03-14","366","BI"
"19009","2011-03-15","369","BI"
"19009","2011-03-16","375","BI"
"19009","2011-03-17","379","BI"
"19009","2011-03-18","381","BI"
"19009","2011-03-19","383","BI"
"19009","2011-03-20","383","BI"
"19009","2011-03-21","383","BI"
"19009","2011-03-22","383","BI"
"19009","2011-03-23","383","BI"
"19009","2011-03-24","387","BI"
"19009","2011-03-25","390","BI"
"19009","2011-03-26","391","BI"
"19009","2011-03-27","393","BI"
"19009","2011-03-28","395","BI"
"19009","2011-03-29","396","BI"
"19009","2011-03-30","391","BI"
"19009","2011-03-31","389","BI"
"19009","2011-04-01","395","BI"
"19009","2011-04-02","395","BI"
"19009","2011-04-03","395","BI"
"19009","2011-04-04","391","BZ"
"19009","2011-04-05","389","BZ"
"19009","2011-04-06","391","BZ"
"19009","2011-04-07","393","BZ"
"19009","2011-04-08","396","BZ"
"19009","2011-04-09","397","Z"
"19009","2011-04-10","398",""
"19009","2011-04-11","418",""
"19009","2011-04-12","489",""
"19009","2011-04-13","482",""
"19009","2011-04-14","492",""
"19009","2011-04-15","571",""
"19009","2011-04-16","570",""
"19009","2011-04-17","640",""
"19009","2011-04-18","532",""
"19009","2011-04-19","438",""
"19009","2011-04-20","406",""
"19009","2011-04-21","395",""
"19009","2011-04-22","385",""
"19009","2011-04-23","382","В"
"19009","2011-04-24","378","В"
"19009","2011-04-25","376","В"
"19009","2011-04-26","375","В"
"19009","2011-04-27","373","В"
"19009","2011-04-28","372","В"
"19009","2011-04-29","371","В"
"19009","2011-04-30","370","В"
"19009","2011-05-01","369","В"
"19009","2011-05-02","367","В"
"19009","2011-05-03","366","В"
"19009","2011-05-04","366","В"
"19009","2011-05-05","366","В"
"19009","2011-05-06","365","В"
"19009","2011-05-07","365","В"
"19009","2011-05-08","365","В"
"19009","2011-05-09","365","В"
"19009","2011-05-10","365","В"
"19009","2011-05-11","362","В"
"19009","2011-05-12","385","В"
"19009","2011-05-13","463","В"
"19009","2011-05-14","480","В"
"19009","2011-05-15","483","В"
"19009","2011-05-16","486","В"
"19009","2011-05-17","487","В"
"19009","2011-05-18","488","В"
"19009","2011-05-19","488","В"
"19009","2011-05-20","488","В"
"19009","2011-05-21","488","В"
"19009","2011-05-22","488","В"
"19009","2011-05-23","488","В"
"19009","2011-05-24","488","В"
"19009","2011-05-25","488","В"
"19009","2011-05-26","488","В"
"19009","2011-05-27","488","В"
"19009","2011-05-28","488","В"
"19009","2011-05-29","491","В"
"19009","2011-05-30","492","В"
"19009","2011-05-31","493","В"
"19009","2011-06-01","492","В"
"19009","2011-06-02","487","В"
"19009","2011-06-03","472","В"
"19009","2011-06-04","462","В"
"19009","2011-06-05","455","В"
"19009","2011-06-06","450","В"
"19009","2011-06-07","448","В"
"19009","2011-06-08","446","В"
"19009","2011-06-09","446","В"
"19009","2011-06-10","446","В"
"19009","2011-06-11","446","В"
"19009","2011-06-12","446","В"
"19009","2011-06-13","446","В"
"19009","2011-06-14","446","В"
"19009","2011-06-15","446","В"
"19009","2011-06-16","446","В"
"19009","2011-06-17","445","В"
"19009","2011-06-18","445","В"
"19009","2011-06-19","445","В"
"19009","2011-06-20","445","В"
"19009","2011-06-21","445","В"
"19009","2011-06-22","445","В"
"19009","2011-06-23","445","В"
"19009","2011-06-24","445","В"
"19009","2011-06-25","445","В"
"19009","2011-06-26","445","В"
"19009","2011-06-27","445","В"
"19009","2011-06-28","445","В"
"19009","2011-06-29","445","В"
"19009","2011-06-30","445","В"
"19009","2011-07-01","445","В"
"19009","2011-07-02","445","В"
"19009","2011-07-03","445","В"
"19009","2011-07-04","445","В"
"19009","2011-07-05","445","В"
"19009","2011-07-06","445","В"
"19009","2011-07-07","445","В"
"19009","2011-07-08","445","В"
"19009","2011-07-09","445","В"
"19009","2011-07-10","445","В"
"19009","2011-07-11","445","В"
"19009","2011-07-12","445","В"
"19009","2011-07-13","445","В"
"19009","2011-07-14","445","В"
"19009","2011-07-15","445","В"
"19009","2011-07-16","445","В"
"19009","2011-07-17","445","В"
"19009","2011-07-18","445","В"
"19009","2011-07-19","445","В"
"19009","2011-07-20","445","В"
"19009","2011-07-21","445","В"
"19009","2011-07-22","445","В"
"19009","2011-07-23","446","В"
"19009","2011-07-24","446","В"
"19009","2011-07-25","447","В"
"19009","2011-07-26","448","В"
"19009","2011-07-27","448","В"
"19009","2011-07-28","448","В"
"19009","2011-07-29","448","В"
"19009","2011-07-30","448","В"
"19009","2011-07-31","448","В"
"19009","2011-08-01","449","В"
"19009","2011-08-02","453","В"
"19009","2011-08-03","454","В"
"19009","2011-08-04","455","В"
"19009","2011-08-05","455","В"
"19009","2011-08-06","456","В"
"19009","2011-08-07","458","В"
"19009","2011-08-08","458","В"
"19009","2011-08-09","458","В"
"19009","2011-08-10","458","В"
"19009","2011-08-11","458","В"
"19009","2011-08-12","458","В"
"19009","2011-08-13","458","В"
"19009","2011-08-14","459","В"
"19009","2011-08-15","459","В"
"19009","2011-08-16","460","В"
"19009","2011-08-17","460","В"
"19009","2011-08-18","460","В"
"19009","2011-08-19","460","В"
"19009","2011-08-20","460","В"
"19009","2011-08-21","460","В"
"19009","2011-08-22","460","В"
"19009","2011-08-23","460","В"
"19009","2011-08-24","460","В"
"19009","2011-08-25","461","В"
"19009","2011-08-26","462","В"
"19009","2011-08-27","463","В"
"19009","2011-08-28","463","В"
"19009","2011-08-29","463","В"
"19009","2011-08-30","463","В"
"19009","2011-08-31","463","В"
"19009","2011-09-01","463","В"
"19009","2011-09-02","463","В"
"19009","2011-09-03","463","В"
"19009","2011-09-04","465","В"
"19009","2011-09-05","466","В"
"19009","2011-09-06","466","В"
"19009","2011-09-07","466","В"
"19009","2011-09-08","466","В"
"19009","2011-09-09","466","В"
"19009","2011-09-10","466","В"
"19009","2011-09-11","466","В"
"19009","2011-09-12","466","В"
"19009","2011-09-13","466","В"
"19009","2011-09-14","466","В"
"19009","2011-09-15","466","В"
"19009","2011-09-16","466","В"
"19009","2011-09-17","466","В"
"19009","2011-09-18","466","В"
"19009","2011-09-19","466","В"
"19009","2011-09-20","466","В"
"19009","2011-09-21","466","В"
"19009","2011-09-22","466","В"
"19009","2011-09-23","466","В"
"19009","2011-09-24","466","В"
"19009","2011-09-25","466","В"
"19009","2011-09-26","466","В"
"19009","2011-09-27","466","В"
"19009","2011-09-28","466","В"
"19009","2011-09-29","434","В"
"19009","2011-09-30","434","В"
"19009","2011-10-01","434","В"
"19009","2011-10-02","431","В"
"19009","2011-10-03","428","В"
"19009","2011-10-04","426","В"
"19009","2011-10-05","422","В"
"19009","2011-10-06","422","В"
"19009","2011-10-07","422","В"
"19009","2011-10-08","422","В"
"19009","2011-10-09","422","В"
"19009","2011-10-10","422","В"
"19009","2011-10-11","422","В"
"19009","2011-10-12","422","В"
"19009","2011-10-13","422","В"
"19009","2011-10-14","422","В"
"19009","2011-10-15","421","В"
"19009","2011-10-16","419","В"
"19009","2011-10-17","418","В"
"19009","2011-10-18","418","В"
"19009","2011-10-19","418","В"
"19009","2011-10-20","418","В"
"19009","2011-10-21","418","В"
"19009","2011-10-22","418","В"
"19009","2011-10-23","418","В"
"19009","2011-10-24","418","В"
"19009","2011-10-25","418","В"
"19009","2011-10-26","418","В"
"19009","2011-10-27","418","В"
"19009","2011-10-28","418","В"
"19009","2011-10-29","418","В"
"19009","2011-10-30","418","В"
"19009","2011-10-31","418","В"
"19009","2011-11-01","418","В"
"19009","2011-11-02","424","В"
"19009","2011-11-03","441","В"
"19009","2011-11-04","448","В"
"19009","2011-11-05","450","В)"
"19009","2011-11-06","451","ВZ"
"19009","2011-11-07","451","BI"
"19009","2011-11-08","451","BI"
"19009","2011-11-09","451","BI"
"19009","2011-11-10","451","BI"
"19009","2011-11-11","451","BI"
"19009","2011-11-12","450","BI"
"19009","2011-11-13","448","BI"
"19009","2011-11-14","448","BI"
"19009","2011-11-15","447","BI"
"19009","2011-11-16","446","BI"
"19009","2011-11-17","424","BI"
"19009","2011-11-18","414","BI"
"19009","2011-11-19","397","BI"
"19009","2011-11-20","374","BI"
"19009","2011-11-21","370","BI"
"19009","2011-11-22","370","BI"
"19009","2011-11-23","370","BI"
"19009","2011-11-24","370","BI"
"19009","2011-11-25","370","BI"
"19009","2011-11-26","370","BI"
"19009","2011-11-27","370","BI"
"19009","2011-11-28","370","BI"
"19009","2011-11-29","370","BI"
"19009","2011-11-30","370","BI"
"19009","2011-12-01","370","BI"
"19009","2011-12-02","371","BI"
"19009","2011-12-03","372","BI"
"19009","2011-12-04","373","BI"
"19009","2011-12-05","376","BI"
"19009","2011-12-06","376","BI"
"19009","2011-12-07","376","BI"
"19009","2011-12-08","376","BI"
"19009","2011-12-09","376","BI"
"19009","2011-12-10","376","BI"
"19009","2011-12-11","376","BI"
"19009","2011-12-12","376","BI"
"19009","2011-12-13","376","BI"
"19009","2011-12-14","378","BI"
"19009","2011-12-15","378","BI"
"19009","2011-12-16","378","BI"
"19009","2011-12-17","378","BI"
"19009","2011-12-18","378","BI"
"19009","2011-12-19","378","BI"
"19009","2011-12-20","378","BI"
"19009","2011-12-21","378","BI"
"19009","2011-12-22","378","BI"
"19009","2011-12-23","378","BI"
"19009","2011-12-24","378","BI"
"19009","2011-12-25","378","BI"
"19009","2011-12-26","378","BI"
"19009","2011-12-27","378","BI"
"19009","2011-12-28","378","BI"
"19009","2011-12-29","378","BI"
"19009","2011-12-30","378","BI"
"19009","2011-12-31","378","BI"
"19009","2012-01-01","378","^IВ"
"19009","2012-01-02","378","^IВ"
"19009","2012-01-03","378","^IВ"
"19009","2012-01-04","378","^IВ"
"19009","2012-01-05","378","^IВ"
"19009","2012-01-06","378","^IВ"
"19009","2012-01-07","378","^IВ"
"19009","2012-01-08","378","^IВ"
"19009","2012-01-09","378","^IВ"
"19009","2012-01-10","378","^IВ"
"19009","2012-01-11","378","^IВ"
"19009","2012-01-12","378","^IВ"
"19009","2012-01-13","378","^IВ"
"19009","2012-01-14","378","^IВ"
"19009","2012-01-15","378","^IВ"
"19009","2012-01-16","378","^IВ"
"19009","2012-01-17","378","^IВ"
"19009","2012-01-18","378","^IВ"
"19009","2012-01-19","377","""IВ"
"19009","2012-01-20","376","_IВ"
"19009","2012-01-21","376","_IВ"
"19009","2012-01-22","376","_IВ"
"19009","2012-01-23","376","_IВ"
"19009","2012-01-24","376","_IВ"
"19009","2012-01-25","376","_IВ"
"19009","2012-01-26","376","_IВ"
"19009","2012-01-27","376","_IВ"
"19009","2012-01-28","376","_IВ"
"19009","2012-01-29","376","_IВ"
"19009","2012-01-30","376","_IВ"
"19009","2012-01-31","376","_IВ"
"19009","2012-02-01","376","_IВ"
"19009","2012-02-02","376","_IВ"
"19009","2012-02-03","376","_IВ"
"19009","2012-02-04","376","_IВ"
"19009","2012-02-05","376","_IВ"
"19009","2012-02-06","376","_IВ"
"19009","2012-02-07","376","_IВ"
"19009","2012-02-08","376","_IВ"
"19009","2012-02-09","376","_IВ"
"19009","2012-02-10","376","_IВ"
"19009","2012-02-11","376","_IВ"
"19009","2012-02-12","376","_IВ"
"19009","2012-02-13","376","_IВ"
"19009","2012-02-14","376","_IВ"
"19009","2012-02-15","394","_IВ"
"19009","2012-02-16","424","IВ"
"19009","2012-02-17","430","IВ"
"19009","2012-02-18","430","IВ"
"19009","2012-02-19","430","IВ"
"19009","2012-02-20","430","IВ"
"19009","2012-02-21","430","IВ"
"19009","2012-02-22","430","IВ"
"19009","2012-02-23","431","^IВ"
"19009","2012-02-24","431","^IВ"
"19009","2012-02-25","431","^IВ"
"19009","2012-02-26","431","^IВ"
"19009","2012-02-27","431","^IВ"
"19009","2012-02-28","431","^IВ"
"19009","2012-02-29","431","^IВ"
"19009","2012-03-01","431","IВ"
"19009","2012-03-02","431","IВ"
"19009","2012-03-03","431","IВ"
"19009","2012-03-04","431","IВ"
"19009","2012-03-05","431","IВ"
"19009","2012-03-06","427","IВ"
"19009","2012-03-07","425","IВ"
"19009","2012-03-08","425","IВ"
"19009","2012-03-09","425","IВ"
"19009","2012-03-10","424","IВ"
"19009","2012-03-11","422","IВ"
"19009","2012-03-12","421","IВ"
"19009","2012-03-13","419","IВ"
"19009","2012-03-14","419","IВ"
"19009","2012-03-15","418","IВ"
"19009","2012-03-16","416","IВ"
"19009","2012-03-17","415","_IВ"
"19009","2012-03-18","415","_IВ"
"19009","2012-03-19","415","_IВ"
"19009","2012-03-20","415","_IВ"
"19009","2012-03-21","415","_I"
"19009","2012-03-22","507","_WI"
"19009","2012-03-23","652","^W"
"19009","2012-03-24","646","W"
"19009","2012-03-25","637","W"
"19009","2012-03-26","615","W"
"19009","2012-03-27","595","W"
"19009","2012-03-28","583","W"
"19009","2012-03-29","575","W"
"19009","2012-03-30","567","W"
"19009","2012-03-31","559","W"
"19009","2012-04-01","550","W"
"19009","2012-04-02","534","W"
"19009","2012-04-03","526","W"
"19009","2012-04-04","518","W"
"19009","2012-04-05","510","W"
"19009","2012-04-06","555","W"
"19009","2012-04-07","573","W"
"19009","2012-04-08","580","W"
"19009","2012-04-09","575","W"
"19009","2012-04-10","563","ПW"
"19009","2012-04-11","516","П"
"19009","2012-04-12","679","П"
"19009","2012-04-13","710","^ЛП"
"19009","2012-04-14","700","ЛХ"
"19009","2012-04-15","667","Х"
"19009","2012-04-16","501",""
"19009","2012-04-17","425",""
"19009","2012-04-18","417",""
"19009","2012-04-19","414",""
"19009","2012-04-20","412",""
"19009","2012-04-21","411","В"
"19009","2012-04-22","410","В"
"19009","2012-04-23","409","В"
"19009","2012-04-24","409","В"
"19009","2012-04-25","408","В"
"19009","2012-04-26","402","В"
"19009","2012-04-27","400","В"
"19009","2012-04-28","395","В"
"19009","2012-04-29","393","В"
"19009","2012-04-30","388","_В"
"19009","2012-05-01","383","В"
"19009","2012-05-02","378","В"
"19009","2012-05-03","374","В"
"19009","2012-05-04","373","В"
"19009","2012-05-05","367","В"
"19009","2012-05-06","364","В"
"19009","2012-05-07","363","В"
"19009","2012-05-08","361","В"
"19009","2012-05-09","360","В"
"19009","2012-05-10","360","В"
"19009","2012-05-11","360","В"
"19009","2012-05-12","360","_В"
"19009","2012-05-13","359","_В"
"19009","2012-05-14","359","_В"
"19009","2012-05-15","359","_В"
"19009","2012-05-16","359","_В"
"19009","2012-05-17","359","_В"
"19009","2012-05-18","359","_В"
"19009","2012-05-19","359","_В"
"19009","2012-05-20","359","_В"
"19009","2012-05-21","359","_В"
"19009","2012-05-22","363","_В"
"19009","2012-05-23","430","В"
"19009","2012-05-24","505","^В"
"19009","2012-05-25","505","^В"
"19009","2012-05-26","505","^В"
"19009","2012-05-27","505","^В"
"19009","2012-05-28","505","^В"
"19009","2012-05-29","505","^В"
"19009","2012-05-30","505","^В"
"19009","2012-05-31","505","^В"
"19009","2012-06-01","505","^В"
"19009","2012-06-02","501","В"
"19009","2012-06-03","498","В"
"19009","2012-06-04","497","В"
"19009","2012-06-05","494","В"
"19009","2012-06-06","493","В"
"19009","2012-06-07","493","В"
"19009","2012-06-08","492","_В"
"19009","2012-06-09","492","_В"
"19009","2012-06-10","492","_В"
"19009","2012-06-11","492","_В"
"19009","2012-06-12","492","_В"
"19009","2012-06-13","492","_В"
"19009","2012-06-14","492","_В"
"19009","2012-06-15","492","_В"
"19009","2012-06-16","492","_В"
"19009","2012-06-17","492","_В"
"19009","2012-06-18","492","_В"
"19009","2012-06-19","492","_В"
"19009","2012-06-20","492","_В"
"19009","2012-06-21","492","_В"
"19009","2012-06-22","492","_В"
"19009","2012-06-23","492","_В"
"19009","2012-06-24","492","_В"
"19009","2012-06-25","492","_В"
"19009","2012-06-26","492","_В"
"19009","2012-06-27","492","_В"
"19009","2012-06-28","492","_В"
"19009","2012-06-29","492","_В"
"19009","2012-06-30","492","_В"
"19009","2012-07-01","492","^В"
"19009","2012-07-02","492","^В"
"19009","2012-07-03","483","В"
"19009","2012-07-04","457","В"
"19009","2012-07-05","457","В"
"19009","2012-07-06","454","В"
"19009","2012-07-07","450","В"
"19009","2012-07-08","449","В"
"19009","2012-07-09","449","В"
"19009","2012-07-10","449","В"
"19009","2012-07-11","449","В"
"19009","2012-07-12","449","В"
"19009","2012-07-13","449","В"
"19009","2012-07-14","449","В"
"19009","2012-07-15","449","В"
"19009","2012-07-16","449","В"
"19009","2012-07-17","449","В"
"19009","2012-07-18","449","В"
"19009","2012-07-19","449","В"
"19009","2012-07-20","449","В"
"19009","2012-07-21","449","В"
"19009","2012-07-22","448","В"
"19009","2012-07-23","448","В"
"19009","2012-07-24","447","В"
"19009","2012-07-25","447","В"
"19009","2012-07-26","446","В"
"19009","2012-07-27","446","В"
"19009","2012-07-28","445","_В"
"19009","2012-07-29","444","_В"
"19009","2012-07-30","444","_В"
"19009","2012-07-31","444","_В"
"19009","2012-08-01","444","^В"
"19009","2012-08-02","443","В"
"19009","2012-08-03","441","В"
"19009","2012-08-04","438","В"
"19009","2012-08-05","437","В"
"19009","2012-08-06","436","В"
"19009","2012-08-07","435","В"
"19009","2012-08-08","434","В"
"19009","2012-08-09","434","В"
"19009","2012-08-10","433","В"
"19009","2012-08-11","432","В"
"19009","2012-08-12","431","В"
"19009","2012-08-13","430","В"
"19009","2012-08-14","428","В"
"19009","2012-08-15","425","В"
"19009","2012-08-16","425","В"
"19009","2012-08-17","425","В"
"19009","2012-08-18","425","В"
"19009","2012-08-19","425","В"
"19009","2012-08-20","425","В"
"19009","2012-08-21","425","В"
"19009","2012-08-22","425","В"
"19009","2012-08-23","425","В"
"19009","2012-08-24","425","В"
"19009","2012-08-25","425","В"
"19009","2012-08-26","425","В"
"19009","2012-08-27","425","В"
"19009","2012-08-28","424","В"
"19009","2012-08-29","401","В"
"19009","2012-08-30","380","В"
"19009","2012-08-31","377","_В"
"19009","2012-09-01","369","В"
"19009","2012-09-02","364","В"
"19009","2012-09-03","360","В"
"19009","2012-09-04","358","В"
"19009","2012-09-05","356","В"
"19009","2012-09-06","354","В"
"19009","2012-09-07","354","В"
"19009","2012-09-08","352","В"
"19009","2012-09-09","352","В"
"19009","2012-09-10","352","В"
"19009","2012-09-11","352","В"
"19009","2012-09-12","352","В"
"19009","2012-09-13","352","В"
"19009","2012-09-14","352","В"
"19009","2012-09-15","352","В"
"19009","2012-09-16","351","В"
"19009","2012-09-17","351","В"
"19009","2012-09-18","351","В"
"19009","2012-09-19","350","_В"
"19009","2012-09-20","350","_В"
"19009","2012-09-21","350","_В"
"19009","2012-09-22","391","_В"
"19009","2012-09-23","463","В"
"19009","2012-09-24","477","В"
"19009","2012-09-25","479","^В"
"19009","2012-09-26","479","^В"
"19009","2012-09-27","479","^В"
"19009","2012-09-28","479","^В"
"19009","2012-09-29","477","В"
"19009","2012-09-30","474","В"
"19009","2012-10-01","473","^В"
"19009","2012-10-02","470","В"
"19009","2012-10-03","468","В"
"19009","2012-10-04","468","В"
"19009","2012-10-05","466","В"
"19009","2012-10-06","463","В"
"19009","2012-10-07","461","В"
"19009","2012-10-08","459","В"
"19009","2012-10-09","456","В"
"19009","2012-10-10","456","В"
"19009","2012-10-11","456","В"
"19009","2012-10-12","456","В"
"19009","2012-10-13","456","В"
"19009","2012-10-14","456","В"
"19009","2012-10-15","456","В"
"19009","2012-10-16","454","_В"
"19009","2012-10-17","455","В"
"19009","2012-10-18","455","В"
"19009","2012-10-19","457","В"
"19009","2012-10-20","457","В"
"19009","2012-10-21","457","В"
"19009","2012-10-22","459","В"
"19009","2012-10-23","461","В"
"19009","2012-10-24","465","В"
"19009","2012-10-25","467","В"
"19009","2012-10-26","469","В"
"19009","2012-10-27","469","В"
"19009","2012-10-28","469","В"
"19009","2012-10-29","470","В"
"19009","2012-10-30","471","В"
"19009","2012-10-31","471","В"
"19009","2012-11-01","471","^В"
"19009","2012-11-02","471","^В"
"19009","2012-11-03","471","^В"
"19009","2012-11-04","470","^В"
"19009","2012-11-05","469","В"
"19009","2012-11-06","469","В"
"19009","2012-11-07","469","В"
"19009","2012-11-08","469","В"
"19009","2012-11-09","469","В"
"19009","2012-11-10","467","В"
"19009","2012-11-11","465",")В"
"19009","2012-11-12","464",")В"
"19009","2012-11-13","461",")В"
"19009","2012-11-14","459",")В"
"19009","2012-11-15","457",")В"
"19009","2012-11-16","456",")В"
"19009","2012-11-17","456",")В"
"19009","2012-11-18","454",")В"
"19009","2012-11-19","453",")В"
"19009","2012-11-20","450",")В"
"19009","2012-11-21","449",")В"
"19009","2012-11-22","442","ZВ"
"19009","2012-11-23","416","ZВ"
"19009","2012-11-24","399","ZВ"
"19009","2012-11-25","394","ZВ"
"19009","2012-11-26","391","ZВ"
"19009","2012-11-27","388","_ZВ"
"19009","2012-11-28","388","_ZВ"
"19009","2012-11-29","388","_Z)"
"19009","2012-11-30","388","_)В"
"19009","2012-12-01","388","В"
"19009","2012-12-02","388","В"
"19009","2012-12-03","388","В"
"19009","2012-12-04","390","В"
"19009","2012-12-05","392","В"
"19009","2012-12-06","395","В"
"19009","2012-12-07","397","^В"
"19009","2012-12-08","397","^В"
"19009","2012-12-09","397","^В"
"19009","2012-12-10","390","В"
"19009","2012-12-11","386",")В"
"19009","2012-12-12","385","_IВ"
"19009","2012-12-13","385","_IВ"
"19009","2012-12-14","385","_IВ"
"19009","2012-12-15","385","_IВ"
"19009","2012-12-16","385","_IВ"
"19009","2012-12-17","385","_IВ"
"19009","2012-12-18","385","_IВ"
"19009","2012-12-19","385","_IВ"
"19009","2012-12-20","385","_IВ"
"19009","2012-12-21","385","_IВ"
"19009","2012-12-22","385","_IВ"
"19009","2012-12-23","385","_IВ"
"19009","2012-12-24","385","_IВ"
"19009","2012-12-25","385","_IВ"
"19009","2012-12-26","385","_IВ"
"19009","2012-12-27","385","_IВ"
"19009","2012-12-28","385","_IВ"
"19009","2012-12-29","385","_IВ"
"19009","2012-12-30","385","_IВ"
"19009","2012-12-31","385","_IВ"
"19009","2013-01-01","385","^IВ"
"19009","2013-01-02","385","^IВ"
"19009","2013-01-03","385","^IВ"
"19009","2013-01-04","385","^IВ"
"19009","2013-01-05","385","^IВ"
"19009","2013-01-06","385","^IВ"
"19009","2013-01-07","385","^IВ"
"19009","2013-01-08","385","^IВ"
"19009","2013-01-09","385","^IВ"
"19009","2013-01-10","385","^IВ"
"19009","2013-01-11","385","^IВ"
"19009","2013-01-12","385","^IВ"
"19009","2013-01-13","385","^IВ"
"19009","2013-01-14","385","^IВ"
"19009","2013-01-15","385","^IВ"
"19009","2013-01-16","385","^IВ"
"19009","2013-01-17","385","^IВ"
"19009","2013-01-18","385","""IВ"
"19009","2013-01-19","384","_IВ"
"19009","2013-01-20","384","_IВ"
"19009","2013-01-21","384","_IВ"
"19009","2013-01-22","384","_IВ"
"19009","2013-01-23","384","_IВ"
"19009","2013-01-24","384","_IВ"
"19009","2013-01-25","384","_IВ"
"19009","2013-01-26","384","_IВ"
"19009","2013-01-27","384","_IВ"
"19009","2013-01-28","384","_IВ"
"19009","2013-01-29","384","_IВ"
"19009","2013-01-30","384","_IВ"
"19009","2013-01-31","384","_IВ"
"19009","2013-02-01","384",""
"19009","2013-02-02","384","^IВ"
"19009","2013-02-03","384","^IВ"
"19009","2013-02-04","384","^IВ"
"19009","2013-02-05","384","^IВ"
"19009","2013-02-06","384","^IВ"
"19009","2013-02-07","383","IВ"
"19009","2013-02-08","383","IВ"
"19009","2013-02-09","383","IВ"
"19009","2013-02-10","383","IВ"
"19009","2013-02-11","383","IВ"
"19009","2013-02-12","383","IВ"
"19009","2013-02-13","383","IВ"
"19009","2013-02-14","383","IВ"
"19009","2013-02-15","383","IВ"
"19009","2013-02-16","383","IВ"
"19009","2013-02-17","383","IВ"
"19009","2013-02-18","383","IВ"
"19009","2013-02-19","383","IВ"
"19009","2013-02-20","383","IВ"
"19009","2013-02-21","383","IВ"
"19009","2013-02-22","383","IВ"
"19009","2013-02-23","382","IВ"
"19009","2013-02-24","382","IВ"
"19009","2013-02-25","382","IВ"
"19009","2013-02-26","382","_IВ"
"19009","2013-02-27","381","_IВ"
"19009","2013-02-28","381","_IВ"
"19009","2013-03-01","381","IВ"
"19009","2013-03-02","381","IВ"
"19009","2013-03-03","381","IВ"
"19009","2013-03-04","381","IВ"
"19009","2013-03-05","381","IВ"
"19009","2013-03-06","381","IВ"
"19009","2013-03-07","381","IВ"
"19009","2013-03-08","381","IВ"
"19009","2013-03-09","380","IВ"
"19009","2013-03-10","379","IВ"
"19009","2013-03-11","377","_IВ"
"19009","2013-03-12","377","_IВ"
"19009","2013-03-13","377","_IВ"
"19009","2013-03-14","377","_IВ"
"19009","2013-03-15","377","_IВ"
"19009","2013-03-16","380","IВ"
"19009","2013-03-17","381","IВ"
"19009","2013-03-18","382","IВ"
"19009","2013-03-19","382","IВ"
"19009","2013-03-20","382","IВ"
"19009","2013-03-21","382","IВ"
"19009","2013-03-22","382","IВ"
"19009","2013-03-23","382","IВ"
"19009","2013-03-24","403","I"
"19009","2013-03-25","495","^ПI"
"19009","2013-03-26","474","Х)"
"19009","2013-03-27","463",")"
"19009","2013-03-28","460",")"
"19009","2013-03-29","459",")"
"19009","2013-03-30","444",")"
"19009","2013-03-31","421",""
"19009","2013-04-01","399","^"
"19009","2013-04-02","393",""
"19009","2013-04-03","387",""
"19009","2013-04-04","385",""
"19009","2013-04-05","396",""
"19009","2013-04-06","400",""
"19009","2013-04-07","396",""
"19009","2013-04-08","389",""
"19009","2013-04-09","382",""
"19009","2013-04-10","379",""
"19009","2013-04-11","376",""
"19009","2013-04-12","374","В"
"19009","2013-04-13","374","В"
"19009","2013-04-14","374","В"
"19009","2013-04-15","374","В"
"19009","2013-04-16","374","В"
"19009","2013-04-17","374","В"
"19009","2013-04-18","374","В"
"19009","2013-04-19","374","В"
"19009","2013-04-20","374","В"
"19009","2013-04-21","374","В"
"19009","2013-04-22","375","В"
"19009","2013-04-23","376","В"
"19009","2013-04-24","377","В"
"19009","2013-04-25","377","В"
"19009","2013-04-26","377","В"
"19009","2013-04-27","374","В"
"19009","2013-04-28","372","В"
"19009","2013-04-29","371","В"
"19009","2013-04-30","369","_В"
"19009","2013-05-01","368","В"
"19009","2013-05-02","365","В"
"19009","2013-05-03","363","В"
"19009","2013-05-04","361","В"
"19009","2013-05-05","360","В"
"19009","2013-05-06","358","В"
"19009","2013-05-07","358","В"
"19009","2013-05-08","358","В"
"19009","2013-05-09","358","В"
"19009","2013-05-10","358","В"
"19009","2013-05-11","357","В"
"19009","2013-05-12","357","В"
"19009","2013-05-13","357","В"
"19009","2013-05-14","357","В"
"19009","2013-05-15","357","В"
"19009","2013-05-16","358","В"
"19009","2013-05-17","358","В"
"19009","2013-05-18","358","В"
"19009","2013-05-19","358","В"
"19009","2013-05-20","359","В"
"19009","2013-05-21","360","В"
"19009","2013-05-22","367","В"
"19009","2013-05-23","388","В"
"19009","2013-05-24","390","^В"
"19009","2013-05-25","382","В"
"19009","2013-05-26","376","В"
"19009","2013-05-27","363","В"
"19009","2013-05-28","355","В"
"19009","2013-05-29","353","_В"
"19009","2013-05-30","352","_В"
"19009","2013-05-31","352","_В"
"19009","2013-06-01","350","В"
"19009","2013-06-02","347","В"
"19009","2013-06-03","346","В"
"19009","2013-06-04","345","_В"
"19009","2013-06-05","344","_В"
"19009","2013-06-06","344","_В"
"19009","2013-06-07","344","_В"
"19009","2013-06-08","344","_В"
"19009","2013-06-09","344","_В"
"19009","2013-06-10","349","_В"
"19009","2013-06-11","360","В"
"19009","2013-06-12","448",""
"19009","2013-06-13","467",""
"19009","2013-06-14","474",""
"19009","2013-06-15","480",""
"19009","2013-06-16","480",""
"19009","2013-06-17","480",""
"19009","2013-06-18","473",""
"19009","2013-06-19","467",""
"19009","2013-06-20","462",""
"19009","2013-06-21","461",""
"19009","2013-06-22","463",""
"19009","2013-06-23","469",""
"19009","2013-06-24","470",""
"19009","2013-06-25","473",""
"19009","2013-06-26","483",""
"19009","2013-06-27","488","^"
"19009","2013-06-28","488","^"
"19009","2013-06-29","487",""
"19009","2013-06-30","487",""
"19009","2013-07-01","485","^"
"19009","2013-07-02","484",""
"19009","2013-07-03","480",""
"19009","2013-07-04","477",""
"19009","2013-07-05","476",""
"19009","2013-07-06","472",""
"19009","2013-07-07","468",""
"19009","2013-07-08","462",""
"19009","2013-07-09","457",""
"19009","2013-07-10","449",""
"19009","2013-07-11","445","_В"
"19009","2013-07-12","445","_В"
"19009","2013-07-13","445","_В"
"19009","2013-07-14","445","_В"
"19009","2013-07-15","445","_В"
"19009","2013-07-16","445","_В"
"19009","2013-07-17","445","_В"
"19009","2013-07-18","445","_В"
"19009","2013-07-19","445","_В"
"19009","2013-07-20","445","_В"
"19009","2013-07-21","446","_В"
"19009","2013-07-22","446","В"
"19009","2013-07-23","446","В"
"19009","2013-07-24","446","В"
"19009","2013-07-25","446","В"
"19009","2013-07-26","446","В"
"19009","2013-07-27","447","В"
"19009","2013-07-28","448","В"
"19009","2013-07-29","448","В"
"19009","2013-07-30","448","В"
"19009","2013-07-31","448","В"
"19009","2013-08-01","448","_В"
"19009","2013-08-02","453","В"
"19009","2013-08-03","458","В"
"19009","2013-08-04","463","В"
"19009","2013-08-05","464","В"
"19009","2013-08-06","465","В"
"19009","2013-08-07","465","В"
"19009","2013-08-08","465","В"
"19009","2013-08-09","465","В"
"19009","2013-08-10","465","В"
"19009","2013-08-11","465","В"
"19009","2013-08-12","465","В"
"19009","2013-08-13","465","В"
"19009","2013-08-14","465","В"
"19009","2013-08-15","465","В"
"19009","2013-08-16","465","В"
"19009","2013-08-17","465","В"
"19009","2013-08-18","465","В"
"19009","2013-08-19","465","В"
"19009","2013-08-20","465","В"
"19009","2013-08-21","468","В"
"19009","2013-08-22","468","В"
"19009","2013-08-23","468","В"
"19009","2013-08-24","468","В"
"19009","2013-08-25","468","В"
"19009","2013-08-26","468","В"
"19009","2013-08-27","468","В"
"19009","2013-08-28","468","В"
"19009","2013-08-29","468","В"
"19009","2013-08-30","468","В"
"19009","2013-08-31","470","^В"
"19009","2013-09-01","471","_В"
"19009","2013-09-02","472","В"
"19009","2013-09-03","473","В"
"19009","2013-09-04","473","В"
"19009","2013-09-05","474","В"
"19009","2013-09-06","474","В"
"19009","2013-09-07","475","В"
"19009","2013-09-08","476","В"
"19009","2013-09-09","478","В"
"19009","2013-09-10","480","В"
"19009","2013-09-11","480","В"
"19009","2013-09-12","481","^В"
"19009","2013-09-13","480","В"
"19009","2013-09-14","480","В"
"19009","2013-09-15","479","В"
"19009","2013-09-16","480","В"
"19009","2013-09-17","480","В"
"19009","2013-09-18","480","В"
"19009","2013-09-19","480","В"
"19009","2013-09-20","480","В"
"19009","2013-09-21","480","В"
"19009","2013-09-22","480","В"
"19009","2013-09-23","480","В"
"19009","2013-09-24","479","В"
"19009","2013-09-25","479","В"
"19009","2013-09-26","478","В"
"19009","2013-09-27","478","В"
"19009","2013-09-28","477","В"
"19009","2013-09-29","476","В"
"19009","2013-09-30","475","В"
"19009","2013-10-01","474","^В"
"19009","2013-10-02","467","В"
"19009","2013-10-03","466","В"
"19009","2013-10-04","459","В"
"19009","2013-10-05","450","В"
"19009","2013-10-06","446","В"
"19009","2013-10-07","440","В"
"19009","2013-10-08","432","В"
"19009","2013-10-09","430","В"
"19009","2013-10-10","429","В"
"19009","2013-10-11","424","В"
"19009","2013-10-12","422","_В"
"19009","2013-10-13","425","В"
"19009","2013-10-14","427","В"
"19009","2013-10-15","427","В"
"19009","2013-10-16","428","В"
"19009","2013-10-17","428","В"
"19009","2013-10-18","428","В"
"19009","2013-10-19","428","В"
"19009","2013-10-20","429","В"
"19009","2013-10-21","430","В"
"19009","2013-10-22","430","В"
"19009","2013-10-23","432","В"
"19009","2013-10-24","443","В"
"19009","2013-10-25","472","В"
"19009","2013-10-26","472","В"
"19009","2013-10-27","472","В"
"19009","2013-10-28","472","В"
"19009","2013-10-29","472","В"
"19009","2013-10-30","471","В"
"19009","2013-10-31","471","В"
"19009","2013-11-01","471","В"
"19009","2013-11-02","472","В"
"19009","2013-11-03","475","В"
"19009","2013-11-04","477","В"
"19009","2013-11-05","480","В"
"19009","2013-11-06","480","В"
"19009","2013-11-07","480","В"
"19009","2013-11-08","481","В"
"19009","2013-11-09","481","В"
"19009","2013-11-10","481","В"
"19009","2013-11-11","481","В"
"19009","2013-11-12","482","^В"
"19009","2013-11-13","482","^В"
"19009","2013-11-14","480","В"
"19009","2013-11-15","478","В"
"19009","2013-11-16","474","В"
"19009","2013-11-17","468","В"
"19009","2013-11-18","436","В"
"19009","2013-11-19","414","В"
"19009","2013-11-20","397",")В"
"19009","2013-11-21","395",")В"
"19009","2013-11-22","394",")В"
"19009","2013-11-23","394","ZВ"
"19009","2013-11-24","393","ZВ"
"19009","2013-11-25","392","_ZВ"
"19009","2013-11-26","392","_ZВ"
"19009","2013-11-27","395","ZВ"
"19009","2013-11-28","395","ZВ"
"19009","2013-11-29","394","ZВ"
"19009","2013-11-30","393","ZВ"
"19009","2013-12-01","393","^ZВ"
"19009","2013-12-02","392","ZВ"
"19009","2013-12-03","392","ZВ"
"19009","2013-12-04","391","IВ"
"19009","2013-12-05","391","IВ"
"19009","2013-12-06","391","IВ"
"19009","2013-12-07","391","IВ"
"19009","2013-12-08","391","IВ"
"19009","2013-12-09","391","IВ"
"19009","2013-12-10","391","IВ"
"19009","2013-12-11","391","IВ"
"19009","2013-12-12","391","IВ"
"19009","2013-12-13","391","IВ"
"19009","2013-12-14","391","IВ"
"19009","2013-12-15","391","IВ"
"19009","2013-12-16","391","IВ"
"19009","2013-12-17","391","IВ"
"19009","2013-12-18","391","IВ"
"19009","2013-12-19","389","IВ"
"19009","2013-12-20","386","IВ"
"19009","2013-12-21","377","IВ"
"19009","2013-12-22","368","IВ"
"19009","2013-12-23","367","_IВ"
"19009","2013-12-24","367","_IВ"
"19009","2013-12-25","367","_IВ"
"19009","2013-12-26","367","_IВ"
"19009","2013-12-27","367","_IВ"
"19009","2013-12-28","367","_IВ"
"19009","2013-12-29","367","_IВ"
"19009","2013-12-30","367","_IВ"
"19009","2013-12-31","367","_IВ"
"19009","2014-01-01","367","^IВ"
"19009","2014-01-02","367","^IВ"
"19009","2014-01-03","367","^IВ"
"19009","2014-01-04","367","^IВ"
"19009","2014-01-05","367","^IВ"
"19009","2014-01-06","367","^IВ"
"19009","2014-01-07","367","^IВ"
"19009","2014-01-08","367","^IВ"
"19009","2014-01-09","367","^IВ"
"19009","2014-01-10","367","^IВ"
"19009","2014-01-11","367","^IВ"
"19009","2014-01-12","367","^IВ"
"19009","2014-01-13","367","^IВ"
"19009","2014-01-14","367","^IВ"
"19009","2014-01-15","367","^IВ"
"19009","2014-01-16","367","""IВ"
"19009","2014-01-17","366","_IВ"
"19009","2014-01-18","366","_IВ"
"19009","2014-01-19","366","_IВ"
"19009","2014-01-20","366","_IВ"
"19009","2014-01-21","366","_IВ"
"19009","2014-01-22","366","_IВ"
"19009","2014-01-23","366","_IВ"
"19009","2014-01-24","367","""IВ"
"19009","2014-01-25","367","^IВ"
"19009","2014-01-26","367","^IВ"
"19009","2014-01-27","367","^IВ"
"19009","2014-01-28","367","^IВ"
"19009","2014-01-29","367","^IВ"
"19009","2014-01-30","367","^IВ"
"19009","2014-01-31","367","^IВ"
"19009","2014-02-01","367","_IВ"
"19009","2014-02-02","367","_IВ"
"19009","2014-02-03","367","_IВ"
"19009","2014-02-04","367","_IВ"
"19009","2014-02-05","367","_IВ"
"19009","2014-02-06","367","_IВ"
"19009","2014-02-07","367","_IВ"
"19009","2014-02-08","367","_IВ"
"19009","2014-02-09","367","_IВ"
"19009","2014-02-10","367","_IВ"
"19009","2014-02-11","367","_IВ"
"19009","2014-02-12","367","_IВ"
"19009","2014-02-13","368","^IВ"
"19009","2014-02-14","368","^IВ"
"19009","2014-02-15","368","^IВ"
"19009","2014-02-16","368","^IВ"
"19009","2014-02-17","368","^IВ"
"19009","2014-02-18","368","^IВ"
"19009","2014-02-19","368","^IВ"
"19009","2014-02-20","368","^IВ"
"19009","2014-02-21","368","^IВ"
"19009","2014-02-22","368","^IВ"
"19009","2014-02-23","368","^IВ"
"19009","2014-02-24","368","^IВ"
"19009","2014-02-25","368","^IВ"
"19009","2014-02-26","368","^IВ"
"19009","2014-02-27","368","^IВ"
"19009","2014-02-28","368","^IВ"
"19009","2014-03-01","368","IВ"
"19009","2014-03-02","368","IВ"
"19009","2014-03-03","368","IВ"
"19009","2014-03-04","368","IВ"
"19009","2014-03-05","368","IВ"
"19009","2014-03-06","368","IВ"
"19009","2014-03-07","368","IВ"
"19009","2014-03-08","368","IВ"
"19009","2014-03-09","367","IВ"
"19009","2014-03-10","366","IВ"
"19009","2014-03-11","366","IВ"
"19009","2014-03-12","366","_IВ"
"19009","2014-03-13","365","_IВ"
"19009","2014-03-14","367","_IВ"
"19009","2014-03-15","368","IВ"
"19009","2014-03-16","372","IВ"
"19009","2014-03-17","373","IВ"
"19009","2014-03-18","373","IВ"
"19009","2014-03-19","373","IВ"
"19009","2014-03-20","373","IВ"
"19009","2014-03-21","381","I~"
"19009","2014-03-22","459","Л~"
"19009","2014-03-23","722","Х"
"19009","2014-03-24","715","Х)"
"19009","2014-03-25","703",")"
"19009","2014-03-26","681",")"
"19009","2014-03-27","671",""
"19009","2014-03-28","738",""
"19009","2014-03-29","754",""
"19009","2014-03-30","756","^"
"19009","2014-03-31","730",""
"19009","2014-04-01","660",""
"19009","2014-04-02","618",""
"19009","2014-04-03","534",""
"19009","2014-04-04","464",""
"19009","2014-04-05","420",""
"19009","2014-04-06","449","_"
"19009","2014-04-07","511",""
"19009","2014-04-08","511",""
"19009","2014-04-09","501",""
"19009","2014-04-10","522",""
"19009","2014-04-11","685",""
"19009","2014-04-12","735","^"
"19009","2014-04-13","725",""
"19009","2014-04-14","718",""
"19009","2014-04-15","595",""
"19009","2014-04-16","525",""
"19009","2014-04-17","497",""
"19009","2014-04-18","474",""
"19009","2014-04-19","462",""
"19009","2014-04-20","457",""
"19009","2014-04-21","461",""
"19009","2014-04-22","469",""
"19009","2014-04-23","483",""
"19009","2014-04-24","480",""
"19009","2014-04-25","450",""
"19009","2014-04-26","428",""
"19009","2014-04-27","426",""
"19009","2014-04-28","425",""
"19009","2014-04-29","423",""
"19009","2014-04-30","420",""
"19009","2014-05-01","419","^В"
"19009","2014-05-02","417","В"
"19009","2014-05-03","417","В"
"19009","2014-05-04","417","В"
"19009","2014-05-05","417","В"
"19009","2014-05-06","416","В"
"19009","2014-05-07","414","В"
"19009","2014-05-08","413","В"
"19009","2014-05-09","411","В"
"19009","2014-05-10","409","В"
"19009","2014-05-11","407","В"
"19009","2014-05-12","405","В"
"19009","2014-05-13","404","В"
"19009","2014-05-14","401","_В"
"19009","2014-05-15","404","В"
"19009","2014-05-16","404","В"
"19009","2014-05-17","404","В"
"19009","2014-05-18","404","В"
"19009","2014-05-19","402","В"
"19009","2014-05-20","403","В"
"19009","2014-05-21","404","В"
"19009","2014-05-22","405","В"
"19009","2014-05-23","405","В"
"19009","2014-05-24","407","В"
"19009","2014-05-25","407","В"
"19009","2014-05-26","408","В"
"19009","2014-05-27","408","В"
"19009","2014-05-28","409","В"
"19009","2014-05-29","409","В"
"19009","2014-05-30","410","В"
"19009","2014-05-31","410","В"
"19009","2014-06-01","411","_В"
"19009","2014-06-02","411","_В"
"19009","2014-06-03","411","_В"
"19009","2014-06-04","412","_В"
"19009","2014-06-05","413","В"
"19009","2014-06-06","414","В"
"19009","2014-06-07","416",""
"19009","2014-06-08","418",""
"19009","2014-06-09","433",""
"19009","2014-06-10","458",""
"19009","2014-06-11","474",""
"19009","2014-06-12","483",""
"19009","2014-06-13","486",""
"19009","2014-06-14","487",""
"19009","2014-06-15","487",""
"19009","2014-06-16","490",""
"19009","2014-06-17","498",""
"19009","2014-06-18","502","^"
"19009","2014-06-19","501","^"
"19009","2014-06-20","493",""
"19009","2014-06-21","485",""
"19009","2014-06-22","475",""
"19009","2014-06-23","463",""
"19009","2014-06-24","467",""
"19009","2014-06-25","472",""
"19009","2014-06-26","479",""
"19009","2014-06-27","484",""
"19009","2014-06-28","485",""
"19009","2014-06-29","485",""
"19009","2014-06-30","485",""
"19009","2014-07-01","485",""
"19009","2014-07-02","485",""
"19009","2014-07-03","486",""
"19009","2014-07-04","487",""
"19009","2014-07-05","488",""
"19009","2014-07-06","488",""
"19009","2014-07-07","489",""
"19009","2014-07-08","490","^"
"19009","2014-07-09","490","^"
"19009","2014-07-10","490","^"
"19009","2014-07-11","489",""
"19009","2014-07-12","483",""
"19009","2014-07-13","465",""
"19009","2014-07-14","454",""
"19009","2014-07-15","451",""
"19009","2014-07-16","449","В"
"19009","2014-07-17","449","В"
"19009","2014-07-18","449","В"
"19009","2014-07-19","448","В"
"19009","2014-07-20","449","В"
"19009","2014-07-21","449","В"
"19009","2014-07-22","449","В"
"19009","2014-07-23","449","В"
"19009","2014-07-24","448","В"
"19009","2014-07-25","448","В"
"19009","2014-07-26","447","В"
"19009","2014-07-27","447","_В"
"19009","2014-07-28","446","_В"
"19009","2014-07-29","446","_В"
"19009","2014-07-30","446","_В"
"19009","2014-07-31","446","_В"
"19009","2014-08-01","446","В"
"19009","2014-08-02","446","В"
"19009","2014-08-03","446","В"
"19009","2014-08-04","446","В"
"19009","2014-08-05","446","В"
"19009","2014-08-06","446","В"
"19009","2014-08-07","446","В"
"19009","2014-08-08","445","В"
"19009","2014-08-09","445","В"
"19009","2014-08-10","445","В"
"19009","2014-08-11","446","В"
"19009","2014-08-12","446","В"
"19009","2014-08-13","446","В"
"19009","2014-08-14","446","В"
"19009","2014-08-15","446","В"
"19009","2014-08-16","446","В"
"19009","2014-08-17","445","_В"
"19009","2014-08-18","444","_В"
"19009","2014-08-19","444","_В"
"19009","2014-08-20","444","_В"
"19009","2014-08-21","444","_В"
"19009","2014-08-22","446","В"
"19009","2014-08-23","446","В"
"19009","2014-08-24","448","В"
"19009","2014-08-25","449","^В"
"19009","2014-08-26","449","^В"
"19009","2014-08-27","449","^В"
"19009","2014-08-28","449","^В"
"19009","2014-08-29","446","В"
"19009","2014-08-30","446","В"
"19009","2014-08-31","445","_В"
"19009","2014-09-01","444","В"
"19009","2014-09-02","443","_В"
"19009","2014-09-03","446","В"
"19009","2014-09-04","448","В"
"19009","2014-09-05","449","В"
"19009","2014-09-06","449","В"
"19009","2014-09-07","449","В"
"19009","2014-09-08","449","В"
"19009","2014-09-09","449","В"
"19009","2014-09-10","448","В"
"19009","2014-09-11","448","В"
"19009","2014-09-12","447","В"
"19009","2014-09-13","447","В"
"19009","2014-09-14","448","В"
"19009","2014-09-15","448","В"
"19009","2014-09-16","448","В"
"19009","2014-09-17","449","В"
"19009","2014-09-18","450","В"
"19009","2014-09-19","451","^В"
"19009","2014-09-20","451","^В"
"19009","2014-09-21","451","^В"
"19009","2014-09-22","451","^В"
"19009","2014-09-23","451","^В"
"19009","2014-09-24","451","^В"
"19009","2014-09-25","451","^В"
"19009","2014-09-26","451","^В"
"19009","2014-09-27","451","^В"
"19009","2014-09-28","450","В"
"19009","2014-09-29","450","В"
"19009","2014-09-30","450","В"
"19009","2014-10-01","450","В"
"19009","2014-10-02","449","В"
"19009","2014-10-03","448","_В"
"19009","2014-10-04","447","_В"
"19009","2014-10-05","447","_В"
"19009","2014-10-06","447","_В"
"19009","2014-10-07","447","_В"
"19009","2014-10-08","447","_В"
"19009","2014-10-09","447","_В"
"19009","2014-10-10","447","_В"
"19009","2014-10-11","447","_В"
"19009","2014-10-12","448","_В"
"19009","2014-10-13","448","В"
"19009","2014-10-14","449","В"
"19009","2014-10-15","450","В"
"19009","2014-10-16","450","В"
"19009","2014-10-17","450","В"
"19009","2014-10-18","456","В"
"19009","2014-10-19","517","В"
"19009","2014-10-20","520","^В"
"19009","2014-10-21","520","^В"
"19009","2014-10-22","517","^В"
"19009","2014-10-23","503","В"
"19009","2014-10-24","490","В"
"19009","2014-10-25","486",")В"
"19009","2014-10-26","482",")В"
"19009","2014-10-27","481",")В"
"19009","2014-10-28","481",")В"
"19009","2014-10-29","480","В"
"19009","2014-10-30","480","В"
"19009","2014-10-31","479","В"
"19009","2014-11-01","479","^В"
"19009","2014-11-02","478","В"
"19009","2014-11-03","478","В"
"19009","2014-11-04","478","В"
"19009","2014-11-05","478","В"
"19009","2014-11-06","476","В"
"19009","2014-11-07","475","В"
"19009","2014-11-08","475","В"
"19009","2014-11-09","473","В"
"19009","2014-11-10","470","В"
"19009","2014-11-11","465","В"
"19009","2014-11-12","455","В"
"19009","2014-11-13","448","В"
"19009","2014-11-14","439","В"
"19009","2014-11-15","433","В"
"19009","2014-11-16","431",")В"
"19009","2014-11-17","429",")В"
"19009","2014-11-18","429",")В"
"19009","2014-11-19","429","IВ"
"19009","2014-11-20","429","IВ"
"19009","2014-11-21","429","IВ"
"19009","2014-11-22","429","IВ"
"19009","2014-11-23","429","IВ"
"19009","2014-11-24","429","IВ"
"19009","2014-11-25","427","IВ"
"19009","2014-11-26","420","IВ"
"19009","2014-11-27","414","IВ"
"19009","2014-11-28","410","_IВ"
"19009","2014-11-29","409","_IВ"
"19009","2014-11-30","409","_IВ"
"19009","2014-12-01","409","IВ"
"19009","2014-12-02","417","IВ"
"19009","2014-12-03","418","^IВ"
"19009","2014-12-04","418","^IВ"
"19009","2014-12-05","418","^IВ"
"19009","2014-12-06","417","IВ"
"19009","2014-12-07","417","IВ"
"19009","2014-12-08","417","IВ"
"19009","2014-12-09","417","IВ"
"19009","2014-12-10","417","IВ"
"19009","2014-12-11","417","IВ"
"19009","2014-12-12","417","IВ"
"19009","2014-12-13","416","IВ"
"19009","2014-12-14","416","IВ"
"19009","2014-12-15","416","IВ"
"19009","2014-12-16","416","IВ"
"19009","2014-12-17","414","IВ"
"19009","2014-12-18","409","IВ"
"19009","2014-12-19","406","IВ"
"19009","2014-12-20","404","IВ"
"19009","2014-12-21","404","IВ"
"19009","2014-12-22","404","IВ"
"19009","2014-12-23","403","IВ"
"19009","2014-12-24","403","_IВ"
"19009","2014-12-25","402","_IВ"
"19009","2014-12-26","402","_IВ"
"19009","2014-12-27","402","_IВ"
"19009","2014-12-28","402","_IВ"
"19009","2014-12-29","402","_IВ"
"19009","2014-12-30","402","_IВ"
"19009","2014-12-31","402","_IВ"
"19009","2015-01-01","402","^IВ"
"19009","2015-01-02","402","^IВ"
"19009","2015-01-03","402","^IВ"
"19009","2015-01-04","402","^IВ"
"19009","2015-01-05","402","^IВ"
"19009","2015-01-06","402","^IВ"
"19009","2015-01-07","402","^IВ"
"19009","2015-01-08","402","^IВ"
"19009","2015-01-09","402","^IВ"
"19009","2015-01-10","402","^IВ"
"19009","2015-01-11","402","^IВ"
"19009","2015-01-12","402","^IВ"
"19009","2015-01-13","402","^IВ"
"19009","2015-01-14","402","^IВ"
"19009","2015-01-15","401","IВ"
"19009","2015-01-16","400","_IВ"
"19009","2015-01-17","400","_IВ"
"19009","2015-01-18","400","_IВ"
"19009","2015-01-19","400","_IВ"
"19009","2015-01-20","400","_IВ"
"19009","2015-01-21","400","_IВ"
"19009","2015-01-22","400","_IВ"
"19009","2015-01-23","400","_IВ"
"19009","2015-01-24","400","_IВ"
"19009","2015-01-25","400","_IВ"
"19009","2015-01-26","400","_IВ"
"19009","2015-01-27","400","_IВ"
"19009","2015-01-28","400","_IВ"
"19009","2015-01-29","400","_IВ"
"19009","2015-01-30","400","_IВ"
"19009","2015-01-31","400","_IВ"
"19009","2015-02-01","400","^IВ"
"19009","2015-02-02","400","^IВ"
"19009","2015-02-03","400","^IВ"
"19009","2015-02-04","400","^IВ"
"19009","2015-02-05","398","IВ"
"19009","2015-02-06","398","IВ"
"19009","2015-02-07","398","IВ"
"19009","2015-02-08","398","IВ"
"19009","2015-02-09","398","IВ"
"19009","2015-02-10","398","IВ"
"19009","2015-02-11","398","IВ"
"19009","2015-02-12","398","IВ"
"19009","2015-02-13","398","IВ"
"19009","2015-02-14","398","IВ"
"19009","2015-02-15","398","IВ"
"19009","2015-02-16","398","IВ"
"19009","2015-02-17","398","IВ"
"19009","2015-02-18","398","IВ"
"19009","2015-02-19","398","IВ"
"19009","2015-02-20","398","IВ"
"19009","2015-02-21","398","IВ"
"19009","2015-02-22","398","IВ"
"19009","2015-02-23","397","IВ"
"19009","2015-02-24","397","IВ"
"19009","2015-02-25","396","_IВ"
"19009","2015-02-26","396","_IВ"
"19009","2015-02-27","396","_IВ"
"19009","2015-02-28","396","_IВ"
"19009","2015-03-01","396","IВ"
"19009","2015-03-02","396","IВ"
"19009","2015-03-03","396","IВ"
"19009","2015-03-04","396","IВ"
"19009","2015-03-05","396","IВ"
"19009","2015-03-06","396","IВ"
"19009","2015-03-07","396","IВ"
"19009","2015-03-08","396","IВ"
"19009","2015-03-09","396","IВ"
"19009","2015-03-10","396","IВ"
"19009","2015-03-11","396","IВ"
"19009","2015-03-12","396","IВ"
"19009","2015-03-13","396","IВ"
"19009","2015-03-14","396","IВ"
"19009","2015-03-15","396","IВ"
"19009","2015-03-16","396","IВ"
"19009","2015-03-17","396","IВ"
"19009","2015-03-18","396","IВ"
"19009","2015-03-19","396","IВ"
"19009","2015-03-20","396","IВ"
"19009","2015-03-21","396","IВ"
"19009","2015-03-22","396","IВ"
"19009","2015-03-23","397","IВ"
"19009","2015-03-24","397","IВ"
"19009","2015-03-25","398","IВ"
"19009","2015-03-26","399","^IВ"
"19009","2015-03-27","396","IВ"
"19009","2015-03-28","394","_IВ"
"19009","2015-03-29","393","_IВ"
"19009","2015-03-30","393","_IВ"
"19009","2015-03-31","393","_IВ"
"19009","2015-04-01","393","IВ"
"19009","2015-04-02","393","IВ"
"19009","2015-04-03","393","IВ"
"19009","2015-04-04","393","IВ"
"19009","2015-04-05","393","IВ"
"19009","2015-04-06","393","IВ"
"19009","2015-04-07","393","IВ"
"19009","2015-04-08","393","IВ"
"19009","2015-04-09","393","IВ"
"19009","2015-04-10","393","В"
"19009","2015-04-11","393","В"
"19009","2015-04-12","393","В"
"19009","2015-04-13","391","В"
"19009","2015-04-14","391","В"
"19009","2015-04-15","390","В"
"19009","2015-04-16","390","В"
"19009","2015-04-17","390","В"
"19009","2015-04-18","390","В"
"19009","2015-04-19","390","В"
"19009","2015-04-20","390","В"
"19009","2015-04-21","390","В"
"19009","2015-04-22","390","В"
"19009","2015-04-23","390","В"
"19009","2015-04-24","390","В"
"19009","2015-04-25","390","В"
"19009","2015-04-26","390","В"
"19009","2015-04-27","390","В"
"19009","2015-04-28","390","_В"
"19009","2015-04-29","389","_В"
"19009","2015-04-30","403","^В"
"19009","2015-05-01","424","_В"
"19009","2015-05-02","436","В"
"19009","2015-05-03","437","В"
"19009","2015-05-04","436","В"
"19009","2015-05-05","436","В"
"19009","2015-05-06","437","В"
"19009","2015-05-07","438","В"
"19009","2015-05-08","438","В"
"19009","2015-05-09","438","В"
"19009","2015-05-10","438","В"
"19009","2015-05-11","438","В"
"19009","2015-05-12","438","В"
"19009","2015-05-13","438","В"
"19009","2015-05-14","438","В"
"19009","2015-05-15","438","В"
"19009","2015-05-16","438","В"
"19009","2015-05-17","438","В"
"19009","2015-05-18","438","В"
"19009","2015-05-19","438","В"
"19009","2015-05-20","438","В"
"19009","2015-05-21","442","В"
"19009","2015-05-22","451","^В"
"19009","2015-05-23","450","В"
"19009","2015-05-24","449","В"
"19009","2015-05-25","449","В"
"19009","2015-05-26","449","В"
"19009","2015-05-27","449","В"
"19009","2015-05-28","448","В"
"19009","2015-05-29","448","В"
"19009","2015-05-30","448","В"
"19009","2015-05-31","448","В"
"19009","2015-06-01","448","В"
"19009","2015-06-02","448","В"
"19009","2015-06-03","448","В"
"19009","2015-06-04","448","В"
"19009","2015-06-05","449","В"
"19009","2015-06-06","450","В"
"19009","2015-06-07","451","В"
"19009","2015-06-08","451","В"
"19009","2015-06-09","451","В"
"19009","2015-06-10","451","В"
"19009","2015-06-11","450","В"
"19009","2015-06-12","446","В"
"19009","2015-06-13","436","В"
"19009","2015-06-14","413","В"
"19009","2015-06-15","408","_В"
"19009","2015-06-16","447","В"
"19009","2015-06-17","458","В"
"19009","2015-06-18","460","В"
"19009","2015-06-19","462","В"
"19009","2015-06-20","463","В"
"19009","2015-06-21","463","В"
"19009","2015-06-22","463","В"
"19009","2015-06-23","464","^В"
"19009","2015-06-24","463","В"
"19009","2015-06-25","462","В"
"19009","2015-06-26","461","В"
"19009","2015-06-27","458","В"
"19009","2015-06-28","455","В"
"19009","2015-06-29","454","В"
"19009","2015-06-30","452","В"
"19009","2015-07-01","451","^В"
"19009","2015-07-02","450","^В"
"19009","2015-07-03","424","В"
"19009","2015-07-04","381","В"
"19009","2015-07-05","371","В"
"19009","2015-07-06","371","В"
"19009","2015-07-07","366","_В"
"19009","2015-07-08","367","_В"
"19009","2015-07-09","371","В"
"19009","2015-07-10","377","В"
"19009","2015-07-11","400","В"
"19009","2015-07-12","404","В"
"19009","2015-07-13","404","В"
"19009","2015-07-14","404","В"
"19009","2015-07-15","404","В"
"19009","2015-07-16","409","В"
"19009","2015-07-17","416","В"
"19009","2015-07-18","417","В"
"19009","2015-07-19","419","В"
"19009","2015-07-20","425","В"
"19009","2015-07-21","431","В"
"19009","2015-07-22","431","В"
"19009","2015-07-23","431","В"
"19009","2015-07-24","431","В"
"19009","2015-07-25","431","В"
"19009","2015-07-26","430","В"
"19009","2015-07-27","430","В"
"19009","2015-07-28","430","В"
"19009","2015-07-29","430","В"
"19009","2015-07-30","430","В"
"19009","2015-07-31","430","В"
"19009","2015-08-01","430","^В"
"19009","2015-08-02","429","^В"
"19009","2015-08-03","428","В"
"19009","2015-08-04","428","В"
"19009","2015-08-05","428","В"
"19009","2015-08-06","428","В"
"19009","2015-08-07","428","В"
"19009","2015-08-08","428","В"
"19009","2015-08-09","423","В"
"19009","2015-08-10","418","В"
"19009","2015-08-11","416","В"
"19009","2015-08-12","414","В"
"19009","2015-08-13","410","В"
"19009","2015-08-14","399","В"
"19009","2015-08-15","393","В"
"19009","2015-08-16","392","В"
"19009","2015-08-17","391","В"
"19009","2015-08-18","389","В"
"19009","2015-08-19","388","_В"
"19009","2015-08-20","388","_В"
"19009","2015-08-21","388","_В"
"19009","2015-08-22","388","_В"
"19009","2015-08-23","388","_В"
"19009","2015-08-24","388","_В"
"19009","2015-08-25","388","_В"
"19009","2015-08-26","388","_В"
"19009","2015-08-27","388","_В"
"19009","2015-08-28","388","_В"
"19009","2015-08-29","388","_В"
"19009","2015-08-30","388","_В"
"19009","2015-08-31","390","_В"
"19009","2015-09-01","405","_В"
"19009","2015-09-02","416","В"
"19009","2015-09-03","423","В"
"19009","2015-09-04","473","^В"
"19009","2015-09-05","482","^В"
"19009","2015-09-06","482","^В"
"19009","2015-09-07","482","^В"
"19009","2015-09-08","482","^В"
"19009","2015-09-09","482","^В"
"19009","2015-09-10","482","^В"
"19009","2015-09-11","482","^В"
"19009","2015-09-12","482","^В"
"19009","2015-09-13","482","^В"
"19009","2015-09-14","482","^В"
"19009","2015-09-15","481","В"
"19009","2015-09-16","481","В"
"19009","2015-09-17","481","В"
"19009","2015-09-18","481","В"
"19009","2015-09-19","481","В"
"19009","2015-09-20","481","В"
"19009","2015-09-21","481","В"
"19009","2015-09-22","481","В"
"19009","2015-09-23","477","В"
"19009","2015-09-24","473","В"
"19009","2015-09-25","470","В"
"19009","2015-09-26","467","В"
"19009","2015-09-27","467","В"
"19009","2015-09-28","467","В"
"19009","2015-09-29","467","В"
"19009","2015-09-30","467","В"
"19009","2015-10-01","467","_В"
"19009","2015-10-02","467","_В"
"19009","2015-10-03","467","_В"
"19009","2015-10-04","467","_В"
"19009","2015-10-05","467","_В"
"19009","2015-10-06","467","_В"
"19009","2015-10-07","467","_В"
"19009","2015-10-08","467","_В"
"19009","2015-10-09","467","_В"
"19009","2015-10-10","467","_В"
"19009","2015-10-11","467","_В"
"19009","2015-10-12","467","_В"
"19009","2015-10-13","467","_В"
"19009","2015-10-14","467","_В"
"19009","2015-10-15","467","_В"
"19009","2015-10-16","468","_В"
"19009","2015-10-17","468","В"
"19009","2015-10-18","468","В"
"19009","2015-10-19","468","В"
"19009","2015-10-20","468","В"
"19009","2015-10-21","468","В"
"19009","2015-10-22","468","В"
"19009","2015-10-23","468","В"
"19009","2015-10-24","468","В"
"19009","2015-10-25","468","В"
"19009","2015-10-26","468","В"
"19009","2015-10-27","469","В"
"19009","2015-10-28","470","^В"
"19009","2015-10-29","470","^В"
"19009","2015-10-30","470","^В"
"19009","2015-10-31","470","^В"
"19009","2015-11-01","470","В"
"19009","2015-11-02","470","В"
"19009","2015-11-03","470","В"
"19009","2015-11-04","470","В"
"19009","2015-11-05","471","^В"
"19009","2015-11-06","471","^В"
"19009","2015-11-07","471","^В"
"19009","2015-11-08","471","^В"
"19009","2015-11-09","471","^В"
"19009","2015-11-10","468","В"
"19009","2015-11-11","436","В"
"19009","2015-11-12","416","В"
"19009","2015-11-13","408","В"
"19009","2015-11-14","371","В"
"19009","2015-11-15","370","В"
"19009","2015-11-16","370","В"
"19009","2015-11-17","370","В"
"19009","2015-11-18","370","В"
"19009","2015-11-19","369","В"
"19009","2015-11-20","368","В"
"19009","2015-11-21","366","В"
"19009","2015-11-22","364","В"
"19009","2015-11-23","363","В"
"19009","2015-11-24","361","В"
"19009","2015-11-25","359","В"
"19009","2015-11-26","359","В"
"19009","2015-11-27","359",")В"
"19009","2015-11-28","359","IВ"
"19009","2015-11-29","358","IВ"
"19009","2015-11-30","356","_IВ"
"19009","2015-12-01","356","_IВ"
"19009","2015-12-02","355","_IВ"
"19009","2015-12-03","355","_IВ"
"19009","2015-12-04","355","_IВ"
"19009","2015-12-05","355","_IВ"
"19009","2015-12-06","355","_В"
"19009","2015-12-07","355","_В"
"19009","2015-12-08","355","_В"
"19009","2015-12-09","355","_)В"
"19009","2015-12-10","355","_ZВ"
"19009","2015-12-11","355","_IВ"
"19009","2015-12-12","355","_IВ"
"19009","2015-12-13","355","_IВ"
"19009","2015-12-14","355","_IВ"
"19009","2015-12-15","355","_IВ"
"19009","2015-12-16","355","_IВ"
"19009","2015-12-17","355","_IВ"
"19009","2015-12-18","356","IВ"
"19009","2015-12-19","356","IВ"
"19009","2015-12-20","356","IВ"
"19009","2015-12-21","358","IВ"
"19009","2015-12-22","358","IВ"
"19009","2015-12-23","358","IВ"
"19009","2015-12-24","358","IВ"
"19009","2015-12-25","358","IВ"
"19009","2015-12-26","360","IВ"
"19009","2015-12-27","362","IВ"
"19009","2015-12-28","365","IВ"
"19009","2015-12-29","369","IВ"
"19009","2015-12-30","371","IВ"
"19009","2015-12-31","373","^IВ"
"19009","2016-01-01","382","_IВ"
"19009","2016-01-02","384","IВ"
"19009","2016-01-03","385","IВ"
"19009","2016-01-04","385","IВ"
"19009","2016-01-05","386","IВ"
"19009","2016-01-06","387","IВ"
"19009","2016-01-07","389","IВ"
"19009","2016-01-08","389","IВ"
"19009","2016-01-09","389","IВ"
"19009","2016-01-10","389","IВ"
"19009","2016-01-11","389","IВ"
"19009","2016-01-12","389","IВ"
"19009","2016-01-13","389","IВ"
"19009","2016-01-14","389","IВ"
"19009","2016-01-15","389","IВ"
"19009","2016-01-16","390","^IВ"
"19009","2016-01-17","390","^IВ"
"19009","2016-01-18","390","^IВ"
"19009","2016-01-19","390","^IВ"
"19009","2016-01-20","390","^IВ"
"19009","2016-01-21","390","^IВ"
"19009","2016-01-22","390","^IВ"
"19009","2016-01-23","390","^IВ"
"19009","2016-01-24","390","^IВ"
"19009","2016-01-25","390","^IВ"
"19009","2016-01-26","388","IВ"
"19009","2016-01-27","388","IВ"
"19009","2016-01-28","388","IВ"
"19009","2016-01-29","388","IВ"
"19009","2016-01-30","388","IВ"
"19009","2016-01-31","388","IВ"
"19009","2016-02-01","388","IВ"
"19009","2016-02-02","388","IВ"
"19009","2016-02-03","388","IВ"
"19009","2016-02-04","388","IВ"
"19009","2016-02-05","387","IВ"
"19009","2016-02-06","386","IВ"
"19009","2016-02-07","385","IВ"
"19009","2016-02-08","385","IВ"
"19009","2016-02-09","384","IВ"
"19009","2016-02-10","384","IВ"
"19009","2016-02-11","384","_IВ"
"19009","2016-02-12","383","_IВ"
"19009","2016-02-13","383","_IВ"
"19009","2016-02-14","383","_IВ"
"19009","2016-02-15","383","_IВ"
"19009","2016-02-16","383","_IВ"
"19009","2016-02-17","384","_IВ"
"19009","2016-02-18","384","IВ"
"19009","2016-02-19","384","IВ"
"19009","2016-02-20","384","IВ"
"19009","2016-02-21","384","IВ"
"19009","2016-02-22","384","IВ"
"19009","2016-02-23","385","IВ"
"19009","2016-02-24","385","IВ"
"19009","2016-02-25","385","IВ"
"19009","2016-02-26","385","IВ"
"19009","2016-02-27","387","IВ"
"19009","2016-02-28","388","IВ"
"19009","2016-02-29","390","^IВ"
"19009","2016-03-01","390","IВ"
"19009","2016-03-02","390","IВ"
"19009","2016-03-03","390","IВ"
"19009","2016-03-04","393","IВ"
"19009","2016-03-05","394","IВ"
"19009","2016-03-06","395","^IВ"
"19009","2016-03-07","395","^IВ"
"19009","2016-03-08","395","^IВ"
"19009","2016-03-09","393","ПВ"
"19009","2016-03-10","392","ПВ"
"19009","2016-03-11","391",")П"
"19009","2016-03-12","391",")В"
"19009","2016-03-13","391",")В"
"19009","2016-03-14","390",")В"
"19009","2016-03-15","389",")В"
"19009","2016-03-16","388",")В"
"19009","2016-03-17","388",")В"
"19009","2016-03-18","388","В"
"19009","2016-03-19","387","В"
"19009","2016-03-20","387","В"
"19009","2016-03-21","387","В"
"19009","2016-03-22","383","В"
"19009","2016-03-23","382","_В"
"19009","2016-03-24","382","_В"
"19009","2016-03-25","382","_В"
"19009","2016-03-26","383","В"
"19009","2016-03-27","383","В"
"19009","2016-03-28","383","В"
"19009","2016-03-29","383","В"
"19009","2016-03-30","383","В"
"19009","2016-03-31","383","В"
"19009","2016-04-01","383","^В"
"19009","2016-04-02","383","^В"
"19009","2016-04-03","383","^В"
"19009","2016-04-04","383","^В"
"19009","2016-04-05","383","^В"
"19009","2016-04-06","383","^В"
"19009","2016-04-07","381","В"
"19009","2016-04-08","380","В"
"19009","2016-04-09","380","В"
"19009","2016-04-10","380","В"
"19009","2016-04-11","378","В"
"19009","2016-04-12","378","В"
"19009","2016-04-13","377","В"
"19009","2016-04-14","377","В"
"19009","2016-04-15","376","В"
"19009","2016-04-16","375","В"
"19009","2016-04-17","375","В"
"19009","2016-04-18","375","В"
"19009","2016-04-19","374","В"
"19009","2016-04-20","373","_В"
"19009","2016-04-21","373","_В"
"19009","2016-04-22","373","_В"
"19009","2016-04-23","373","_В"
"19009","2016-04-24","373","_В"
"19009","2016-04-25","373","_В"
"19009","2016-04-26","373","_В"
"19009","2016-04-27","373","_В"
"19009","2016-04-28","373","_В"
"19009","2016-04-29","373","_В"
"19009","2016-04-30","373","_В"
"19009","2016-05-01","373","В"
"19009","2016-05-02","372","_В"
"19009","2016-05-03","371","_В"
"19009","2016-05-04","371","_В"
"19009","2016-05-05","371","_В"
"19009","2016-05-06","371","_В"
"19009","2016-05-07","372","_В"
"19009","2016-05-08","373","В"
"19009","2016-05-09","373","В"
"19009","2016-05-10","373","В"
"19009","2016-05-11","373","В"
"19009","2016-05-12","375","В"
"19009","2016-05-13","378","В"
"19009","2016-05-14","380","В"
"19009","2016-05-15","380","В"
"19009","2016-05-16","381","В"
"19009","2016-05-17","382","В"
"19009","2016-05-18","384","В"
"19009","2016-05-19","384","В"
"19009","2016-05-20","384","В"
"19009","2016-05-21","385","В"
"19009","2016-05-22","387","В"
"19009","2016-05-23","387","В"
"19009","2016-05-24","387","В"
"19009","2016-05-25","389","В"
"19009","2016-05-26","392","В"
"19009","2016-05-27","395","^В"
"19009","2016-05-28","396","^В"
"19009","2016-05-29","396","^В"
"19009","2016-05-30","396","^В"
"19009","2016-05-31","396","^В"
"19009","2016-06-01","398","_В"
"19009","2016-06-02","409","В"
"19009","2016-06-03","432","В"
"19009","2016-06-04","442","В"
"19009","2016-06-05","444","В"
"19009","2016-06-06","444","В"
"19009","2016-06-07","444","В"
"19009","2016-06-08","444","В"
"19009","2016-06-09","444","В"
"19009","2016-06-10","444","В"
"19009","2016-06-11","444","В"
"19009","2016-06-12","444","В"
"19009","2016-06-13","445","В"
"19009","2016-06-14","446","В"
"19009","2016-06-15","446","В"
"19009","2016-06-16","446","В"
"19009","2016-06-17","446","В"
"19009","2016-06-18","446","В"
"19009","2016-06-19","446","В"
"19009","2016-06-20","446","В"
"19009","2016-06-21","447","В"
"19009","2016-06-22","447","В"
"19009","2016-06-23","447","В"
"19009","2016-06-24","448","^В"
"19009","2016-06-25","448","^В"
"19009","2016-06-26","448","^В"
"19009","2016-06-27","448","^В"
"19009","2016-06-28","448","^В"
"19009","2016-06-29","448","^В"
"19009","2016-06-30","448","^В"
"19009","2016-07-01","448","^В"
"19009","2016-07-02","448","^В"
"19009","2016-07-03","448","^В"
"19009","2016-07-04","448","^В"
"19009","2016-07-05","448","^В"
"19009","2016-07-06","448","^В"
"19009","2016-07-07","448","^В"
"19009","2016-07-08","447","В"
"19009","2016-07-09","446","В"
"19009","2016-07-10","446","В"
"19009","2016-07-11","446","В"
"19009","2016-07-12","446","В"
"19009","2016-07-13","445","В"
"19009","2016-07-14","444","В"
"19009","2016-07-15","444","В"
"19009","2016-07-16","444","В"
"19009","2016-07-17","444","В"
"19009","2016-07-18","443","_В"
"19009","2016-07-19","442","_В"
"19009","2016-07-20","442","_В"
"19009","2016-07-21","443","В"
"19009","2016-07-22","444","В"
"19009","2016-07-23","444","В"
"19009","2016-07-24","444","В"
"19009","2016-07-25","444","В"
"19009","2016-07-26","444","В"
"19009","2016-07-27","444","В"
"19009","2016-07-28","443","В"
"19009","2016-07-29","443","_В"
"19009","2016-07-30","442","_В"
"19009","2016-07-31","442","_В"
"19009","2016-08-01","443","В"
"19009","2016-08-02","444","^В"
"19009","2016-08-03","444","^В"
"19009","2016-08-04","444","^В"
"19009","2016-08-05","443","В"
"19009","2016-08-06","442","В"
"19009","2016-08-07","440","В"
"19009","2016-08-08","440","В"
"19009","2016-08-09","439","В"
"19009","2016-08-10","438","В"
"19009","2016-08-11","438","_В"
"19009","2016-08-12","437","_В"
"19009","2016-08-13","437","_В"
"19009","2016-08-14","437","_В"
"19009","2016-08-15","437","_В"
"19009","2016-08-16","437","_В"
"19009","2016-08-17","437","_В"
"19009","2016-08-18","437","_В"
"19009","2016-08-19","437","_В"
"19009","2016-08-20","437","_В"
"19009","2016-08-21","437","_В"
"19009","2016-08-22","437","_В"
"19009","2016-08-23","437","_В"
"19009","2016-08-24","437","_В"
"19009","2016-08-25","437","_В"
"19009","2016-08-26","437","_В"
"19009","2016-08-27","437","_В"
"19009","2016-08-28","437","_В"
"19009","2016-08-29","437","_В"
"19009","2016-08-30","437","_В"
"19009","2016-08-31","437","_В"
"19009","2016-09-01","437","_В"
"19009","2016-09-02","437","_В"
"19009","2016-09-03","438","_В"
"19009","2016-09-04","451","В"
"19009","2016-09-05","466","^В"
"19009","2016-09-06","471","^В"
"19009","2016-09-07","470","В"
"19009","2016-09-08","470","В"
"19009","2016-09-09","470","В"
"19009","2016-09-10","470","В"
"19009","2016-09-11","470","В"
"19009","2016-09-12","470","В"
"19009","2016-09-13","470","В"
"19009","2016-09-14","470","В"
"19009","2016-09-15","470","В"
"19009","2016-09-16","470","В"
"19009","2016-09-17","470","В"
"19009","2016-09-18","470","В"
"19009","2016-09-19","470","В"
"19009","2016-09-20","470","В"
"19009","2016-09-21","470","В"
"19009","2016-09-22","470","В"
"19009","2016-09-23","470","В"
"19009","2016-09-24","470","В"
"19009","2016-09-25","470","В"
"19009","2016-09-26","470","В"
"19009","2016-09-27","470","В"
"19009","2016-09-28","470","В"
"19009","2016-09-29","470","В"
"19009","2016-09-30","471","^В"
"19009","2016-10-01","472","_В"
"19009","2016-10-02","472","В"
"19009","2016-10-03","475","В"
"19009","2016-10-04","475","В"
"19009","2016-10-05","475","В"
"19009","2016-10-06","475","В"
"19009","2016-10-07","475","В"
"19009","2016-10-08","476","В"
"19009","2016-10-09","476","В"
"19009","2016-10-10","477","В"
"19009","2016-10-11","477","В"
"19009","2016-10-12","477","В"
"19009","2016-10-13","477","В"
"19009","2016-10-14","476","В"
"19009","2016-10-15","474","В"
"19009","2016-10-16","474","В"
"19009","2016-10-17","474","В"
"19009","2016-10-18","474","В"
"19009","2016-10-19","474","В"
"19009","2016-10-20","474","В"
"19009","2016-10-21","474","В"
"19009","2016-10-22","474","В"
"19009","2016-10-23","474","В"
"19009","2016-10-24","474","В"
"19009","2016-10-25","474","В"
"19009","2016-10-26","474","В"
"19009","2016-10-27","474","В"
"19009","2016-10-28","477","В"
"19009","2016-10-29","477","В"
"19009","2016-10-30","477","В"
"19009","2016-10-31","478","^В"
"19009","2016-11-01","478","В"
"19009","2016-11-02","479","В"
"19009","2016-11-03","482","^В"
"19009","2016-11-04","482","^В"
"19009","2016-11-05","482","^В"
"19009","2016-11-06","482","^В"
"19009","2016-11-07","482","^В"
"19009","2016-11-08","482","^В"
"19009","2016-11-09","482","^В"
"19009","2016-11-10","482","^В"
"19009","2016-11-11","479","В"
"19009","2016-11-12","479","В"
"19009","2016-11-13","477","В"
"19009","2016-11-14","476","В"
"19009","2016-11-15","462",")В"
"19009","2016-11-16","416",")В"
"19009","2016-11-17","404","IВ"
"19009","2016-11-18","384","IВ"
"19009","2016-11-19","368","IВ"
"19009","2016-11-20","368","IВ"
"19009","2016-11-21","367","IВ"
"19009","2016-11-22","366","IВ"
"19009","2016-11-23","366","IВ"
"19009","2016-11-24","366","IВ"
"19009","2016-11-25","366","IВ"
"19009","2016-11-26","366","IВ"
"19009","2016-11-27","367","IВ"
"19009","2016-11-28","365","IВ"
"19009","2016-11-29","363","_IВ"
"19009","2016-11-30","362","_IВ"
"19009","2016-12-01","363","_IВ"
"19009","2016-12-02","363","IВ"
"19009","2016-12-03","363","IВ"
"19009","2016-12-04","363","IВ"
"19009","2016-12-05","363","IВ"
"19009","2016-12-06","363","IВ"
"19009","2016-12-07","363","IВ"
"19009","2016-12-08","363","IВ"
"19009","2016-12-09","363","IВ"
"19009","2016-12-10","363","IВ"
"19009","2016-12-11","363","IВ"
"19009","2016-12-12","363","IВ"
"19009","2016-12-13","363","IВ"
"19009","2016-12-14","363","IВ"
"19009","2016-12-15","363","IВ"
"19009","2016-12-16","363","IВ"
"19009","2016-12-17","364","^IВ"
"19009","2016-12-18","364","^IВ"
"19009","2016-12-19","364","^IВ"
"19009","2016-12-20","364","^IВ"
"19009","2016-12-21","364","^IВ"
"19009","2016-12-22","364","^IВ"
"19009","2016-12-23","364","^IВ"
"19009","2016-12-24","364","^IВ"
"19009","2016-12-25","363","IВ"
"19009","2016-12-26","363","IВ"
"19009","2016-12-27","363","IВ"
"19009","2016-12-28","363","IВ"
"19009","2016-12-29","363","IВ"
"19009","2016-12-30","363","IВ"
"19009","2016-12-31","363","IВ"
"19009","2017-01-01","363","^IВ"
"19009","2017-01-02","363","^IВ"
"19009","2017-01-03","363","^IВ"
"19009","2017-01-04","363","^IВ"
"19009","2017-01-05","363","^IВ"
"19009","2017-01-06","363","^IВ"
"19009","2017-01-07","362","_IВ"
"19009","2017-01-08","362","_IВ"
"19009","2017-01-09","362","_IВ"
"19009","2017-01-10","362","_IВ"
"19009","2017-01-11","362","_IВ"
"19009","2017-01-12","362","_IВ"
"19009","2017-01-13","362","_IВ"
"19009","2017-01-14","362","_IВ"
"19009","2017-01-15","362","_IВ"
"19009","2017-01-16","362","_IВ"
"19009","2017-01-17","362","_IВ"
"19009","2017-01-18","362","_IВ"
"19009","2017-01-19","362","_IВ"
"19009","2017-01-20","362","_IВ"
"19009","2017-01-21","362","_IВ"
"19009","2017-01-22","362","_IВ"
"19009","2017-01-23","362","_IВ"
"19009","2017-01-24","362","_IВ"
"19009","2017-01-25","362","_IВ"
"19009","2017-01-26","362","_IВ"
"19009","2017-01-27","362","_IВ"
"19009","2017-01-28","362","_IВ"
"19009","2017-01-29","362","_IВ"
"19009","2017-01-30","362","_IВ"
"19009","2017-01-31","362","_IВ"
"19009","2017-02-01","362","_IВ"
"19009","2017-02-02","362","_IВ"
"19009","2017-02-03","362","_IВ"
"19009","2017-02-04","362","_IВ"
"19009","2017-02-05","362","_IВ"
"19009","2017-02-06","362","_IВ"
"19009","2017-02-07","362","_IВ"
"19009","2017-02-08","362","_IВ"
"19009","2017-02-09","362","_IВ"
"19009","2017-02-10","362","_IВ"
"19009","2017-02-11","362","_IВ"
"19009","2017-02-12","362","_IВ"
"19009","2017-02-13","362","_IВ"
"19009","2017-02-14","362","_IВ"
"19009","2017-02-15","362","_IВ"
"19009","2017-02-16","362","_IВ"
"19009","2017-02-17","362","_IВ"
"19009","2017-02-18","362","_IВ"
"19009","2017-02-19","364","_IВ"
"19009","2017-02-20","366","IВ"
"19009","2017-02-21","366","IВ"
"19009","2017-02-22","367","IВ"
"19009","2017-02-23","368","IВ"
"19009","2017-02-24","369","IВ"
"19009","2017-02-25","371","^IВ"
"19009","2017-02-26","372","^IВ"
"19009","2017-02-27","372","^IВ"
"19009","2017-02-28","372","^IВ"
"19009","2017-03-01","372","IВ"
"19009","2017-03-02","372","IВ"
"19009","2017-03-03","372","IВ"
"19009","2017-03-04","372","IВ"
"19009","2017-03-05","372","IВ"
"19009","2017-03-06","372","IВ"
"19009","2017-03-07","372","IВ"
"19009","2017-03-08","372","IВ"
"19009","2017-03-09","371","IВ"
"19009","2017-03-10","371","IВ"
"19009","2017-03-11","369","IВ"
"19009","2017-03-12","369","IВ"
"19009","2017-03-13","368","IВ"
"19009","2017-03-14","368","IВ"
"19009","2017-03-15","370","~В"
"19009","2017-03-16","384","~В"
"19009","2017-03-17","403","~В"
"19009","2017-03-18","409","^~В"
"19009","2017-03-19","407","~В"
"19009","2017-03-20","405","IВ"
"19009","2017-03-21","405","(В"
"19009","2017-03-22","405","(В"
"19009","2017-03-23","404","(В"
"19009","2017-03-24","404","Р("
"19009","2017-03-25","404","РВ"
"19009","2017-03-26","400","РВ"
"19009","2017-03-27","379","В"
"19009","2017-03-28","377","В"
"19009","2017-03-29","372","В"
"19009","2017-03-30","369","В"
"19009","2017-03-31","364","_В"
"19009","2017-04-01","361","В"
"19009","2017-04-02","362","В"
"19009","2017-04-03","364","В"
"19009","2017-04-04","366","В"
"19009","2017-04-05","367","В"
"19009","2017-04-06","365","В"
"19009","2017-04-07","364","В"
"19009","2017-04-08","363","В"
"19009","2017-04-09","363","В"
"19009","2017-04-10","361","_В"
"19009","2017-04-11","360","_В"
"19009","2017-04-12","360","_В"
"19009","2017-04-13","360","_В"
"19009","2017-04-14","365","В"
"19009","2017-04-15","368","В"
"19009","2017-04-16","370","^В"
"19009","2017-04-17","370","^В"
"19009","2017-04-18","370","^В"
"19009","2017-04-19","370","^В"
"19009","2017-04-20","369","В"
"19009","2017-04-21","369","В"
"19009","2017-04-22","370","^В"
"19009","2017-04-23","370","^В"
"19009","2017-04-24","370","^В"
"19009","2017-04-25","370","^В"
"19009","2017-04-26","370","^В"
"19009","2017-04-27","370","^В"
"19009","2017-04-28","368","В"
"19009","2017-04-29","367","В"
"19009","2017-04-30","367","В"
"19009","2017-05-01","366","В"
"19009","2017-05-02","366","В"
"19009","2017-05-03","366","В"
"19009","2017-05-04","374","В"
"19009","2017-05-05","388","В"
"19009","2017-05-06","405","В"
"19009","2017-05-07","417","^В"
"19009","2017-05-08","418","^В"
"19009","2017-05-09","418","^В"
"19009","2017-05-10","418","^В"
"19009","2017-05-11","418","^В"
"19009","2017-05-12","417","^В"
"19009","2017-05-13","413","В"
"19009","2017-05-14","404","В"
"19009","2017-05-15","400","В"
"19009","2017-05-16","398","В"
"19009","2017-05-17","398","В"
"19009","2017-05-18","397","В"
"19009","2017-05-19","388","В"
"19009","2017-05-20","382","В"
"19009","2017-05-21","375","В"
"19009","2017-05-22","373","В"
"19009","2017-05-23","370","В"
"19009","2017-05-24","366","_В"
"19009","2017-05-25","365","_В"
"19009","2017-05-26","365","_В"
"19009","2017-05-27","365","_В"
"19009","2017-05-28","365","_В"
"19009","2017-05-29","365","_В"
"19009","2017-05-30","365","_В"
"19009","2017-05-31","365","_В"
"19009","2017-06-01","366","_В"
"19009","2017-06-02","369","В"
"19009","2017-06-03","379","В"
"19009","2017-06-04","392","В"
"19009","2017-06-05","397","В"
"19009","2017-06-06","398","В"
"19009","2017-06-07","399","В"
"19009","2017-06-08","403","В"
"19009","2017-06-09","426","В"
"19009","2017-06-10","431","В"
"19009","2017-06-11","431","В"
"19009","2017-06-12","431","В"
"19009","2017-06-13","431","В"
"19009","2017-06-14","431","В"
"19009","2017-06-15","431","В"
"19009","2017-06-16","431","В"
"19009","2017-06-17","431","В"
"19009","2017-06-18","431","В"
"19009","2017-06-19","431","В"
"19009","2017-06-20","431","В"
"19009","2017-06-21","431","В"
"19009","2017-06-22","431","В"
"19009","2017-06-23","431","В"
"19009","2017-06-24","431","В"
"19009","2017-06-25","431","В"
"19009","2017-06-26","431","В"
"19009","2017-06-27","431","В"
"19009","2017-06-28","431","В"
"19009","2017-06-29","431","В"
"19009","2017-06-30","433","^В"
"19009","2017-07-01","434","_В"
"19009","2017-07-02","434","_В"
"19009","2017-07-03","434","_В"
"19009","2017-07-04","434","_В"
"19009","2017-07-05","434","_В"
"19009","2017-07-06","436","В"
"19009","2017-07-07","436","В"
"19009","2017-07-08","436","В"
"19009","2017-07-09","437","В"
"19009","2017-07-10","438","В"
"19009","2017-07-11","439","В"
"19009","2017-07-12","439","В"
"19009","2017-07-13","440","В"
"19009","2017-07-14","440","В"
"19009","2017-07-15","440","В"
"19009","2017-07-16","440","В"
"19009","2017-07-17","441","^В"
"19009","2017-07-18","441","^В"
"19009","2017-07-19","441","^В"
"19009","2017-07-20","441","^В"
"19009","2017-07-21","441","^В"
"19009","2017-07-22","441","^В"
"19009","2017-07-23","441","^В"
"19009","2017-07-24","441","^В"
"19009","2017-07-25","441","^В"
"19009","2017-07-26","441","^В"
"19009","2017-07-27","441","^В"
"19009","2017-07-28","441","^В"
"19009","2017-07-29","441","^В"
"19009","2017-07-30","441","^В"
"19009","2017-07-31","441","^В"
"19009","2017-08-01","441","""В"
"19009","2017-08-02","441","""В"
"19009","2017-08-03","441","""В"
"19009","2017-08-04","441","""В"
"19009","2017-08-05","441","""В"
"19009","2017-08-06","441","""В"
"19009","2017-08-07","441","""В"
"19009","2017-08-08","441","""В"
"19009","2017-08-09","441","""В"
"19009","2017-08-10","441","""В"
"19009","2017-08-11","441","""В"
"19009","2017-08-12","441","""В"
"19009","2017-08-13","441","""В"
"19009","2017-08-14","441","""В"
"19009","2017-08-15","441","""В"
"19009","2017-08-16","441","""В"
"19009","2017-08-17","441","""В"
"19009","2017-08-18","441","""В"
"19009","2017-08-19","441","""В"
"19009","2017-08-20","441","""В"
"19009","2017-08-21","441","""В"
"19009","2017-08-22","441","""В"
"19009","2017-08-23","441","""В"
"19009","2017-08-24","441","""В"
"19009","2017-08-25","441","""В"
"19009","2017-08-26","441","""В"
"19009","2017-08-27","441","""В"
"19009","2017-08-28","441","""В"
"19009","2017-08-29","441","""В"
"19009","2017-08-30","441","""В"
"19009","2017-08-31","441","""В"
"19009","2017-09-01","442","_В"
"19009","2017-09-02","446","В"
"19009","2017-09-03","447","В"
"19009","2017-09-04","448","^В"
"19009","2017-09-05","448","^В"
"19009","2017-09-06","448","^В"
"19009","2017-09-07","448","^В"
"19009","2017-09-08","448","^В"
"19009","2017-09-09","448","^В"
"19009","2017-09-10","448","^В"
"19009","2017-09-11","448","^В"
"19009","2017-09-12","448","^В"
"19009","2017-09-13","448","^В"
"19009","2017-09-14","448","^В"
"19009","2017-09-15","448","^В"
"19009","2017-09-16","448","^В"
"19009","2017-09-17","448","^В"
"19009","2017-09-18","448","^В"
"19009","2017-09-19","448","^В"
"19009","2017-09-20","448","^В"
"19009","2017-09-21","448","^В"
"19009","2017-09-22","448","^В"
"19009","2017-09-23","448","^В"
"19009","2017-09-24","448","^В"
"19009","2017-09-25","448","^В"
"19009","2017-09-26","448","^В"
"19009","2017-09-27","448","^В"
"19009","2017-09-28","448","^В"
"19009","2017-09-29","448","^В"
"19009","2017-09-30","448","^В"
"19009","2017-10-01","448","В"
"19009","2017-10-02","448","В"
"19009","2017-10-03","448","В"
"19009","2017-10-04","448","В"
"19009","2017-10-05","448","В"
"19009","2017-10-06","448","В"
"19009","2017-10-07","448","В"
"19009","2017-10-08","448","В"
"19009","2017-10-09","448","В"
"19009","2017-10-10","445","В"
"19009","2017-10-11","432","В"
"19009","2017-10-12","423","_В"
"19009","2017-10-13","441","В"
"19009","2017-10-14","442","В"
"19009","2017-10-15","442","В"
"19009","2017-10-16","442","В"
"19009","2017-10-17","442","В"
"19009","2017-10-18","442","В"
"19009","2017-10-19","442","В"
"19009","2017-10-20","442","В"
"19009","2017-10-21","442","В"
"19009","2017-10-22","442","В"
"19009","2017-10-23","442","В"
"19009","2017-10-24","442","В"
"19009","2017-10-25","442","В"
"19009","2017-10-26","446","В"
"19009","2017-10-27","446","В"
"19009","2017-10-28","447","В"
"19009","2017-10-29","448","В"
"19009","2017-10-30","448","В"
"19009","2017-10-31","449","^В"
"19009","2017-11-01","450","_В"
"19009","2017-11-02","450","_В"
"19009","2017-11-03","451","В"
"19009","2017-11-04","451","В"
"19009","2017-11-05","452","В"
"19009","2017-11-06","452","В"
"19009","2017-11-07","452","В"
"19009","2017-11-08","452","В"
"19009","2017-11-09","452","В"
"19009","2017-11-10","453","^В"
"19009","2017-11-11","453","^В"
"19009","2017-11-12","453","^В"
"19009","2017-11-13","453","^В"
"19009","2017-11-14","453","^В"
"19009","2017-11-15","453","^В"
"19009","2017-11-16","453","^В"
"19009","2017-11-17","453","^В"
"19009","2017-11-18","453","^В"
"19009","2017-11-19","453","^В"
"19009","2017-11-20","452","В"
"19009","2017-11-21","452","В"
"19009","2017-11-22","452","В"
"19009","2017-11-23","452","В"
"19009","2017-11-24","452","В"
"19009","2017-11-25","452","В"
"19009","2017-11-26","452",")В"
"19009","2017-11-27","452",")В"
"19009","2017-11-28","452",")В"
"19009","2017-11-29","452","IВ"
"19009","2017-11-30","452","IВ"
"19009","2017-12-01","452","^IВ"
"19009","2017-12-02","452","^IВ"
"19009","2017-12-03","452","^IВ"
"19009","2017-12-04","452","^IВ"
"19009","2017-12-05","452","^IВ"
"19009","2017-12-06","452","^IВ"
"19009","2017-12-07","452","^IВ"
"19009","2017-12-08","452","^IВ"
"19009","2017-12-09","452","^IВ"
"19009","2017-12-10","452","^IВ"
"19009","2017-12-11","452","^IВ"
"19009","2017-12-12","452","^IВ"
"19009","2017-12-13","452","^IВ"
"19009","2017-12-14","452","^IВ"
"19009","2017-12-15","452","^IВ"
"19009","2017-12-16","452","^IВ"
"19009","2017-12-17","452","^IВ"
"19009","2017-12-18","452","^IВ"
"19009","2017-12-19","452","^IВ"
"19009","2017-12-20","452","^IВ"
"19009","2017-12-21","452","^IВ"
"19009","2017-12-22","452","^IВ"
"19009","2017-12-23","451","IВ"
"19009","2017-12-24","451","IВ"
"19009","2017-12-25","451","IВ"
"19009","2017-12-26","451","IВ"
"19009","2017-12-27","451","IВ"
"19009","2017-12-28","408","IВ"
"19009","2017-12-29","391","IВ"
"19009","2017-12-30","390","_IВ"
"19009","2017-12-31","390","_IВ"
"19009","2018-01-01","390","^IВ"
"19009","2018-01-02","390","^IВ"
"19009","2018-01-03","390","^IВ"
"19009","2018-01-04","390","^IВ"
"19009","2018-01-05","390","^IВ"
"19009","2018-01-06","390","^IВ"
"19009","2018-01-07","390","^IВ"
"19009","2018-01-08","390","^IВ"
"19009","2018-01-09","390","^IВ"
"19009","2018-01-10","390","^IВ"
"19009","2018-01-11","390","^IВ"
"19009","2018-01-12","390","^IВ"
"19009","2018-01-13","390","^IВ"
"19009","2018-01-14","390","^IВ"
"19009","2018-01-15","390","^IВ"
"19009","2018-01-16","390","^IВ"
"19009","2018-01-17","390","^IВ"
"19009","2018-01-18","390","^IВ"
"19009","2018-01-19","390","^IВ"
"19009","2018-01-20","390","^IВ"
"19009","2018-01-21","390","^IВ"
"19009","2018-01-22","389","""IВ"
"19009","2018-01-23","388","_IВ"
"19009","2018-01-24","388","_IВ"
"19009","2018-01-25","388","_IВ"
"19009","2018-01-26","388","_IВ"
"19009","2018-01-27","388","_IВ"
"19009","2018-01-28","388","_IВ"
"19009","2018-01-29","388","_IВ"
"19009","2018-01-30","388","_IВ"
"19009","2018-01-31","388","_IВ"
"19009","2018-02-01","388","^IВ"
"19009","2018-02-02","388","^IВ"
"19009","2018-02-03","387","IВ"
"19009","2018-02-04","387","IВ"
"19009","2018-02-05","386","_IВ"
"19009","2018-02-06","386","_IВ"
"19009","2018-02-07","386","_IВ"
"19009","2018-02-08","386","_IВ"
"19009","2018-02-09","386","_IВ"
"19009","2018-02-10","386","_IВ"
"19009","2018-02-11","386","_IВ"
"19009","2018-02-12","386","_IВ"
"19009","2018-02-13","386","_IВ"
"19009","2018-02-14","386","_IВ"
"19009","2018-02-15","386","_IВ"
"19009","2018-02-16","386","_IВ"
"19009","2018-02-17","386","_IВ"
"19009","2018-02-18","386","_IВ"
"19009","2018-02-19","386","_IВ"
"19009","2018-02-20","386","_IВ"
"19009","2018-02-21","386","_IВ"
"19009","2018-02-22","386","_IВ"
"19009","2018-02-23","386","_IВ"
"19009","2018-02-24","386","_IВ"
"19009","2018-02-25","386","_IВ"
"19009","2018-02-26","386","_IВ"
"19009","2018-02-27","386","_IВ"
"19009","2018-02-28","386","_IВ"
"19009","2018-03-01","386","_IВ"
"19009","2018-03-02","386","_IВ"
"19009","2018-03-03","386","_IВ"
"19009","2018-03-04","386","_IВ"
"19009","2018-03-05","386","_IВ"
"19009","2018-03-06","386","_IВ"
"19009","2018-03-07","386","_IВ"
"19009","2018-03-08","386","_IВ"
"19009","2018-03-09","386","_IВ"
"19009","2018-03-10","386","_IВ"
"19009","2018-03-11","386","_IВ"
"19009","2018-03-12","386","_IВ"
"19009","2018-03-13","386","_IВ"
"19009","2018-03-14","386","_IВ"
"19009","2018-03-15","386","_IВ"
"19009","2018-03-16","386","_IВ"
"19009","2018-03-17","386","_IВ"
"19009","2018-03-18","386","_IВ"
"19009","2018-03-19","386","_IВ"
"19009","2018-03-20","386","_IВ"
"19009","2018-03-21","386","_IВ"
"19009","2018-03-22","386","_IВ"
"19009","2018-03-23","386","_IВ"
"19009","2018-03-24","386","_IВ"
"19009","2018-03-25","386","_IВ"
"19009","2018-03-26","386","_IВ"
"19009","2018-03-27","387","""IВ"
"19009","2018-03-28","387","^IВ"
"19009","2018-03-29","387","^IВ"
"19009","2018-03-30","387","^IВ"
"19009","2018-03-31","387","^IВ"
"19009","2018-04-01","387","_IВ"
"19009","2018-04-02","388","IВ"
"19009","2018-04-03","389","IВ"
"19009","2018-04-04","389","IВ"
"19009","2018-04-05","389","IВ"
"19009","2018-04-06","389","IВ"
"19009","2018-04-07","405","~"
"19009","2018-04-08","428","~"
"19009","2018-04-09","436","~"
"19009","2018-04-10","470","~"
"19009","2018-04-11","573","ПI"
"19009","2018-04-12","682","^Р"
"19009","2018-04-13","648",""
"19009","2018-04-14","607",""
"19009","2018-04-15","550",""
"19009","2018-04-16","483",""
"19009","2018-04-17","485",""
"19009","2018-04-18","488",""
"19009","2018-04-19","489",""
"19009","2018-04-20","487",""
"19009","2018-04-21","475",""
"19009","2018-04-22","468","В"
"19009","2018-04-23","467","В"
"19009","2018-04-24","465","В"
"19009","2018-04-25","462","В"
"19009","2018-04-26","451","В"
"19009","2018-04-27","449","В"
"19009","2018-04-28","449","В"
"19009","2018-04-29","449","В"
"19009","2018-04-30","448","В"
"19009","2018-05-01","398","^В"
"19009","2018-05-02","388","В"
"19009","2018-05-03","379","В"
"19009","2018-05-04","376","В"
"19009","2018-05-05","376","В"
"19009","2018-05-06","374","В"
"19009","2018-05-07","374","В"
"19009","2018-05-08","374","_В"
"19009","2018-05-09","373","_В"
"19009","2018-05-10","373","_В"
"19009","2018-05-11","373","_В"
"19009","2018-05-12","373","_В"
"19009","2018-05-13","373","_В"
"19009","2018-05-14","373","_В"
"19009","2018-05-15","373","_В"
"19009","2018-05-16","373","_В"
"19009","2018-05-17","373","_В"
"19009","2018-05-18","373","_В"
"19009","2018-05-19","373","_В"
"19009","2018-05-20","373","_В"
"19009","2018-05-21","374","В"
"19009","2018-05-22","374","В"
"19009","2018-05-23","374","В"
"19009","2018-05-24","374","В"
"19009","2018-05-25","374","В"
"19009","2018-05-26","374","В"
"19009","2018-05-27","374","В"
"19009","2018-05-28","374","В"
"19009","2018-05-29","374","В"
"19009","2018-05-30","374","В"
"19009","2018-05-31","374","В"
"19009","2018-06-01","374","_В"
"19009","2018-06-02","374","_В"
"19009","2018-06-03","405","В"
"19009","2018-06-04","419","В"
"19009","2018-06-05","422","В"
"19009","2018-06-06","422","В"
"19009","2018-06-07","422","В"
"19009","2018-06-08","422","В"
"19009","2018-06-09","422","В"
"19009","2018-06-10","422","В"
"19009","2018-06-11","422","В"
"19009","2018-06-12","422","В"
"19009","2018-06-13","422","В"
"19009","2018-06-14","422","В"
"19009","2018-06-15","422","В"
"19009","2018-06-16","424","В"
"19009","2018-06-17","424","В"
"19009","2018-06-18","424","В"
"19009","2018-06-19","424","В"
"19009","2018-06-20","424","В"
"19009","2018-06-21","424","В"
"19009","2018-06-22","424","В"
"19009","2018-06-23","424","В"
"19009","2018-06-24","425","В"
"19009","2018-06-25","425","В"
"19009","2018-06-26","425","В"
"19009","2018-06-27","426","В"
"19009","2018-06-28","428","В"
"19009","2018-06-29","429","^В"
"19009","2018-06-30","429","^В"
"19009","2018-07-01","430","_В"
"19009","2018-07-02","431","В"
"19009","2018-07-03","435","В"
"19009","2018-07-04","437","В"
"19009","2018-07-05","437","В"
"19009","2018-07-06","437","В"
"19009","2018-07-07","438","В"
"19009","2018-07-08","438","В"
"19009","2018-07-09","438","В"
"19009","2018-07-10","441","В"
"19009","2018-07-11","442","В"
"19009","2018-07-12","446","В"
"19009","2018-07-13","449","В"
"19009","2018-07-14","451","^В"
"19009","2018-07-15","451","^В"
"19009","2018-07-16","451","^В"
"19009","2018-07-17","451","^В"
"19009","2018-07-18","451","^В"
"19009","2018-07-19","451","^В"
"19009","2018-07-20","451","^В"
"19009","2018-07-21","451","^В"
"19009","2018-07-22","451","^В"
"19009","2018-07-23","451","^В"
"19009","2018-07-24","451","^В"
"19009","2018-07-25","450","В"
"19009","2018-07-26","450","В"
"19009","2018-07-27","450","В"
"19009","2018-07-28","450","В"
"19009","2018-07-29","450","В"
"19009","2018-07-30","450","В"
"19009","2018-07-31","450","В"
"19009","2018-08-01","450","^В"
"19009","2018-08-02","449","В"
"19009","2018-08-03","449","В"
"19009","2018-08-04","449","В"
"19009","2018-08-05","449","В"
"19009","2018-08-06","448","В"
"19009","2018-08-07","448","В"
"19009","2018-08-08","448","В"
"19009","2018-08-09","447","В"
"19009","2018-08-10","447","В"
"19009","2018-08-11","447","В"
"19009","2018-08-12","447","В"
"19009","2018-08-13","447","В"
"19009","2018-08-14","446","В"
"19009","2018-08-15","446","В"
"19009","2018-08-16","446","В"
"19009","2018-08-17","446","В"
"19009","2018-08-18","446","В"
"19009","2018-08-19","446","В"
"19009","2018-08-20","445","В"
"19009","2018-08-21","445","В"
"19009","2018-08-22","445","В"
"19009","2018-08-23","445","В"
"19009","2018-08-24","445","В"
"19009","2018-08-25","445","В"
"19009","2018-08-26","444","В"
"19009","2018-08-27","444","В"
"19009","2018-08-28","443","_В"
"19009","2018-08-29","443","_В"
"19009","2018-08-30","443","_В"
"19009","2018-08-31","443","_В"
"19009","2018-09-01","443","_В"
"19009","2018-09-02","443","_В"
"19009","2018-09-03","443","_В"
"19009","2018-09-04","443","_В"
"19009","2018-09-05","443","_В"
"19009","2018-09-06","443","_В"
"19009","2018-09-07","443","_В"
"19009","2018-09-08","444","""В"
"19009","2018-09-09","444","^В"
"19009","2018-09-10","444","^В"
"19009","2018-09-11","444","^В"
"19009","2018-09-12","444","^В"
"19009","2018-09-13","444","^В"
"19009","2018-09-14","444","^В"
"19009","2018-09-15","444","^В"
"19009","2018-09-16","444","^В"
"19009","2018-09-17","444","^В"
"19009","2018-09-18","444","^В"
"19009","2018-09-19","444","^В"
"19009","2018-09-20","444","^В"
"19009","2018-09-21","444","^В"
"19009","2018-09-22","444","^В"
"19009","2018-09-23","444","^В"
"19009","2018-09-24","444","^В"
"19009","2018-09-25","444","^В"
"19009","2018-09-26","444","^В"
"19009","2018-09-27","444","^В"
"19009","2018-09-28","444","^В"
"19009","2018-09-29","444","^В"
"19009","2018-09-30","444","^В"
"19009","2018-10-01","444","_В"
"19009","2018-10-02","444","_В"
"19009","2018-10-03","444","_В"
"19009","2018-10-04","444","_В"
"19009","2018-10-05","444","_В"
"19009","2018-10-06","446","В"
"19009","2018-10-07","446","В"
"19009","2018-10-08","446","В"
"19009","2018-10-09","446","В"
"19009","2018-10-10","446","В"
"19009","2018-10-11","446","В"
"19009","2018-10-12","446","В"
"19009","2018-10-13","448","В"
"19009","2018-10-14","448","В"
"19009","2018-10-15","448","В"
"19009","2018-10-16","448","В"
"19009","2018-10-17","449","В"
"19009","2018-10-18","449","В"
"19009","2018-10-19","450","В"
"19009","2018-10-20","450","В"
"19009","2018-10-21","451","В"
"19009","2018-10-22","451","В"
"19009","2018-10-23","451","В"
"19009","2018-10-24","451","В"
"19009","2018-10-25","451","В"
"19009","2018-10-26","451","В"
"19009","2018-10-27","451","В"
"19009","2018-10-28","455","В"
"19009","2018-10-29","457","В"
"19009","2018-10-30","458","^В"
"19009","2018-10-31","458","^В"
"19009","2018-11-01","459","В"
"19009","2018-11-02","459","В"
"19009","2018-11-03","459","В"
"19009","2018-11-04","459","В"
"19009","2018-11-05","459","В"
"19009","2018-11-06","459","В"
"19009","2018-11-07","460","^В"
"19009","2018-11-08","460","^В"
"19009","2018-11-09","460","^В"
"19009","2018-11-10","460","^В"
"19009","2018-11-11","460","^)В"
"19009","2018-11-12","460","^ZВ"
"19009","2018-11-13","460","^IВ"
"19009","2018-11-14","460","^IВ"
"19009","2018-11-15","459","IВ"
"19009","2018-11-16","459","IВ"
"19009","2018-11-17","459","IВ"
"19009","2018-11-18","438","IВ"
"19009","2018-11-19","422","IВ"
"19009","2018-11-20","413","IВ"
"19009","2018-11-21","413","IВ"
"19009","2018-11-22","408","IВ"
"19009","2018-11-23","401","IВ"
"19009","2018-11-24","392","IВ"
"19009","2018-11-25","377","_IВ"
"19009","2018-11-26","376","_IВ"
"19009","2018-11-27","376","_IВ"
"19009","2018-11-28","376","_IВ"
"19009","2018-11-29","376","_IВ"
"19009","2018-11-30","376","_IВ"
"19009","2018-12-01","376","^IВ"
"19009","2018-12-02","373","_IВ"
"19009","2018-12-03","373","_IВ"
"19009","2018-12-04","373","_IВ"
"19009","2018-12-05","373","_IВ"
"19009","2018-12-06","373","_IВ"
"19009","2018-12-07","373","_IВ"
"19009","2018-12-08","373","_IВ"
"19009","2018-12-09","373","_IВ"
"19009","2018-12-10","373","_IВ"
"19009","2018-12-11","373","_IВ"
"19009","2018-12-12","373","_IВ"
"19009","2018-12-13","373","_IВ"
"19009","2018-12-14","373","_IВ"
"19009","2018-12-15","373","_IВ"
"19009","2018-12-16","373","_IВ"
"19009","2018-12-17","373","_IВ"
"19009","2018-12-18","373","_IВ"
"19009","2018-12-19","373","_IВ"
"19009","2018-12-20","373","_IВ"
"19009","2018-12-21","373","_IВ"
"19009","2018-12-22","373","_IВ"
"19009","2018-12-23","373","_IВ"
"19009","2018-12-24","373","_IВ"
"19009","2018-12-25","373","_IВ"
"19009","2018-12-26","373","_IВ"
"19009","2018-12-27","373","_IВ"
"19009","2018-12-28","373","_IВ"
"19009","2018-12-29","373","_IВ"
"19009","2018-12-30","373","_IВ"
"19009","2018-12-31","373","_IВ"
"19009","2019-01-01","373","""IВ"
"19009","2019-01-02","373","""IВ"
"19009","2019-01-03","373","""IВ"
"19009","2019-01-04","373","""IВ"
"19009","2019-01-05","373","""IВ"
"19009","2019-01-06","373","""IВ"
"19009","2019-01-07","373","""IВ"
"19009","2019-01-08","373","""IВ"
"19009","2019-01-09","373","""IВ"
"19009","2019-01-10","373","""IВ"
"19009","2019-01-11","373","""IВ"
"19009","2019-01-12","373","""IВ"
"19009","2019-01-13","373","""IВ"
"19009","2019-01-14","373","""IВ"
"19009","2019-01-15","373","""IВ"
"19009","2019-01-16","373","""IВ"
"19009","2019-01-17","373","""IВ"
"19009","2019-01-18","373","""IВ"
"19009","2019-01-19","373","""IВ"
"19009","2019-01-20","373","""IВ"
"19009","2019-01-21","373","""IВ"
"19009","2019-01-22","373","""IВ"
"19009","2019-01-23","373","""IВ"
"19009","2019-01-24","373","""IВ"
"19009","2019-01-25","373","""IВ"
"19009","2019-01-26","373","""IВ"
"19009","2019-01-27","373","""IВ"
"19009","2019-01-28","373","""IВ"
"19009","2019-01-29","373","""IВ"
"19009","2019-01-30","373","""IВ"
"19009","2019-01-31","373","""IВ"
"19009","2019-02-01","373","""IВ"
"19009","2019-02-02","373","""IВ"
"19009","2019-02-03","373","""IВ"
"19009","2019-02-04","373","""IВ"
"19009","2019-02-05","373","""IВ"
"19009","2019-02-06","373","""IВ"
"19009","2019-02-07","373","""IВ"
"19009","2019-02-08","373","""IВ"
"19009","2019-02-09","373","""IВ"
"19009","2019-02-10","373","""IВ"
"19009","2019-02-11","373","""IВ"
"19009","2019-02-12","373","""IВ"
"19009","2019-02-13","373","""IВ"
"19009","2019-02-14","373","""IВ"
"19009","2019-02-15","373","""IВ"
"19009","2019-02-16","373","""IВ"
"19009","2019-02-17","373","""IВ"
"19009","2019-02-18","373","""IВ"
"19009","2019-02-19","373","""IВ"
"19009","2019-02-20","373","""IВ"
"19009","2019-02-21","373","""IВ"
"19009","2019-02-22","373","""IВ"
"19009","2019-02-23","373","""IВ"
"19009","2019-02-24","373","""IВ"
"19009","2019-02-25","373","""IВ"
"19009","2019-02-26","373","""IВ"
"19009","2019-02-27","373","""IВ"
"19009","2019-02-28","373","""IВ"
"19009","2019-03-01","373","_IВ"
"19009","2019-03-02","373","_IВ"
"19009","2019-03-03","373","_IВ"
"19009","2019-03-04","373","_IВ"
"19009","2019-03-05","373","_IВ"
"19009","2019-03-06","373","_IВ"
"19009","2019-03-07","373","_IВ"
"19009","2019-03-08","373","_IВ"
"19009","2019-03-09","373","_IВ"
"19009","2019-03-10","373","_IВ"
"19009","2019-03-11","373","_IВ"
"19009","2019-03-12","374","_IВ"
"19009","2019-03-13","375","IВ"
"19009","2019-03-14","375","IВ"
"19009","2019-03-15","376","IВ"
"19009","2019-03-16","378","IВ"
"19009","2019-03-17","378","(В"
"19009","2019-03-18","379","(В"
"19009","2019-03-19","381","^(В"
"19009","2019-03-20","381","^(В"
"19009","2019-03-21","381","^(В"
"19009","2019-03-22","381","^IВ"
"19009","2019-03-23","379","IВ"
"19009","2019-03-24","378","IВ"
"19009","2019-03-25","378","IВ"
"19009","2019-03-26","378","IВ"
"19009","2019-03-27","378","IВ"
"19009","2019-03-28","378","IВ"
"19009","2019-03-29","378","IВ"
"19009","2019-03-30","378","IВ"
"19009","2019-03-31","378","IВ"
"19009","2019-04-01","378","IВ"
"19009","2019-04-02","377","IВ"
"19009","2019-04-03","377","ПВ"
"19009","2019-04-04","377","ПВ"
"19009","2019-04-05","377",")П"
"19009","2019-04-06","377",")В"
"19009","2019-04-07","377",")В"
"19009","2019-04-08","380","В"
"19009","2019-04-09","381","В"
"19009","2019-04-10","382","В"
"19009","2019-04-11","382","В"
"19009","2019-04-12","381","В"
"19009","2019-04-13","379","В"
"19009","2019-04-14","375","В"
"19009","2019-04-15","374","В"
"19009","2019-04-16","373","В"
"19009","2019-04-17","373","В"
"19009","2019-04-18","373","В"
"19009","2019-04-19","372","В"
"19009","2019-04-20","369","В"
"19009","2019-04-21","366","В"
"19009","2019-04-22","365","_В"
"19009","2019-04-23","365","_В"
"19009","2019-04-24","366","_В"
"19009","2019-04-25","453","В"
"19009","2019-04-26","457","^В"
"19009","2019-04-27","457","^В"
"19009","2019-04-28","457","^В"
"19009","2019-04-29","456","В"
"19009","2019-04-30","455","В"
"19009","2019-05-01","455","^В"
"19009","2019-05-02","455","^В"
"19009","2019-05-03","455","^В"
"19009","2019-05-04","454","В"
"19009","2019-05-05","454","В"
"19009","2019-05-06","454","В"
"19009","2019-05-07","454","В"
"19009","2019-05-08","454","В"
"19009","2019-05-09","454","В"
"19009","2019-05-10","454","В"
"19009","2019-05-11","453","В"
"19009","2019-05-12","450","В"
"19009","2019-05-13","450","В"
"19009","2019-05-14","450","В"
"19009","2019-05-15","450","В"
"19009","2019-05-16","450","В"
"19009","2019-05-17","450","В"
"19009","2019-05-18","450","В"
"19009","2019-05-19","450","В"
"19009","2019-05-20","450","В"
"19009","2019-05-21","450","В"
"19009","2019-05-22","450","В"
"19009","2019-05-23","450","В"
"19009","2019-05-24","450","В"
"19009","2019-05-25","450","В"
"19009","2019-05-26","449","_В"
"19009","2019-05-27","449","_В"
"19009","2019-05-28","449","_В"
"19009","2019-05-29","449","_В"
"19009","2019-05-30","449","_В"
"19009","2019-05-31","449","_В"
"19009","2019-06-01","449","_В"
"19009","2019-06-02","449","_В"
"19009","2019-06-03","449","_В"
"19009","2019-06-04","449","_В"
"19009","2019-06-05","449","_В"
"19009","2019-06-06","449","_В"
"19009","2019-06-07","449","_В"
"19009","2019-06-08","449","_В"
"19009","2019-06-09","449","_В"
"19009","2019-06-10","449","_В"
"19009","2019-06-11","449","_В"
"19009","2019-06-12","450","В"
"19009","2019-06-13","450","В"
"19009","2019-06-14","450","В"
"19009","2019-06-15","450","В"
"19009","2019-06-16","451","В"
"19009","2019-06-17","451","В"
"19009","2019-06-18","451","В"
"19009","2019-06-19","452","В"
"19009","2019-06-20","453","В"
"19009","2019-06-21","453","В"
"19009","2019-06-22","453","В"
"19009","2019-06-23","454","В"
"19009","2019-06-24","455","В"
"19009","2019-06-25","456","В"
"19009","2019-06-26","456","В"
"19009","2019-06-27","456","В"
"19009","2019-06-28","456","В"
"19009","2019-06-29","457","^В"
"19009","2019-06-30","457","^В"
"19009","2019-07-01","457","_В"
"19009","2019-07-02","458","_В"
"19009","2019-07-03","458","В"
"19009","2019-07-04","459","В"
"19009","2019-07-05","459","В"
"19009","2019-07-06","459","В"
"19009","2019-07-07","460","В"
"19009","2019-07-08","460","В"
"19009","2019-07-09","461","В"
"19009","2019-07-10","461","В"
"19009","2019-07-11","461","В"
"19009","2019-07-12","462","^В"
"19009","2019-07-13","463","^В"
"19009","2019-07-14","463","^В"
"19009","2019-07-15","463","^В"
"19009","2019-07-16","463","^В"
"19009","2019-07-17","463","^В"
"19009","2019-07-18","463","^В"
"19009","2019-07-19","463","^В"
"19009","2019-07-20","463","^В"
"19009","2019-07-21","463","^В"
"19009","2019-07-22","463","^В"
"19009","2019-07-23","463","^В"
"19009","2019-07-24","463","^В"
"19009","2019-07-25","463","^В"
"19009","2019-07-26","463","^В"
"19009","2019-07-27","463","^В"
"19009","2019-07-28","463","^В"
"19009","2019-07-29","463","^В"
"19009","2019-07-30","463","^В"
"19009","2019-07-31","463","^В"
"19009","2019-08-01","463","_В"
"19009","2019-08-02","463","_В"
"19009","2019-08-03","463","_В"
"19009","2019-08-04","463","_В"
"19009","2019-08-05","463","_В"
"19009","2019-08-06","463","_В"
"19009","2019-08-07","463","_В"
"19009","2019-08-08","463","_В"
"19009","2019-08-09","463","_В"
"19009","2019-08-10","463","_В"
"19009","2019-08-11","463","_В"
"19009","2019-08-12","463","_В"
"19009","2019-08-13","463","_В"
"19009","2019-08-14","463","_В"
"19009","2019-08-15","463","_В"
"19009","2019-08-16","463","_В"
"19009","2019-08-17","463","_В"
"19009","2019-08-18","466","В"
"19009","2019-08-19","467","В"
"19009","2019-08-20","467","В"
"19009","2019-08-21","467","В"
"19009","2019-08-22","467","В"
"19009","2019-08-23","468","^В"
"19009","2019-08-24","468","^В"
"19009","2019-08-25","468","^В"
"19009","2019-08-26","468","^В"
"19009","2019-08-27","468","^В"
"19009","2019-08-28","468","^В"
"19009","2019-08-29","468","^В"
"19009","2019-08-30","468","^В"
"19009","2019-08-31","468","^В"
"19009","2019-09-01","468","_В"
"19009","2019-09-02","468","_В"
"19009","2019-09-03","471","^В"
"19009","2019-09-04","471","^В"
"19009","2019-09-05","471","^В"
"19009","2019-09-06","471","^В"
"19009","2019-09-07","471","^В"
"19009","2019-09-08","471","^В"
"19009","2019-09-09","471","^В"
"19009","2019-09-10","471","^В"
"19009","2019-09-11","471","^В"
"19009","2019-09-12","471","^В"
"19009","2019-09-13","471","^В"
"19009","2019-09-14","471","^В"
"19009","2019-09-15","471","^В"
"19009","2019-09-16","471","^В"
"19009","2019-09-17","471","^В"
"19009","2019-09-18","471","^В"
"19009","2019-09-19","471","^В"
"19009","2019-09-20","471","^В"
"19009","2019-09-21","471","^В"
"19009","2019-09-22","471","^В"
"19009","2019-09-23","471","^В"
"19009","2019-09-24","471","^В"
"19009","2019-09-25","471","^В"
"19009","2019-09-26","471","^В"
"19009","2019-09-27","471","^В"
"19009","2019-09-28","471","^В"
"19009","2019-09-29","471","^В"
"19009","2019-09-30","471","^В"
"19009","2019-10-01","471","_В"
"19009","2019-10-02","471","_В"
"19009","2019-10-03","471","_В"
"19009","2019-10-04","471","_В"
"19009","2019-10-05","471","_В"
"19009","2019-10-06","471","_В"
"19009","2019-10-07","471","_В"
"19009","2019-10-08","471","_В"
"19009","2019-10-09","471","_В"
"19009","2019-10-10","471","_В"
"19009","2019-10-11","471","_В"
"19009","2019-10-12","471","_В"
"19009","2019-10-13","472","_В"
"19009","2019-10-14","473","В"
"19009","2019-10-15","473","В"
"19009","2019-10-16","473","В"
"19009","2019-10-17","473","В"
"19009","2019-10-18","473","В"
"19009","2019-10-19","473","В"
"19009","2019-10-20","474","В"
"19009","2019-10-21","474","В"
"19009","2019-10-22","474","В"
"19009","2019-10-23","474","В"
"19009","2019-10-24","474","В"
"19009","2019-10-25","474","В"
"19009","2019-10-26","474","В"
"19009","2019-10-27","474","В"
"19009","2019-10-28","474","В"
"19009","2019-10-29","475","^В"
"19009","2019-10-30","475","^В"
"19009","2019-10-31","475","^В"
"19009","2019-11-01","475","В"
"19009","2019-11-02","475",")В"
"19009","2019-11-03","475",")В"
"19009","2019-11-04","475",")В"
"19009","2019-11-05","475","В"
"19009","2019-11-06","475","В"
"19009","2019-11-07","475","В"
"19009","2019-11-08","475","В"
"19009","2019-11-09","475","В"
"19009","2019-11-10","475","В"
"19009","2019-11-11","475","В"
"19009","2019-11-12","475","В"
"19009","2019-11-13","475","В"
"19009","2019-11-14","477","^В"
"19009","2019-11-15","477","^В"
"19009","2019-11-16","477","^В"
"19009","2019-11-17","477","^В"
"19009","2019-11-18","477","^В"
"19009","2019-11-19","477","^В"
"19009","2019-11-20","475",")В"
"19009","2019-11-21","459","IВ"
"19009","2019-11-22","446","IВ"
"19009","2019-11-23","439","IВ"
"19009","2019-11-24","439","IВ"
"19009","2019-11-25","435","IВ"
"19009","2019-11-26","424","IВ"
"19009","2019-11-27","411","IВ"
"19009","2019-11-28","407","IВ"
"19009","2019-11-29","400","IВ"
"19009","2019-11-30","387","_IВ"
"19009","2019-12-01","380","IВ"
"19009","2019-12-02","371","IВ"
"19009","2019-12-03","371","IВ"
"19009","2019-12-04","371","IВ"
"19009","2019-12-05","371","IВ"
"19009","2019-12-06","371","_IВ"
"19009","2019-12-07","370","_IВ"
"19009","2019-12-08","370","_IВ"
"19009","2019-12-09","370","_IВ"
"19009","2019-12-10","379","_IВ"
"19009","2019-12-11","394","IВ"
"19009","2019-12-12","395","IВ"
"19009","2019-12-13","396","^IВ"
"19009","2019-12-14","396","^IВ"
"19009","2019-12-15","396","^IВ"
"19009","2019-12-16","396","^IВ"
"19009","2019-12-17","396","^IВ"
"19009","2019-12-18","396","^IВ"
"19009","2019-12-19","396","^IВ"
"19009","2019-12-20","396","^IВ"
"19009","2019-12-21","396","^IВ"
"19009","2019-12-22","396","^IВ"
"19009","2019-12-23","396","^IВ"
"19009","2019-12-24","396","^IВ"
"19009","2019-12-25","396","^IВ"
"19009","2019-12-26","396","^IВ"
"19009","2019-12-27","396","^IВ"
"19009","2019-12-28","395","IВ"
"19009","2019-12-29","395","IВ"
"19009","2019-12-30","396","^IВ"
"19009","2019-12-31","396","^IВ"
"19009","2020-01-01","396","^IВ"
"19009","2020-01-02","395","IВ"
"19009","2020-01-03","395","IВ"
"19009","2020-01-04","395","IВ"
"19009","2020-01-05","395","IВ"
"19009","2020-01-06","395","IВ"
"19009","2020-01-07","395","IВ"
"19009","2020-01-08","395","IВ"
"19009","2020-01-09","395","IВ"
"19009","2020-01-10","395","IВ"
"19009","2020-01-11","395","IВ"
"19009","2020-01-12","395","IВ"
"19009","2020-01-13","395","IВ"
"19009","2020-01-14","395","IВ"
"19009","2020-01-15","394","_IВ"
"19009","2020-01-16","394","_IВ"
"19009","2020-01-17","394","_IВ"
"19009","2020-01-18","394","_IВ"
"19009","2020-01-19","394","_IВ"
"19009","2020-01-20","394","_IВ"
"19009","2020-01-21","394","_IВ"
"19009","2020-01-22","394","_IВ"
"19009","2020-01-23","394","_IВ"
"19009","2020-01-24","394","_IВ"
"19009","2020-01-25","394","_IВ"
"19009","2020-01-26","394","_IВ"
"19009","2020-01-27","394","_IВ"
"19009","2020-01-28","394","_IВ"
"19009","2020-01-29","394","_IВ"
"19009","2020-01-30","394","_IВ"
"19009","2020-01-31","394","_IВ"
"19009","2020-02-01","394","_IВ"
"19009","2020-02-02","394","_IВ"
"19009","2020-02-03","394","_IВ"
"19009","2020-02-04","394","_IВ"
"19009","2020-02-05","394","_IВ"
"19009","2020-02-06","394","_IВ"
"19009","2020-02-07","394","_IВ"
"19009","2020-02-08","394","_IВ"
"19009","2020-02-09","394","_IВ"
"19009","2020-02-10","394","_IВ"
"19009","2020-02-11","394","_IВ"
"19009","2020-02-12","394","_IВ"
"19009","2020-02-13","394","_IВ"
"19009","2020-02-14","394","_IВ"
"19009","2020-02-15","394","_IВ"
"19009","2020-02-16","394","_IВ"
"19009","2020-02-17","394","_IВ"
"19009","2020-02-18","394","_IВ"
"19009","2020-02-19","394","_IВ"
"19009","2020-02-20","394","_IВ"
"19009","2020-02-21","394","_IВ"
"19009","2020-02-22","395","_IВ"
"19009","2020-02-23","396","IВ"
"19009","2020-02-24","396","IВ"
"19009","2020-02-25","396","IВ"
"19009","2020-02-26","396","IВ"
"19009","2020-02-27","396","РВ"
"19009","2020-02-28","397","^РВ"
"19009","2020-02-29","397","^РВ"
"19009","2020-03-01","397","^РВ"
"19009","2020-03-02","397","^РВ"
"19009","2020-03-03","397","^РВ"
"19009","2020-03-04","397","^)Р"
"19009","2020-03-05","395",")В"
"19009","2020-03-06","395",")В"
"19009","2020-03-07","395","В"
"19009","2020-03-08","395","В"
"19009","2020-03-09","395","В"
"19009","2020-03-10","395","В"
"19009","2020-03-11","395","В"
"19009","2020-03-12","395","В"
"19009","2020-03-13","395","В"
"19009","2020-03-14","395","В"
"19009","2020-03-15","395","В"
"19009","2020-03-16","393","В"
"19009","2020-03-17","393","В"
"19009","2020-03-18","393","В"
"19009","2020-03-19","393","В"
"19009","2020-03-20","393","В"
"19009","2020-03-21","392","В"
"19009","2020-03-22","391","В"
"19009","2020-03-23","390","В"
"19009","2020-03-24","390","В"
"19009","2020-03-25","390","В"
"19009","2020-03-26","390","В"
"19009","2020-03-27","390","В"
"19009","2020-03-28","390","В"
"19009","2020-03-29","390","В"
"19009","2020-03-30","390","В"
"19009","2020-03-31","388","_В"
"19009","2020-04-01","387","^В"
"19009","2020-04-02","387","^В"
"19009","2020-04-03","387","^В"
"19009","2020-04-04","387","^В"
"19009","2020-04-05","387","^В"
"19009","2020-04-06","387","^В"
"19009","2020-04-07","387","^В"
"19009","2020-04-08","387","^В"
"19009","2020-04-09","387","^В"
"19009","2020-04-10","387","^В"
"19009","2020-04-11","387","^В"
"19009","2020-04-12","386","В"
"19009","2020-04-13","386","В"
"19009","2020-04-14","386","В"
"19009","2020-04-15","386","В"
"19009","2020-04-16","386","В"
"19009","2020-04-17","386","В"
"19009","2020-04-18","386","В"
"19009","2020-04-19","386","В"
"19009","2020-04-20","386","В"
"19009","2020-04-21","385","В"
"19009","2020-04-22","383","В"
"19009","2020-04-23","383","В"
"19009","2020-04-24","383","В"
"19009","2020-04-25","383","В"
"19009","2020-04-26","383","В"
"19009","2020-04-27","381","В"
"19009","2020-04-28","379","В"
"19009","2020-04-29","378","_В"
"19009","2020-04-30","378","_В"
"19009","2020-05-01","378","_В"
"19009","2020-05-02","382","_В"
"19009","2020-05-03","400","В"
"19009","2020-05-04","405","В"
"19009","2020-05-05","404","В"
"19009","2020-05-06","401","В"
"19009","2020-05-07","400","В"
"19009","2020-05-08","403","В"
"19009","2020-05-09","403","В"
"19009","2020-05-10","403","В"
"19009","2020-05-11","403","В"
"19009","2020-05-12","403","В"
"19009","2020-05-13","403","В"
"19009","2020-05-14","403","В"
"19009","2020-05-15","404","В"
"19009","2020-05-16","404","В"
"19009","2020-05-17","404","В"
"19009","2020-05-18","404","В"
"19009","2020-05-19","406","В"
"19009","2020-05-20","408","В"
"19009","2020-05-21","412","В"
"19009","2020-05-22","414","В"
"19009","2020-05-23","418","В"
"19009","2020-05-24","419","В"
"19009","2020-05-25","420","В"
"19009","2020-05-26","420","В"
"19009","2020-05-27","421","В"
"19009","2020-05-28","422","В"
"19009","2020-05-29","422","В"
"19009","2020-05-30","423","В"
"19009","2020-05-31","424","^В"
"19009","2020-06-01","424","_В"
"19009","2020-06-02","424","_В"
"19009","2020-06-03","425","_В"
"19009","2020-06-04","426","В"
"19009","2020-06-05","428","В"
"19009","2020-06-06","430","В"
"19009","2020-06-07","430","В"
"19009","2020-06-08","432","В"
"19009","2020-06-09","433","В"
"19009","2020-06-10","433","В"
"19009","2020-06-11","434","В"
"19009","2020-06-12","435","В"
"19009","2020-06-13","438","В"
"19009","2020-06-14","442","В"
"19009","2020-06-15","443","В"
"19009","2020-06-16","443","В"
"19009","2020-06-17","445","В"
"19009","2020-06-18","450","В"
"19009","2020-06-19","452","В"
"19009","2020-06-20","453","В"
"19009","2020-06-21","453","В"
"19009","2020-06-22","454","В"
"19009","2020-06-23","454","В"
"19009","2020-06-24","454","В"
"19009","2020-06-25","455","В"
"19009","2020-06-26","457","В"
"19009","2020-06-27","458","В"
"19009","2020-06-28","459","^В"
"19009","2020-06-29","459","^В"
"19009","2020-06-30","459","^В"
"19009","2020-07-01","458","_В"
"19009","2020-07-02","458","_В"
"19009","2020-07-03","458","_В"
"19009","2020-07-04","460","В"
"19009","2020-07-05","460","В"
"19009","2020-07-06","460","В"
"19009","2020-07-07","460","В"
"19009","2020-07-08","461","В"
"19009","2020-07-09","462","В"
"19009","2020-07-10","465","^В"
"19009","2020-07-11","466","^В"
"19009","2020-07-12","466","^В"
"19009","2020-07-13","466","^В"
"19009","2020-07-14","466","^В"
"19009","2020-07-15","466","^В"
"19009","2020-07-16","466","^В"
"19009","2020-07-17","466","^В"
"19009","2020-07-18","466","^В"
"19009","2020-07-19","466","^В"
"19009","2020-07-20","466","^В"
"19009","2020-07-21","466","^В"
"19009","2020-07-22","466","^В"
"19009","2020-07-23","466","^В"
"19009","2020-07-24","466","^В"
"19009","2020-07-25","465","В"
"19009","2020-07-26","465","В"
"19009","2020-07-27","464","В"
"19009","2020-07-28","464","В"
"19009","2020-07-29","464","В"
"19009","2020-07-30","464","В"
"19009","2020-07-31","464","В"
"19009","2020-08-01","464","В"
"19009","2020-08-02","464","В"
"19009","2020-08-03","464","В"
"19009","2020-08-04","462","_В"
"19009","2020-08-05","462","_В"
"19009","2020-08-06","462","_В"
"19009","2020-08-07","463","_В"
"19009","2020-08-08","465","В"
"19009","2020-08-09","467","В"
"19009","2020-08-10","469","В"
"19009","2020-08-11","472","В"
"19009","2020-08-12","472","В"
"19009","2020-08-13","473","В"
"19009","2020-08-14","473","В"
"19009","2020-08-15","474","В"
"19009","2020-08-16","474","В"
"19009","2020-08-17","475","В"
"19009","2020-08-18","477","В"
"19009","2020-08-19","478","В"
"19009","2020-08-20","480","В"
"19009","2020-08-21","481","В"
"19009","2020-08-22","483","В"
"19009","2020-08-23","485","В"
"19009","2020-08-24","486","В"
"19009","2020-08-25","486","В"
"19009","2020-08-26","486","В"
"19009","2020-08-27","487","^В"
"19009","2020-08-28","487","^В"
"19009","2020-08-29","487","^В"
"19009","2020-08-30","487","^В"
"19009","2020-08-31","487","^В"
"19009","2020-09-01","487","^В"
"19009","2020-09-02","487","^В"
"19009","2020-09-03","487","^В"
"19009","2020-09-04","487","^В"
"19009","2020-09-05","487","^В"
"19009","2020-09-06","487","^В"
"19009","2020-09-07","487","^В"
"19009","2020-09-08","487","^В"
"19009","2020-09-09","483","В"
"19009","2020-09-10","477","В"
"19009","2020-09-11","475","В"
"19009","2020-09-12","473","В"
"19009","2020-09-13","470","_В"
"19009","2020-09-14","469","_В"
"19009","2020-09-15","469","_В"
"19009","2020-09-16","469","_В"
"19009","2020-09-17","470","В"
"19009","2020-09-18","470","В"
"19009","2020-09-19","470","В"
"19009","2020-09-20","470","В"
"19009","2020-09-21","470","В"
"19009","2020-09-22","470","В"
"19009","2020-09-23","470","В"
"19009","2020-09-24","471","В"
"19009","2020-09-25","471","В"
"19009","2020-09-26","471","В"
"19009","2020-09-27","471","В"
"19009","2020-09-28","471","В"
"19009","2020-09-29","472","В"
"19009","2020-09-30","472","В"
"19009","2020-10-01","472","_В"
"19009","2020-10-02","472","_В"
"19009","2020-10-03","472","_В"
"19009","2020-10-04","472","_В"
"19009","2020-10-05","472","_В"
"19009","2020-10-06","472","_В"
"19009","2020-10-07","472","_В"
"19009","2020-10-08","474","^В"
"19009","2020-10-09","474","^В"
"19009","2020-10-10","474","^В"
"19009","2020-10-11","474","^В"
"19009","2020-10-12","474","^В"
"19009","2020-10-13","474","^В"
"19009","2020-10-14","474","^В"
"19009","2020-10-15","474","^В"
"19009","2020-10-16","474","^В"
"19009","2020-10-17","474","^В"
"19009","2020-10-18","474","^В"
"19009","2020-10-19","474","^В"
"19009","2020-10-20","474","^В"
"19009","2020-10-21","474","^В"
"19009","2020-10-22","474","^В"
"19009","2020-10-23","474","^В"
"19009","2020-10-24","474","^В"
"19009","2020-10-25","474","^В"
"19009","2020-10-26","474","^В"
"19009","2020-10-27","474","^В"
"19009","2020-10-28","474","^В"
"19009","2020-10-29","474","^В"
"19009","2020-10-30","474","^В"
"19009","2020-10-31","474","^В"
"19009","2020-11-01","474","^В"
"19009","2020-11-02","474","^В"
"19009","2020-11-03","474","^В"
"19009","2020-11-04","474","^В"
"19009","2020-11-05","474","^В"
"19009","2020-11-06","473","^В"
"19009","2020-11-07","468","В"
"19009","2020-11-08","461","В"
"19009","2020-11-09","455","В"
"19009","2020-11-10","449","В"
"19009","2020-11-11","446","В"
"19009","2020-11-12","444","В"
"19009","2020-11-13","443","В"
"19009","2020-11-14","441","В"
"19009","2020-11-15","441",")В"
"19009","2020-11-16","439","ZВ"
"19009","2020-11-17","438","IВ"
"19009","2020-11-18","438","IВ"
"19009","2020-11-19","437","IВ"
"19009","2020-11-20","436","IВ"
"19009","2020-11-21","435","IВ"
"19009","2020-11-22","435","IВ"
"19009","2020-11-23","435","IВ"
"19009","2020-11-24","435","IВ"
"19009","2020-11-25","435","IВ"
"19009","2020-11-26","418","IВ"
"19009","2020-11-27","408","IВ"
"19009","2020-11-28","398","IВ"
"19009","2020-11-29","384","IВ"
"19009","2020-11-30","377","_IВ"
"19009","2020-12-01","374","IВ"
"19009","2020-12-02","374","IВ"
"19009","2020-12-03","375","^IВ"
"19009","2020-12-04","375","^IВ"
"19009","2020-12-05","375","^IВ"
"19009","2020-12-06","374","IВ"
"19009","2020-12-07","374","IВ"
"19009","2020-12-08","374","IВ"
"19009","2020-12-09","374","_IВ"
"19009","2020-12-10","373","_IВ"
"19009","2020-12-11","373","_IВ"
"19009","2020-12-12","373","_IВ"
"19009","2020-12-13","373","_IВ"
"19009","2020-12-14","373","_IВ"
"19009","2020-12-15","373","_IВ"
"19009","2020-12-16","373","_IВ"
"19009","2020-12-17","373","_IВ"
"19009","2020-12-18","373","_IВ"
"19009","2020-12-19","373","_IВ"
"19009","2020-12-20","373","_IВ"
"19009","2020-12-21","373","_IВ"
"19009","2020-12-22","373","_IВ"
"19009","2020-12-23","373","_IВ"
"19009","2020-12-24","373","_IВ"
"19009","2020-12-25","373","_IВ"
"19009","2020-12-26","373","_IВ"
"19009","2020-12-27","373","_IВ"
"19009","2020-12-28","373","_IВ"
"19009","2020-12-29","373","_IВ"
"19009","2020-12-30","373","_IВ"
"19009","2020-12-31","373","_IВ"
"19009","2021-01-01","373","""IВ"
"19009","2021-01-02","373","""IВ"
"19009","2021-01-03","373","""IВ"
"19009","2021-01-04","373","""IВ"
"19009","2021-01-05","373","""IВ"
"19009","2021-01-06","373","""IВ"
"19009","2021-01-07","373","""IВ"
"19009","2021-01-08","373","""IВ"
"19009","2021-01-09","373","""IВ"
"19009","2021-01-10","373","""IВ"
"19009","2021-01-11","373","""IВ"
"19009","2021-01-12","373","""IВ"
"19009","2021-01-13","373","""IВ"
"19009","2021-01-14","373","""IВ"
"19009","2021-01-15","373","""IВ"
"19009","2021-01-16","373","""IВ"
"19009","2021-01-17","373","""IВ"
"19009","2021-01-18","373","""IВ"
"19009","2021-01-19","373","""IВ"
"19009","2021-01-20","373","""IВ"
"19009","2021-01-21","373","""IВ"
"19009","2021-01-22","373","""IВ"
"19009","2021-01-23","373","""IВ"
"19009","2021-01-24","373","""IВ"
"19009","2021-01-25","373","""IВ"
"19009","2021-01-26","373","""IВ"
"19009","2021-01-27","373","""IВ"
"19009","2021-01-28","373","""IВ"
"19009","2021-01-29","373","""IВ"
"19009","2021-01-30","373","""IВ"
"19009","2021-01-31","373","""IВ"
"19009","2021-02-01","373","""IВ"
"19009","2021-02-02","373","""IВ"
"19009","2021-02-03","373","""IВ"
"19009","2021-02-04","373","""IВ"
"19009","2021-02-05","373","""IВ"
"19009","2021-02-06","373","""IВ"
"19009","2021-02-07","373","""IВ"
"19009","2021-02-08","373","""IВ"
"19009","2021-02-09","373","""IВ"
"19009","2021-02-10","373","""IВ"
"19009","2021-02-11","373","""IВ"
"19009","2021-02-12","373","""IВ"
"19009","2021-02-13","373","""IВ"
"19009","2021-02-14","373","""IВ"
"19009","2021-02-15","373","""IВ"
"19009","2021-02-16","373","""IВ"
"19009","2021-02-17","373","""IВ"
"19009","2021-02-18","373","""IВ"
"19009","2021-02-19","373","""IВ"
"19009","2021-02-20","373","""IВ"
"19009","2021-02-21","373","""IВ"
"19009","2021-02-22","373","""IВ"
"19009","2021-02-23","373","""IВ"
"19009","2021-02-24","373","""IВ"
"19009","2021-02-25","373","""IВ"
"19009","2021-02-26","373","""IВ"
"19009","2021-02-27","373","""IВ"
"19009","2021-02-28","373","""IВ"
"19009","2021-03-01","373","IВ"
"19009","2021-03-02","373","IВ"
"19009","2021-03-03","373","IВ"
"19009","2021-03-04","373","IВ"
"19009","2021-03-05","373","IВ"
"19009","2021-03-06","373","IВ"
"19009","2021-03-07","373","IВ"
"19009","2021-03-08","373","IВ"
"19009","2021-03-09","373","IВ"
"19009","2021-03-10","373","IВ"
"19009","2021-03-11","373","IВ"
"19009","2021-03-12","373","IВ"
"19009","2021-03-13","373","IВ"
"19009","2021-03-14","373","IВ"
"19009","2021-03-15","373","IВ"
"19009","2021-03-16","373","IВ"
"19009","2021-03-17","373","IВ"
"19009","2021-03-18","373","IВ"
"19009","2021-03-19","373","IВ"
"19009","2021-03-20","373","IВ"
"19009","2021-03-21","373","IВ"
"19009","2021-03-22","371","IВ"
"19009","2021-03-23","369","_IВ"
"19009","2021-03-24","372","IВ"
"19009","2021-03-25","372","IВ"
"19009","2021-03-26","372","IВ"
"19009","2021-03-27","372","IВ"
"19009","2021-03-28","375","IВ"
"19009","2021-03-29","377","IВ"
"19009","2021-03-30","379","IВ"
"19009","2021-03-31","383","^IВ"
"19009","2021-04-01","387","_I~"
"19009","2021-04-02","394","~В"
"19009","2021-04-03","395","(~"
"19009","2021-04-04","397","(I"
"19009","2021-04-05","404","ПI"
"19009","2021-04-06","408","ПВ"
"19009","2021-04-07","410","ПВ"
"19009","2021-04-08","412","^ПВ"
"19009","2021-04-09","410","В"
"19009","2021-04-10","408","В"
"19009","2021-04-11","408","В"
"19009","2021-04-12","407","В"
"19009","2021-04-13","407","В"
"19009","2021-04-14","406","В"
"19009","2021-04-15","404","В"
"19009","2021-04-16","403","В"
"19009","2021-04-17","403","В"
"19009","2021-04-18","403","В"
"19009","2021-04-19","402","В"
"19009","2021-04-20","402","В"
"19009","2021-04-21","402","В"
"19009","2021-04-22","403","В"
"19009","2021-04-23","404","В"
"19009","2021-04-24","404","В"
"19009","2021-04-25","403","В"
"19009","2021-04-26","403","В"
"19009","2021-04-27","402","В"
"19009","2021-04-28","402","В"
"19009","2021-04-29","402","В"
"19009","2021-04-30","402","В"
"19009","2021-05-01","403","_В"
"19009","2021-05-02","412","В"
"19009","2021-05-03","414","В"
"19009","2021-05-04","418","В"
"19009","2021-05-05","418","В"
"19009","2021-05-06","418","В"
"19009","2021-05-07","422","В"
"19009","2021-05-08","422","В"
"19009","2021-05-09","422","В"
"19009","2021-05-10","422","В"
"19009","2021-05-11","423","В"
"19009","2021-05-12","425","В"
"19009","2021-05-13","427","В"
"19009","2021-05-14","427","В"
"19009","2021-05-15","427","В"
"19009","2021-05-16","427","В"
"19009","2021-05-17","427","В"
"19009","2021-05-18","427","В"
"19009","2021-05-19","427","В"
"19009","2021-05-20","427","В"
"19009","2021-05-21","429","В"
"19009","2021-05-22","429","В"
"19009","2021-05-23","429","В"
"19009","2021-05-24","431","В"
"19009","2021-05-25","433","В"
"19009","2021-05-26","433","В"
"19009","2021-05-27","433","В"
"19009","2021-05-28","433","В"
"19009","2021-05-29","434","В"
"19009","2021-05-30","434","В"
"19009","2021-05-31","435","^В"
"19009","2021-06-01","436","_В"
"19009","2021-06-02","436","_В"
"19009","2021-06-03","438","В"
"19009","2021-06-04","441","В"
"19009","2021-06-05","440","В"
"19009","2021-06-06","440","В"
"19009","2021-06-07","440","В"
"19009","2021-06-08","441","В"
"19009","2021-06-09","442","В"
"19009","2021-06-10","442","В"
"19009","2021-06-11","443","В"
"19009","2021-06-12","444","В"
"19009","2021-06-13","444","В"
"19009","2021-06-14","446","В"
"19009","2021-06-15","453","В"
"19009","2021-06-16","454","В"
"19009","2021-06-17","454","В"
"19009","2021-06-18","455","В"
"19009","2021-06-19","456","В"
"19009","2021-06-20","457","В"
"19009","2021-06-21","457","В"
"19009","2021-06-22","458","В"
"19009","2021-06-23","459","В"
"19009","2021-06-24","459","В"
"19009","2021-06-25","459","В"
"19009","2021-06-26","462","В"
"19009","2021-06-27","465","В"
"19009","2021-06-28","466","В"
"19009","2021-06-29","467","В"
"19009","2021-06-30","468","^В"
"19009","2021-07-01","469","_В"
"19009","2021-07-02","469","_В"
"19009","2021-07-03","470","_В"
"19009","2021-07-04","471","В"
"19009","2021-07-05","472","В"
"19009","2021-07-06","474","В"
"19009","2021-07-07","474","В"
"19009","2021-07-08","474","В"
"19009","2021-07-09","474","В"
"19009","2021-07-10","474","В"
"19009","2021-07-11","474","В"
"19009","2021-07-12","474","В"
"19009","2021-07-13","474","В"
"19009","2021-07-14","474","В"
"19009","2021-07-15","475","В"
"19009","2021-07-16","478","В"
"19009","2021-07-17","478","В"
"19009","2021-07-18","479","В"
"19009","2021-07-19","479","В"
"19009","2021-07-20","482","В"
"19009","2021-07-21","485","В"
"19009","2021-07-22","485","В"
"19009","2021-07-23","485","В"
"19009","2021-07-24","487","^В"
"19009","2021-07-25","487","^В"
"19009","2021-07-26","487","^В"
"19009","2021-07-27","487","^В"
"19009","2021-07-28","487","^В"
"19009","2021-07-29","487","^В"
"19009","2021-07-30","487","^В"
"19009","2021-07-31","487","^В"
"19009","2021-08-01","487","_В"
"19009","2021-08-02","487","_В"
"19009","2021-08-03","487","_В"
"19009","2021-08-04","487","_В"
"19009","2021-08-05","489","_В"
"19009","2021-08-06","494","В"
"19009","2021-08-07","498","В"
"19009","2021-08-08","498","В"
"19009","2021-08-09","498","В"
"19009","2021-08-10","498","В"
"19009","2021-08-11","498","В"
"19009","2021-08-12","498","В"
"19009","2021-08-13","498","В"
"19009","2021-08-14","498","В"
"19009","2021-08-15","498","В"
"19009","2021-08-16","498","В"
"19009","2021-08-17","499","В"
"19009","2021-08-18","499","В"
"19009","2021-08-19","499","В"
"19009","2021-08-20","499","В"
"19009","2021-08-21","499","В"
"19009","2021-08-22","499","В"
"19009","2021-08-23","499","В"
"19009","2021-08-24","500","В"
"19009","2021-08-25","502","В"
"19009","2021-08-26","502","В"
"19009","2021-08-27","504","В"
"19009","2021-08-28","510","В"
"19009","2021-08-29","512","^В"
"19009","2021-08-30","512","^В"
"19009","2021-08-31","510","В"
"19009","2021-09-01","507","В"
"19009","2021-09-02","507","В"
"19009","2021-09-03","507","В"
"19009","2021-09-04","507","В"
"19009","2021-09-05","507","В"
"19009","2021-09-06","508","^В"
"19009","2021-09-07","509","^В"
"19009","2021-09-08","509","^В"
"19009","2021-09-09","509","^В"
"19009","2021-09-10","509","^В"
"19009","2021-09-11","509","^В"
"19009","2021-09-12","509","^В"
"19009","2021-09-13","509","^В"
"19009","2021-09-14","509","^В"
"19009","2021-09-15","508","В"
"19009","2021-09-16","508","В"
"19009","2021-09-17","507","В"
"19009","2021-09-18","506","В"
"19009","2021-09-19","502","В"
"19009","2021-09-20","496","В"
"19009","2021-09-21","494","В"
"19009","2021-09-22","493","_В"
"19009","2021-09-23","493","_В"
"19009","2021-09-24","496","В"
"19009","2021-09-25","498","В"
"19009","2021-09-26","498","В"
"19009","2021-09-27","498","В"
"19009","2021-09-28","498","В"
"19009","2021-09-29","499","В"
"19009","2021-09-30","500","В"
"19009","2021-10-01","502","_В"
"19009","2021-10-02","503","В"
"19009","2021-10-03","503","В"
"19009","2021-10-04","503","В"
"19009","2021-10-05","503","В"
"19009","2021-10-06","503","В"
"19009","2021-10-07","504","В"
"19009","2021-10-08","504","В"
"19009","2021-10-09","504","В"
"19009","2021-10-10","504","В"
"19009","2021-10-11","504","В"
"19009","2021-10-12","504","В"
"19009","2021-10-13","504","В"
"19009","2021-10-14","504","В"
"19009","2021-10-15","504","В"
"19009","2021-10-16","505","В"
"19009","2021-10-17","507","В"
"19009","2021-10-18","507","В"
"19009","2021-10-19","507","В"
"19009","2021-10-20","507","В"
"19009","2021-10-21","507","В"
"19009","2021-10-22","507","В"
"19009","2021-10-23","507","В"
"19009","2021-10-24","507","В"
"19009","2021-10-25","508","В"
"19009","2021-10-26","512","В"
"19009","2021-10-27","515","^В"
"19009","2021-10-28","515","^В"
"19009","2021-10-29","515","^В"
"19009","2021-10-30","515","^В"
"19009","2021-10-31","515","^В"
"19009","2021-11-01","515","_В"
"19009","2021-11-02","515","_В"
"19009","2021-11-03","515","_В"
"19009","2021-11-04","515","_В"
"19009","2021-11-05","515","_В"
"19009","2021-11-06","515","_В"
"19009","2021-11-07","515","_В"
"19009","2021-11-08","515","_В"
"19009","2021-11-09","515","_В"
"19009","2021-11-10","515","_В"
"19009","2021-11-11","515","_В"
"19009","2021-11-12","515","_В"
"19009","2021-11-13","515","_В"
"19009","2021-11-14","515","_)В"
"19009","2021-11-15","515","_)В"
"19009","2021-11-16","516","_)В"
"19009","2021-11-17","520",")В"
"19009","2021-11-18","521",")В"
"19009","2021-11-19","522","^)В"
"19009","2021-11-20","522","^)В"
"19009","2021-11-21","522","^)В"
"19009","2021-11-22","522","^)В"
"19009","2021-11-23","522","^)В"
"19009","2021-11-24","522","^)В"
"19009","2021-11-25","522","^IВ"
"19009","2021-11-26","521","IВ"
"19009","2021-11-27","521","I)"
"19009","2021-11-28","521",")В"
"19009","2021-11-29","521",")В"
"19009","2021-11-30","520",")В"
"19009","2021-12-01","518","^)В"
"19009","2021-12-02","518","^)В"
"19009","2021-12-03","517",")В"
"19009","2021-12-04","517","В"
"19009","2021-12-05","517","В"
"19009","2021-12-06","517","В"
"19009","2021-12-07","517",")В"
"19009","2021-12-08","517",")В"
"19009","2021-12-09","516",")В"
"19009","2021-12-10","515","_)В"
"19009","2021-12-11","515","_I)"
"19009","2021-12-12","515","_IВ"
"19009","2021-12-13","515","_IВ"
"19009","2021-12-14","515","_IВ"
"19009","2021-12-15","515","_IВ"
"19009","2021-12-16","515","_IВ"
"19009","2021-12-17","515","_IВ"
"19009","2021-12-18","515","_IВ"
"19009","2021-12-19","515","_IВ"
"19009","2021-12-20","515","_IВ"
"19009","2021-12-21","515","_IВ"
"19009","2021-12-22","515","_IВ"
"19009","2021-12-23","515","_IВ"
"19009","2021-12-24","515","_IВ"
"19009","2021-12-25","515","_IВ"
"19009","2021-12-26","515","_IВ"
"19009","2021-12-27","515","_IВ"
"19009","2021-12-28","515","_IВ"
"19009","2021-12-29","515","_IВ"
"19009","2021-12-30","515","_IВ"
"19009","2021-12-31","515","_IВ"
"19009","2022-01-01","515","^IВ"
"19009","2022-01-02","515","^IВ"
"19009","2022-01-03","515","^IВ"
"19009","2022-01-04","515","^IВ"
"19009","2022-01-05","515","^IВ"
"19009","2022-01-06","515","^IВ"
"19009","2022-01-07","515","^IВ"
"19009","2022-01-08","515","^IВ"
"19009","2022-01-09","515","^IВ"
"19009","2022-01-10","515","^IВ"
"19009","2022-01-11","503","IВ"
"19009","2022-01-12","493","IВ"
"19009","2022-01-13","481","IВ"
"19009","2022-01-14","449","IВ"
"19009","2022-01-15","445","IВ"
"19009","2022-01-16","441","_IВ"
"19009","2022-01-17","441","_IВ"
"19009","2022-01-18","441","_IВ"
"19009","2022-01-19","441","_IВ"
"19009","2022-01-20","441","_IВ"
"19009","2022-01-21","441","_IВ"
"19009","2022-01-22","441","_IВ"
"19009","2022-01-23","441","_IВ"
"19009","2022-01-24","441","_IВ"
"19009","2022-01-25","441","_IВ"
"19009","2022-01-26","441","_IВ"
"19009","2022-01-27","441","_IВ"
"19009","2022-01-28","441","_IВ"
"19009","2022-01-29","441","_IВ"
"19009","2022-01-30","441","_IВ"
"19009","2022-01-31","441","_IВ"
"19009","2022-02-01","441","""IВ"
"19009","2022-02-02","441","""IВ"
"19009","2022-02-03","441","""IВ"
"19009","2022-02-04","441","""IВ"
"19009","2022-02-05","441","""IВ"
"19009","2022-02-06","441","""IВ"
"19009","2022-02-07","441","""IВ"
"19009","2022-02-08","441","""IВ"
"19009","2022-02-09","441","""IВ"
"19009","2022-02-10","441","""IВ"
"19009","2022-02-11","441","""IВ"
"19009","2022-02-12","441","""IВ"
"19009","2022-02-13","441","""IВ"
"19009","2022-02-14","441","""IВ"
"19009","2022-02-15","441","""IВ"
"19009","2022-02-16","441","""IВ"
"19009","2022-02-17","441","""IВ"
"19009","2022-02-18","441","""IВ"
"19009","2022-02-19","441","""IВ"
"19009","2022-02-20","441","""IВ"
"19009","2022-02-21","441","""IВ"
"19009","2022-02-22","441","""IВ"
"19009","2022-02-23","441","""IВ"
"19009","2022-02-24","441","""IВ"
"19009","2022-02-25","441","""IВ"
"19009","2022-02-26","441","""IВ"
"19009","2022-02-27","441","""IВ"
"19009","2022-02-28","441","""IВ"
"19009","2022-03-01","441","""IВ"
"19009","2022-03-02","441","""IВ"
"19009","2022-03-03","441","""IВ"
"19009","2022-03-04","441","""IВ"
"19009","2022-03-05","441","""IВ"
"19009","2022-03-06","441","""IВ"
"19009","2022-03-07","441","""IВ"
"19009","2022-03-08","441","""IВ"
"19009","2022-03-09","441","""IВ"
"19009","2022-03-10","441","""IВ"
"19009","2022-03-11","441","""IВ"
"19009","2022-03-12","441","""IВ"
"19009","2022-03-13","441","""IВ"
"19009","2022-03-14","441","""IВ"
"19009","2022-03-15","441","""IВ"
"19009","2022-03-16","441","""IВ"
"19009","2022-03-17","441","""IВ"
"19009","2022-03-18","441","""IВ"
"19009","2022-03-19","441","""IВ"
"19009","2022-03-20","441","""IВ"
"19009","2022-03-21","441","""IВ"
"19009","2022-03-22","441","""IВ"
"19009","2022-03-23","441","""IВ"
"19009","2022-03-24","441","""IВ"
"19009","2022-03-25","441","""IВ"
"19009","2022-03-26","441","""IВ"
"19009","2022-03-27","441","""IВ"
"19009","2022-03-28","441","""IВ"
"19009","2022-03-29","441","""IВ"
"19009","2022-03-30","441","""IВ"
"19009","2022-03-31","441","""IВ"
"19009","2022-04-01","441","IВ"
"19009","2022-04-02","441","IВ"
"19009","2022-04-03","441","РВ"
"19009","2022-04-04","569","^"
"19009","2022-04-05","551",""
"19009","2022-04-06","492",""
"19009","2022-04-07","487",""
"19009","2022-04-08","477","В"
"19009","2022-04-09","483","В"
"19009","2022-04-10","487","В"
"19009","2022-04-11","496","В"
"19009","2022-04-12","499","В"
"19009","2022-04-13","499","В"
"19009","2022-04-14","502","В"
"19009","2022-04-15","500","В"
"19009","2022-04-16","486","В"
"19009","2022-04-17","484","В"
"19009","2022-04-18","484","В"
"19009","2022-04-19","484","В"
"19009","2022-04-20","482","В"
"19009","2022-04-21","481","В"
"19009","2022-04-22","481","В"
"19009","2022-04-23","470","В"
"19009","2022-04-24","458","В"
"19009","2022-04-25","447","В"
"19009","2022-04-26","442","В"
"19009","2022-04-27","441","_В"
"19009","2022-04-28","440","_В"
"19009","2022-04-29","440","_В"
"19009","2022-04-30","440","_В"
"19009","2022-05-01","440","_В"
"19009","2022-05-02","440","_В"
"19009","2022-05-03","442","_В"
"19009","2022-05-04","449","В"
"19009","2022-05-05","457","В"
"19009","2022-05-06","459","В"
"19009","2022-05-07","463","В"
"19009","2022-05-08","464","В"
"19009","2022-05-09","464","В"
"19009","2022-05-10","464","В"
"19009","2022-05-11","465","В"
"19009","2022-05-12","470","В"
"19009","2022-05-13","474","В"
"19009","2022-05-14","476","В"
"19009","2022-05-15","477","В"
"19009","2022-05-16","478","В"
"19009","2022-05-17","479","^В"
"19009","2022-05-18","479","^В"
"19009","2022-05-19","474","В"
"19009","2022-05-20","453","В"
"19009","2022-05-21","444","В"
"19009","2022-05-22","442","В"
"19009","2022-05-23","442","В"
"19009","2022-05-24","442","В"
"19009","2022-05-25","446","В"
"19009","2022-05-26","452","В"
"19009","2022-05-27","453","В"
"19009","2022-05-28","454","В"
"19009","2022-05-29","454","В"
"19009","2022-05-30","454","В"
"19009","2022-05-31","454","В"
"19009","2022-06-01","455","_В"
"19009","2022-06-02","455","_В"
"19009","2022-06-03","457","В"
"19009","2022-06-04","458","В"
"19009","2022-06-05","459","^В"
"19009","2022-06-06","459","^В"
"19009","2022-06-07","459","^В"
"19009","2022-06-08","459","^В"
"19009","2022-06-09","459","^В"
"19009","2022-06-10","459","^В"
"19009","2022-06-11","459","^В"
"19009","2022-06-12","459","^В"
"19009","2022-06-13","459","^В"
"19009","2022-06-14","458","В"
"19009","2022-06-15","458","В"
"19009","2022-06-16","458","В"
"19009","2022-06-17","458","В"
"19009","2022-06-18","458","В"
"19009","2022-06-19","458","В"
"19009","2022-06-20","458","В"
"19009","2022-06-21","458","В"
"19009","2022-06-22","457","В"
"19009","2022-06-23","457","В"
"19009","2022-06-24","458","В"
"19009","2022-06-25","458","В"
"19009","2022-06-26","458","В"
"19009","2022-06-27","457","В"
"19009","2022-06-28","457","В"
"19009","2022-06-29","457","В"
"19009","2022-06-30","457","В"
"19009","2022-07-01","457","_В"
"19009","2022-07-02","457","_В"
"19009","2022-07-03","457","_В"
"19009","2022-07-04","457","_В"
"19009","2022-07-05","457","_В"
"19009","2022-07-06","458","_В"
"19009","2022-07-07","459","В"
"19009","2022-07-08","460","В"
"19009","2022-07-09","460","В"
"19009","2022-07-10","460","В"
"19009","2022-07-11","460","В"
"19009","2022-07-12","459","В"
"19009","2022-07-13","459","В"
"19009","2022-07-14","459","В"
"19009","2022-07-15","459","В"
"19009","2022-07-16","459","В"
"19009","2022-07-17","459","В"
"19009","2022-07-18","458","В"
"19009","2022-07-19","458","В"
"19009","2022-07-20","459","В"
"19009","2022-07-21","461","^В"
"19009","2022-07-22","462","^В"
"19009","2022-07-23","461","В"
"19009","2022-07-24","462","^В"
"19009","2022-07-25","462","^В"
"19009","2022-07-26","462","^В"
"19009","2022-07-27","462","^В"
"19009","2022-07-28","462","^В"
"19009","2022-07-29","462","^В"
"19009","2022-07-30","462","^В"
"19009","2022-07-31","462","^В"
"19009","2022-08-01","462","_В"
"19009","2022-08-02","462","_В"
"19009","2022-08-03","462","_В"
"19009","2022-08-04","462","_В"
"19009","2022-08-05","462","_В"
"19009","2022-08-06","462","_В"
"19009","2022-08-07","462","_В"
"19009","2022-08-08","462","_В"
"19009","2022-08-09","462","_В"
"19009","2022-08-10","462","_В"
"19009","2022-08-11","463","_В"
"19009","2022-08-12","463","В"
"19009","2022-08-13","463","В"
"19009","2022-08-14","463","В"
"19009","2022-08-15","463","В"
"19009","2022-08-16","463","В"
"19009","2022-08-17","463","В"
"19009","2022-08-18","463","В"
"19009","2022-08-19","463","В"
"19009","2022-08-20","463","В"
"19009","2022-08-21","463","В"
"19009","2022-08-22","464","^В"
"19009","2022-08-23","464","^В"
"19009","2022-08-24","464","^В"
"19009","2022-08-25","464","^В"
"19009","2022-08-26","464","^В"
"19009","2022-08-27","464","^В"
"19009","2022-08-28","464","^В"
"19009","2022-08-29","464","^В"
"19009","2022-08-30","464","^В"
"19009","2022-08-31","464","^В"
"19009","2022-09-01","464","^В"
"19009","2022-09-02","464","^В"
"19009","2022-09-03","464","^В"
"19009","2022-09-04","464","^В"
"19009","2022-09-05","464","^В"
"19009","2022-09-06","464","^В"
"19009","2022-09-07","464","^В"
"19009","2022-09-08","464","^В"
"19009","2022-09-09","464","^В"
"19009","2022-09-10","464","^В"
"19009","2022-09-11","464","^В"
"19009","2022-09-12","464","^В"
"19009","2022-09-13","463","_В"
"19009","2022-09-14","463","_В"
"19009","2022-09-15","464","^В"
"19009","2022-09-16","464","^В"
"19009","2022-09-17","464","^В"
"19009","2022-09-18","464","^В"
"19009","2022-09-19","464","^В"
"19009","2022-09-20","464","^В"
"19009","2022-09-21","464","^В"
"19009","2022-09-22","464","^В"
"19009","2022-09-23","464","^В"
"19009","2022-09-24","464","^В"
"19009","2022-09-25","464","^В"
"19009","2022-09-26","464","^В"
"19009","2022-09-27","464","^В"
"19009","2022-09-28","464","^В"
"19009","2022-09-29","464","^В"
"19009","2022-09-30","464","^В"
"19009","2022-10-01","464","В"
"19009","2022-10-02","464","В"
"19009","2022-10-03","464","В"
"19009","2022-10-04","464","В"
"19009","2022-10-05","464","В"
"19009","2022-10-06","464","В"
"19009","2022-10-07","464","В"
"19009","2022-10-08","464","В"
"19009","2022-10-09","464","В"
"19009","2022-10-10","464","В"
"19009","2022-10-11","465","В"
"19009","2022-10-12","469","В"
"19009","2022-10-13","473","В"
"19009","2022-10-14","475","В"
"19009","2022-10-15","477","В"
"19009","2022-10-16","478","В"
"19009","2022-10-17","480","^В"
"19009","2022-10-18","480","^В"
"19009","2022-10-19","480","^В"
"19009","2022-10-20","480","^В"
"19009","2022-10-21","480","^В"
"19009","2022-10-22","448","ВU"
"19009","2022-10-23","435","В"
"19009","2022-10-24","430","В"
"19009","2022-10-25","426","В"
"19009","2022-10-26","421","В"
"19009","2022-10-27","416","В"
"19009","2022-10-28","413","В"
"19009","2022-10-29","412","В"
"19009","2022-10-30","412","В"
"19009","2022-10-31","411","_В"
"19009","2022-11-01","410","_В"
"19009","2022-11-02","413","В"
"19009","2022-11-03","414","В"
"19009","2022-11-04","414","В"
"19009","2022-11-05","421","В"
"19009","2022-11-06","432","В"
"19009","2022-11-07","438","В"
"19009","2022-11-08","440","В"
"19009","2022-11-09","455","В"
"19009","2022-11-10","460","В"
"19009","2022-11-11","464","В"
"19009","2022-11-12","469","^В"
"19009","2022-11-13","469","^В"
"19009","2022-11-14","467","В"
"19009","2022-11-15","467","В"
"19009","2022-11-16","467","В"
"19009","2022-11-17","467","В"
"19009","2022-11-18","468","В"
"19009","2022-11-19","468","В"
"19009","2022-11-20","469","^В"
"19009","2022-11-21","469","^В"
"19009","2022-11-22","469","^В"
"19009","2022-11-23","469","^В"
"19009","2022-11-24","469","^В"
"19009","2022-11-25","469","^В"
"19009","2022-11-26","469","^В"
"19009","2022-11-27","469","^В"
"19009","2022-11-28","469","^В"
"19009","2022-11-29","469","^)В"
"19009","2022-11-30","467",")В"
"19009","2022-12-01","467","IВ"
"19009","2022-12-02","467","IВ"
"19009","2022-12-03","467","IВ"
"19009","2022-12-04","467","IВ"
"19009","2022-12-05","467","IВ"
"19009","2022-12-06","467","IВ"
"19009","2022-12-07","464","IВ"
"19009","2022-12-08","464","IВ"
"19009","2022-12-09","464","IВ"
"19009","2022-12-10","464","IВ"
"19009","2022-12-11","464","IВ"
"19009","2022-12-12","464","IВ"
"19009","2022-12-13","464","IВ"
"19009","2022-12-14","464","IВ"
"19009","2022-12-15","464","IВ"
"19009","2022-12-16","464","IВ"
"19009","2022-12-17","467","IВ"
"19009","2022-12-18","479","IВ"
"19009","2022-12-19","483","IВ"
"19009","2022-12-20","488","^IВ"
"19009","2022-12-21","488","^IВ"
"19009","2022-12-22","488","^IВ"
"19009","2022-12-23","488","^IВ"
"19009","2022-12-24","488","^IВ"
"19009","2022-12-25","488","^IВ"
"19009","2022-12-26","471","IВ"
"19009","2022-12-27","429","_IВ"
"19009","2022-12-28","427","_IВ"
"19009","2022-12-29","427","_IВ"
"19009","2022-12-30","427","_IВ"
"19009","2022-12-31","427","_IВ"